0, 0, 361, 169, -1.2739157676696777
0, 1, 371, 137, -1.2263035774230957
0, 2, 381, 138, -1.225949764251709
0, 3, 391, 139, -1.2262513637542725
0, 4, 339, 137, -1.2412813901901245
0, 5, 324, 137, -1.2410004138946533
0, 6, 311, 137, -1.241302728652954
0, 7, 403, 153, -0.8336685299873352
0, 8, 287, 154, -0.8910819888114929
0, 9, 376, 199, -1.1214439868927002
0, 10, 335, 201, -1.136605978012085
0, 11, 476, 288, -0.5403065085411072
0, 12, 186, 306, -0.6809084415435791
0, 13, 555, 458, -0.41624101996421814
0, 14, 60, 471, -0.6320262551307678
0, 15, 671, 635, -0.7026472091674805
0, 16, -25, 655, -0.9563592672348022
0, 17, 714, 678, -0.7755551934242249
0, 18, -59, 701, -1.0366301536560059
0, 19, 694, 690, -0.8673774003982544
0, 20, -29, 708, -1.1599881649017334
0, 21, 670, 678, -0.7588556408882141
0, 22, -12, 695, -1.019698143005371
0, 23, 430, 677, -0.029821831732988358
0, 24, 238, 687, 0.03431488201022148
0, 25, 442, 984, 0.18447312712669373
0, 26, 257, 996, 0.26662111282348633
0, 27, 453, 1258, 0.980183482170105
0, 28, 279, 1264, 0.906598687171936
0, 29, 459, 1304, 1.0295906066894531
0, 30, 274, 1309, 0.9562109708786011
0, 31, 434, 1348, 0.4880020022392273
0, 32, 320, 1353, 0.321342408657074
1, 0, 359, 168, -1.276057243347168
1, 1, 371, 136, -1.2259477376937866
1, 2, 381, 137, -1.2256234884262085
1, 3, 391, 138, -1.2259330749511719
1, 4, 338, 136, -1.2412712574005127
1, 5, 323, 136, -1.240990400314331
1, 6, 311, 137, -1.2412961721420288
1, 7, 403, 152, -0.7998135089874268
1, 8, 285, 154, -0.8683177828788757
1, 9, 375, 199, -1.1197409629821777
1, 10, 334, 200, -1.1360435485839844
1, 11, 476, 288, -0.488189160823822
1, 12, 186, 306, -0.6589444279670715
1, 13, 555, 457, -0.37847885489463806
1, 14, 61, 471, -0.6272433996200562
1, 15, 668, 637, -0.7399916648864746
1, 16, -29, 656, -0.9904457330703735
1, 17, 711, 680, -0.8281855583190918
1, 18, -65, 702, -1.0889408588409424
1, 19, 691, 693, -0.9316571354866028
1, 20, -37, 710, -1.2270619869232178
1, 21, 668, 680, -0.8034029006958008
1, 22, -19, 697, -1.0619657039642334
1, 23, 430, 686, -0.029818933457136154
1, 24, 238, 696, 0.0343111976981163
1, 25, 441, 994, 0.21996624767780304
1, 26, 255, 1007, 0.2734419107437134
1, 27, 451, 1273, 1.0765025615692139
1, 28, 276, 1279, 0.9462989568710327
1, 29, 457, 1320, 1.1303423643112183
1, 30, 271, 1324, 0.9978612661361694
1, 31, 433, 1361, 0.5593146085739136
1, 32, 318, 1367, 0.33176735043525696
2, 0, 358, 166, -1.2747009992599487
2, 1, 370, 135, -1.2195576429367065
2, 2, 381, 136, -1.2193132638931274
2, 3, 390, 136, -1.2196314334869385
2, 4, 337, 135, -1.2365024089813232
2, 5, 323, 135, -1.236206293106079
2, 6, 310, 136, -1.236555814743042
2, 7, 403, 151, -0.7795510292053223
2, 8, 284, 153, -0.8516355752944946
2, 9, 375, 197, -1.1122429370880127
2, 10, 334, 198, -1.1303470134735107
2, 11, 477, 288, -0.47057825326919556
2, 12, 187, 306, -0.6452429294586182
2, 13, 555, 457, -0.36645132303237915
2, 14, 61, 471, -0.6225188374519348
2, 15, 664, 637, -0.7541482448577881
2, 16, -42, 653, -0.9997972249984741
2, 17, 705, 682, -0.8444913625717163
2, 18, -82, 698, -1.09981369972229
2, 19, 686, 695, -0.947520911693573
2, 20, -56, 708, -1.2427470684051514
2, 21, 663, 682, -0.8181977272033691
2, 22, -37, 695, -1.0743739604949951
2, 23, 431, 689, -0.029577577486634254
2, 24, 239, 699, 0.03406180813908577
2, 25, 441, 998, 0.236982062458992
2, 26, 255, 1011, 0.27543550729751587
2, 27, 452, 1277, 1.1022061109542847
2, 28, 276, 1284, 0.9522755742073059
2, 29, 457, 1325, 1.1561877727508545
2, 30, 272, 1329, 1.0039410591125488
2, 31, 434, 1365, 0.5828284025192261
2, 32, 319, 1372, 0.33202558755874634
3, 0, 357, 165, -1.275305151939392
3, 1, 370, 134, -1.2195948362350464
3, 2, 380, 135, -1.2193529605865479
3, 3, 390, 135, -1.2196723222732544
3, 4, 337, 134, -1.2365666627883911
3, 5, 323, 134, -1.2362710237503052
3, 6, 309, 135, -1.2366198301315308
3, 7, 403, 150, -0.7812265157699585
3, 8, 284, 153, -0.852622389793396
3, 9, 375, 196, -1.1121753454208374
3, 10, 333, 197, -1.130378007888794
3, 11, 477, 288, -0.47306913137435913
3, 12, 187, 306, -0.6459538340568542
3, 13, 555, 457, -0.3675594925880432
3, 14, 61, 470, -0.6227265000343323
3, 15, 661, 638, -0.7631416320800781
3, 16, -44, 653, -1.0073986053466797
3, 17, 703, 684, -0.8534439206123352
3, 18, -85, 697, -1.107055902481079
3, 19, 684, 696, -0.9562271237373352
3, 20, -59, 707, -1.2500636577606201
3, 21, 661, 683, -0.827089786529541
3, 22, -40, 694, -1.082149624824524
3, 23, 432, 690, -0.02934310771524906
3, 24, 240, 701, 0.03381018340587616
3, 25, 442, 999, 0.2417309582233429
3, 26, 255, 1013, 0.2776593565940857
3, 27, 452, 1279, 1.1048877239227295
3, 28, 276, 1286, 0.9563947916030884
3, 29, 458, 1327, 1.1587234735488892
3, 30, 272, 1331, 1.0081093311309814
3, 31, 434, 1367, 0.586670994758606
3, 32, 319, 1375, 0.33349812030792236
4, 0, 356, 164, -1.2711212635040283
4, 1, 369, 134, -1.2132514715194702
4, 2, 380, 134, -1.2130496501922607
4, 3, 390, 135, -1.2133811712265015
4, 4, 336, 133, -1.2303189039230347
4, 5, 322, 134, -1.2300118207931519
4, 6, 309, 134, -1.2303969860076904
4, 7, 403, 149, -0.7747524976730347
4, 8, 283, 153, -0.8435907363891602
4, 9, 375, 195, -1.1058070659637451
4, 10, 333, 196, -1.1238876581192017
4, 11, 477, 288, -0.46950769424438477
4, 12, 188, 305, -0.6356769800186157
4, 13, 555, 457, -0.36278972029685974
4, 14, 61, 469, -0.6166337728500366
4, 15, 659, 638, -0.7571088075637817
4, 16, -47, 652, -1.0021321773529053
4, 17, 700, 684, -0.8450870513916016
4, 18, -87, 696, -1.0981954336166382
4, 19, 681, 697, -0.9465104937553406
4, 20, -61, 707, -1.238593578338623
4, 21, 658, 683, -0.820015549659729
4, 22, -42, 694, -1.074831485748291
4, 23, 432, 691, -0.029338791966438293
4, 24, 240, 701, 0.0338052399456501
4, 25, 442, 1000, 0.24146291613578796
4, 26, 255, 1014, 0.27698999643325806
4, 27, 453, 1280, 1.1028915643692017
4, 28, 276, 1287, 0.9559587240219116
4, 29, 458, 1328, 1.1565505266189575
4, 30, 272, 1332, 1.0071136951446533
4, 31, 435, 1368, 0.585119366645813
4, 32, 319, 1376, 0.3198193907737732
5, 0, 357, 164, -1.290992021560669
5, 1, 369, 133, -1.2333436012268066
5, 2, 380, 134, -1.233170509338379
5, 3, 390, 135, -1.233501672744751
5, 4, 336, 133, -1.2514523267745972
5, 5, 322, 134, -1.251115322113037
5, 6, 309, 134, -1.2515262365341187
5, 7, 403, 149, -0.7848249673843384
5, 8, 283, 153, -0.8593543767929077
5, 9, 375, 195, -1.121463656425476
5, 10, 333, 196, -1.1405665874481201
5, 11, 478, 288, -0.47524410486221313
5, 12, 188, 305, -0.6383654475212097
5, 13, 554, 456, -0.36889246106147766
5, 14, 61, 468, -0.6234045028686523
5, 15, 656, 638, -0.7877517938613892
5, 16, -47, 651, -1.0111149549484253
5, 17, 697, 684, -0.8811375498771667
5, 18, -87, 695, -1.1086132526397705
5, 19, 677, 697, -0.9845002293586731
5, 20, -62, 705, -1.2515385150909424
5, 21, 655, 683, -0.8517583608627319
5, 22, -42, 693, -1.0850111246109009
5, 23, 432, 691, -0.029275253415107727
5, 24, 240, 701, 0.03374260663986206
5, 25, 441, 1000, 0.24020957946777344
5, 26, 253, 1014, 0.27599218487739563
5, 27, 451, 1280, 1.0945583581924438
5, 28, 274, 1287, 0.9516313672065735
5, 29, 456, 1328, 1.1473972797393799
5, 30, 270, 1331, 1.0025761127471924
5, 31, 433, 1368, 0.5753917098045349
5, 32, 316, 1375, 0.3168732821941376
6, 0, 357, 164, -1.3007575273513794
6, 1, 369, 134, -1.2435976266860962
6, 2, 380, 134, -1.2434251308441162
6, 3, 390, 135, -1.2437517642974854
6, 4, 336, 133, -1.2621359825134277
6, 5, 322, 134, -1.2617881298065186
6, 6, 309, 134, -1.2622029781341553
6, 7, 403, 149, -0.7938447594642639
6, 8, 283, 153, -0.8712233304977417
6, 9, 375, 195, -1.1304523944854736
6, 10, 333, 196, -1.150052785873413
6, 11, 478, 288, -0.4771561026573181
6, 12, 188, 305, -0.6440259218215942
6, 13, 554, 456, -0.3790554404258728
6, 14, 62, 468, -0.6298938989639282
6, 15, 654, 638, -0.8011859655380249
6, 16, -48, 651, -1.0161454677581787
6, 17, 696, 684, -0.8954110145568848
6, 18, -88, 694, -1.1135575771331787
6, 19, 676, 697, -0.9984506368637085
6, 20, -62, 705, -1.2569626569747925
6, 21, 653, 683, -0.865105926990509
6, 22, -43, 692, -1.0902915000915527
6, 23, 432, 691, -0.029244864359498024
6, 24, 240, 701, 0.03371422737836838
6, 25, 440, 1001, 0.23966264724731445
6, 26, 252, 1014, 0.2735622823238373
6, 27, 450, 1280, 1.0915939807891846
6, 28, 273, 1287, 0.9495102167129517
6, 29, 455, 1327, 1.144192099571228
6, 30, 268, 1331, 1.0001699924468994
6, 31, 432, 1368, 0.5713512301445007
6, 32, 314, 1375, 0.311418354511261
7, 0, 356, 164, -1.24772047996521
7, 1, 369, 133, -1.1911983489990234
7, 2, 380, 134, -1.1909903287887573
7, 3, 390, 135, -1.1913238763809204
7, 4, 336, 133, -1.2086683511734009
7, 5, 322, 133, -1.2082741260528564
7, 6, 309, 134, -1.2086726427078247
7, 7, 403, 149, -0.7597543001174927
7, 8, 283, 152, -0.8293816447257996
7, 9, 375, 195, -1.0830776691436768
7, 10, 333, 196, -1.1011927127838135
7, 11, 478, 288, -0.4649905264377594
7, 12, 188, 305, -0.6185575723648071
7, 13, 554, 456, -0.3762800097465515
7, 14, 62, 468, -0.5887754559516907
7, 15, 649, 640, -0.7975775003433228
7, 16, -47, 650, -0.9565280675888062
7, 17, 689, 688, -0.8874629735946655
7, 18, -87, 694, -1.0480908155441284
7, 19, 666, 700, -0.9958072900772095
7, 20, -61, 705, -1.1876271963119507
7, 21, 645, 686, -0.863390326499939
7, 22, -42, 692, -1.0287768840789795
7, 23, 432, 692, -0.029244616627693176
7, 24, 240, 702, 0.033716294914484024
7, 25, 440, 1002, 0.2297549992799759
7, 26, 251, 1015, 0.24823379516601562
7, 27, 449, 1281, 1.0590112209320068
7, 28, 271, 1287, 0.8772720098495483
7, 29, 455, 1328, 1.1091313362121582
7, 30, 267, 1332, 0.9230505228042603
7, 31, 430, 1369, 0.5402722954750061
7, 32, 312, 1376, 0.25299590826034546
8, 0, 357, 168, -1.2777687311172485
8, 1, 370, 137, -1.2223644256591797
8, 2, 380, 138, -1.222125768661499
8, 3, 390, 139, -1.222546100616455
8, 4, 337, 136, -1.2402130365371704
8, 5, 323, 136, -1.2398525476455688
8, 6, 309, 137, -1.2402534484863281
8, 7, 403, 150, -0.7812923789024353
8, 8, 283, 153, -0.8528047800064087
8, 9, 375, 198, -1.1077673435211182
8, 10, 334, 199, -1.126450538635254
8, 11, 478, 289, -0.46685710549354553
8, 12, 188, 305, -0.619686484336853
8, 13, 555, 456, -0.36798998713493347
8, 14, 62, 468, -0.5944699048995972
8, 15, 649, 640, -0.7682102918624878
8, 16, -46, 653, -0.956824779510498
8, 17, 690, 688, -0.855749785900116
8, 18, -86, 698, -1.0522873401641846
8, 19, 668, 701, -0.9699271321296692
8, 20, -60, 708, -1.1988067626953125
8, 21, 646, 686, -0.8348568081855774
8, 22, -41, 695, -1.0318580865859985
8, 23, 432, 693, -0.029138457030057907
8, 24, 239, 703, 0.033622317016124725
8, 25, 440, 1004, 0.24217236042022705
8, 26, 250, 1017, 0.2552585005760193
8, 27, 449, 1284, 1.1013668775558472
8, 28, 270, 1291, 0.8992458581924438
8, 29, 455, 1332, 1.1552846431732178
8, 30, 266, 1337, 0.9461411237716675
8, 31, 431, 1373, 0.5817577838897705
8, 32, 312, 1380, 0.25603190064430237
9, 0, 358, 179, -1.4593161344528198
9, 1, 371, 148, -1.4102030992507935
9, 2, 381, 148, -1.4098544120788574
9, 3, 391, 148, -1.4102455377578735
9, 4, 337, 147, -1.426054835319519
9, 5, 323, 146, -1.4258249998092651
9, 6, 310, 146, -1.4262124300003052
9, 7, 403, 154, -0.9501611590385437
9, 8, 283, 156, -1.011759877204895
9, 9, 375, 209, -1.2764325141906738
9, 10, 334, 210, -1.2925083637237549
9, 11, 478, 289, -0.5542488098144531
9, 12, 188, 305, -0.7281039953231812
9, 13, 555, 455, -0.36924126744270325
9, 14, 62, 468, -0.6750122308731079
9, 15, 651, 637, -0.7524359226226807
9, 16, -36, 658, -1.0603251457214355
9, 17, 693, 684, -0.8377784490585327
9, 18, -72, 706, -1.1638357639312744
9, 19, 674, 696, -0.9648452997207642
9, 20, -46, 714, -1.3135662078857422
9, 21, 651, 684, -0.8213197588920593
9, 22, -28, 700, -1.1346619129180908
9, 23, 432, 693, -0.028558287769556046
9, 24, 239, 703, 0.03300963714718819
9, 25, 440, 1004, 0.26145368814468384
9, 26, 250, 1017, 0.33841103315353394
9, 27, 450, 1285, 1.1447603702545166
9, 28, 270, 1291, 1.0977699756622314
9, 29, 455, 1332, 1.2003451585769653
9, 30, 266, 1337, 1.1576261520385742
9, 31, 431, 1374, 0.6049306392669678
9, 32, 313, 1382, 0.4567660391330719
10, 0, 360, 189, -1.5828578472137451
10, 1, 373, 157, -1.5399974584579468
10, 2, 382, 157, -1.5395457744598389
10, 3, 392, 156, -1.540026307106018
10, 4, 340, 156, -1.5554077625274658
10, 5, 326, 155, -1.5551402568817139
10, 6, 312, 155, -1.5554660558700562
10, 7, 403, 159, -1.0753494501113892
10, 8, 284, 160, -1.1357667446136475
10, 9, 375, 219, -1.3944413661956787
10, 10, 336, 220, -1.410189151763916
10, 11, 478, 289, -0.6519988775253296
10, 12, 188, 306, -0.8164664506912231
10, 13, 555, 455, -0.4121628403663635
10, 14, 62, 468, -0.731285572052002
10, 15, 648, 638, -0.7522646188735962
10, 16, -21, 662, -1.0826538801193237
10, 17, 691, 686, -0.8361242413520813
10, 18, -52, 713, -1.1787458658218384
10, 19, 671, 699, -0.9596536755561829
10, 20, -25, 719, -1.3233057260513306
10, 21, 648, 686, -0.8210903406143188
10, 22, -9, 705, -1.1516811847686768
10, 23, 432, 693, -0.027371320873498917
10, 24, 238, 703, 0.03178954869508743
10, 25, 440, 1004, 0.2631953954696655
10, 26, 249, 1017, 0.3696207106113434
10, 27, 449, 1285, 1.135969877243042
10, 28, 268, 1292, 1.1478439569473267
10, 29, 454, 1332, 1.190034031867981
10, 30, 263, 1338, 1.2086948156356812
10, 31, 431, 1376, 0.5954229831695557
10, 32, 309, 1384, 0.5048615336418152
11, 0, 361, 196, -1.6173893213272095
11, 1, 375, 162, -1.5774853229522705
11, 2, 384, 161, -1.5770010948181152
11, 3, 393, 161, -1.5774160623550415
11, 4, 342, 161, -1.5939667224884033
11, 5, 328, 160, -1.5937142372131348
11, 6, 314, 160, -1.5940157175064087
11, 7, 403, 162, -1.118865728378296
11, 8, 284, 163, -1.1845605373382568
11, 9, 375, 224, -1.429815411567688
11, 10, 337, 226, -1.4471321105957031
11, 11, 478, 289, -0.6906144618988037
11, 12, 188, 306, -0.8609662055969238
11, 13, 555, 455, -0.44454121589660645
11, 14, 62, 468, -0.7697652578353882
11, 15, 648, 640, -0.7559046149253845
11, 16, -5, 670, -1.0985194444656372
11, 17, 690, 688, -0.8392562866210938
11, 18, -30, 724, -1.1905698776245117
11, 19, 670, 700, -0.9599235653877258
11, 20, -1, 729, -1.328932762145996
11, 21, 647, 688, -0.8224105834960938
11, 22, 12, 714, -1.1633867025375366
11, 23, 431, 693, -0.02704516611993313
11, 24, 237, 702, 0.03144271671772003
11, 25, 439, 1004, 0.26222383975982666
11, 26, 247, 1017, 0.38427287340164185
11, 27, 446, 1285, 1.1253764629364014
11, 28, 264, 1293, 1.1806827783584595
11, 29, 450, 1332, 1.1788842678070068
11, 30, 259, 1338, 1.2439277172088623
11, 31, 427, 1377, 0.5724149942398071
11, 32, 302, 1385, 0.5403604507446289
12, 0, 362, 198, -1.6271559000015259
12, 1, 376, 164, -1.5873260498046875
12, 2, 384, 163, -1.5868375301361084
12, 3, 394, 162, -1.5872459411621094
12, 4, 343, 163, -1.6036813259124756
12, 5, 329, 162, -1.6034311056137085
12, 6, 315, 162, -1.60372793674469
12, 7, 403, 163, -1.128867745399475
12, 8, 284, 165, -1.1940553188323975
12, 9, 375, 227, -1.4396307468414307
12, 10, 337, 229, -1.456808090209961
12, 11, 478, 289, -0.7017635703086853
12, 12, 187, 306, -0.8699519038200378
12, 13, 555, 455, -0.4600726068019867
12, 14, 61, 469, -0.7783699631690979
12, 15, 648, 642, -0.7644141912460327
12, 16, 0, 673, -1.1050423383712769
12, 17, 690, 691, -0.8483050465583801
12, 18, -25, 728, -1.1965203285217285
12, 19, 669, 703, -0.9668184518814087
12, 20, 4, 733, -1.333580493927002
12, 21, 646, 690, -0.8288515210151672
12, 22, 18, 717, -1.169095754623413
12, 23, 431, 693, -0.026974687352776527
12, 24, 236, 702, 0.03136264160275459
12, 25, 439, 1004, 0.2609635889530182
12, 26, 247, 1017, 0.3900802433490753
12, 27, 445, 1285, 1.1188803911209106
12, 28, 262, 1293, 1.1910617351531982
12, 29, 448, 1332, 1.1723626852035522
12, 30, 258, 1339, 1.2548719644546509
12, 31, 425, 1378, 0.5670989751815796
12, 32, 299, 1386, 0.5505503416061401
13, 0, 362, 211, -1.6512397527694702
13, 1, 376, 177, -1.6220155954360962
13, 2, 385, 177, -1.6215054988861084
13, 3, 394, 175, -1.6219717264175415
13, 4, 343, 175, -1.6361277103424072
13, 5, 330, 173, -1.6358550786972046
13, 6, 316, 171, -1.63614022731781
13, 7, 403, 172, -1.173180341720581
13, 8, 285, 170, -1.226456880569458
13, 9, 374, 238, -1.4623569250106812
13, 10, 337, 240, -1.4763624668121338
13, 11, 477, 289, -0.719767153263092
13, 12, 187, 306, -0.8761588931083679
13, 13, 555, 455, -0.4527283310890198
13, 14, 61, 468, -0.7672217488288879
13, 15, 648, 642, -0.6604436635971069
13, 16, -3, 673, -1.0880138874053955
13, 17, 689, 691, -0.7241982817649841
13, 18, -31, 726, -1.1791493892669678
13, 19, 669, 703, -0.8407244682312012
13, 20, -3, 731, -1.3179291486740112
13, 21, 646, 690, -0.7206719517707825
13, 22, 11, 716, -1.1540228128433228
13, 23, 431, 692, -0.02696632407605648
13, 24, 236, 701, 0.03134342283010483
13, 25, 438, 1004, 0.25474628806114197
13, 26, 246, 1016, 0.3912021517753601
13, 27, 443, 1284, 1.097555160522461
13, 28, 262, 1292, 1.1841057538986206
13, 29, 446, 1329, 1.1491894721984863
13, 30, 257, 1336, 1.2474238872528076
13, 31, 423, 1378, 0.5348466634750366
13, 32, 298, 1386, 0.5448736548423767
14, 0, 362, 215, -1.65474534034729
14, 1, 376, 182, -1.6257331371307373
14, 2, 385, 181, -1.6252378225326538
14, 3, 394, 180, -1.6257059574127197
14, 4, 343, 179, -1.6402301788330078
14, 5, 331, 177, -1.639954924583435
14, 6, 317, 175, -1.6402397155761719
14, 7, 403, 176, -1.1743524074554443
14, 8, 285, 172, -1.2291361093521118
14, 9, 374, 242, -1.464525580406189
14, 10, 337, 244, -1.4789458513259888
14, 11, 476, 289, -0.7177554368972778
14, 12, 187, 306, -0.8759275674819946
14, 13, 555, 455, -0.4382867217063904
14, 14, 61, 468, -0.7668026685714722
14, 15, 648, 641, -0.6270958185195923
14, 16, -5, 673, -1.0858023166656494
14, 17, 689, 689, -0.6892739534378052
14, 18, -34, 726, -1.175025463104248
14, 19, 671, 701, -0.8055604696273804
14, 20, -7, 731, -1.3178799152374268
14, 21, 647, 689, -0.6872748732566833
14, 22, 8, 717, -1.1530144214630127
14, 23, 430, 692, -0.02700001560151577
14, 24, 236, 700, 0.03135037049651146
14, 25, 438, 1003, 0.2526583671569824
14, 26, 246, 1015, 0.3938274681568146
14, 27, 443, 1283, 1.09303617477417
14, 28, 262, 1291, 1.189143180847168
14, 29, 446, 1328, 1.1443569660186768
14, 30, 257, 1335, 1.253038763999939
14, 31, 423, 1378, 0.5292907357215881
14, 32, 299, 1386, 0.5501347780227661
15, 0, 362, 223, -1.8112270832061768
15, 1, 376, 189, -1.7876516580581665
15, 2, 385, 188, -1.7870867252349854
15, 3, 394, 187, -1.7875633239746094
15, 4, 344, 186, -1.8003547191619873
15, 5, 331, 183, -1.8001575469970703
15, 6, 318, 181, -1.8003956079483032
15, 7, 403, 180, -1.3292206525802612
15, 8, 286, 175, -1.3753483295440674
15, 9, 373, 250, -1.6147348880767822
15, 10, 336, 252, -1.626590371131897
15, 11, 476, 289, -0.8396272659301758
15, 12, 187, 307, -0.9887140989303589
15, 13, 555, 455, -0.527769923210144
15, 14, 61, 468, -0.869910717010498
15, 15, 647, 641, -0.7156268358230591
15, 16, -6, 674, -1.1742841005325317
15, 17, 688, 689, -0.775389552116394
15, 18, -36, 727, -1.2622584104537964
15, 19, 670, 701, -0.8958016633987427
15, 20, -9, 732, -1.407818078994751
15, 21, 646, 689, -0.7739144563674927
15, 22, 7, 718, -1.2407917976379395
15, 23, 430, 689, -0.027700524777173996
15, 24, 236, 698, 0.03190258517861366
15, 25, 438, 1002, 0.2548733353614807
15, 26, 246, 1014, 0.44531479477882385
15, 27, 443, 1282, 1.1212843656539917
15, 28, 262, 1291, 1.290138840675354
15, 29, 445, 1326, 1.1757867336273193
15, 30, 258, 1334, 1.3599178791046143
15, 31, 423, 1378, 0.5538759231567383
15, 32, 300, 1385, 0.6517448425292969
16, 0, 363, 223, -1.715121865272522
16, 1, 377, 189, -1.6870838403701782
16, 2, 386, 188, -1.6865695714950562
16, 3, 395, 187, -1.6870546340942383
16, 4, 346, 187, -1.7029221057891846
16, 5, 333, 184, -1.7026605606079102
16, 6, 319, 182, -1.7029027938842773
16, 7, 403, 181, -1.237997055053711
16, 8, 286, 177, -1.2980167865753174
16, 9, 374, 250, -1.524662971496582
16, 10, 337, 253, -1.540464162826538
16, 11, 475, 289, -0.7834721803665161
16, 12, 186, 307, -0.9437178373336792
16, 13, 555, 455, -0.49523597955703735
16, 14, 61, 469, -0.8418351411819458
16, 15, 648, 640, -0.7077798247337341
16, 16, -7, 677, -1.1509400606155396
16, 17, 689, 687, -0.7714861631393433
16, 18, -37, 729, -1.240160346031189
16, 19, 671, 699, -0.8890206217765808
16, 20, -10, 735, -1.3849653005599976
16, 21, 647, 688, -0.7667015790939331
16, 22, 6, 721, -1.218374490737915
16, 23, 430, 688, -0.027719011530280113
16, 24, 236, 697, 0.03190989047288895
16, 25, 440, 1001, 0.2537280321121216
16, 26, 252, 1014, 0.4445919990539551
16, 27, 447, 1281, 1.1173526048660278
16, 28, 271, 1291, 1.2697954177856445
16, 29, 450, 1324, 1.1714404821395874
16, 30, 267, 1334, 1.337514042854309
16, 31, 429, 1377, 0.5545757412910461
16, 32, 307, 1385, 0.6434733867645264
17, 0, 364, 224, -1.712960958480835
17, 1, 378, 190, -1.6867713928222656
17, 2, 386, 188, -1.6861988306045532
17, 3, 396, 187, -1.6866438388824463
17, 4, 347, 187, -1.7018797397613525
17, 5, 334, 185, -1.701608657836914
17, 6, 320, 183, -1.7018349170684814
17, 7, 403, 181, -1.2456464767456055
17, 8, 286, 178, -1.302042007446289
17, 9, 374, 250, -1.5254895687103271
17, 10, 337, 253, -1.5402239561080933
17, 11, 474, 288, -0.7898470759391785
17, 12, 186, 307, -0.9503189921379089
17, 13, 555, 455, -0.49212950468063354
17, 14, 61, 469, -0.8514387011528015
17, 15, 648, 639, -0.7021616101264954
17, 16, -13, 676, -1.1482396125793457
17, 17, 689, 685, -0.7641977071762085
17, 18, -47, 729, -1.233086347579956
17, 19, 672, 697, -0.8783103227615356
17, 20, -23, 735, -1.379636526107788
17, 21, 648, 687, -0.7606889009475708
17, 22, -3, 720, -1.2166507244110107
17, 23, 430, 686, -0.025964129716157913
17, 24, 237, 695, 0.029992038384079933
17, 25, 440, 998, 0.2616080343723297
17, 26, 252, 1012, 0.44608646631240845
17, 27, 447, 1279, 1.1193093061447144
17, 28, 271, 1289, 1.2725962400436401
17, 29, 449, 1322, 1.1731319427490234
17, 30, 267, 1331, 1.3404550552368164
17, 31, 428, 1375, 0.5639997124671936
17, 32, 307, 1384, 0.6463029980659485
18, 0, 365, 225, -1.70504629611969
18, 1, 379, 190, -1.678161859512329
18, 2, 387, 189, -1.6775987148284912
18, 3, 397, 187, -1.678062081336975
18, 4, 348, 188, -1.696211576461792
18, 5, 335, 186, -1.6959537267684937
18, 6, 322, 184, -1.6961796283721924
18, 7, 404, 181, -1.2354357242584229
18, 8, 286, 179, -1.3073484897613525
18, 9, 375, 250, -1.5169464349746704
18, 10, 338, 254, -1.5359094142913818
18, 11, 473, 287, -0.7760344743728638
18, 12, 185, 307, -0.9552810788154602
18, 13, 555, 455, -0.48778659105300903
18, 14, 61, 469, -0.8551732301712036
18, 15, 648, 638, -0.655028223991394
18, 16, -9, 679, -1.1442961692810059
18, 17, 689, 685, -0.714623749256134
18, 18, -41, 733, -1.2273578643798828
18, 19, 672, 697, -0.8280528783798218
18, 20, -15, 740, -1.3712351322174072
18, 21, 648, 686, -0.7129815220832825
18, 22, 3, 725, -1.210736870765686
18, 23, 429, 684, -0.023853298276662827
18, 24, 236, 693, 0.02774677239358425
18, 25, 438, 996, 0.23973453044891357
18, 26, 251, 1010, 0.4298034608364105
18, 27, 444, 1277, 1.0719854831695557
18, 28, 268, 1286, 1.2694467306137085
18, 29, 445, 1320, 1.1229665279388428
18, 30, 265, 1328, 1.3341702222824097
18, 31, 426, 1373, 0.5214089155197144
18, 32, 303, 1381, 0.6433830857276917
19, 0, 366, 224, -1.683406114578247
19, 1, 379, 190, -1.6556141376495361
19, 2, 388, 189, -1.6550512313842773
19, 3, 397, 187, -1.655536413192749
19, 4, 349, 188, -1.6730365753173828
19, 5, 336, 186, -1.6727688312530518
19, 6, 322, 184, -1.6730077266693115
19, 7, 404, 181, -1.2144618034362793
19, 8, 287, 179, -1.2838202714920044
19, 9, 375, 250, -1.4967353343963623
19, 10, 339, 254, -1.5149654150009155
19, 11, 473, 287, -0.7633315324783325
19, 12, 185, 307, -0.9353130459785461
19, 13, 555, 455, -0.461322158575058
19, 14, 61, 469, -0.8360375165939331
19, 15, 645, 639, -0.6131722331047058
19, 16, -13, 676, -1.1168692111968994
19, 17, 686, 685, -0.6676315069198608
19, 18, -46, 729, -1.1920344829559326
19, 19, 669, 697, -0.7809047698974609
19, 20, -22, 735, -1.3362996578216553
19, 21, 645, 687, -0.670809268951416
19, 22, -3, 721, -1.1828033924102783
19, 23, 428, 683, -0.02275838516652584
19, 24, 235, 691, 0.026579251512885094
19, 25, 433, 995, 0.2397768795490265
19, 26, 244, 1007, 0.412797212600708
19, 27, 435, 1277, 1.0752146244049072
19, 28, 256, 1284, 1.2325942516326904
19, 29, 437, 1319, 1.1266840696334839
19, 30, 251, 1326, 1.2961145639419556
19, 31, 417, 1372, 0.5259659290313721
19, 32, 291, 1379, 0.5900841951370239
20, 0, 366, 225, -1.7295831441879272
20, 1, 380, 190, -1.698401689529419
20, 2, 388, 189, -1.6978485584259033
20, 3, 398, 187, -1.6983360052108765
20, 4, 350, 188, -1.7165563106536865
20, 5, 337, 186, -1.716273307800293
20, 6, 323, 184, -1.716526985168457
20, 7, 404, 181, -1.2367295026779175
20, 8, 287, 179, -1.309093713760376
20, 9, 375, 250, -1.5350062847137451
20, 10, 339, 254, -1.554283618927002
20, 11, 473, 287, -0.7736396789550781
20, 12, 185, 307, -0.944965660572052
20, 13, 554, 455, -0.45984405279159546
20, 14, 61, 470, -0.8465107083320618
20, 15, 645, 640, -0.6336928606033325
20, 16, -14, 677, -1.1526715755462646
20, 17, 686, 687, -0.6955093145370483
20, 18, -47, 729, -1.2366217374801636
20, 19, 669, 699, -0.8050731420516968
20, 20, -24, 735, -1.3877240419387817
20, 21, 645, 689, -0.6917315125465393
20, 22, -4, 721, -1.2221325635910034
20, 23, 428, 683, -0.02320326864719391
20, 24, 235, 690, 0.027011219412088394
20, 25, 433, 995, 0.23925785720348358
20, 26, 244, 1007, 0.40870991349220276
20, 27, 435, 1277, 1.08119797706604
20, 28, 257, 1284, 1.2173171043395996
20, 29, 437, 1319, 1.1330091953277588
20, 30, 252, 1326, 1.2810851335525513
20, 31, 417, 1372, 0.528652548789978
20, 32, 292, 1379, 0.5773934125900269
21, 0, 367, 225, -1.7249934673309326
21, 1, 380, 190, -1.694109320640564
21, 2, 389, 189, -1.69355046749115
21, 3, 398, 187, -1.6940500736236572
21, 4, 350, 188, -1.7125816345214844
21, 5, 337, 186, -1.7122881412506104
21, 6, 323, 184, -1.7125276327133179
21, 7, 404, 181, -1.2359012365341187
21, 8, 287, 180, -1.3090438842773438
21, 9, 376, 250, -1.5319591760635376
21, 10, 340, 254, -1.551323652267456
21, 11, 472, 287, -0.7791861891746521
21, 12, 185, 307, -0.952071487903595
21, 13, 554, 455, -0.4700678288936615
21, 14, 59, 471, -0.8635507822036743
21, 15, 644, 640, -0.6461262702941895
21, 16, -28, 677, -1.1663439273834229
21, 17, 685, 687, -0.7011483311653137
21, 18, -64, 727, -1.2503294944763184
21, 19, 668, 700, -0.8100003004074097
21, 20, -42, 734, -1.4026135206222534
21, 21, 644, 689, -0.702792763710022
21, 22, -21, 721, -1.2371611595153809
21, 23, 428, 682, -0.023208683356642723
21, 24, 235, 690, 0.027017096057534218
21, 25, 433, 995, 0.25421321392059326
21, 26, 244, 1007, 0.4071260988712311
21, 27, 436, 1277, 1.121915578842163
21, 28, 257, 1284, 1.2100661993026733
21, 29, 437, 1319, 1.1763889789581299
21, 30, 253, 1326, 1.2741620540618896
21, 31, 417, 1372, 0.5720457434654236
21, 32, 292, 1379, 0.5708461999893188
22, 0, 368, 225, -1.7275558710098267
22, 1, 380, 190, -1.697185754776001
22, 2, 389, 189, -1.6966584920883179
22, 3, 398, 187, -1.6971766948699951
22, 4, 351, 189, -1.714676856994629
22, 5, 338, 187, -1.7143770456314087
22, 6, 324, 185, -1.7146403789520264
22, 7, 404, 181, -1.236556887626648
22, 8, 287, 180, -1.3054230213165283
22, 9, 376, 250, -1.5329118967056274
22, 10, 341, 255, -1.5511353015899658
22, 11, 472, 287, -0.7760815024375916
22, 12, 185, 307, -0.9432048797607422
22, 13, 553, 455, -0.4679965376853943
22, 14, 59, 471, -0.8510183095932007
22, 15, 644, 638, -0.6584624648094177
22, 16, -24, 676, -1.1581906080245972
22, 17, 685, 685, -0.7209568023681641
22, 18, -57, 727, -1.2438404560089111
22, 19, 668, 697, -0.8348590731620789
22, 20, -34, 734, -1.3940352201461792
22, 21, 644, 687, -0.7171793580055237
22, 22, -15, 720, -1.2281824350357056
22, 23, 429, 682, -0.024265866726636887
22, 24, 236, 690, 0.02810167334973812
22, 25, 434, 995, 0.2540373206138611
22, 26, 245, 1007, 0.412220299243927
22, 27, 439, 1276, 1.1242347955703735
22, 28, 260, 1284, 1.2225291728973389
22, 29, 441, 1319, 1.1786868572235107
22, 30, 256, 1326, 1.28814697265625
22, 31, 421, 1372, 0.5704079270362854
22, 32, 297, 1379, 0.5812288522720337
23, 0, 368, 225, -1.7562305927276611
23, 1, 381, 190, -1.7273352146148682
23, 2, 389, 189, -1.7267711162567139
23, 3, 398, 187, -1.7272405624389648
23, 4, 351, 189, -1.7441940307617188
23, 5, 338, 187, -1.743934988975525
23, 6, 324, 185, -1.7441753149032593
23, 7, 404, 182, -1.2708789110183716
23, 8, 287, 180, -1.3359503746032715
23, 9, 376, 250, -1.562630295753479
23, 10, 341, 255, -1.579867959022522
23, 11, 472, 287, -0.8028618097305298
23, 12, 185, 307, -0.9744998812675476
23, 13, 553, 455, -0.4845113754272461
23, 14, 59, 471, -0.8900874257087708
23, 15, 645, 638, -0.6617242693901062
23, 16, -24, 676, -1.1916037797927856
23, 17, 686, 685, -0.7247573733329773
23, 18, -58, 727, -1.2753493785858154
23, 19, 669, 697, -0.8393028974533081
23, 20, -34, 734, -1.4246951341629028
23, 21, 645, 687, -0.7183572053909302
23, 22, -15, 721, -1.2609295845031738
23, 23, 429, 682, -0.024299193173646927
23, 24, 236, 690, 0.028121361508965492
23, 25, 434, 995, 0.25991275906562805
23, 26, 246, 1007, 0.4260005056858063
23, 27, 439, 1277, 1.137874960899353
23, 28, 263, 1284, 1.2562106847763062
23, 29, 442, 1319, 1.19321608543396
23, 30, 259, 1326, 1.3251769542694092
23, 31, 422, 1372, 0.5868200063705444
23, 32, 301, 1380, 0.6231740713119507
24, 0, 368, 225, -1.7453399896621704
24, 1, 381, 191, -1.716799020767212
24, 2, 389, 189, -1.7162303924560547
24, 3, 399, 187, -1.7166885137557983
24, 4, 351, 189, -1.7341912984848022
24, 5, 338, 187, -1.733926773071289
24, 6, 324, 185, -1.7341663837432861
24, 7, 404, 182, -1.2671840190887451
24, 8, 287, 180, -1.3354079723358154
24, 9, 376, 250, -1.5546170473098755
24, 10, 341, 255, -1.5726020336151123
24, 11, 472, 286, -0.8014042973518372
24, 12, 185, 307, -0.9803797602653503
24, 13, 553, 455, -0.48413902521133423
24, 14, 58, 471, -0.8973649144172668
24, 15, 646, 636, -0.6632155179977417
24, 16, -24, 678, -1.1913983821868896
24, 17, 689, 681, -0.7265734076499939
24, 18, -57, 729, -1.2742233276367188
24, 19, 672, 694, -0.8406046628952026
24, 20, -34, 736, -1.4217703342437744
24, 21, 648, 684, -0.7198324799537659
24, 22, -15, 722, -1.2598297595977783
24, 23, 429, 681, -0.0231427364051342
24, 24, 236, 689, 0.026939302682876587
24, 25, 434, 994, 0.2596893012523651
24, 26, 246, 1007, 0.423783540725708
24, 27, 439, 1276, 1.1314308643341064
24, 28, 264, 1284, 1.2432125806808472
24, 29, 442, 1319, 1.1859614849090576
24, 30, 260, 1326, 1.3103502988815308
24, 31, 423, 1372, 0.5854316353797913
24, 32, 301, 1379, 0.6078932881355286
25, 0, 368, 225, -1.764664649963379
25, 1, 381, 190, -1.7332172393798828
25, 2, 389, 189, -1.732692003250122
25, 3, 399, 187, -1.7331819534301758
25, 4, 351, 189, -1.7500505447387695
25, 5, 338, 187, -1.749794363975525
25, 6, 324, 185, -1.7500734329223633
25, 7, 404, 181, -1.2682560682296753
25, 8, 287, 180, -1.3334200382232666
25, 9, 376, 249, -1.5684399604797363
25, 10, 341, 255, -1.5854523181915283
25, 11, 472, 286, -0.7974708676338196
25, 12, 185, 307, -0.9767647981643677
25, 13, 553, 455, -0.4814923405647278
25, 14, 58, 471, -0.914496123790741
25, 15, 647, 636, -0.6630933880805969
25, 16, -45, 673, -1.237302541732788
25, 17, 689, 681, -0.7201052904129028
25, 18, -85, 720, -1.323175072669983
25, 19, 673, 693, -0.8341141939163208
25, 20, -64, 727, -1.4774143695831299
25, 21, 649, 684, -0.7204630970954895
25, 22, -42, 716, -1.3100203275680542
25, 23, 429, 681, -0.023093869909644127
25, 24, 236, 689, 0.026860009878873825
25, 25, 435, 994, 0.29595473408699036
25, 26, 247, 1006, 0.42354410886764526
25, 27, 442, 1276, 1.1889092922210693
25, 28, 265, 1284, 1.241525411605835
25, 29, 444, 1319, 1.2454322576522827
25, 30, 262, 1325, 1.3090035915374756
25, 31, 425, 1371, 0.6404280066490173
25, 32, 305, 1379, 0.604517936706543
26, 0, 366, 225, -1.8043811321258545
26, 1, 380, 191, -1.780621886253357
26, 2, 388, 190, -1.7800325155258179
26, 3, 397, 188, -1.7805124521255493
26, 4, 350, 189, -1.7925599813461304
26, 5, 337, 187, -1.7922884225845337
26, 6, 324, 185, -1.7925468683242798
26, 7, 404, 182, -1.3280930519104004
26, 8, 288, 180, -1.3693935871124268
26, 9, 375, 250, -1.610464096069336
26, 10, 339, 255, -1.6210060119628906
26, 11, 472, 286, -0.8413184881210327
26, 12, 185, 307, -0.9930497407913208
26, 13, 553, 455, -0.5246824026107788
26, 14, 58, 471, -0.9015339612960815
26, 15, 647, 635, -0.7263239026069641
26, 16, -42, 672, -1.2150722742080688
26, 17, 690, 680, -0.7852894067764282
26, 18, -80, 719, -1.3006051778793335
26, 19, 674, 693, -0.9019590616226196
26, 20, -57, 726, -1.4518440961837769
26, 21, 649, 684, -0.7855810523033142
26, 22, -36, 715, -1.2861328125
26, 23, 429, 681, -0.023880450055003166
26, 24, 236, 689, 0.02768777869641781
26, 25, 436, 994, 0.2887236475944519
26, 26, 247, 1007, 0.42765742540359497
26, 27, 443, 1276, 1.1713794469833374
26, 28, 266, 1284, 1.2480926513671875
26, 29, 446, 1320, 1.2269679307937622
26, 30, 263, 1326, 1.315643310546875
26, 31, 425, 1372, 0.6219311356544495
26, 32, 305, 1380, 0.6091548800468445
27, 0, 365, 224, -1.7821905612945557
27, 1, 379, 190, -1.7543470859527588
27, 2, 388, 189, -1.7537893056869507
27, 3, 397, 187, -1.7542760372161865
27, 4, 349, 188, -1.7683223485946655
27, 5, 337, 186, -1.768048882484436
27, 6, 323, 184, -1.7683143615722656
27, 7, 404, 181, -1.3006970882415771
27, 8, 288, 180, -1.3522019386291504
27, 9, 374, 249, -1.5879724025726318
27, 10, 339, 252, -1.601161241531372
27, 11, 472, 286, -0.8285889625549316
27, 12, 185, 307, -0.9881681203842163
27, 13, 553, 455, -0.5137407183647156
27, 14, 58, 471, -0.8767873048782349
27, 15, 647, 635, -0.7398447394371033
27, 16, -42, 667, -1.201565146446228
27, 17, 690, 680, -0.8040701746940613
27, 18, -81, 713, -1.2895689010620117
27, 19, 674, 693, -0.9221067428588867
27, 20, -58, 720, -1.4505085945129395
27, 21, 649, 684, -0.8011978268623352
27, 22, -38, 709, -1.2767736911773682
27, 23, 430, 682, -0.024116074666380882
27, 24, 236, 690, 0.027956996113061905
27, 25, 436, 995, 0.2902526557445526
27, 26, 247, 1007, 0.4258669316768646
27, 27, 443, 1278, 1.1793197393417358
27, 28, 266, 1285, 1.2434664964675903
27, 29, 446, 1322, 1.2355072498321533
27, 30, 263, 1327, 1.3109190464019775
27, 31, 425, 1373, 0.6222338676452637
27, 32, 305, 1381, 0.600985586643219
28, 0, 366, 210, -1.6389636993408203
28, 1, 380, 177, -1.5907347202301025
28, 2, 389, 177, -1.5903446674346924
28, 3, 398, 176, -1.5908387899398804
28, 4, 349, 176, -1.6114269495010376
28, 5, 337, 175, -1.6110855340957642
28, 6, 323, 174, -1.6114317178726196
28, 7, 404, 175, -1.0998703241348267
28, 8, 288, 175, -1.183064579963684
28, 9, 375, 238, -1.4406101703643799
28, 10, 340, 240, -1.4629335403442383
28, 11, 472, 286, -0.6668980121612549
28, 12, 185, 307, -0.8532184362411499
28, 13, 553, 455, -0.3987533450126648
28, 14, 58, 471, -0.7628799676895142
28, 15, 648, 637, -0.6976553201675415
28, 16, -49, 661, -1.1343755722045898
28, 17, 691, 684, -0.7679298520088196
28, 18, -90, 705, -1.2311651706695557
28, 19, 675, 697, -0.8905432820320129
28, 20, -69, 713, -1.398341417312622
28, 21, 650, 686, -0.763795018196106
28, 22, -48, 702, -1.2145352363586426
28, 23, 430, 684, -0.024084700271487236
28, 24, 236, 692, 0.02794436179101467
28, 25, 436, 997, 0.2869584560394287
28, 26, 247, 1008, 0.3854876458644867
28, 27, 443, 1280, 1.1729648113250732
28, 28, 265, 1286, 1.1676433086395264
28, 29, 446, 1325, 1.2303431034088135
28, 30, 261, 1328, 1.2286876440048218
28, 31, 425, 1374, 0.6086938381195068
28, 32, 305, 1381, 0.504603922367096
29, 0, 367, 205, -1.624706506729126
29, 1, 380, 172, -1.5747716426849365
29, 2, 389, 171, -1.5743905305862427
29, 3, 399, 171, -1.5748841762542725
29, 4, 349, 171, -1.5957854986190796
29, 5, 337, 170, -1.5954393148422241
29, 6, 323, 170, -1.5957931280136108
29, 7, 405, 172, -1.0779792070388794
29, 8, 289, 173, -1.162484884262085
29, 9, 376, 234, -1.4248989820480347
29, 10, 340, 235, -1.4476890563964844
29, 11, 472, 286, -0.6438076496124268
29, 12, 185, 307, -0.8311665654182434
29, 13, 553, 456, -0.37814003229141235
29, 14, 59, 470, -0.7432555556297302
29, 15, 649, 638, -0.6845086216926575
29, 16, -54, 658, -1.1203945875167847
29, 17, 692, 686, -0.755881667137146
29, 18, -96, 701, -1.2184098958969116
29, 19, 675, 699, -0.8801037073135376
29, 20, -75, 709, -1.385970115661621
29, 21, 651, 687, -0.7517903447151184
29, 22, -54, 698, -1.2008494138717651
29, 23, 430, 686, -0.024133596569299698
29, 24, 236, 694, 0.028015196323394775
29, 25, 436, 999, 0.2848883271217346
29, 26, 246, 1009, 0.37215059995651245
29, 27, 442, 1281, 1.1685459613800049
29, 28, 263, 1286, 1.1510002613067627
29, 29, 446, 1327, 1.2267800569534302
29, 30, 258, 1329, 1.2113800048828125
29, 31, 423, 1375, 0.5954223871231079
29, 32, 304, 1381, 0.48338261246681213
30, 0, 367, 195, -1.5429130792617798
30, 1, 380, 164, -1.4885475635528564
30, 2, 390, 164, -1.4881888628005981
30, 3, 399, 163, -1.4886515140533447
30, 4, 349, 163, -1.5096681118011475
30, 5, 337, 163, -1.5092955827713013
30, 6, 323, 163, -1.5096771717071533
30, 7, 405, 168, -1.0010727643966675
30, 8, 289, 168, -1.085946798324585
30, 9, 377, 224, -1.3500034809112549
30, 10, 341, 226, -1.372806429862976
30, 11, 473, 286, -0.604866623878479
30, 12, 186, 307, -0.7907687425613403
30, 13, 553, 456, -0.3815721571445465
30, 14, 60, 470, -0.7334078550338745
30, 15, 651, 638, -0.7132729887962341
30, 16, -59, 656, -1.117248773574829
30, 17, 694, 687, -0.7913406491279602
30, 18, -103, 699, -1.217349886894226
30, 19, 676, 700, -0.9103582501411438
30, 20, -82, 707, -1.383419394493103
30, 21, 653, 687, -0.7804983854293823
30, 22, -60, 696, -1.1980971097946167
30, 23, 430, 687, -0.02467254176735878
30, 24, 236, 696, 0.028639966621994972
30, 25, 437, 1000, 0.28459975123405457
30, 26, 248, 1011, 0.3575875461101532
30, 27, 445, 1283, 1.166012167930603
30, 28, 266, 1288, 1.1168590784072876
30, 29, 450, 1328, 1.2246358394622803
30, 30, 260, 1330, 1.1756712198257446
30, 31, 427, 1376, 0.5933035016059875
30, 32, 309, 1382, 0.4533882141113281
31, 0, 367, 188, -1.529719591140747
31, 1, 380, 157, -1.4777381420135498
31, 2, 389, 157, -1.4773367643356323
31, 3, 399, 157, -1.4777264595031738
31, 4, 348, 157, -1.496834397315979
31, 5, 335, 157, -1.4965256452560425
31, 6, 321, 157, -1.4968756437301636
31, 7, 405, 163, -1.0042178630828857
31, 8, 289, 165, -1.082261085510254
31, 9, 377, 218, -1.3421624898910522
31, 10, 341, 221, -1.3629988431930542
31, 11, 475, 286, -0.6127285361289978
31, 12, 186, 307, -0.792629599571228
31, 13, 553, 456, -0.39689233899116516
31, 14, 60, 470, -0.72794508934021
31, 15, 651, 641, -0.7641798853874207
31, 16, -30, 665, -1.0994641780853271
31, 17, 693, 690, -0.8533315658569336
31, 18, -62, 713, -1.1997923851013184
31, 19, 675, 703, -0.9679487347602844
31, 20, -33, 722, -1.348471760749817
31, 21, 652, 690, -0.829916775226593
31, 22, -17, 708, -1.1718945503234863
31, 23, 431, 689, -0.025454232469201088
31, 24, 236, 698, 0.029525691643357277
31, 25, 437, 1003, 0.25577646493911743
31, 26, 248, 1015, 0.35747891664505005
31, 27, 446, 1285, 1.1219403743743896
31, 28, 266, 1292, 1.1217644214630127
31, 29, 450, 1332, 1.1762986183166504
31, 30, 261, 1336, 1.181232213973999
31, 31, 427, 1377, 0.5590828061103821
31, 32, 309, 1384, 0.47000378370285034
32, 0, 368, 187, -1.5195338726043701
32, 1, 381, 155, -1.4640682935714722
32, 2, 390, 155, -1.4637644290924072
32, 3, 400, 155, -1.4642283916473389
32, 4, 348, 154, -1.486910343170166
32, 5, 336, 154, -1.4865695238113403
32, 6, 322, 154, -1.4869329929351807
32, 7, 406, 161, -0.9825607538223267
32, 8, 289, 163, -1.0773043632507324
32, 9, 379, 216, -1.330090045928955
32, 10, 343, 219, -1.355592966079712
32, 11, 476, 287, -0.6068165898323059
32, 12, 187, 307, -0.7856353521347046
32, 13, 553, 458, -0.39974483847618103
32, 14, 60, 471, -0.7167707681655884
32, 15, 650, 647, -0.8005973696708679
32, 16, -51, 663, -1.083359956741333
32, 17, 691, 698, -0.886661171913147
32, 18, -92, 707, -1.1814277172088623
32, 19, 671, 711, -0.9999446868896484
32, 20, -69, 717, -1.3337929248809814
32, 21, 648, 696, -0.8662678003311157
32, 22, -49, 705, -1.1588488817214966
32, 23, 431, 691, -0.025633569806814194
32, 24, 236, 699, 0.029721712693572044
32, 25, 437, 1005, 0.2563486099243164
32, 26, 247, 1016, 0.3090694546699524
32, 27, 445, 1287, 1.1232964992523193
32, 28, 264, 1293, 1.018846035003662
32, 29, 449, 1333, 1.177582025527954
32, 30, 259, 1337, 1.0716818571090698
32, 31, 425, 1378, 0.5599877834320068
32, 32, 306, 1385, 0.3549441695213318
33, 0, 368, 185, -1.5055501461029053
33, 1, 381, 154, -1.4486143589019775
33, 2, 391, 153, -1.4483362436294556
33, 3, 400, 153, -1.4488047361373901
33, 4, 348, 153, -1.471722960472107
33, 5, 336, 152, -1.4713666439056396
33, 6, 322, 153, -1.4717395305633545
33, 7, 406, 159, -0.9647156596183777
33, 8, 290, 161, -1.0603811740875244
33, 9, 380, 215, -1.315854787826538
33, 10, 344, 217, -1.3417112827301025
33, 11, 477, 287, -0.5916448831558228
33, 12, 187, 307, -0.7722870111465454
33, 13, 554, 458, -0.40435925126075745
33, 14, 60, 471, -0.7089588642120361
33, 15, 650, 648, -0.7852827310562134
33, 16, -61, 661, -1.0798864364624023
33, 17, 691, 699, -0.8673615455627441
33, 18, -104, 704, -1.1777088642120361
33, 19, 670, 713, -0.9814603924751282
33, 20, -82, 714, -1.3321231603622437
33, 21, 648, 698, -0.8506994247436523
33, 22, -61, 702, -1.156740427017212
33, 23, 430, 691, -0.025783728808164597
33, 24, 236, 700, 0.02988690696656704
33, 25, 437, 1006, 0.2567197382450104
33, 26, 247, 1016, 0.3015831410884857
33, 27, 444, 1287, 1.1244020462036133
33, 28, 264, 1293, 1.0116655826568604
33, 29, 449, 1334, 1.178497314453125
33, 30, 259, 1337, 1.0646960735321045
33, 31, 424, 1379, 0.5617589950561523
33, 32, 306, 1385, 0.3472823202610016
34, 0, 370, 182, -1.3165189027786255
34, 1, 382, 149, -1.2667758464813232
34, 2, 393, 148, -1.2665024995803833
34, 3, 403, 148, -1.2668321132659912
34, 4, 350, 149, -1.2890739440917969
34, 5, 337, 148, -1.2887474298477173
34, 6, 324, 149, -1.289086103439331
34, 7, 408, 156, -0.8459486961364746
34, 8, 291, 159, -0.9386330842971802
34, 9, 382, 209, -1.1513444185256958
34, 10, 347, 212, -1.1764709949493408
34, 11, 478, 288, -0.5373538732528687
34, 12, 189, 307, -0.714863657951355
34, 13, 554, 458, -0.4060595631599426
34, 14, 62, 471, -0.6867650747299194
34, 15, 650, 648, -0.7745729088783264
34, 16, -15, 663, -1.033773422241211
34, 17, 691, 699, -0.8615899085998535
34, 18, -44, 710, -1.1284757852554321
34, 19, 670, 712, -0.9679609537124634
34, 20, -12, 719, -1.2539526224136353
34, 21, 648, 697, -0.8382633328437805
34, 22, 2, 704, -1.0982673168182373
34, 23, 431, 693, -0.02622956410050392
34, 24, 238, 701, 0.030342886224389076
34, 25, 437, 1007, 0.21764738857746124
34, 26, 248, 1018, 0.2683061957359314
34, 27, 444, 1289, 1.0328341722488403
34, 28, 266, 1295, 0.9198527336120605
34, 29, 449, 1336, 1.0829468965530396
34, 30, 262, 1339, 0.9693833589553833
34, 31, 425, 1380, 0.5183970332145691
34, 32, 306, 1385, 0.30476072430610657
35, 0, 370, 174, -1.1984918117523193
35, 1, 382, 141, -1.1488758325576782
35, 2, 392, 142, -1.1487021446228027
35, 3, 403, 142, -1.1491060256958008
35, 4, 350, 141, -1.1689313650131226
35, 5, 337, 141, -1.1685899496078491
35, 6, 324, 142, -1.1689836978912354
35, 7, 409, 152, -0.7423340082168579
35, 8, 292, 155, -0.8229384422302246
35, 9, 383, 202, -1.0398889780044556
35, 10, 347, 204, -1.0615243911743164
35, 11, 479, 287, -0.46292561292648315
35, 12, 192, 307, -0.621615469455719
35, 13, 555, 458, -0.3546694219112396
35, 14, 67, 470, -0.6007415056228638
35, 15, 651, 647, -0.6957429647445679
35, 16, -9, 661, -0.9406636953353882
35, 17, 691, 697, -0.7826851606369019
35, 18, -40, 710, -1.0296610593795776
35, 19, 670, 710, -0.8750125765800476
35, 20, -9, 718, -1.1533472537994385
35, 21, 648, 695, -0.754022479057312
35, 22, 6, 704, -1.0046879053115845
35, 23, 432, 695, -0.028986016288399696
35, 24, 241, 703, 0.033036813139915466
35, 25, 437, 1008, 0.18409931659698486
35, 26, 249, 1018, 0.2257736623287201
35, 27, 444, 1290, 0.971640944480896
35, 28, 267, 1295, 0.8179762959480286
35, 29, 449, 1336, 1.019026756286621
35, 30, 262, 1339, 0.8621723055839539
35, 31, 426, 1380, 0.4704664349555969
35, 32, 306, 1384, 0.21769550442695618
36, 0, 370, 173, -1.1831088066101074
36, 1, 382, 139, -1.1286259889602661
36, 2, 393, 139, -1.1284986734390259
36, 3, 403, 140, -1.1289210319519043
36, 4, 351, 139, -1.1510354280471802
36, 5, 338, 140, -1.1506578922271729
36, 6, 325, 141, -1.1510542631149292
36, 7, 411, 151, -0.7049084305763245
36, 8, 293, 154, -0.795775294303894
36, 9, 384, 201, -1.019099473953247
36, 10, 348, 203, -1.043817400932312
36, 11, 480, 287, -0.4094510078430176
36, 12, 194, 306, -0.5939649343490601
36, 13, 555, 457, -0.27743908762931824
36, 14, 72, 469, -0.5898109078407288
36, 15, 654, 644, -0.6214996576309204
36, 16, -8, 656, -0.9781902432441711
36, 17, 695, 692, -0.7058743834495544
36, 18, -41, 705, -1.0760982036590576
36, 19, 677, 704, -0.8054730296134949
36, 20, -12, 712, -1.2059519290924072
36, 21, 653, 689, -0.6831830739974976
36, 22, 4, 697, -1.0459821224212646
36, 23, 432, 695, -0.029420096427202225
36, 24, 241, 703, 0.03346662223339081
36, 25, 437, 1007, 0.17921993136405945
36, 26, 249, 1018, 0.2170199602842331
36, 27, 444, 1290, 0.9731802940368652
36, 28, 267, 1294, 0.8316820859909058
36, 29, 449, 1336, 1.0194451808929443
36, 30, 263, 1338, 0.8772123456001282
36, 31, 426, 1379, 0.4556032717227936
36, 32, 307, 1382, 0.21487665176391602
37, 0, 370, 170, -1.160560131072998
37, 1, 382, 137, -1.1043351888656616
37, 2, 393, 137, -1.1042306423187256
37, 3, 403, 138, -1.1046582460403442
37, 4, 351, 136, -1.1262873411178589
37, 5, 338, 136, -1.1259121894836426
37, 6, 325, 137, -1.126335859298706
37, 7, 411, 149, -0.6758228540420532
37, 8, 293, 152, -0.7639816999435425
37, 9, 384, 198, -0.9957156181335449
37, 10, 348, 199, -1.0195492506027222
37, 11, 480, 286, -0.37156304717063904
37, 12, 195, 306, -0.5687930583953857
37, 13, 555, 457, -0.23444969952106476
37, 14, 76, 468, -0.5689834356307983
37, 15, 657, 640, -0.5920764207839966
37, 16, -8, 653, -0.9785971641540527
37, 17, 699, 687, -0.6751357316970825
37, 18, -42, 703, -1.0816137790679932
37, 19, 683, 697, -0.7800693511962891
37, 20, -14, 709, -1.2096279859542847
37, 21, 659, 684, -0.6559566259384155
37, 22, 3, 694, -1.0465527772903442
37, 23, 432, 696, -0.029411038383841515
37, 24, 241, 703, 0.03345898911356926
37, 25, 436, 1007, 0.15517106652259827
37, 26, 249, 1018, 0.20774133503437042
37, 27, 444, 1290, 0.9289252161979675
37, 28, 267, 1293, 0.8242477178573608
37, 29, 448, 1336, 0.9718927145004272
37, 30, 263, 1337, 0.8687594532966614
37, 31, 426, 1378, 0.39931991696357727
37, 32, 307, 1381, 0.19937779009342194
38, 0, 367, 167, -1.1350786685943604
38, 1, 380, 135, -1.0808125734329224
38, 2, 391, 135, -1.0806939601898193
38, 3, 402, 136, -1.0810463428497314
38, 4, 348, 134, -1.1001070737838745
38, 5, 336, 134, -1.0997549295425415
38, 6, 322, 134, -1.1001613140106201
38, 7, 411, 149, -0.6639370322227478
38, 8, 293, 150, -0.7404521703720093
38, 9, 383, 196, -0.9744715690612793
38, 10, 346, 196, -0.9949814677238464
38, 11, 480, 286, -0.3708338737487793
38, 12, 195, 306, -0.5572345852851868
38, 13, 556, 457, -0.24733059108257294
38, 14, 75, 468, -0.5536214709281921
38, 15, 662, 639, -0.5996164679527283
38, 16, -7, 653, -0.9446219205856323
38, 17, 704, 685, -0.6828370690345764
38, 18, -39, 703, -1.04497492313385
38, 19, 688, 695, -0.7848547697067261
38, 20, -9, 709, -1.1671355962753296
38, 21, 664, 682, -0.6625245809555054
38, 22, 6, 694, -1.0104433298110962
38, 23, 433, 697, -0.03033221885561943
38, 24, 242, 704, 0.03441861644387245
38, 25, 437, 1008, 0.15399938821792603
38, 26, 251, 1019, 0.2004270851612091
38, 27, 446, 1290, 0.9377079010009766
38, 28, 270, 1294, 0.7980977296829224
38, 29, 450, 1336, 0.9833536148071289
38, 30, 266, 1338, 0.8420473337173462
38, 31, 429, 1378, 0.42139965295791626
38, 32, 309, 1381, 0.18662115931510925
39, 0, 364, 163, -1.2053557634353638
39, 1, 378, 131, -1.1528195142745972
39, 2, 389, 132, -1.1526426076889038
39, 3, 400, 133, -1.1530410051345825
39, 4, 345, 130, -1.1716934442520142
39, 5, 332, 130, -1.1713463068008423
39, 6, 319, 130, -1.171746015548706
39, 7, 411, 147, -0.7266876697540283
39, 8, 292, 147, -0.8019379377365112
39, 9, 382, 192, -1.0398311614990234
39, 10, 343, 193, -1.0598576068878174
39, 11, 481, 286, -0.4212420582771301
39, 12, 195, 305, -0.5988979935646057
39, 13, 555, 457, -0.249073788523674
39, 14, 74, 468, -0.5814093351364136
39, 15, 654, 642, -0.6898852586746216
39, 16, -2, 654, -0.9594582319259644
39, 17, 693, 689, -0.7910534143447876
39, 18, -31, 705, -1.0585001707077026
39, 19, 673, 699, -0.8871160745620728
39, 20, 0, 711, -1.1811977624893188
39, 21, 650, 685, -0.7509157061576843
39, 22, 14, 695, -1.0236862897872925
39, 23, 432, 697, -0.030359093099832535
39, 24, 241, 704, 0.03445456922054291
39, 25, 436, 1009, 0.15447092056274414
39, 26, 250, 1020, 0.21422913670539856
39, 27, 445, 1292, 0.9381204843521118
39, 28, 268, 1297, 0.8304249048233032
39, 29, 449, 1338, 0.984112560749054
39, 30, 263, 1341, 0.8760907053947449
39, 31, 427, 1381, 0.41857147216796875
39, 32, 304, 1383, 0.2134806215763092
40, 0, 359, 160, -1.2813947200775146
40, 1, 373, 128, -1.205081582069397
40, 2, 385, 129, -1.2050446271896362
40, 3, 396, 130, -1.2054221630096436
40, 4, 340, 127, -1.2023050785064697
40, 5, 328, 128, -1.2014667987823486
40, 6, 315, 129, -1.2020988464355469
40, 7, 411, 145, -0.7625914812088013
40, 8, 291, 146, -0.8399554491043091
40, 9, 379, 190, -1.1003844738006592
40, 10, 338, 190, -1.096904993057251
40, 11, 481, 287, -0.43127936124801636
40, 12, 195, 304, -0.6014416217803955
40, 13, 555, 463, -0.3244781196117401
40, 14, 69, 468, -0.5564211010932922
40, 15, 652, 652, -0.7752758264541626
40, 16, -9, 650, -0.9555321931838989
40, 17, 689, 706, -0.8821204304695129
40, 18, -31, 701, -1.05983567237854
40, 19, 667, 716, -0.9891699552536011
40, 20, -2, 706, -1.1933048963546753
40, 21, 646, 698, -0.8400845527648926
40, 22, 6, 691, -1.0250966548919678
40, 23, 430, 699, -0.042503856122493744
40, 24, 238, 705, 0.04713831841945648
40, 25, 434, 1013, 0.13726168870925903
40, 26, 246, 1023, 0.26901519298553467
40, 27, 441, 1295, 0.954378604888916
40, 28, 257, 1301, 0.984843909740448
40, 29, 445, 1341, 1.0005775690078735
40, 30, 252, 1346, 1.0375094413757324
40, 31, 418, 1385, 0.36902448534965515
40, 32, 291, 1389, 0.2990400791168213
41, 0, 357, 157, -1.258465051651001
41, 1, 371, 126, -1.1873071193695068
41, 2, 383, 128, -1.18718683719635
41, 3, 394, 129, -1.1874397993087769
41, 4, 339, 125, -1.1919159889221191
41, 5, 327, 125, -1.1912387609481812
41, 6, 314, 125, -1.1916695833206177
41, 7, 411, 145, -0.7105498909950256
41, 8, 291, 144, -0.742261528968811
41, 9, 377, 189, -1.0773322582244873
41, 10, 335, 189, -1.0814193487167358
41, 11, 482, 290, -0.3986196517944336
41, 12, 200, 300, -0.47326964139938354
41, 13, 554, 466, -0.3161531686782837
41, 14, 74, 459, -0.5780791640281677
41, 15, 617, 657, -0.7644044160842896
41, 16, 53, 585, -1.3042482137680054
41, 17, 645, 710, -0.8913834691047668
41, 18, 51, 629, -1.475071668624878
41, 19, 616, 716, -0.9877265691757202
41, 20, 83, 615, -1.560279369354248
41, 21, 599, 698, -0.8262315988540649
41, 22, 94, 551, -1.3618614673614502
41, 23, 429, 697, -0.04827030748128891
41, 24, 235, 697, 0.05328608676791191
41, 25, 424, 1012, 0.127644345164299
41, 26, 231, 1015, 0.21816137433052063
41, 27, 418, 1292, 0.9389920234680176
41, 28, 226, 1293, 0.8919593095779419
41, 29, 422, 1337, 0.9812964200973511
41, 30, 222, 1338, 0.9378817677497864
41, 31, 386, 1382, 0.3150393068790436
41, 32, 253, 1381, 0.17782597243785858
42, 0, 354, 158, -1.2073369026184082
42, 1, 368, 126, -1.1443047523498535
42, 2, 380, 127, -1.1441748142242432
42, 3, 391, 128, -1.144223690032959
42, 4, 335, 125, -1.1420197486877441
42, 5, 322, 126, -1.1412947177886963
42, 6, 310, 126, -1.1414735317230225
42, 7, 410, 144, -0.6631034016609192
42, 8, 290, 144, -0.6495365500450134
42, 9, 375, 189, -1.0260659456253052
42, 10, 331, 190, -1.0210124254226685
42, 11, 483, 290, -0.3333098888397217
42, 12, 205, 294, -0.3834943175315857
42, 13, 555, 468, -0.2836851477622986
42, 14, 75, 457, -0.8643417358398438
42, 15, 617, 656, -0.7550963163375854
42, 16, 110, 465, -2.043792963027954
42, 17, 643, 708, -0.8642655611038208
42, 18, 125, 444, -2.2645463943481445
42, 19, 616, 711, -0.96586674451828
42, 20, 155, 413, -2.268733501434326
42, 21, 597, 694, -0.7981005311012268
42, 22, 162, 416, -2.0748910903930664
42, 23, 430, 692, -0.05834593623876572
42, 24, 235, 689, 0.06331993639469147
42, 25, 423, 1007, 0.123529352247715
42, 26, 231, 1007, 0.26159384846687317
42, 27, 415, 1285, 0.9368219375610352
42, 28, 230, 1284, 1.0070220232009888
42, 29, 418, 1326, 0.9762192964553833
42, 30, 227, 1324, 1.063259243965149
42, 31, 385, 1375, 0.29509761929512024
42, 32, 252, 1373, 0.285854697227478
43, 0, 351, 159, -1.1573365926742554
43, 1, 366, 126, -1.1012709140777588
43, 2, 377, 126, -1.1011955738067627
43, 3, 389, 127, -1.1012476682662964
43, 4, 332, 126, -1.0944669246673584
43, 5, 319, 126, -1.0938985347747803
43, 6, 308, 127, -1.094018578529358
43, 7, 410, 142, -0.6362531185150146
43, 8, 289, 144, -0.598539412021637
43, 9, 373, 189, -0.9817742109298706
43, 10, 328, 191, -0.9701637029647827
43, 11, 483, 290, -0.32026809453964233
43, 12, 211, 292, -0.35681450366973877
43, 13, 555, 467, -0.28532636165618896
43, 14, 76, 452, -0.9585970640182495
43, 15, 621, 647, -0.7497982382774353
43, 16, 137, 408, -2.2122762203216553
43, 17, 649, 700, -0.8507863283157349
43, 18, 143, 397, -2.441039562225342
43, 19, 624, 692, -0.9401362538337708
43, 20, 175, 372, -2.431999921798706
43, 21, 604, 677, -0.78189617395401
43, 22, 186, 380, -2.2401022911071777
43, 23, 437, 691, -0.064544178545475
43, 24, 242, 689, 0.06917127966880798
43, 25, 435, 1004, 0.13098502159118652
43, 26, 246, 1006, 0.4399551451206207
43, 27, 435, 1280, 0.9494621157646179
43, 28, 254, 1280, 1.306998372077942
43, 29, 440, 1320, 0.9845852851867676
43, 30, 252, 1319, 1.3805969953536987
43, 31, 404, 1371, 0.338456928730011
43, 32, 271, 1371, 0.6557034254074097
44, 0, 349, 159, -1.1746422052383423
44, 1, 364, 125, -1.1142818927764893
44, 2, 375, 126, -1.1142104864120483
44, 3, 387, 126, -1.1143039464950562
44, 4, 331, 126, -1.1095755100250244
44, 5, 318, 127, -1.109097957611084
44, 6, 306, 128, -1.1092596054077148
44, 7, 408, 141, -0.6258198022842407
44, 8, 288, 144, -0.5940991640090942
44, 9, 371, 189, -0.9919509887695312
44, 10, 327, 191, -0.9829837679862976
44, 11, 482, 287, -0.3025873899459839
44, 12, 212, 292, -0.37587401270866394
44, 13, 555, 463, -0.2705141305923462
44, 14, 77, 447, -1.0964890718460083
44, 15, 623, 642, -0.7089172601699829
44, 16, 124, 399, -2.4333608150482178
44, 17, 653, 696, -0.8260877728462219
44, 18, 158, 374, -2.6833395957946777
44, 19, 628, 688, -0.8941473960876465
44, 20, 183, 351, -2.669687032699585
44, 21, 607, 673, -0.7455112338066101
44, 22, 187, 358, -2.462815046310425
44, 23, 446, 689, -0.0644296258687973
44, 24, 248, 689, 0.06890667229890823
44, 25, 444, 1002, 0.20767004787921906
44, 26, 253, 1006, 0.5190219283103943
44, 27, 450, 1278, 1.0711647272109985
44, 28, 265, 1279, 1.4470350742340088
44, 29, 455, 1318, 1.1149879693984985
44, 30, 264, 1317, 1.5272125005722046
44, 31, 422, 1368, 0.43236929178237915
44, 32, 287, 1370, 0.7977038025856018
45, 0, 347, 159, -1.1888569593429565
45, 1, 362, 126, -1.1415245532989502
45, 2, 372, 126, -1.1413795948028564
45, 3, 384, 127, -1.1416388750076294
45, 4, 329, 127, -1.143970012664795
45, 5, 316, 127, -1.1434719562530518
45, 6, 305, 128, -1.143693447113037
45, 7, 406, 141, -0.6384173631668091
45, 8, 287, 145, -0.6327815651893616
45, 9, 369, 190, -1.0215011835098267
45, 10, 326, 191, -1.0204408168792725
45, 11, 480, 286, -0.27883461117744446
45, 12, 211, 292, -0.4201841950416565
45, 13, 559, 462, -0.22238972783088684
45, 14, 70, 446, -1.170649528503418
45, 15, 624, 642, -0.65109783411026
45, 16, 135, 389, -2.454179525375366
45, 17, 652, 696, -0.7688042521476746
45, 18, 181, 377, -2.704026937484741
45, 19, 624, 689, -0.8354510068893433
45, 20, 201, 349, -2.6752285957336426
45, 21, 604, 674, -0.6937068700790405
45, 22, 198, 353, -2.473179817199707
45, 23, 445, 689, -0.062932088971138
45, 24, 247, 690, 0.06741327047348022
45, 25, 443, 1002, 0.24253208935260773
45, 26, 251, 1006, 0.465768039226532
45, 27, 449, 1278, 1.1408019065856934
45, 28, 265, 1279, 1.3641412258148193
45, 29, 454, 1319, 1.187654733657837
45, 30, 263, 1318, 1.4406592845916748
45, 31, 422, 1369, 0.4919469356536865
45, 32, 286, 1371, 0.6835411787033081
46, 0, 347, 159, -1.1937590837478638
46, 1, 361, 126, -1.152921438217163
46, 2, 371, 126, -1.1527235507965088
46, 3, 383, 127, -1.1531155109405518
46, 4, 328, 127, -1.1587575674057007
46, 5, 314, 127, -1.1582387685775757
46, 6, 304, 128, -1.1584802865982056
46, 7, 405, 141, -0.6451963782310486
46, 8, 287, 145, -0.644201397895813
46, 9, 368, 190, -1.034817099571228
46, 10, 325, 192, -1.0362836122512817
46, 11, 479, 286, -0.2773454785346985
46, 12, 211, 292, -0.43237823247909546
46, 13, 561, 460, -0.2163533717393875
46, 14, 66, 446, -1.176938533782959
46, 15, 624, 641, -0.6453408002853394
46, 16, 137, 387, -2.457643985748291
46, 17, 651, 696, -0.7628393769264221
46, 18, 183, 377, -2.707826614379883
46, 19, 622, 689, -0.8316329121589661
46, 20, 204, 349, -2.6790659427642822
46, 21, 602, 674, -0.6905405521392822
46, 22, 199, 352, -2.4763617515563965
46, 23, 445, 689, -0.06188260763883591
46, 24, 245, 690, 0.06633935868740082
46, 25, 443, 1003, 0.25437796115875244
46, 26, 249, 1006, 0.4632399082183838
46, 27, 448, 1278, 1.1604825258255005
46, 28, 263, 1280, 1.3728504180908203
46, 29, 453, 1320, 1.208456039428711
46, 30, 262, 1319, 1.450359582901001
46, 31, 421, 1369, 0.5140038728713989
46, 32, 285, 1371, 0.6873108148574829
47, 0, 347, 159, -1.3047106266021729
47, 1, 361, 127, -1.2329919338226318
47, 2, 371, 127, -1.2331006526947021
47, 3, 384, 127, -1.2332258224487305
47, 4, 328, 127, -1.2449891567230225
47, 5, 315, 128, -1.2445803880691528
47, 6, 304, 129, -1.2448817491531372
47, 7, 404, 142, -0.6498250961303711
47, 8, 286, 145, -0.6879531145095825
47, 9, 368, 191, -1.098477840423584
47, 10, 326, 192, -1.1104488372802734
47, 11, 477, 285, -0.30891039967536926
47, 12, 207, 294, -0.4361135959625244
47, 13, 571, 462, -0.5207310914993286
47, 14, 53, 450, -1.080873727798462
47, 15, 504, 575, -1.1290100812911987
47, 16, 144, 384, -2.1902661323547363
47, 17, 476, 609, -1.2769643068313599
47, 18, 194, 370, -2.4062583446502686
47, 19, 446, 578, -1.2302401065826416
47, 20, 210, 341, -2.3508951663970947
47, 21, 447, 573, -1.1269111633300781
47, 22, 202, 346, -2.190826892852783
47, 23, 439, 686, -0.06561229377985
47, 24, 234, 688, 0.06983597576618195
47, 25, 430, 1003, 0.21030394732952118
47, 26, 234, 1007, 0.43227267265319824
47, 27, 431, 1280, 1.134035348892212
47, 28, 252, 1280, 1.2746531963348389
47, 29, 434, 1321, 1.1806294918060303
47, 30, 252, 1319, 1.3442269563674927
47, 31, 409, 1371, 0.4229845106601715
47, 32, 277, 1372, 0.6160534024238586
48, 0, 347, 160, -1.2991772890090942
48, 1, 362, 127, -1.2285997867584229
48, 2, 372, 127, -1.2286694049835205
48, 3, 384, 127, -1.2287620306015015
48, 4, 328, 127, -1.2388265132904053
48, 5, 315, 128, -1.2384101152420044
48, 6, 304, 128, -1.2386970520019531
48, 7, 404, 142, -0.6622608304023743
48, 8, 286, 145, -0.6945481300354004
48, 9, 368, 191, -1.0963112115859985
48, 10, 326, 192, -1.1068516969680786
48, 11, 476, 285, -0.3839794993400574
48, 12, 201, 296, -0.354401558637619
48, 13, 585, 467, -0.7865293622016907
48, 14, 23, 471, -1.0527400970458984
48, 15, 384, 501, -1.3488380908966064
48, 16, 139, 381, -2.0444321632385254
48, 17, 305, 503, -1.49546217918396
48, 18, 196, 363, -2.2619261741638184
48, 19, 284, 464, -1.3600733280181885
48, 20, 213, 338, -2.088475465774536
48, 21, 304, 471, -1.3041120767593384
48, 22, 202, 342, -2.073063373565674
48, 23, 433, 686, -0.07529593259096146
48, 24, 223, 688, 0.07968517392873764
48, 25, 424, 1007, 0.1517769694328308
48, 26, 226, 1008, 0.3211873769760132
48, 27, 425, 1286, 0.982724666595459
48, 28, 246, 1282, 0.9918468594551086
48, 29, 428, 1328, 1.0244140625
48, 30, 245, 1322, 1.0426690578460693
48, 31, 403, 1383, 0.3234136700630188
48, 32, 272, 1381, 0.3059547543525696
49, 0, 347, 159, -1.3045101165771484
49, 1, 362, 126, -1.2326805591583252
49, 2, 372, 126, -1.232714056968689
49, 3, 384, 127, -1.2328081130981445
49, 4, 328, 126, -1.242042899131775
49, 5, 314, 126, -1.2416197061538696
49, 6, 303, 127, -1.2418831586837769
49, 7, 404, 142, -0.6697692275047302
49, 8, 284, 145, -0.7005301713943481
49, 9, 368, 192, -1.1023684740066528
49, 10, 325, 192, -1.1123298406600952
49, 11, 474, 284, -0.41701993346214294
49, 12, 199, 295, -0.3444308340549469
49, 13, 589, 467, -0.8072575330734253
49, 14, 8, 470, -1.0331977605819702
49, 15, 385, 492, -1.2913837432861328
49, 16, 148, 381, -1.9261239767074585
49, 17, 302, 492, -1.418770670890808
49, 18, 217, 362, -2.0917060375213623
49, 19, 289, 466, -1.2784273624420166
49, 20, 229, 339, -1.9295403957366943
49, 21, 311, 452, -1.2441461086273193
49, 22, 217, 345, -1.8827383518218994
49, 23, 432, 683, -0.09136481583118439
49, 24, 223, 687, 0.095696821808815
49, 25, 424, 1008, 0.05915539711713791
49, 26, 226, 1009, 0.3009369969367981
49, 27, 426, 1289, 0.8244467973709106
49, 28, 246, 1285, 0.9236662983894348
49, 29, 429, 1330, 0.8595981597900391
49, 30, 245, 1324, 0.9698740243911743
49, 31, 403, 1387, 0.15060262382030487
49, 32, 273, 1388, 0.2162746638059616
50, 0, 346, 160, -1.2863048315048218
50, 1, 361, 126, -1.2154181003570557
50, 2, 371, 126, -1.2154453992843628
50, 3, 384, 127, -1.215505599975586
50, 4, 327, 126, -1.223508358001709
50, 5, 313, 127, -1.2230737209320068
50, 6, 303, 127, -1.223351240158081
50, 7, 403, 142, -0.6762627959251404
50, 8, 284, 145, -0.7003225684165955
50, 9, 367, 192, -1.0874805450439453
50, 10, 323, 192, -1.0963127613067627
50, 11, 473, 283, -0.41304922103881836
50, 12, 199, 295, -0.323080837726593
50, 13, 590, 466, -0.7667672038078308
50, 14, 11, 469, -0.9619061350822449
50, 15, 395, 493, -1.2253797054290771
50, 16, 150, 380, -1.84506094455719
50, 17, 331, 508, -1.344916582107544
50, 18, 220, 363, -2.00215220451355
50, 19, 312, 474, -1.2128677368164062
50, 20, 231, 340, -1.8665173053741455
50, 21, 328, 453, -1.1804540157318115
50, 22, 219, 346, -1.8059879541397095
50, 23, 431, 681, -0.09624569118022919
50, 24, 223, 686, 0.10059559345245361
50, 25, 424, 1008, -0.024587484076619148
50, 26, 227, 1010, 0.25619977712631226
50, 27, 426, 1290, 0.675751805305481
50, 28, 246, 1287, 0.8046412467956543
50, 29, 431, 1331, 0.7049939036369324
50, 30, 245, 1325, 0.843424916267395
50, 31, 404, 1388, 0.00482611358165741
50, 32, 274, 1389, 0.10608069598674774
51, 0, 345, 159, -1.279964566230774
51, 1, 361, 125, -1.2080851793289185
51, 2, 371, 126, -1.208039402961731
51, 3, 383, 127, -1.2079999446868896
51, 4, 326, 125, -1.2147644758224487
51, 5, 313, 126, -1.2142752408981323
51, 6, 302, 127, -1.2145638465881348
51, 7, 403, 142, -0.680442214012146
51, 8, 283, 145, -0.7008220553398132
51, 9, 366, 192, -1.0836637020111084
51, 10, 323, 191, -1.0913207530975342
51, 11, 473, 283, -0.40938910841941833
51, 12, 199, 292, -0.331466943025589
51, 13, 592, 465, -0.8262848854064941
51, 14, -3, 466, -0.9543235898017883
51, 15, 397, 481, -1.3514442443847656
51, 16, 165, 374, -1.8475793600082397
51, 17, 320, 478, -1.4688966274261475
51, 18, 238, 361, -2.003746747970581
51, 19, 313, 436, -1.3094818592071533
51, 20, 250, 337, -1.8674339056015015
51, 21, 329, 436, -1.297351598739624
51, 22, 237, 343, -1.8113963603973389
51, 23, 428, 676, -0.09767428040504456
51, 24, 221, 682, 0.10217148065567017
51, 25, 421, 1004, -0.13991223275661469
51, 26, 222, 1005, 0.15029804408550262
51, 27, 424, 1290, 0.470345675945282
51, 28, 241, 1286, 0.57383131980896
51, 29, 430, 1331, 0.4907348155975342
51, 30, 240, 1325, 0.5976714491844177
51, 31, 401, 1388, -0.224473237991333
51, 32, 270, 1387, -0.13813716173171997
52, 0, 345, 159, -1.294870138168335
52, 1, 360, 125, -1.2237515449523926
52, 2, 370, 125, -1.2236803770065308
52, 3, 383, 126, -1.223594069480896
52, 4, 326, 125, -1.2310549020767212
52, 5, 312, 126, -1.230602502822876
52, 6, 301, 127, -1.2309187650680542
52, 7, 402, 142, -0.7014634013175964
52, 8, 282, 145, -0.7219274640083313
52, 9, 366, 192, -1.097914218902588
52, 10, 322, 191, -1.1064589023590088
52, 11, 473, 282, -0.41522216796875
52, 12, 199, 289, -0.3494418263435364
52, 13, 593, 465, -0.8551708459854126
52, 14, -6, 463, -0.9578174352645874
52, 15, 400, 476, -1.4066665172576904
52, 16, 166, 374, -1.8540064096450806
52, 17, 320, 462, -1.527327299118042
52, 18, 239, 362, -2.0136804580688477
52, 19, 315, 430, -1.3662109375
52, 20, 250, 339, -1.8819631338119507
52, 21, 329, 427, -1.3522754907608032
52, 22, 237, 345, -1.822813630104065
52, 23, 428, 675, -0.0973934754729271
52, 24, 221, 681, 0.10187999159097672
52, 25, 421, 1003, -0.13963890075683594
52, 26, 223, 1004, 0.10718844830989838
52, 27, 424, 1290, 0.4762801229953766
52, 28, 242, 1286, 0.5254795551300049
52, 29, 430, 1331, 0.49662190675735474
52, 30, 240, 1326, 0.5487402081489563
52, 31, 401, 1388, -0.22301268577575684
52, 32, 270, 1387, -0.19667622447013855
53, 0, 345, 159, -1.1902213096618652
53, 1, 360, 125, -1.121686339378357
53, 2, 370, 125, -1.1215091943740845
53, 3, 383, 126, -1.1214003562927246
53, 4, 326, 125, -1.130477786064148
53, 5, 312, 126, -1.1300337314605713
53, 6, 301, 127, -1.130359172821045
53, 7, 402, 142, -0.6378636956214905
53, 8, 282, 145, -0.6661445498466492
53, 9, 366, 192, -1.006105661392212
53, 10, 322, 191, -1.0172901153564453
53, 11, 473, 281, -0.3865183889865875
53, 12, 199, 286, -0.32252994179725647
53, 13, 592, 466, -0.8037339448928833
53, 14, -8, 452, -0.937131404876709
53, 15, 383, 468, -1.2601337432861328
53, 16, 177, 367, -1.667820930480957
53, 17, 304, 450, -1.3711631298065186
53, 18, 248, 358, -1.7928640842437744
53, 19, 301, 415, -1.2535127401351929
53, 20, 264, 335, -1.6345460414886475
53, 21, 314, 416, -1.219955563545227
53, 22, 255, 338, -1.617745041847229
53, 23, 425, 673, -0.09543196856975555
53, 24, 219, 679, 0.09989059716463089
53, 25, 417, 1001, -0.10749790817499161
53, 26, 218, 1001, 0.07812896370887756
53, 27, 418, 1290, 0.5243993401527405
53, 28, 234, 1285, 0.4883142411708832
53, 29, 423, 1331, 0.5500506162643433
53, 30, 232, 1326, 0.51260906457901
53, 31, 396, 1387, -0.1189635619521141
53, 32, 262, 1385, -0.19480213522911072
54, 0, 345, 159, -1.1117315292358398
54, 1, 360, 125, -1.046787142753601
54, 2, 370, 125, -1.0465599298477173
54, 3, 382, 126, -1.0465319156646729
54, 4, 326, 125, -1.055410623550415
54, 5, 312, 126, -1.0548421144485474
54, 6, 301, 127, -1.055123209953308
54, 7, 402, 142, -0.5827659368515015
54, 8, 281, 145, -0.6117972135543823
54, 9, 366, 192, -0.933907151222229
54, 10, 322, 191, -0.9447317123413086
54, 11, 472, 281, -0.35197240114212036
54, 12, 197, 282, -0.28473153710365295
54, 13, 592, 465, -0.7480021715164185
54, 14, -9, 444, -0.8938802480697632
54, 15, 380, 464, -1.1718608140945435
54, 16, 185, 368, -1.6080551147460938
54, 17, 305, 453, -1.2448827028274536
54, 18, 258, 360, -1.7235963344573975
54, 19, 292, 411, -1.0459015369415283
54, 20, 272, 337, -1.5688753128051758
54, 21, 313, 411, -1.0811823606491089
54, 22, 264, 338, -1.5577729940414429
54, 23, 417, 669, -0.09643473476171494
54, 24, 215, 673, 0.10079564899206161
54, 25, 405, 996, -0.16525959968566895
54, 26, 204, 995, 0.10720901191234589
54, 27, 400, 1285, 0.4030582904815674
54, 28, 216, 1279, 0.4635607600212097
54, 29, 404, 1326, 0.4244705140590668
54, 30, 213, 1320, 0.481484591960907
54, 31, 377, 1383, -0.22689580917358398
54, 32, 241, 1377, -0.19858339428901672
55, 0, 344, 158, -1.1604278087615967
55, 1, 360, 124, -1.0941897630691528
55, 2, 370, 124, -1.0940394401550293
55, 3, 382, 125, -1.094035029411316
55, 4, 325, 124, -1.1022626161575317
55, 5, 311, 125, -1.1017637252807617
55, 6, 300, 126, -1.1020597219467163
55, 7, 401, 141, -0.6100183725357056
55, 8, 281, 144, -0.6361522674560547
55, 9, 365, 191, -0.9757846593856812
55, 10, 322, 190, -0.985011100769043
55, 11, 472, 280, -0.3825894892215729
55, 12, 195, 282, -0.29829099774360657
55, 13, 591, 466, -0.8181721568107605
55, 14, -19, 444, -0.8898849487304688
55, 15, 374, 460, -1.2345958948135376
55, 16, 178, 368, -1.652514100074768
55, 17, 301, 444, -1.3273206949234009
55, 18, 249, 357, -1.774728775024414
55, 19, 289, 406, -1.1043261289596558
55, 20, 264, 335, -1.6270841360092163
55, 21, 310, 405, -1.1558306217193604
55, 22, 255, 339, -1.6069797277450562
55, 23, 415, 668, -0.10462449491024017
55, 24, 214, 672, 0.1089298278093338
55, 25, 403, 995, -0.17219145596027374
55, 26, 203, 995, 0.10461479425430298
55, 27, 399, 1285, 0.4245613217353821
55, 28, 216, 1279, 0.46960026025772095
55, 29, 403, 1326, 0.44704753160476685
55, 30, 214, 1321, 0.4884282052516937
55, 31, 376, 1383, -0.2225787341594696
55, 32, 241, 1376, -0.21028196811676025
56, 0, 343, 157, -1.1797423362731934
56, 1, 359, 122, -1.1136081218719482
56, 2, 369, 123, -1.1134865283966064
56, 3, 381, 124, -1.113497257232666
56, 4, 324, 124, -1.1213303804397583
56, 5, 310, 125, -1.120858073234558
56, 6, 299, 126, -1.1211597919464111
56, 7, 401, 140, -0.6244474649429321
56, 8, 280, 143, -0.6473726630210876
56, 9, 365, 190, -0.993242621421814
56, 10, 322, 189, -1.0014638900756836
56, 11, 472, 279, -0.38677889108657837
56, 12, 194, 281, -0.3092052638530731
56, 13, 591, 465, -0.8498746752738953
56, 14, -19, 443, -0.8941227197647095
56, 15, 377, 455, -1.3221666812896729
56, 16, 176, 368, -1.6853910684585571
56, 17, 304, 438, -1.4272030591964722
56, 18, 248, 357, -1.813833475112915
56, 19, 298, 402, -1.232503890991211
56, 20, 264, 335, -1.6721155643463135
56, 21, 313, 401, -1.2533775568008423
56, 22, 255, 339, -1.6426780223846436
56, 23, 413, 666, -0.10333969444036484
56, 24, 213, 669, 0.10767022520303726
56, 25, 402, 994, -0.18552596867084503
56, 26, 203, 992, 0.043729305267333984
56, 27, 397, 1285, 0.3931618928909302
56, 28, 215, 1278, 0.3824378550052643
56, 29, 402, 1325, 0.4131695330142975
56, 30, 214, 1320, 0.39758095145225525
56, 31, 374, 1382, -0.2650028169155121
56, 32, 240, 1374, -0.3145715594291687
57, 0, 342, 156, -1.262662410736084
57, 1, 358, 122, -1.1952193975448608
57, 2, 368, 123, -1.1950771808624268
57, 3, 381, 124, -1.195112943649292
57, 4, 322, 123, -1.2020461559295654
57, 5, 309, 124, -1.2015509605407715
57, 6, 298, 125, -1.2017910480499268
57, 7, 400, 139, -0.6949030756950378
57, 8, 279, 142, -0.7159508466720581
57, 9, 364, 189, -1.0704933404922485
57, 10, 321, 188, -1.0789798498153687
57, 11, 471, 279, -0.4325242042541504
57, 12, 193, 280, -0.317645788192749
57, 13, 591, 465, -0.9149684906005859
57, 14, -22, 443, -0.9096451997756958
57, 15, 378, 453, -1.439568281173706
57, 16, 173, 367, -1.7107927799224854
57, 17, 306, 437, -1.556567907333374
57, 18, 242, 357, -1.8149656057357788
57, 19, 300, 399, -1.3748385906219482
57, 20, 259, 334, -1.7207472324371338
57, 21, 315, 398, -1.3745667934417725
57, 22, 250, 337, -1.6505264043807983
57, 23, 413, 664, -0.10290060192346573
57, 24, 212, 668, 0.10720641911029816
57, 25, 403, 992, -0.16847005486488342
57, 26, 205, 990, 0.041307318955659866
57, 27, 399, 1284, 0.43601688742637634
57, 28, 217, 1277, 0.4159390926361084
57, 29, 403, 1325, 0.4582841992378235
57, 30, 215, 1319, 0.4350507855415344
57, 31, 376, 1381, -0.22640469670295715
57, 32, 243, 1372, -0.2870015501976013
58, 0, 340, 155, -1.3318555355072021
58, 1, 358, 121, -1.2626837491989136
58, 2, 367, 121, -1.2625597715377808
58, 3, 380, 122, -1.262650966644287
58, 4, 321, 122, -1.26720130443573
58, 5, 307, 123, -1.2667731046676636
58, 6, 297, 124, -1.2670800685882568
58, 7, 400, 138, -0.7518054246902466
58, 8, 279, 141, -0.7620779275894165
58, 9, 363, 187, -1.1359138488769531
58, 10, 320, 187, -1.1418044567108154
58, 11, 470, 278, -0.49309635162353516
58, 12, 193, 279, -0.3379388153553009
58, 13, 591, 466, -0.9982903599739075
58, 14, -19, 440, -0.9659196734428406
58, 15, 370, 452, -1.5008949041366577
58, 16, 172, 364, -1.8341127634048462
58, 17, 294, 434, -1.6183210611343384
58, 18, 243, 354, -1.969660997390747
58, 19, 284, 399, -1.4322391748428345
58, 20, 258, 333, -1.8301172256469727
58, 21, 304, 399, -1.4331867694854736
58, 22, 249, 337, -1.786872148513794
58, 23, 412, 665, -0.1138746589422226
58, 24, 211, 668, 0.117961585521698
58, 25, 401, 993, -0.16636382043361664
58, 26, 202, 990, 0.07823236286640167
58, 27, 395, 1285, 0.45592570304870605
58, 28, 210, 1277, 0.4787009656429291
58, 29, 400, 1326, 0.47835832834243774
58, 30, 208, 1319, 0.49982571601867676
58, 31, 369, 1381, -0.2215491086244583
58, 32, 234, 1372, -0.22608241438865662
59, 0, 338, 155, -1.2040070295333862
59, 1, 356, 121, -1.139455795288086
59, 2, 366, 121, -1.139281153678894
59, 3, 378, 122, -1.139198899269104
59, 4, 319, 122, -1.140137791633606
59, 5, 306, 123, -1.1396420001983643
59, 6, 295, 124, -1.1398773193359375
59, 7, 398, 137, -0.6722062826156616
59, 8, 278, 141, -0.6595630645751953
59, 9, 362, 187, -1.025604009628296
59, 10, 318, 187, -1.0253612995147705
59, 11, 470, 277, -0.45370054244995117
59, 12, 194, 280, -0.2954544425010681
59, 13, 591, 466, -0.961046040058136
59, 14, -17, 435, -0.936515212059021
59, 15, 375, 456, -1.2691067457199097
59, 16, 171, 360, -1.7532126903533936
59, 17, 303, 442, -1.3589684963226318
59, 18, 240, 351, -1.8819860219955444
59, 19, 295, 406, -1.1613959074020386
59, 20, 255, 332, -1.719992995262146
59, 21, 311, 408, -1.1903165578842163
59, 22, 247, 337, -1.7020065784454346
59, 23, 413, 665, -0.1144479289650917
59, 24, 213, 668, 0.11853097379207611
59, 25, 405, 992, -0.17620712518692017
59, 26, 210, 990, 0.18940815329551697
59, 27, 405, 1284, 0.403569757938385
59, 28, 226, 1277, 0.5922037363052368
59, 29, 412, 1325, 0.42364606261253357
59, 30, 225, 1319, 0.6158561706542969
59, 31, 376, 1380, -0.2558557987213135
59, 32, 249, 1372, -0.05643244460225105
60, 0, 338, 155, -1.3311740159988403
60, 1, 356, 120, -1.2599201202392578
60, 2, 365, 121, -1.2599977254867554
60, 3, 378, 121, -1.2600078582763672
60, 4, 318, 122, -1.2653006315231323
60, 5, 305, 123, -1.265199899673462
60, 6, 295, 124, -1.2656790018081665
60, 7, 397, 136, -0.7448059320449829
60, 8, 278, 141, -0.7605833411216736
60, 9, 361, 187, -1.131939172744751
60, 10, 318, 187, -1.1398435831069946
60, 11, 471, 277, -0.47962015867233276
60, 12, 196, 283, -0.3766571879386902
60, 13, 588, 464, -0.9706974029541016
60, 14, -16, 426, -1.066187858581543
60, 15, 378, 460, -1.5544278621673584
60, 16, 168, 362, -2.023746967315674
60, 17, 307, 471, -1.685502290725708
60, 18, 226, 354, -2.189415454864502
60, 19, 303, 437, -1.5513328313827515
60, 20, 243, 334, -2.0681724548339844
60, 21, 318, 428, -1.5092726945877075
60, 22, 235, 339, -1.991045594215393
60, 23, 422, 660, -0.10173593461513519
60, 24, 222, 663, 0.10549230873584747
60, 25, 416, 984, -0.1581220030784607
60, 26, 220, 976, -0.02643684670329094
60, 27, 416, 1273, 0.4189610481262207
60, 28, 235, 1263, 0.31518152356147766
60, 29, 421, 1314, 0.43621206283569336
60, 30, 233, 1306, 0.3268585801124573
60, 31, 387, 1369, -0.2563789486885071
60, 32, 264, 1358, -0.40167179703712463
61, 0, 338, 155, -1.3619062900543213
61, 1, 356, 120, -1.2858402729034424
61, 2, 365, 121, -1.285836935043335
61, 3, 378, 121, -1.2857022285461426
61, 4, 319, 121, -1.2940946817398071
61, 5, 306, 122, -1.2939807176589966
61, 6, 296, 123, -1.2943847179412842
61, 7, 397, 136, -0.7438787817955017
61, 8, 278, 138, -0.7782410979270935
61, 9, 361, 187, -1.1526877880096436
61, 10, 318, 186, -1.1656638383865356
61, 11, 470, 277, -0.47335848212242126
61, 12, 196, 284, -0.3959572911262512
61, 13, 588, 460, -0.9219871759414673
61, 14, -11, 425, -1.0841853618621826
61, 15, 408, 464, -1.6532261371612549
61, 16, 150, 364, -2.199631452560425
61, 17, 362, 505, -1.816990852355957
61, 18, 193, 360, -2.398031711578369
61, 19, 326, 460, -1.7170292139053345
61, 20, 215, 341, -2.315748929977417
61, 21, 349, 452, -1.6277315616607666
61, 22, 211, 345, -2.187288761138916
61, 23, 427, 662, -0.0768933817744255
61, 24, 226, 664, 0.08095837384462357
61, 25, 421, 985, -0.0964285284280777
61, 26, 224, 978, -0.12073768675327301
61, 27, 421, 1273, 0.4855610430240631
61, 28, 238, 1265, 0.2758103013038635
61, 29, 425, 1315, 0.4986153244972229
61, 30, 236, 1307, 0.2931828200817108
61, 31, 396, 1369, -0.20247849822044373
61, 32, 268, 1359, -0.4571962356567383
62, 0, 338, 155, -1.3543521165847778
62, 1, 356, 120, -1.2787840366363525
62, 2, 366, 121, -1.278761386871338
62, 3, 378, 121, -1.2786115407943726
62, 4, 320, 121, -1.2874325513839722
62, 5, 307, 122, -1.287290096282959
62, 6, 296, 122, -1.2876732349395752
62, 7, 397, 136, -0.7384544610977173
62, 8, 279, 137, -0.7761717438697815
62, 9, 361, 187, -1.1465556621551514
62, 10, 318, 186, -1.1600925922393799
62, 11, 470, 277, -0.4687809944152832
62, 12, 195, 285, -0.39793384075164795
62, 13, 588, 458, -0.9025025367736816
62, 14, -8, 424, -1.0764870643615723
62, 15, 418, 466, -1.6373955011367798
62, 16, 144, 365, -2.186065196990967
62, 17, 375, 513, -1.7992931604385376
62, 18, 185, 364, -2.3819241523742676
62, 19, 335, 467, -1.699637770652771
62, 20, 207, 344, -2.299802303314209
62, 21, 359, 460, -1.6121011972427368
62, 22, 204, 349, -2.173644542694092
62, 23, 429, 662, -0.06747989356517792
62, 24, 228, 665, 0.0716453343629837
62, 25, 423, 986, -0.08797280490398407
62, 26, 227, 979, -0.13847562670707703
62, 27, 424, 1274, 0.4862031936645508
62, 28, 240, 1266, 0.25035932660102844
62, 29, 428, 1316, 0.5035666823387146
62, 30, 237, 1308, 0.2667033076286316
62, 31, 400, 1369, -0.19199174642562866
62, 32, 270, 1359, -0.4827728271484375
63, 0, 338, 155, -1.2935796976089478
63, 1, 356, 120, -1.2137386798858643
63, 2, 366, 121, -1.2137954235076904
63, 3, 378, 121, -1.2135820388793945
63, 4, 320, 121, -1.2192103862762451
63, 5, 307, 122, -1.2192127704620361
63, 6, 296, 122, -1.2195994853973389
63, 7, 397, 136, -0.6799474954605103
63, 8, 279, 137, -0.7123751044273376
63, 9, 361, 187, -1.0882915258407593
63, 10, 318, 186, -1.1000717878341675
63, 11, 470, 277, -0.3933226764202118
63, 12, 196, 285, -0.33104851841926575
63, 13, 589, 456, -0.8347402811050415
63, 14, -5, 418, -0.9354324340820312
63, 15, 427, 469, -1.5451939105987549
63, 16, 121, 371, -2.158669948577881
63, 17, 378, 518, -1.699318289756775
63, 18, 168, 381, -2.2540810108184814
63, 19, 345, 479, -1.6076170206069946
63, 20, 191, 360, -2.1243650913238525
63, 21, 368, 468, -1.519657015800476
63, 22, 188, 360, -2.0870420932769775
63, 23, 430, 660, -0.05853549391031265
63, 24, 232, 662, 0.06280887871980667
63, 25, 423, 979, -0.3863268196582794
63, 26, 218, 963, -0.5380769968032837
63, 27, 423, 1266, 0.06065257638692856
63, 28, 235, 1258, -0.3068295419216156
63, 29, 425, 1308, 0.06711140275001526
63, 30, 235, 1301, -0.3090587556362152
63, 31, 395, 1360, -0.6219882369041443
63, 32, 264, 1349, -1.0372872352600098
64, 0, 337, 155, -1.1685512065887451
64, 1, 355, 120, -1.102612018585205
64, 2, 365, 121, -1.1025598049163818
64, 3, 377, 121, -1.1022889614105225
64, 4, 319, 121, -1.1038199663162231
64, 5, 306, 122, -1.1035792827606201
64, 6, 296, 122, -1.1039592027664185
64, 7, 396, 136, -0.6247331500053406
64, 8, 279, 137, -0.636586606502533
64, 9, 360, 187, -0.9860600233078003
64, 10, 317, 186, -0.9910074472427368
64, 11, 470, 277, -0.3537941575050354
64, 12, 196, 284, -0.2772720456123352
64, 13, 590, 456, -0.7466188669204712
64, 14, -4, 419, -0.8186023831367493
64, 15, 426, 471, -1.3986440896987915
64, 16, 98, 381, -1.867403268814087
64, 17, 377, 517, -1.5453895330429077
64, 18, 152, 393, -2.035066604614258
64, 19, 344, 484, -1.47933828830719
64, 20, 174, 369, -1.9700651168823242
64, 21, 365, 472, -1.3801896572113037
64, 22, 170, 368, -1.8562597036361694
64, 23, 431, 659, -0.057724881917238235
64, 24, 233, 662, 0.062205057591199875
64, 25, 423, 976, -0.2794477343559265
64, 26, 218, 962, -0.348715603351593
64, 27, 422, 1263, 0.164012610912323
64, 28, 232, 1254, -0.12180374562740326
64, 29, 424, 1305, 0.1686905026435852
64, 30, 233, 1297, -0.12413763999938965
64, 31, 393, 1356, -0.5057772397994995
64, 32, 259, 1342, -0.8369554281234741
65, 0, 333, 155, -1.1450278759002686
65, 1, 352, 120, -1.0795745849609375
65, 2, 363, 121, -1.0795077085494995
65, 3, 374, 121, -1.0792970657348633
65, 4, 314, 121, -1.0765044689178467
65, 5, 303, 122, -1.0762627124786377
65, 6, 292, 122, -1.076683759689331
65, 7, 393, 136, -0.6160544157028198
65, 8, 278, 137, -0.6074919700622559
65, 9, 356, 187, -0.9679660797119141
65, 10, 313, 186, -0.9670267105102539
65, 11, 470, 277, -0.36444956064224243
65, 12, 195, 284, -0.2549150884151459
65, 13, 588, 454, -0.7405304312705994
65, 14, -14, 420, -0.7712506055831909
65, 15, 424, 479, -1.3162583112716675
65, 16, 87, 388, -1.7222683429718018
65, 17, 364, 516, -1.4530473947525024
65, 18, 147, 399, -1.8982534408569336
65, 19, 334, 481, -1.3737674951553345
65, 20, 170, 374, -1.8273093700408936
65, 21, 353, 473, -1.293034315109253
65, 22, 166, 373, -1.7137422561645508
65, 23, 430, 655, -0.05997445434331894
65, 24, 233, 657, 0.06443902850151062
65, 25, 421, 969, -0.3828507959842682
65, 26, 199, 948, -0.5339389443397522
65, 27, 414, 1256, 0.05453373119235039
65, 28, 222, 1243, -0.27809929847717285
65, 29, 415, 1299, 0.06212456151843071
65, 30, 225, 1286, -0.2761770784854889
65, 31, 381, 1347, -0.6121798753738403
65, 32, 244, 1332, -0.9735937118530273
66, 0, 329, 155, -1.129582405090332
66, 1, 350, 120, -1.0649402141571045
66, 2, 361, 121, -1.06490957736969
66, 3, 371, 121, -1.0647341012954712
66, 4, 311, 121, -1.0608445405960083
66, 5, 300, 122, -1.0606275796890259
66, 6, 290, 122, -1.06105375289917
66, 7, 390, 136, -0.6057217121124268
66, 8, 277, 137, -0.5903102159500122
66, 9, 354, 187, -0.9540826678276062
66, 10, 309, 186, -0.9513166546821594
66, 11, 470, 277, -0.3622775077819824
66, 12, 195, 284, -0.23885901272296906
66, 13, 587, 454, -0.7402396202087402
66, 14, -5, 417, -0.7540746927261353
66, 15, 423, 479, -1.333200216293335
66, 16, 87, 391, -1.713332176208496
66, 17, 361, 514, -1.4731382131576538
66, 18, 146, 401, -1.8932278156280518
66, 19, 328, 479, -1.3855652809143066
66, 20, 170, 377, -1.8251031637191772
66, 21, 351, 472, -1.3088047504425049
66, 22, 165, 375, -1.7074368000030518
66, 23, 430, 652, -0.061463672667741776
66, 24, 233, 653, 0.06591115891933441
66, 25, 421, 964, -0.38213518261909485
66, 26, 196, 943, -0.5199534296989441
66, 27, 411, 1251, 0.06208593770861626
66, 28, 219, 1239, -0.2614128589630127
66, 29, 412, 1293, 0.07024358212947845
66, 30, 223, 1281, -0.25957775115966797
66, 31, 377, 1341, -0.6041775345802307
66, 32, 240, 1328, -0.9580906629562378
67, 0, 329, 156, -1.1187748908996582
67, 1, 350, 122, -1.0537331104278564
67, 2, 360, 123, -1.0538334846496582
67, 3, 371, 123, -1.0537623167037964
67, 4, 311, 122, -1.0509361028671265
67, 5, 300, 122, -1.0508177280426025
67, 6, 289, 123, -1.051307201385498
67, 7, 389, 137, -0.592644214630127
67, 8, 276, 137, -0.5829038023948669
67, 9, 353, 188, -0.9407367706298828
67, 10, 309, 188, -0.9398008584976196
67, 11, 469, 278, -0.3511680066585541
67, 12, 194, 285, -0.23488417267799377
67, 13, 584, 454, -0.7343258857727051
67, 14, -3, 417, -0.7654891610145569
67, 15, 417, 482, -1.3467931747436523
67, 16, 94, 397, -1.7075179815292358
67, 17, 351, 513, -1.4881497621536255
67, 18, 151, 411, -1.887613296508789
67, 19, 324, 478, -1.388119101524353
67, 20, 173, 382, -1.8183549642562866
67, 21, 332, 471, -1.320905327796936
67, 22, 168, 380, -1.6993509531021118
67, 23, 421, 651, -0.059657953679561615
67, 24, 229, 650, 0.06383569538593292
67, 25, 415, 956, -0.46487388014793396
67, 26, 181, 925, -0.6569163203239441
67, 27, 395, 1243, -0.05068930238485336
67, 28, 206, 1228, -0.39790812134742737
67, 29, 394, 1284, -0.04179184138774872
67, 30, 210, 1271, -0.3942679762840271
67, 31, 360, 1333, -0.6983851194381714
67, 32, 225, 1319, -1.0672295093536377
68, 0, 330, 158, -1.1404407024383545
68, 1, 350, 125, -1.0744216442108154
68, 2, 360, 125, -1.074472188949585
68, 3, 371, 126, -1.074401617050171
68, 4, 311, 124, -1.0759843587875366
68, 5, 300, 124, -1.07573664188385
68, 6, 289, 125, -1.076174020767212
68, 7, 389, 138, -0.6047688722610474
68, 8, 276, 138, -0.6032780408859253
68, 9, 354, 191, -0.9597880244255066
68, 10, 309, 191, -0.9638767242431641
68, 11, 468, 281, -0.3424786627292633
68, 12, 194, 286, -0.23617176711559296
68, 13, 581, 454, -0.7075697183609009
68, 14, 23, 422, -0.7376440167427063
68, 15, 421, 495, -1.3487322330474854
68, 16, 96, 442, -1.6974389553070068
68, 17, 398, 528, -1.511122465133667
68, 18, 130, 457, -1.8859491348266602
68, 19, 347, 497, -1.4600625038146973
68, 20, 164, 429, -1.8419491052627563
68, 21, 363, 481, -1.3504085540771484
68, 22, 163, 424, -1.7038600444793701
68, 23, 407, 652, -0.0536172017455101
68, 24, 217, 649, 0.05813957005739212
68, 25, 392, 958, -0.2572703957557678
68, 26, 179, 932, -0.4667441248893738
68, 27, 374, 1243, 0.05245334655046463
68, 28, 187, 1229, -0.18559251725673676
68, 29, 375, 1284, 0.026146050542593002
68, 30, 187, 1272, -0.18114113807678223
68, 31, 337, 1334, -0.5429878234863281
68, 32, 207, 1316, -0.8855570554733276
69, 0, 330, 158, -1.4140281677246094
69, 1, 350, 124, -1.3437983989715576
69, 2, 360, 125, -1.3439671993255615
69, 3, 371, 125, -1.3441907167434692
69, 4, 311, 124, -1.3575479984283447
69, 5, 300, 124, -1.357567548751831
69, 6, 289, 125, -1.3582231998443604
69, 7, 389, 138, -0.8639289140701294
69, 8, 276, 138, -0.9184190034866333
69, 9, 354, 190, -1.2309367656707764
69, 10, 309, 191, -1.2465932369232178
69, 11, 469, 285, -0.5270548462867737
69, 12, 193, 290, -0.5421647429466248
69, 13, 573, 454, -0.6337050795555115
69, 14, 32, 434, -0.5056654214859009
69, 15, 508, 574, -1.2058265209197998
69, 16, 24, 574, -0.9784746170043945
69, 17, 500, 619, -1.3605690002441406
69, 18, 23, 624, -1.1122840642929077
69, 19, 464, 604, -1.3920190334320068
69, 20, 55, 611, -1.1941299438476562
69, 21, 462, 589, -1.2383067607879639
69, 22, 58, 596, -1.026158094406128
69, 23, 409, 666, -0.05491630360484123
69, 24, 217, 665, 0.059397272765636444
69, 25, 395, 980, -0.02233940362930298
69, 26, 195, 969, -0.0422029085457325
69, 27, 379, 1264, 0.6996169686317444
69, 28, 191, 1259, 0.47593680024147034
69, 29, 381, 1308, 0.7348431348800659
69, 30, 193, 1307, 0.5068774223327637
69, 31, 341, 1356, 0.10046499967575073
69, 32, 211, 1348, -0.20994310081005096
70, 0, 335, 157, -1.334697961807251
70, 1, 352, 124, -1.2689993381500244
70, 2, 362, 124, -1.2690389156341553
70, 3, 373, 125, -1.2687617540359497
70, 4, 316, 124, -1.2691320180892944
70, 5, 303, 124, -1.2690695524215698
70, 6, 292, 125, -1.269530177116394
70, 7, 390, 138, -0.7804065942764282
70, 8, 276, 138, -0.8123154640197754
70, 9, 357, 190, -1.1451916694641113
70, 10, 314, 190, -1.153225064277649
70, 11, 469, 287, -0.49171122908592224
70, 12, 190, 296, -0.5408457517623901
70, 13, 565, 454, -0.33162760734558105
70, 14, 47, 444, -0.5519096851348877
70, 15, 655, 621, -0.799841582775116
70, 16, -65, 606, -1.033931851387024
70, 17, 697, 670, -0.9036827087402344
70, 18, -104, 650, -1.1536898612976074
70, 19, 678, 680, -1.0241822004318237
70, 20, -81, 654, -1.2961679697036743
70, 21, 655, 665, -0.8725407719612122
70, 22, -63, 642, -1.1112146377563477
70, 23, 409, 689, -0.04181217774748802
70, 24, 219, 691, 0.04642590507864952
70, 25, 403, 1002, 0.12505632638931274
70, 26, 216, 1007, 0.16282375156879425
70, 27, 404, 1281, 0.9142246246337891
70, 28, 218, 1285, 0.7380942106246948
70, 29, 407, 1328, 0.9563401341438293
70, 30, 211, 1331, 0.7742955684661865
70, 31, 382, 1366, 0.33816659450531006
70, 32, 256, 1370, 0.07391095906496048
71, 0, 339, 158, -1.3171069622039795
71, 1, 353, 125, -1.24734628200531
71, 2, 364, 125, -1.2473982572555542
71, 3, 375, 126, -1.2475141286849976
71, 4, 319, 124, -1.2574713230133057
71, 5, 306, 124, -1.2571768760681152
71, 6, 295, 125, -1.257678747177124
71, 7, 391, 138, -0.7637368440628052
71, 8, 277, 138, -0.8119457960128784
71, 9, 359, 190, -1.1351749897003174
71, 10, 317, 191, -1.1479289531707764
71, 11, 470, 288, -0.4672813415527344
71, 12, 189, 298, -0.5572919845581055
71, 13, 561, 454, -0.3853036165237427
71, 14, 52, 454, -0.5441522598266602
71, 15, 672, 628, -0.8681586980819702
71, 16, -86, 617, -0.9970877766609192
71, 17, 716, 676, -0.976009726524353
71, 18, -131, 658, -1.113396167755127
71, 19, 697, 688, -1.0925354957580566
71, 20, -110, 663, -1.2728207111358643
71, 21, 673, 674, -0.9397444725036621
71, 22, -89, 653, -1.0821483135223389
71, 23, 412, 697, -0.043876197189092636
71, 24, 222, 702, 0.048473432660102844
71, 25, 413, 1013, 0.18720600008964539
71, 26, 229, 1022, 0.24423722922801971
71, 27, 421, 1293, 1.0444819927215576
71, 28, 239, 1298, 0.8910403251647949
71, 29, 426, 1340, 1.0934758186340332
71, 30, 233, 1342, 0.9360443949699402
71, 31, 401, 1377, 0.4624200761318207
71, 32, 279, 1386, 0.22035014629364014
72, 0, 341, 158, -1.2977529764175415
72, 1, 354, 125, -1.2277593612670898
72, 2, 365, 125, -1.2278053760528564
72, 3, 376, 126, -1.2278430461883545
72, 4, 321, 124, -1.2360539436340332
72, 5, 308, 124, -1.2357832193374634
72, 6, 297, 125, -1.2362695932388306
72, 7, 392, 138, -0.7455368638038635
72, 8, 278, 139, -0.788698673248291
72, 9, 361, 189, -1.1143101453781128
72, 10, 319, 190, -1.1255719661712646
72, 11, 471, 288, -0.45264309644699097
72, 12, 189, 299, -0.5400308966636658
72, 13, 556, 454, -0.3418901860713959
72, 14, 60, 455, -0.5372902154922485
72, 15, 673, 622, -0.7939248085021973
72, 16, -76, 601, -1.0028668642044067
72, 17, 720, 667, -0.8985590934753418
72, 18, -121, 640, -1.121065378189087
72, 19, 703, 678, -1.0176016092300415
72, 20, -101, 645, -1.279645323753357
72, 21, 678, 665, -0.8669654130935669
72, 22, -80, 635, -1.088709831237793
72, 23, 418, 699, -0.043666865676641464
72, 24, 227, 703, 0.04825364425778389
72, 25, 421, 1014, 0.2594248652458191
72, 26, 237, 1022, 0.27926117181777954
72, 27, 433, 1294, 1.155889868736267
72, 28, 250, 1298, 0.975190281867981
72, 29, 438, 1341, 1.2086350917816162
72, 30, 245, 1341, 1.0263410806655884
72, 31, 413, 1378, 0.5822952389717102
72, 32, 290, 1387, 0.3118288815021515
73, 0, 342, 156, -1.2928601503372192
73, 1, 355, 124, -1.2221853733062744
73, 2, 366, 124, -1.2221906185150146
73, 3, 377, 125, -1.2223241329193115
73, 4, 322, 123, -1.2324740886688232
73, 5, 309, 124, -1.2320873737335205
73, 6, 297, 124, -1.2326011657714844
73, 7, 394, 138, -0.7429609894752502
73, 8, 278, 139, -0.7853220701217651
73, 9, 362, 187, -1.1132892370224
73, 10, 320, 188, -1.124448537826538
73, 11, 476, 290, -0.44631409645080566
73, 12, 189, 300, -0.5463544130325317
73, 13, 558, 459, -0.3741958439350128
73, 14, 57, 456, -0.5140337944030762
73, 15, 658, 642, -0.846555233001709
73, 16, -84, 604, -0.9585105180740356
73, 17, 697, 694, -0.9533382654190063
73, 18, -129, 643, -1.073035478591919
73, 19, 675, 705, -1.0614428520202637
73, 20, -108, 650, -1.2285202741622925
73, 21, 654, 688, -0.9152607917785645
73, 22, -88, 639, -1.0423362255096436
73, 23, 424, 705, -0.04411176219582558
73, 24, 229, 710, 0.0487854965031147
73, 25, 426, 1021, 0.22233009338378906
73, 26, 237, 1029, 0.2535824179649353
73, 27, 437, 1301, 1.099449872970581
73, 28, 250, 1305, 0.9381367564201355
73, 29, 443, 1349, 1.149576187133789
73, 30, 245, 1350, 0.9867565035820007
73, 31, 414, 1387, 0.5071542263031006
73, 32, 289, 1394, 0.2605425715446472
74, 0, 343, 156, -1.2969021797180176
74, 1, 356, 124, -1.227545976638794
74, 2, 366, 124, -1.2274799346923828
74, 3, 378, 125, -1.2277295589447021
74, 4, 323, 123, -1.2394378185272217
74, 5, 309, 124, -1.2389909029006958
74, 6, 298, 125, -1.2394977807998657
74, 7, 395, 139, -0.7533477544784546
74, 8, 278, 140, -0.7984751462936401
74, 9, 363, 187, -1.119301438331604
74, 10, 320, 188, -1.1309436559677124
74, 11, 481, 295, -0.448089599609375
74, 12, 189, 301, -0.5700266361236572
74, 13, 559, 463, -0.3884375989437103
74, 14, 55, 456, -0.5241154432296753
74, 15, 655, 661, -0.8484084010124207
74, 16, -90, 601, -0.9439452886581421
74, 17, 692, 716, -0.9475666284561157
74, 18, -136, 638, -1.0520050525665283
74, 19, 667, 728, -1.0548204183578491
74, 20, -116, 647, -1.202128529548645
74, 21, 647, 709, -0.9159954786300659
74, 22, -96, 637, -1.024852991104126
74, 23, 425, 711, -0.04131002351641655
74, 24, 229, 714, 0.046099621802568436
74, 25, 426, 1029, 0.19310830533504486
74, 26, 234, 1034, 0.21297380328178406
74, 27, 434, 1310, 1.0366830825805664
74, 28, 247, 1312, 0.8455817103385925
74, 29, 439, 1359, 1.0847276449203491
74, 30, 244, 1358, 0.888059139251709
74, 31, 410, 1397, 0.4500865340232849
74, 32, 284, 1401, 0.16828849911689758
75, 0, 343, 156, -1.2918239831924438
75, 1, 356, 124, -1.2236120700836182
75, 2, 367, 124, -1.2235405445098877
75, 3, 379, 125, -1.2237926721572876
75, 4, 323, 123, -1.2344845533370972
75, 5, 309, 124, -1.2340338230133057
75, 6, 298, 125, -1.2345359325408936
75, 7, 397, 139, -0.7556476593017578
75, 8, 278, 140, -0.7928193807601929
75, 9, 364, 187, -1.1153185367584229
75, 10, 320, 188, -1.125408411026001
75, 11, 483, 295, -0.4548737108707428
75, 12, 188, 301, -0.5585580468177795
75, 13, 560, 463, -0.42040443420410156
75, 14, 56, 456, -0.5097751617431641
75, 15, 649, 661, -0.8972547650337219
75, 16, -89, 599, -0.925028920173645
75, 17, 685, 716, -1.0011414289474487
75, 18, -135, 637, -1.032831072807312
75, 19, 659, 727, -1.0989019870758057
75, 20, -114, 646, -1.1792610883712769
75, 21, 640, 708, -0.9612222909927368
75, 22, -95, 635, -1.0044399499893188
75, 23, 427, 711, -0.041812896728515625
75, 24, 229, 713, 0.046617720276117325
75, 25, 426, 1029, 0.16292905807495117
75, 26, 232, 1034, 0.21148359775543213
75, 27, 434, 1311, 0.9864641427993774
75, 28, 245, 1314, 0.8197020292282104
75, 29, 439, 1361, 1.0330885648727417
75, 30, 242, 1360, 0.8597922325134277
75, 31, 408, 1400, 0.3936763405799866
75, 32, 281, 1404, 0.14095743000507355
76, 0, 343, 157, -1.3129163980484009
76, 1, 357, 125, -1.2475297451019287
76, 2, 367, 126, -1.2473642826080322
76, 3, 379, 127, -1.247684359550476
76, 4, 323, 124, -1.2599999904632568
76, 5, 309, 125, -1.2595422267913818
76, 6, 298, 126, -1.2600438594818115
76, 7, 398, 142, -0.7809624075889587
76, 8, 279, 143, -0.8251970410346985
76, 9, 364, 189, -1.1371259689331055
76, 10, 320, 190, -1.1485605239868164
76, 11, 484, 298, -0.47342485189437866
76, 12, 188, 302, -0.5932827591896057
76, 13, 561, 465, -0.420889675617218
76, 14, 55, 457, -0.5305446982383728
76, 15, 647, 668, -0.8700539469718933
76, 16, -88, 612, -0.937700092792511
76, 17, 682, 723, -0.9665924906730652
76, 18, -134, 652, -1.0414540767669678
76, 19, 655, 735, -1.0677882432937622
76, 20, -113, 662, -1.189950704574585
76, 21, 637, 716, -0.9341937303543091
76, 22, -93, 651, -1.0164082050323486
76, 23, 427, 714, -0.04195790737867355
76, 24, 228, 717, 0.046761948615312576
76, 25, 426, 1034, 0.19182375073432922
76, 26, 231, 1040, 0.22823166847229004
76, 27, 433, 1318, 1.0485403537750244
76, 28, 243, 1321, 0.8866385221481323
76, 29, 438, 1367, 1.098517656326294
76, 30, 239, 1367, 0.9326912760734558
76, 31, 408, 1408, 0.465489000082016
76, 32, 281, 1412, 0.20696818828582764
77, 0, 346, 165, -1.3713304996490479
77, 1, 359, 132, -1.3091398477554321
77, 2, 371, 133, -1.308898687362671
77, 3, 382, 134, -1.3092883825302124
77, 4, 326, 131, -1.3264564275741577
77, 5, 312, 132, -1.3260236978530884
77, 6, 300, 132, -1.3264714479446411
77, 7, 400, 147, -0.8379092216491699
77, 8, 280, 147, -0.9049981236457825
77, 9, 365, 197, -1.1924383640289307
77, 10, 322, 198, -1.2100293636322021
77, 11, 484, 300, -0.5093954801559448
77, 12, 188, 304, -0.6712124347686768
77, 13, 561, 465, -0.4067710340023041
77, 14, 55, 458, -0.5931271910667419
77, 15, 651, 671, -0.8057557344436646
77, 16, -79, 627, -1.0282530784606934
77, 17, 689, 726, -0.8974058032035828
77, 18, -124, 670, -1.1386563777923584
77, 19, 665, 738, -1.0047638416290283
77, 20, -100, 679, -1.275197148323059
77, 21, 644, 720, -0.871553897857666
77, 22, -80, 668, -1.1025725603103638
77, 23, 427, 717, -0.040028687566518784
77, 24, 228, 720, 0.04466237872838974
77, 25, 426, 1038, 0.22970423102378845
77, 26, 230, 1044, 0.2707793414592743
77, 27, 432, 1324, 1.1063787937164307
77, 28, 242, 1327, 0.9720309972763062
77, 29, 437, 1372, 1.1577997207641602
77, 30, 237, 1372, 1.02330482006073
77, 31, 408, 1414, 0.5303369164466858
77, 32, 280, 1418, 0.2973460257053375
78, 0, 348, 170, -1.3668125867843628
78, 1, 361, 137, -1.3050627708435059
78, 2, 373, 137, -1.3048288822174072
78, 3, 384, 138, -1.3052353858947754
78, 4, 328, 136, -1.3225171566009521
78, 5, 314, 136, -1.3220592737197876
78, 6, 301, 137, -1.3224923610687256
78, 7, 401, 150, -0.8365007638931274
78, 8, 280, 150, -0.9052454829216003
78, 9, 367, 202, -1.188254952430725
78, 10, 324, 204, -1.2062629461288452
78, 11, 485, 300, -0.5068615674972534
78, 12, 188, 305, -0.6730850338935852
78, 13, 561, 466, -0.40636277198791504
78, 14, 55, 460, -0.6134644746780396
78, 15, 647, 672, -0.815478503704071
78, 16, -74, 637, -1.039078950881958
78, 17, 685, 727, -0.9089988470077515
78, 18, -118, 682, -1.1467735767364502
78, 19, 660, 739, -1.0121302604675293
78, 20, -92, 694, -1.2894659042358398
78, 21, 639, 722, -0.879654586315155
78, 22, -72, 681, -1.114424467086792
78, 23, 426, 718, -0.036854758858680725
78, 24, 227, 720, 0.04145859181880951
78, 25, 422, 1041, 0.2294340431690216
78, 26, 227, 1045, 0.2545677721500397
78, 27, 425, 1329, 1.0897440910339355
78, 28, 235, 1329, 0.921588122844696
78, 29, 430, 1377, 1.1401255130767822
78, 30, 229, 1375, 0.9685651063919067
78, 31, 400, 1418, 0.51615309715271
78, 32, 273, 1421, 0.24723677337169647
79, 0, 351, 173, -1.4007012844085693
79, 1, 364, 140, -1.3397682905197144
79, 2, 376, 140, -1.339530110359192
79, 3, 386, 141, -1.3399546146392822
79, 4, 331, 138, -1.3582758903503418
79, 5, 317, 138, -1.357795238494873
79, 6, 303, 139, -1.358216404914856
79, 7, 402, 151, -0.8651137351989746
79, 8, 281, 152, -0.9380055665969849
79, 9, 369, 205, -1.2191753387451172
79, 10, 328, 207, -1.238507866859436
79, 11, 485, 300, -0.5266181826591492
79, 12, 188, 306, -0.6973404288291931
79, 13, 561, 465, -0.41201090812683105
79, 14, 55, 460, -0.651170551776886
79, 15, 647, 671, -0.816136360168457
79, 16, -73, 641, -1.064749002456665
79, 17, 685, 725, -0.9093558192253113
79, 18, -118, 686, -1.1775376796722412
79, 19, 661, 738, -1.0150855779647827
79, 20, -92, 697, -1.2901523113250732
79, 21, 641, 721, -0.8809961080551147
79, 22, -72, 685, -1.13345205783844
79, 23, 426, 717, -0.03671794757246971
79, 24, 227, 719, 0.041269417852163315
79, 25, 422, 1039, 0.23646283149719238
79, 26, 227, 1044, 0.28996527194976807
79, 27, 425, 1328, 1.1063339710235596
79, 28, 235, 1328, 1.0027211904525757
79, 29, 430, 1376, 1.156686544418335
79, 30, 229, 1373, 1.0551586151123047
79, 31, 401, 1417, 0.5218971967697144
79, 32, 274, 1420, 0.3252500891685486
80, 0, 353, 172, -1.386894941329956
80, 1, 365, 139, -1.3195569515228271
80, 2, 378, 140, -1.319448709487915
80, 3, 388, 141, -1.31972074508667
80, 4, 333, 138, -1.3334605693817139
80, 5, 319, 138, -1.3330062627792358
80, 6, 306, 139, -1.3334710597991943
80, 7, 403, 152, -0.8397439122200012
80, 8, 282, 152, -0.9020529985427856
80, 9, 371, 205, -1.2029458284378052
80, 10, 330, 207, -1.217002511024475
80, 11, 485, 300, -0.5153797268867493
80, 12, 188, 305, -0.6634557247161865
80, 13, 561, 465, -0.3880964517593384
80, 14, 56, 460, -0.6486626267433167
80, 15, 651, 670, -0.7888704538345337
80, 16, -73, 651, -1.0303648710250854
80, 17, 689, 723, -0.8810439109802246
80, 18, -110, 699, -1.1343247890472412
80, 19, 665, 737, -0.9814308881759644
80, 20, -90, 713, -1.2718734741210938
80, 21, 644, 720, -0.8516463041305542
80, 22, -71, 698, -1.1034702062606812
80, 23, 426, 718, -0.036786243319511414
80, 24, 227, 721, 0.04134969040751457
80, 25, 422, 1042, 0.21853873133659363
80, 26, 227, 1047, 0.26849794387817383
80, 27, 425, 1333, 1.0805442333221436
80, 28, 235, 1333, 0.9355280995368958
80, 29, 430, 1382, 1.1317092180252075
80, 30, 229, 1379, 0.9831674695014954
80, 31, 400, 1423, 0.5107137560844421
80, 32, 274, 1425, 0.2673632800579071
81, 0, 355, 172, -1.330295205116272
81, 1, 367, 140, -1.263696551322937
81, 2, 379, 140, -1.263567566871643
81, 3, 389, 141, -1.264082908630371
81, 4, 335, 138, -1.2811471223831177
81, 5, 322, 138, -1.2806284427642822
81, 6, 308, 139, -1.281075119972229
81, 7, 404, 152, -0.7794247269630432
81, 8, 283, 152, -0.8508949279785156
81, 9, 373, 205, -1.1451350450515747
81, 10, 332, 206, -1.1632344722747803
81, 11, 485, 299, -0.449746698141098
81, 12, 188, 305, -0.6307579278945923
81, 13, 562, 464, -0.3103061318397522
81, 14, 56, 460, -0.6008612513542175
81, 15, 659, 666, -0.711347222328186
81, 16, -69, 647, -1.033299207687378
81, 17, 699, 719, -0.7972613573074341
81, 18, -107, 694, -1.1434800624847412
81, 19, 677, 733, -0.9035453796386719
81, 20, -83, 706, -1.2842676639556885
81, 21, 656, 716, -0.7763034105300903
81, 22, -65, 693, -1.1085703372955322
81, 23, 427, 718, -0.03807022050023079
81, 24, 229, 721, 0.042681965976953506
81, 25, 423, 1041, 0.2009098082780838
81, 26, 228, 1047, 0.2779555916786194
81, 27, 426, 1331, 1.0410916805267334
81, 28, 237, 1331, 0.9542264938354492
81, 29, 430, 1380, 1.089210033416748
81, 30, 231, 1377, 1.0020259618759155
81, 31, 401, 1421, 0.4605998396873474
81, 32, 277, 1424, 0.27799761295318604
82, 0, 357, 172, -1.194270133972168
82, 1, 369, 139, -1.1295139789581299
82, 2, 381, 140, -1.129435420036316
82, 3, 390, 141, -1.1299302577972412
82, 4, 337, 138, -1.1467489004135132
82, 5, 324, 138, -1.146162509918213
82, 6, 310, 139, -1.1465673446655273
82, 7, 405, 152, -0.6733611822128296
82, 8, 284, 152, -0.7397617101669312
82, 9, 374, 204, -1.0218546390533447
82, 10, 334, 206, -1.0394130945205688
82, 11, 485, 297, -0.3830845355987549
82, 12, 188, 305, -0.5449643135070801
82, 13, 562, 463, -0.2729608416557312
82, 14, 57, 460, -0.5469322204589844
82, 15, 666, 662, -0.673797070980072
82, 16, -68, 644, -0.98408043384552
82, 17, 709, 715, -0.7606073617935181
82, 18, -111, 690, -1.0913808345794678
82, 19, 687, 727, -0.8647260665893555
82, 20, -84, 703, -1.237257480621338
82, 21, 665, 711, -0.7389509081840515
82, 22, -65, 689, -1.0624101161956787
82, 23, 428, 717, -0.038513995707035065
82, 24, 232, 721, 0.04316120594739914
82, 25, 426, 1040, 0.15872912108898163
82, 26, 234, 1047, 0.25532102584838867
82, 27, 432, 1330, 0.9649349451065063
82, 28, 247, 1331, 0.8743692636489868
82, 29, 437, 1379, 1.010729193687439
82, 30, 241, 1377, 0.9100748300552368
82, 31, 406, 1419, 0.3972718417644501
82, 32, 287, 1423, 0.23174723982810974
83, 0, 358, 172, -1.2108886241912842
83, 1, 371, 139, -1.145917534828186
83, 2, 382, 140, -1.1458508968353271
83, 3, 392, 141, -1.146287441253662
83, 4, 338, 138, -1.1639662981033325
83, 5, 325, 138, -1.163404941558838
83, 6, 311, 138, -1.1638189554214478
83, 7, 405, 152, -0.6894134879112244
83, 8, 285, 152, -0.7581571340560913
83, 9, 376, 204, -1.0387039184570312
83, 10, 335, 205, -1.0573644638061523
83, 11, 484, 296, -0.39920860528945923
83, 12, 188, 305, -0.5513687133789062
83, 13, 562, 462, -0.3099733591079712
83, 14, 58, 460, -0.5579009652137756
83, 15, 665, 660, -0.7254358530044556
83, 16, -70, 645, -1.0107886791229248
83, 17, 706, 712, -0.8179057836532593
83, 18, -116, 689, -1.1214196681976318
83, 19, 685, 725, -0.918292224407196
83, 20, -89, 701, -1.2594997882843018
83, 21, 662, 708, -0.789512574672699
83, 22, -68, 689, -1.086556315422058
83, 23, 430, 717, -0.038632627576589584
83, 24, 235, 720, 0.04327872395515442
83, 25, 432, 1039, 0.1586657613515854
83, 26, 243, 1047, 0.24869146943092346
83, 27, 443, 1329, 0.9666154980659485
83, 28, 262, 1331, 0.8715699911117554
83, 29, 449, 1378, 1.0128209590911865
83, 30, 257, 1376, 0.9090492129325867
83, 31, 420, 1418, 0.40009307861328125
83, 32, 303, 1422, 0.2103702276945114
84, 0, 359, 171, -1.1696996688842773
84, 1, 371, 139, -1.1036887168884277
84, 2, 382, 139, -1.1036598682403564
84, 3, 392, 141, -1.1040925979614258
84, 4, 339, 138, -1.121079921722412
84, 5, 326, 138, -1.120517611503601
84, 6, 312, 138, -1.1209266185760498
84, 7, 405, 152, -0.6497076153755188
84, 8, 285, 152, -0.7153071165084839
84, 9, 376, 204, -0.9988316297531128
84, 10, 336, 205, -1.016553521156311
84, 11, 484, 295, -0.36851105093955994
84, 12, 188, 305, -0.5209239721298218
84, 13, 562, 462, -0.26503798365592957
84, 14, 59, 460, -0.5481096506118774
84, 15, 670, 660, -0.6695059537887573
84, 16, -76, 644, -1.0145304203033447
84, 17, 713, 712, -0.7571540474891663
84, 18, -126, 688, -1.127829670906067
84, 19, 694, 723, -0.8644529581069946
84, 20, -99, 700, -1.270422339439392
84, 21, 670, 706, -0.7367120981216431
84, 22, -76, 687, -1.093656301498413
84, 23, 432, 717, -0.038731612265110016
84, 24, 237, 720, 0.04337143525481224
84, 25, 437, 1038, 0.18043650686740875
84, 26, 249, 1046, 0.26323655247688293
84, 27, 452, 1328, 1.028564691543579
84, 28, 271, 1330, 0.8865424990653992
84, 29, 458, 1377, 1.078741192817688
84, 30, 266, 1375, 0.9289454221725464
84, 31, 430, 1417, 0.46639853715896606
84, 32, 314, 1422, 0.22759921848773956
85, 0, 359, 171, -1.177060604095459
85, 1, 371, 139, -1.1150251626968384
85, 2, 382, 140, -1.1149436235427856
85, 3, 392, 141, -1.1153719425201416
85, 4, 339, 138, -1.1303584575653076
85, 5, 326, 138, -1.1297988891601562
85, 6, 312, 138, -1.1302063465118408
85, 7, 405, 152, -0.6692700386047363
85, 8, 285, 152, -0.7271608710289001
85, 9, 376, 204, -1.0086901187896729
85, 10, 336, 205, -1.0237555503845215
85, 11, 484, 294, -0.3846873342990875
85, 12, 188, 305, -0.5222018957138062
85, 13, 561, 460, -0.2970714569091797
85, 14, 59, 460, -0.5168233513832092
85, 15, 667, 659, -0.7106558680534363
85, 16, -75, 644, -0.9169751405715942
85, 17, 709, 711, -0.8014227151870728
85, 18, -123, 688, -1.0164949893951416
85, 19, 688, 721, -0.9026316404342651
85, 20, -96, 701, -1.164565086364746
85, 21, 665, 705, -0.7751002907752991
85, 22, -75, 688, -0.9964235424995422
85, 23, 433, 716, -0.03883697837591171
85, 24, 237, 720, 0.04345928132534027
85, 25, 439, 1038, 0.14563938975334167
85, 26, 248, 1047, 0.25465622544288635
85, 27, 452, 1328, 0.9526354074478149
85, 28, 269, 1331, 0.8320244550704956
85, 29, 459, 1377, 0.9997695684432983
85, 30, 265, 1377, 0.8691531419754028
85, 31, 429, 1416, 0.39222830533981323
85, 32, 311, 1423, 0.18687725067138672
86, 0, 359, 171, -1.1612054109573364
86, 1, 371, 139, -1.0994837284088135
86, 2, 382, 140, -1.0993564128875732
86, 3, 392, 141, -1.0998075008392334
86, 4, 339, 138, -1.114084005355835
86, 5, 326, 138, -1.1135354042053223
86, 6, 312, 138, -1.113935112953186
86, 7, 405, 152, -0.6552895903587341
86, 8, 286, 152, -0.709041953086853
86, 9, 376, 204, -0.9927864074707031
86, 10, 336, 205, -1.0068079233169556
86, 11, 484, 294, -0.37385377287864685
86, 12, 188, 305, -0.5040684938430786
86, 13, 561, 459, -0.2676376402378082
86, 14, 58, 460, -0.49221691489219666
86, 15, 667, 658, -0.6664239168167114
86, 16, -76, 643, -0.9238566160202026
86, 17, 710, 709, -0.7548403739929199
86, 18, -124, 686, -1.0295507907867432
86, 19, 689, 720, -0.8577995300292969
86, 20, -98, 698, -1.1793863773345947
86, 21, 666, 704, -0.7320123910903931
86, 22, -76, 685, -1.0052448511123657
86, 23, 433, 716, -0.03899512067437172
86, 24, 237, 721, 0.043675459921360016
86, 25, 439, 1038, 0.16650980710983276
86, 26, 247, 1047, 0.2571234107017517
86, 27, 452, 1328, 1.0158377885818481
86, 28, 268, 1332, 0.866918683052063
86, 29, 459, 1378, 1.0674705505371094
86, 30, 263, 1378, 0.9099391102790833
86, 31, 429, 1417, 0.4641050398349762
86, 32, 310, 1423, 0.2155713587999344
87, 0, 359, 172, -1.1824705600738525
87, 1, 371, 139, -1.1195616722106934
87, 2, 382, 140, -1.1194403171539307
87, 3, 392, 141, -1.119857668876648
87, 4, 339, 138, -1.134589433670044
87, 5, 325, 139, -1.134067416191101
87, 6, 312, 139, -1.1344786882400513
87, 7, 405, 152, -0.6696605682373047
87, 8, 286, 153, -0.7255390882492065
87, 9, 376, 204, -1.011889100074768
87, 10, 336, 206, -1.0266916751861572
87, 11, 484, 294, -0.38229936361312866
87, 12, 188, 306, -0.5141526460647583
87, 13, 561, 458, -0.28782108426094055
87, 14, 58, 461, -0.5114480257034302
87, 15, 669, 657, -0.6972801685333252
87, 16, -80, 641, -0.9470850825309753
87, 17, 711, 709, -0.7882561683654785
87, 18, -130, 684, -1.054797887802124
87, 19, 692, 720, -0.8862242698669434
87, 20, -105, 696, -1.1836700439453125
87, 21, 669, 703, -0.760552704334259
87, 22, -82, 684, -1.0174869298934937
87, 23, 433, 716, -0.03909783065319061
87, 24, 237, 722, 0.04379582405090332
87, 25, 440, 1038, 0.20584897696971893
87, 26, 247, 1048, 0.26899027824401855
87, 27, 452, 1329, 1.082395076751709
87, 28, 266, 1333, 0.9161094427108765
87, 29, 458, 1378, 1.1352264881134033
87, 30, 262, 1379, 0.9635384678840637
87, 31, 428, 1418, 0.5222269296646118
87, 32, 309, 1424, 0.25587180256843567
88, 0, 359, 174, -1.246475100517273
88, 1, 371, 140, -1.1867917776107788
88, 2, 382, 141, -1.1866376399993896
88, 3, 392, 142, -1.1870852708816528
88, 4, 339, 140, -1.2028589248657227
88, 5, 325, 140, -1.2022861242294312
88, 6, 312, 140, -1.2026762962341309
88, 7, 405, 153, -0.7323819398880005
88, 8, 285, 153, -0.7913550138473511
88, 9, 376, 206, -1.0724694728851318
88, 10, 336, 207, -1.0879663228988647
88, 11, 484, 294, -0.4331135153770447
88, 12, 188, 306, -0.5632725358009338
88, 13, 561, 458, -0.327321320772171
88, 14, 57, 462, -0.5166643857955933
88, 15, 667, 659, -0.7231191396713257
88, 16, -84, 643, -0.951474666595459
88, 17, 709, 711, -0.8107655644416809
88, 18, -133, 686, -1.0539250373840332
88, 19, 689, 723, -0.9114216566085815
88, 20, -109, 698, -1.200160264968872
88, 21, 667, 707, -0.7871043086051941
88, 22, -86, 686, -1.0290076732635498
88, 23, 433, 716, -0.039210766553878784
88, 24, 237, 723, 0.04391231760382652
88, 25, 440, 1039, 0.22474268078804016
88, 26, 247, 1050, 0.2751913368701935
88, 27, 452, 1330, 1.114098310470581
88, 28, 266, 1335, 0.940909743309021
88, 29, 459, 1379, 1.1678742170333862
88, 30, 261, 1381, 0.9904990196228027
88, 31, 428, 1420, 0.5504562854766846
88, 32, 308, 1427, 0.27782079577445984
89, 0, 359, 174, -1.3067535161972046
89, 1, 371, 141, -1.2455754280090332
89, 2, 382, 141, -1.2454798221588135
89, 3, 392, 142, -1.2459332942962646
89, 4, 339, 140, -1.2620575428009033
89, 5, 325, 140, -1.2615251541137695
89, 6, 312, 141, -1.261974573135376
89, 7, 405, 153, -0.7784978151321411
89, 8, 285, 154, -0.8402904272079468
89, 9, 376, 206, -1.1276381015777588
89, 10, 336, 208, -1.1440999507904053
89, 11, 484, 294, -0.45619630813598633
89, 12, 188, 306, -0.5994548201560974
89, 13, 561, 458, -0.3402557969093323
89, 14, 57, 462, -0.5765678882598877
89, 15, 666, 658, -0.745917022228241
89, 16, -83, 649, -1.000915765762329
89, 17, 707, 711, -0.8350353240966797
89, 18, -132, 694, -1.1047426462173462
89, 19, 687, 723, -0.942211925983429
89, 20, -107, 704, -1.261765956878662
89, 21, 665, 707, -0.8118633031845093
89, 22, -85, 692, -1.0819240808486938
89, 23, 433, 716, -0.039333656430244446
89, 24, 237, 724, 0.044026367366313934
89, 25, 440, 1039, 0.21386241912841797
89, 26, 246, 1050, 0.27212774753570557
89, 27, 451, 1331, 1.10561203956604
89, 28, 265, 1335, 0.9253463745117188
89, 29, 458, 1380, 1.160780429840088
89, 30, 260, 1381, 0.9731460809707642
89, 31, 427, 1421, 0.5137982368469238
89, 32, 307, 1427, 0.27345794439315796
90, 0, 359, 175, -1.3512239456176758
90, 1, 371, 142, -1.2900809049606323
90, 2, 382, 142, -1.2899366617202759
90, 3, 392, 143, -1.2904013395309448
90, 4, 339, 141, -1.3066222667694092
90, 5, 325, 141, -1.3061399459838867
90, 6, 312, 142, -1.3065739870071411
90, 7, 405, 154, -0.8166933059692383
90, 8, 286, 154, -0.8800128698348999
90, 9, 376, 207, -1.1693264245986938
90, 10, 336, 208, -1.1860713958740234
90, 11, 484, 294, -0.4818381369113922
90, 12, 188, 306, -0.6313300728797913
90, 13, 561, 458, -0.35512226819992065
90, 14, 57, 462, -0.6009166836738586
90, 15, 667, 658, -0.77218097448349
90, 16, -76, 657, -1.0273935794830322
90, 17, 709, 711, -0.8684476017951965
90, 18, -121, 704, -1.1392865180969238
90, 19, 688, 724, -0.9795252084732056
90, 20, -94, 716, -1.2990888357162476
90, 21, 665, 708, -0.8400953412055969
90, 22, -73, 703, -1.1097736358642578
90, 23, 433, 716, -0.03991808742284775
90, 24, 237, 723, 0.0446140430867672
90, 25, 440, 1040, 0.2255524843931198
90, 26, 246, 1050, 0.29482579231262207
90, 27, 451, 1331, 1.1270045042037964
90, 28, 265, 1335, 1.012068510055542
90, 29, 457, 1380, 1.181349277496338
90, 30, 260, 1381, 1.0659387111663818
90, 31, 427, 1421, 0.544400691986084
90, 32, 307, 1427, 0.3398210406303406
91, 0, 359, 177, -1.3765110969543457
91, 1, 371, 143, -1.3157484531402588
91, 2, 382, 144, -1.3155992031097412
91, 3, 392, 144, -1.3160563707351685
91, 4, 339, 142, -1.3321940898895264
91, 5, 326, 142, -1.3317244052886963
91, 6, 312, 142, -1.3321634531021118
91, 7, 405, 155, -0.8408931493759155
91, 8, 286, 155, -0.9036439657211304
91, 9, 376, 208, -1.1937260627746582
91, 10, 336, 209, -1.2103989124298096
91, 11, 483, 294, -0.503576397895813
91, 12, 188, 306, -0.6467280983924866
91, 13, 561, 458, -0.37933149933815
91, 14, 57, 462, -0.6076037287712097
91, 15, 667, 659, -0.7983877062797546
91, 16, -75, 658, -1.0290732383728027
91, 17, 708, 712, -0.8952226638793945
91, 18, -120, 704, -1.1402393579483032
91, 19, 687, 726, -1.0039536952972412
91, 20, -93, 716, -1.2998369932174683
91, 21, 664, 710, -0.865211009979248
91, 22, -72, 703, -1.1115031242370605
91, 23, 433, 716, -0.040929194539785385
91, 24, 237, 723, 0.045606307685375214
91, 25, 439, 1039, 0.2255970686674118
91, 26, 246, 1050, 0.2900923490524292
91, 27, 450, 1331, 1.121416449546814
91, 28, 264, 1335, 0.9936586618423462
91, 29, 456, 1380, 1.1746611595153809
91, 30, 259, 1381, 1.0455735921859741
91, 31, 427, 1421, 0.538480818271637
91, 32, 306, 1427, 0.31746697425842285
92, 0, 359, 177, -1.3515903949737549
92, 1, 371, 144, -1.2896595001220703
92, 2, 382, 144, -1.2895164489746094
92, 3, 392, 145, -1.289962887763977
92, 4, 339, 142, -1.306209683418274
92, 5, 326, 142, -1.305719017982483
92, 6, 312, 143, -1.3061401844024658
92, 7, 404, 155, -0.8178450465202332
92, 8, 286, 155, -0.8808717727661133
92, 9, 376, 208, -1.1706526279449463
92, 10, 336, 210, -1.1874550580978394
92, 11, 483, 294, -0.49206796288490295
92, 12, 188, 306, -0.6333759427070618
92, 13, 561, 458, -0.3749563992023468
92, 14, 57, 462, -0.6026507616043091
92, 15, 667, 659, -0.7957144975662231
92, 16, -72, 660, -1.0275778770446777
92, 17, 708, 712, -0.8935562372207642
92, 18, -117, 706, -1.138753056526184
92, 19, 687, 726, -1.0001146793365479
92, 20, -89, 717, -1.2973783016204834
92, 21, 664, 710, -0.8621331453323364
92, 22, -69, 704, -1.1097418069839478
92, 23, 433, 716, -0.04165487736463547
92, 24, 237, 724, 0.04632824286818504
92, 25, 442, 1039, 0.23748643696308136
92, 26, 249, 1050, 0.30111759901046753
92, 27, 453, 1331, 1.1473556756973267
92, 28, 268, 1335, 1.0172104835510254
92, 29, 459, 1380, 1.2026664018630981
92, 30, 263, 1381, 1.0711500644683838
92, 31, 430, 1421, 0.5747411847114563
92, 32, 310, 1427, 0.34730425477027893
93, 0, 359, 177, -1.3636788129806519
93, 1, 370, 144, -1.3014689683914185
93, 2, 382, 144, -1.3013033866882324
93, 3, 391, 145, -1.3017430305480957
93, 4, 339, 142, -1.318044900894165
93, 5, 325, 142, -1.3175938129425049
93, 6, 312, 143, -1.3180426359176636
93, 7, 404, 155, -0.8286408185958862
93, 8, 285, 155, -0.891944408416748
93, 9, 376, 208, -1.1826815605163574
93, 10, 336, 210, -1.1994826793670654
93, 11, 483, 294, -0.49650174379348755
93, 12, 188, 307, -0.6426953673362732
93, 13, 561, 458, -0.38489216566085815
93, 14, 57, 462, -0.6046583652496338
93, 15, 666, 661, -0.8082156181335449
93, 16, -70, 660, -1.0268043279647827
93, 17, 707, 714, -0.9030145406723022
93, 18, -115, 706, -1.1369922161102295
93, 19, 685, 729, -1.0067241191864014
93, 20, -87, 718, -1.2955725193023682
93, 21, 662, 713, -0.8726274371147156
93, 22, -67, 705, -1.109412431716919
93, 23, 433, 717, -0.04169134423136711
93, 24, 236, 724, 0.04636375978589058
93, 25, 441, 1041, 0.2311532199382782
93, 26, 247, 1051, 0.2951696515083313
93, 27, 451, 1333, 1.1255972385406494
93, 28, 264, 1336, 0.9942150115966797
93, 29, 456, 1382, 1.1789592504501343
93, 30, 259, 1382, 1.045771598815918
93, 31, 428, 1423, 0.5502656698226929
93, 32, 306, 1428, 0.32189512252807617
94, 0, 359, 177, -1.3570783138275146
94, 1, 370, 144, -1.2944462299346924
94, 2, 382, 144, -1.2942841053009033
94, 3, 391, 145, -1.2946966886520386
94, 4, 338, 142, -1.3107774257659912
94, 5, 325, 142, -1.310313105583191
94, 6, 311, 143, -1.3107444047927856
94, 7, 404, 155, -0.8241857290267944
94, 8, 285, 155, -0.88604736328125
94, 9, 375, 208, -1.1776392459869385
94, 10, 336, 210, -1.1940206289291382
94, 11, 483, 294, -0.4973073899745941
94, 12, 188, 307, -0.643263578414917
94, 13, 561, 458, -0.39247459173202515
94, 14, 57, 463, -0.6119146347045898
94, 15, 668, 661, -0.8195137977600098
94, 16, -67, 663, -1.030299425125122
94, 17, 710, 714, -0.9161455035209656
94, 18, -110, 710, -1.1395251750946045
94, 19, 687, 728, -1.019795298576355
94, 20, -81, 722, -1.2956874370574951
94, 21, 665, 712, -0.8845130205154419
94, 22, -62, 709, -1.1114369630813599
94, 23, 433, 717, -0.04198767989873886
94, 24, 236, 724, 0.04665760323405266
94, 25, 441, 1042, 0.22726543247699738
94, 26, 247, 1052, 0.2965248227119446
94, 27, 451, 1334, 1.11666738986969
94, 28, 264, 1337, 0.9920167922973633
94, 29, 456, 1384, 1.169628381729126
94, 30, 259, 1383, 1.0434356927871704
94, 31, 428, 1424, 0.5394060611724854
94, 32, 307, 1429, 0.3208155930042267
95, 0, 358, 177, -1.3535305261611938
95, 1, 370, 144, -1.2902755737304688
95, 2, 381, 144, -1.2901074886322021
95, 3, 391, 145, -1.2905068397521973
95, 4, 338, 142, -1.3067402839660645
95, 5, 325, 142, -1.3062673807144165
95, 6, 311, 143, -1.306697130203247
95, 7, 403, 155, -0.8205680847167969
95, 8, 285, 155, -0.8830548524856567
95, 9, 375, 208, -1.1746468544006348
95, 10, 335, 209, -1.1912143230438232
95, 11, 483, 295, -0.4958252012729645
95, 12, 188, 307, -0.6440243721008301
95, 13, 561, 458, -0.39738357067108154
95, 14, 57, 463, -0.6136642694473267
95, 15, 668, 661, -0.830841064453125
95, 16, -66, 663, -1.0294232368469238
95, 17, 710, 714, -0.9281694293022156
95, 18, -109, 710, -1.1387438774108887
95, 19, 687, 729, -1.03159499168396
95, 20, -80, 722, -1.2948206663131714
95, 21, 664, 713, -0.8959546089172363
95, 22, -61, 708, -1.1103670597076416
95, 23, 434, 718, -0.04180401191115379
95, 24, 236, 725, 0.04649128392338753
95, 25, 441, 1043, 0.2275703251361847
95, 26, 247, 1053, 0.2942213714122772
95, 27, 451, 1336, 1.119541883468628
95, 28, 264, 1338, 0.9847322702407837
95, 29, 456, 1386, 1.1728136539459229
95, 30, 259, 1385, 1.0355039834976196
95, 31, 428, 1425, 0.5403352975845337
95, 32, 306, 1430, 0.31333205103874207
96, 0, 358, 177, -1.3485819101333618
96, 1, 370, 144, -1.2853678464889526
96, 2, 381, 144, -1.2852022647857666
96, 3, 390, 145, -1.285602331161499
96, 4, 338, 142, -1.301820993423462
96, 5, 325, 142, -1.3013423681259155
96, 6, 311, 143, -1.3017714023590088
96, 7, 403, 155, -0.8165971040725708
96, 8, 285, 155, -0.8791279792785645
96, 9, 375, 208, -1.1701017618179321
96, 10, 335, 209, -1.1866763830184937
96, 11, 483, 295, -0.49366965889930725
96, 12, 187, 307, -0.6420684456825256
96, 13, 561, 458, -0.39764541387557983
96, 14, 58, 463, -0.6128846406936646
96, 15, 667, 661, -0.8313103914260864
96, 16, -66, 663, -1.0281407833099365
96, 17, 710, 715, -0.9281975030899048
96, 18, -109, 709, -1.1354774236679077
96, 19, 686, 730, -1.0312905311584473
96, 20, -80, 722, -1.2900660037994385
96, 21, 664, 714, -0.896335244178772
96, 22, -61, 708, -1.1083061695098877
96, 23, 434, 718, -0.04164745658636093
96, 24, 236, 726, 0.046345729380846024
96, 25, 441, 1044, 0.22648191452026367
96, 26, 247, 1054, 0.2927219271659851
96, 27, 451, 1336, 1.1167172193527222
96, 28, 264, 1339, 0.9809024930000305
96, 29, 456, 1387, 1.1698333024978638
96, 30, 259, 1386, 1.0314162969589233
96, 31, 428, 1426, 0.5377998948097229
96, 32, 306, 1431, 0.30959707498550415
97, 0, 358, 177, -1.351202130317688
97, 1, 369, 144, -1.2865769863128662
97, 2, 381, 144, -1.286419153213501
97, 3, 390, 145, -1.2868465185165405
97, 4, 338, 142, -1.3036104440689087
97, 5, 325, 142, -1.3031389713287354
97, 6, 311, 143, -1.303577184677124
97, 7, 403, 155, -0.813724160194397
97, 8, 285, 155, -0.877299964427948
97, 9, 375, 208, -1.1703710556030273
97, 10, 335, 209, -1.1876590251922607
97, 11, 483, 295, -0.4923183023929596
97, 12, 188, 307, -0.6396231651306152
97, 13, 561, 458, -0.4011412262916565
97, 14, 58, 463, -0.6117812991142273
97, 15, 665, 662, -0.865864634513855
97, 16, -58, 664, -1.031965732574463
97, 17, 706, 716, -0.9729982614517212
97, 18, -98, 711, -1.143117904663086
97, 19, 681, 731, -1.0759013891220093
97, 20, -68, 725, -1.2941619157791138
97, 21, 659, 715, -0.9312761425971985
97, 22, -50, 710, -1.1106387376785278
97, 23, 433, 719, -0.04207087308168411
97, 24, 236, 726, 0.04678184911608696
97, 25, 439, 1044, 0.21800199151039124
97, 26, 245, 1054, 0.29671812057495117
97, 27, 448, 1337, 1.0998353958129883
97, 28, 261, 1340, 0.9987260699272156
97, 29, 453, 1388, 1.151808500289917
97, 30, 256, 1387, 1.050121545791626
97, 31, 425, 1426, 0.5101743936538696
97, 32, 302, 1431, 0.32375648617744446
