0, 0, 333, 75, -0.761165201663971
0, 1, 351, 48, -0.7124691605567932
0, 2, 362, 48, -0.7123228311538696
0, 3, 372, 47, -0.712611734867096
0, 4, 316, 50, -0.7310313582420349
0, 5, 305, 51, -0.730780839920044
0, 6, 295, 52, -0.7311422824859619
0, 7, 388, 58, -0.3972178101539612
0, 8, 283, 63, -0.46715420484542847
0, 9, 354, 105, -0.6379249095916748
0, 10, 315, 109, -0.657193660736084
0, 11, 462, 216, -0.12813974916934967
0, 12, 232, 224, -0.4244738519191742
0, 13, 510, 398, 0.04796469584107399
0, 14, 206, 416, -0.37343135476112366
0, 15, 533, 558, -0.12333007156848907
0, 16, 251, 581, -0.5815460085868835
0, 17, 552, 607, -0.17829421162605286
0, 18, 255, 630, -0.6555344462394714
0, 19, 530, 612, -0.23557916283607483
0, 20, 277, 628, -0.7182573676109314
0, 21, 519, 593, -0.15751299262046814
0, 22, 279, 608, -0.6115982532501221
0, 23, 445, 545, 0.07193266600370407
0, 24, 294, 573, -0.06891811639070511
0, 25, 454, 831, 0.22417359054088593
0, 26, 309, 846, 0.09663701057434082
0, 27, 455, 1061, 0.8862594366073608
0, 28, 314, 1080, 0.5669017434120178
0, 29, 457, 1102, 0.9285308718681335
0, 30, 305, 1123, 0.5980992317199707
0, 31, 453, 1136, 0.5122411847114563
0, 32, 356, 1155, 0.09629888832569122
1, 0, 333, 76, -0.7489016056060791
1, 1, 351, 49, -0.7006430625915527
1, 2, 361, 49, -0.7005182504653931
1, 3, 371, 49, -0.7008330821990967
1, 4, 316, 50, -0.720785915851593
1, 5, 305, 51, -0.7205472588539124
1, 6, 295, 52, -0.7209412455558777
1, 7, 387, 61, -0.3790333867073059
1, 8, 283, 64, -0.45768293738365173
1, 9, 354, 105, -0.6240001916885376
1, 10, 315, 109, -0.6455028653144836
1, 11, 458, 216, -0.11830862611532211
1, 12, 232, 225, -0.40963608026504517
1, 13, 507, 394, 0.056028641760349274
1, 14, 206, 418, -0.3711923360824585
1, 15, 533, 549, -0.11500976234674454
1, 16, 251, 585, -0.5842143297195435
1, 17, 551, 596, -0.16686269640922546
1, 18, 255, 634, -0.6578648686408997
1, 19, 530, 600, -0.22569188475608826
1, 20, 277, 631, -0.7198817729949951
1, 21, 519, 582, -0.15024694800376892
1, 22, 279, 611, -0.6139833927154541
1, 23, 444, 546, 0.06603454053401947
1, 24, 294, 575, -0.06338005512952805
1, 25, 459, 834, 0.1566290259361267
1, 26, 316, 852, 0.042168281972408295
1, 27, 467, 1072, 0.7367135286331177
1, 28, 329, 1094, 0.4342384934425354
1, 29, 469, 1111, 0.7694819569587708
1, 30, 321, 1135, 0.4568309783935547
1, 31, 468, 1149, 0.3429120182991028
1, 32, 371, 1166, -0.06197769194841385
2, 0, 333, 76, -0.7521699666976929
2, 1, 351, 50, -0.7039016485214233
2, 2, 361, 50, -0.7038167715072632
2, 3, 371, 50, -0.7041529417037964
2, 4, 317, 50, -0.724585771560669
2, 5, 305, 51, -0.7243674397468567
2, 6, 295, 52, -0.7247987985610962
2, 7, 387, 62, -0.3796183466911316
2, 8, 283, 64, -0.4599228501319885
2, 9, 354, 106, -0.62594074010849
2, 10, 314, 109, -0.6480730772018433
2, 11, 457, 216, -0.119060218334198
2, 12, 231, 225, -0.41064897179603577
2, 13, 507, 395, 0.043346598744392395
2, 14, 206, 422, -0.3768644630908966
2, 15, 530, 550, -0.14047203958034515
2, 16, 255, 590, -0.5912773609161377
2, 17, 551, 596, -0.1963454782962799
2, 18, 260, 639, -0.6648743748664856
2, 19, 530, 600, -0.25317198038101196
2, 20, 282, 635, -0.7258716821670532
2, 21, 519, 582, -0.1762506514787674
2, 22, 283, 615, -0.6205682158470154
2, 23, 445, 551, 0.06558255851268768
2, 24, 295, 578, -0.0629744678735733
2, 25, 460, 842, 0.1569691002368927
2, 26, 318, 860, 0.03771847113966942
2, 27, 470, 1083, 0.7457131743431091
2, 28, 332, 1107, 0.4346548616886139
2, 29, 471, 1122, 0.7797544598579407
2, 30, 323, 1149, 0.45737266540527344
2, 31, 471, 1160, 0.3531426787376404
2, 32, 375, 1178, -0.061186112463474274
3, 0, 333, 78, -0.7679881453514099
3, 1, 351, 51, -0.7182298898696899
3, 2, 361, 51, -0.718178391456604
3, 3, 371, 51, -0.7184295654296875
3, 4, 316, 51, -0.7383962869644165
3, 5, 305, 51, -0.7381793856620789
3, 6, 295, 52, -0.7386399507522583
3, 7, 386, 63, -0.3844032287597656
3, 8, 283, 64, -0.46457260847091675
3, 9, 353, 107, -0.6387322545051575
3, 10, 314, 110, -0.6604318618774414
3, 11, 457, 217, -0.12079719454050064
3, 12, 229, 226, -0.411516010761261
3, 13, 505, 398, 0.034076109528541565
3, 14, 202, 424, -0.38111159205436707
3, 15, 522, 557, -0.15477998554706573
3, 16, 252, 590, -0.601439356803894
3, 17, 538, 605, -0.21283110976219177
3, 18, 258, 639, -0.6757813692092896
3, 19, 520, 608, -0.269874632358551
3, 20, 279, 633, -0.7347146272659302
3, 21, 509, 589, -0.19113534688949585
3, 22, 280, 613, -0.6301497220993042
3, 23, 445, 567, 0.06562585383653641
3, 24, 293, 582, -0.06303097307682037
3, 25, 458, 848, 0.14198455214500427
3, 26, 314, 865, 0.013295051641762257
3, 27, 465, 1090, 0.7165172696113586
3, 28, 326, 1114, 0.3921067714691162
3, 29, 466, 1128, 0.7475136518478394
3, 30, 316, 1157, 0.412442684173584
3, 31, 467, 1168, 0.3124622702598572
3, 32, 369, 1184, -0.11454103142023087
4, 0, 332, 78, -0.7721552848815918
4, 1, 350, 51, -0.7220726609230042
4, 2, 360, 52, -0.7220100164413452
4, 3, 370, 52, -0.7222610712051392
4, 4, 316, 51, -0.7400699853897095
4, 5, 305, 52, -0.7397943735122681
4, 6, 295, 52, -0.7402443885803223
4, 7, 386, 64, -0.38471612334251404
4, 8, 283, 65, -0.4591991901397705
4, 9, 353, 107, -0.64178866147995
4, 10, 313, 110, -0.661217451095581
4, 11, 457, 218, -0.12785562872886658
4, 12, 228, 226, -0.3778403699398041
4, 13, 504, 400, -0.005115067586302757
4, 14, 190, 424, -0.3416951894760132
4, 15, 518, 558, -0.23516635596752167
4, 16, 224, 573, -0.5929848551750183
4, 17, 532, 605, -0.3066553771495819
4, 18, 229, 619, -0.6733666062355042
4, 19, 512, 608, -0.36378639936447144
4, 20, 249, 610, -0.7335986495018005
4, 21, 503, 589, -0.2729383111000061
4, 22, 250, 593, -0.6244195699691772
4, 23, 443, 575, 0.055648017674684525
4, 24, 287, 583, -0.052550554275512695
4, 25, 448, 854, 0.10405845940113068
4, 26, 299, 867, 0.009147804230451584
4, 27, 450, 1097, 0.6754735708236694
4, 28, 302, 1118, 0.3808160126209259
4, 29, 452, 1135, 0.7051209211349487
4, 30, 294, 1161, 0.3996555209159851
4, 31, 439, 1176, 0.2477775365114212
4, 32, 336, 1191, -0.14104929566383362
5, 0, 332, 79, -0.7993553280830383
5, 1, 350, 52, -0.7456729412078857
5, 2, 359, 53, -0.7456096410751343
5, 3, 369, 53, -0.7458623647689819
5, 4, 316, 52, -0.7627404928207397
5, 5, 305, 52, -0.7624335885047913
5, 6, 295, 53, -0.7628524303436279
5, 7, 385, 65, -0.3999824821949005
5, 8, 283, 66, -0.4674138128757477
5, 9, 352, 108, -0.6681984663009644
5, 10, 313, 111, -0.6857377290725708
5, 11, 457, 219, -0.1584615558385849
5, 12, 226, 228, -0.3833242654800415
5, 13, 504, 404, -0.06561557203531265
5, 14, 183, 427, -0.35039305686950684
5, 15, 519, 560, -0.3385770618915558
5, 16, 216, 570, -0.6387850046157837
5, 17, 533, 607, -0.4225085377693176
5, 18, 221, 615, -0.727961003780365
5, 19, 513, 609, -0.4836804270744324
5, 20, 241, 607, -0.7966622710227966
5, 21, 503, 590, -0.37975749373435974
5, 22, 242, 589, -0.6750617623329163
5, 23, 443, 579, 0.05192026495933533
5, 24, 284, 586, -0.048685528337955475
5, 25, 446, 859, 0.12711390852928162
5, 26, 294, 872, 0.015325270593166351
5, 27, 446, 1103, 0.7246841192245483
5, 28, 299, 1123, 0.4081563949584961
5, 29, 449, 1142, 0.7585736513137817
5, 30, 291, 1165, 0.4317334294319153
5, 31, 436, 1183, 0.3113391697406769
5, 32, 336, 1197, -0.08533212542533875
6, 0, 331, 79, -0.7957339286804199
6, 1, 349, 53, -0.7439363598823547
6, 2, 358, 53, -0.7438250780105591
6, 3, 368, 54, -0.744096040725708
6, 4, 315, 53, -0.7601994276046753
6, 5, 304, 53, -0.7598882913589478
6, 6, 295, 54, -0.7602812051773071
6, 7, 384, 66, -0.4086541533470154
6, 8, 283, 67, -0.46826496720314026
6, 9, 352, 108, -0.6683195233345032
6, 10, 312, 111, -0.6842981576919556
6, 11, 457, 221, -0.18594154715538025
6, 12, 223, 228, -0.39228472113609314
6, 13, 504, 406, -0.09648390859365463
6, 14, 175, 428, -0.38113340735435486
6, 15, 525, 562, -0.3466581106185913
6, 16, 185, 574, -0.6595779657363892
6, 17, 545, 608, -0.4285052418708801
6, 18, 179, 618, -0.7441999912261963
6, 19, 523, 610, -0.48762527108192444
6, 20, 200, 612, -0.824952244758606
6, 21, 511, 592, -0.3869330883026123
6, 22, 207, 597, -0.7020651698112488
6, 23, 440, 581, 0.052587252110242844
6, 24, 278, 588, -0.049367714673280716
6, 25, 441, 863, 0.17039434611797333
6, 26, 286, 876, 0.06546008586883545
6, 27, 441, 1110, 0.7923696637153625
6, 28, 290, 1130, 0.49125972390174866
6, 29, 443, 1150, 0.8302698135375977
6, 30, 282, 1174, 0.5188795328140259
6, 31, 434, 1188, 0.39110061526298523
6, 32, 331, 1205, -0.019148049876093864
7, 0, 330, 80, -0.7624724507331848
7, 1, 348, 53, -0.7129288911819458
7, 2, 357, 54, -0.71272873878479
7, 3, 367, 54, -0.7131093740463257
7, 4, 314, 54, -0.7236286401748657
7, 5, 304, 54, -0.7231234312057495
7, 6, 294, 55, -0.7234675884246826
7, 7, 383, 67, -0.3944617807865143
7, 8, 283, 69, -0.4342274069786072
7, 9, 351, 108, -0.6435295343399048
7, 10, 311, 112, -0.6529207229614258
7, 11, 457, 224, -0.18352815508842468
7, 12, 220, 228, -0.38627010583877563
7, 13, 504, 411, -0.11781863868236542
7, 14, 167, 428, -0.38032567501068115
7, 15, 534, 574, -0.3405205011367798
7, 16, 151, 582, -0.6460071802139282
7, 17, 557, 619, -0.411729097366333
7, 18, 136, 627, -0.727983832359314
7, 19, 533, 623, -0.4671308398246765
7, 20, 162, 628, -0.8020426630973816
7, 21, 520, 605, -0.37851566076278687
7, 22, 173, 612, -0.6847178339958191
7, 23, 434, 584, 0.04422213137149811
7, 24, 269, 588, -0.040890686213970184
7, 25, 424, 866, 0.1388457864522934
7, 26, 266, 876, 0.05144067481160164
7, 27, 419, 1112, 0.7037409543991089
7, 28, 267, 1128, 0.4272785186767578
7, 29, 421, 1153, 0.7343042492866516
7, 30, 261, 1170, 0.44819021224975586
7, 31, 406, 1191, 0.2908685803413391
7, 32, 301, 1203, -0.08336035907268524
8, 0, 328, 82, -0.8323984146118164
8, 1, 347, 54, -0.7795112133026123
8, 2, 356, 55, -0.7792894840240479
8, 3, 366, 55, -0.7796670198440552
8, 4, 312, 55, -0.7871142625808716
8, 5, 302, 56, -0.7864874005317688
8, 6, 292, 57, -0.7868049740791321
8, 7, 383, 67, -0.44376665353775024
8, 8, 283, 71, -0.4683294892311096
8, 9, 350, 109, -0.7076965570449829
8, 10, 309, 113, -0.7139889597892761
8, 11, 457, 227, -0.24195997416973114
8, 12, 217, 228, -0.3918035626411438
8, 13, 505, 414, -0.1785164475440979
8, 14, 159, 428, -0.3828462064266205
8, 15, 542, 584, -0.41186341643333435
8, 16, 132, 583, -0.6646286845207214
8, 17, 566, 630, -0.4877766966819763
8, 18, 115, 628, -0.7520023584365845
8, 19, 540, 636, -0.5437299013137817
8, 20, 142, 631, -0.8335663676261902
8, 21, 526, 617, -0.45085906982421875
8, 22, 152, 615, -0.7094178795814514
8, 23, 428, 586, 0.020027579739689827
8, 24, 258, 588, -0.016119573265314102
8, 25, 415, 868, 0.1283087134361267
8, 26, 252, 876, 0.06606417894363403
8, 27, 408, 1115, 0.7277002334594727
8, 28, 252, 1126, 0.4859558045864105
8, 29, 412, 1157, 0.7608753442764282
8, 30, 248, 1169, 0.5109291672706604
8, 31, 387, 1196, 0.2999635338783264
8, 32, 280, 1204, -0.06791006028652191
9, 0, 327, 84, -0.8857610821723938
9, 1, 345, 56, -0.8358880281448364
9, 2, 355, 56, -0.8357148170471191
9, 3, 364, 56, -0.836054801940918
9, 4, 310, 58, -0.8428195714950562
9, 5, 301, 59, -0.8423460721969604
9, 6, 291, 60, -0.8426840901374817
9, 7, 381, 68, -0.502284824848175
9, 8, 282, 73, -0.5239342451095581
9, 9, 350, 110, -0.7605337500572205
9, 10, 308, 114, -0.7660826444625854
9, 11, 457, 229, -0.30378440022468567
9, 12, 214, 229, -0.4119516909122467
9, 13, 506, 419, -0.2404268980026245
9, 14, 149, 431, -0.38363927602767944
9, 15, 543, 588, -0.47649818658828735
9, 16, 122, 587, -0.6629928350448608
9, 17, 566, 634, -0.555379331111908
9, 18, 107, 634, -0.7472305297851562
9, 19, 540, 639, -0.613665759563446
9, 20, 134, 637, -0.8291170001029968
9, 21, 527, 620, -0.5152539014816284
9, 22, 144, 620, -0.7078511714935303
9, 23, 423, 590, 0.0007437103777192533
9, 24, 250, 591, 0.003187312977388501
9, 25, 411, 873, 0.11643625795841217
9, 26, 245, 880, 0.09125818312168121
9, 27, 406, 1122, 0.7385076284408569
9, 28, 247, 1130, 0.5359016060829163
9, 29, 410, 1163, 0.772781252861023
9, 30, 245, 1172, 0.5646120309829712
9, 31, 381, 1207, 0.3140079379081726
9, 32, 268, 1212, 0.0012466257903724909
10, 0, 326, 86, -0.8833125233650208
10, 1, 345, 57, -0.829073429107666
10, 2, 355, 57, -0.8289883732795715
10, 3, 364, 57, -0.8292296528816223
10, 4, 309, 60, -0.8256918787956238
10, 5, 299, 61, -0.8253711462020874
10, 6, 289, 63, -0.8256491422653198
10, 7, 380, 69, -0.48252296447753906
10, 8, 281, 75, -0.4866393506526947
10, 9, 349, 112, -0.7448670268058777
10, 10, 307, 116, -0.7523905038833618
10, 11, 457, 233, -0.26482102274894714
10, 12, 211, 231, -0.37900882959365845
10, 13, 506, 419, -0.2058590203523636
10, 14, 141, 436, -0.3473578691482544
10, 15, 549, 587, -0.47105684876441956
10, 16, 124, 594, -0.6305352449417114
10, 17, 573, 632, -0.5529434680938721
10, 18, 112, 641, -0.7075830698013306
10, 19, 548, 637, -0.610885739326477
10, 20, 138, 642, -0.7897865176200867
10, 21, 534, 618, -0.5105957388877869
10, 22, 147, 626, -0.6760230660438538
10, 23, 423, 595, -0.00134089938364923
10, 24, 250, 597, 0.005133288912475109
10, 25, 415, 879, 0.09431330114603043
10, 26, 252, 887, 0.09401863068342209
10, 27, 412, 1132, 0.7240947484970093
10, 28, 254, 1141, 0.5301353931427002
10, 29, 416, 1174, 0.7609744668006897
10, 30, 251, 1184, 0.5583411455154419
10, 31, 390, 1217, 0.3057246506214142
10, 32, 279, 1224, 0.007842310704290867
11, 0, 324, 87, -0.9873806238174438
11, 1, 343, 59, -0.934126079082489
11, 2, 354, 59, -0.9339402318000793
11, 3, 362, 59, -0.9342816472053528
11, 4, 308, 61, -0.9378702044487
11, 5, 298, 62, -0.9375038146972656
11, 6, 288, 64, -0.9378347396850586
11, 7, 378, 70, -0.5752835273742676
11, 8, 281, 77, -0.5854423642158508
11, 9, 348, 112, -0.8522416949272156
11, 10, 305, 117, -0.8549783825874329
11, 11, 457, 235, -0.3581598401069641
11, 12, 208, 233, -0.42386579513549805
11, 13, 506, 421, -0.2811037600040436
11, 14, 136, 439, -0.3591201901435852
11, 15, 548, 589, -0.5674542188644409
11, 16, 116, 597, -0.6703363656997681
11, 17, 571, 635, -0.6562582850456238
11, 18, 105, 645, -0.7547491788864136
11, 19, 546, 638, -0.7204381227493286
11, 20, 131, 646, -0.8430863618850708
11, 21, 533, 619, -0.6088520288467407
11, 22, 139, 629, -0.7176129817962646
11, 23, 420, 599, -0.022328205406665802
11, 24, 244, 601, 0.026305293664336205
11, 25, 413, 885, 0.09837542474269867
11, 26, 244, 893, 0.14536064863204956
11, 27, 409, 1138, 0.7864001989364624
11, 28, 246, 1148, 0.6458052396774292
11, 29, 414, 1181, 0.8310195207595825
11, 30, 243, 1191, 0.6803326606750488
11, 31, 384, 1226, 0.3282453417778015
11, 32, 269, 1233, 0.09829594194889069
12, 0, 322, 88, -1.0133640766143799
12, 1, 342, 60, -0.9598913192749023
12, 2, 353, 60, -0.9596704244613647
12, 3, 360, 60, -0.960052490234375
12, 4, 306, 62, -0.9641644358634949
12, 5, 296, 64, -0.9637922048568726
12, 6, 286, 65, -0.9641134142875671
12, 7, 375, 72, -0.5993086099624634
12, 8, 279, 79, -0.6093970537185669
12, 9, 347, 113, -0.8785405158996582
12, 10, 302, 117, -0.8803450465202332
12, 11, 457, 237, -0.3852825462818146
12, 12, 205, 235, -0.4407498240470886
12, 13, 507, 424, -0.300886332988739
12, 14, 129, 439, -0.360912024974823
12, 15, 547, 593, -0.5925561189651489
12, 16, 106, 598, -0.6755293607711792
12, 17, 567, 645, -0.682197093963623
12, 18, 94, 646, -0.7606014013290405
12, 19, 545, 646, -0.7511031627655029
12, 20, 121, 648, -0.8490225672721863
12, 21, 532, 626, -0.6353203058242798
12, 22, 128, 630, -0.7223005890846252
12, 23, 417, 604, -0.03030717931687832
12, 24, 239, 606, 0.03437086194753647
12, 25, 410, 891, 0.10104948282241821
12, 26, 239, 898, 0.16440513730049133
12, 27, 406, 1144, 0.8112059831619263
12, 28, 240, 1153, 0.6786190271377563
12, 29, 411, 1188, 0.8567768335342407
12, 30, 237, 1198, 0.7138730883598328
12, 31, 379, 1232, 0.34698063135147095
12, 32, 263, 1238, 0.1305875927209854
13, 0, 320, 89, -1.1474370956420898
13, 1, 339, 62, -1.0929781198501587
13, 2, 350, 62, -1.092811942100525
13, 3, 358, 62, -1.0930906534194946
13, 4, 304, 64, -1.0998942852020264
13, 5, 293, 65, -1.0995643138885498
13, 6, 284, 67, -1.0999237298965454
13, 7, 372, 75, -0.7065937519073486
13, 8, 278, 81, -0.7293176054954529
13, 9, 344, 114, -1.0016822814941406
13, 10, 299, 118, -1.0072965621948242
13, 11, 455, 237, -0.45492154359817505
13, 12, 202, 236, -0.5281354784965515
13, 13, 507, 424, -0.36033719778060913
13, 14, 123, 440, -0.4554234445095062
13, 15, 547, 591, -0.6910198330879211
13, 16, 104, 597, -0.7995725870132446
13, 17, 570, 643, -0.7921413779258728
13, 18, 95, 645, -0.8958145976066589
13, 19, 547, 644, -0.8672807812690735
13, 20, 122, 647, -0.9889019727706909
13, 21, 533, 624, -0.7377411723136902
13, 22, 128, 630, -0.8488006591796875
13, 23, 416, 603, -0.03139828145503998
13, 24, 237, 607, 0.03554947301745415
13, 25, 410, 889, 0.1352243423461914
13, 26, 236, 899, 0.2225816547870636
13, 27, 408, 1143, 0.9132774472236633
13, 28, 240, 1153, 0.8089391589164734
13, 29, 413, 1186, 0.9632091522216797
13, 30, 238, 1198, 0.8517062067985535
13, 31, 382, 1230, 0.44166430830955505
13, 32, 266, 1237, 0.24933132529258728
14, 0, 319, 90, -1.1457087993621826
14, 1, 337, 64, -1.092535376548767
14, 2, 348, 64, -1.0923548936843872
14, 3, 356, 65, -1.0926276445388794
14, 4, 302, 66, -1.0984512567520142
14, 5, 292, 67, -1.0980937480926514
14, 6, 283, 69, -1.0984375476837158
14, 7, 369, 77, -0.7082449793815613
14, 8, 277, 83, -0.7263780832290649
14, 9, 343, 115, -1.0011287927627563
14, 10, 298, 119, -1.0049806833267212
14, 11, 454, 238, -0.4487968981266022
14, 12, 199, 237, -0.5163640379905701
14, 13, 507, 423, -0.35145068168640137
14, 14, 117, 438, -0.44041696190834045
14, 15, 547, 591, -0.7051746249198914
14, 16, 98, 590, -0.7795134782791138
14, 17, 560, 641, -0.8079954385757446
14, 18, 89, 639, -0.8729321360588074
14, 19, 547, 644, -0.8913094401359558
14, 20, 116, 641, -0.966691792011261
14, 21, 533, 624, -0.7553635239601135
14, 22, 122, 623, -0.8278622627258301
14, 23, 409, 603, -0.03434612601995468
14, 24, 229, 606, 0.038539446890354156
14, 25, 400, 890, 0.09749618917703629
14, 26, 225, 897, 0.1895247846841812
14, 27, 394, 1144, 0.8327779769897461
14, 28, 225, 1152, 0.7060986757278442
14, 29, 399, 1188, 0.8736637234687805
14, 30, 222, 1196, 0.7424372434616089
14, 31, 366, 1230, 0.31781694293022156
14, 32, 249, 1235, 0.1652594953775406
15, 0, 315, 91, -1.166286826133728
15, 1, 332, 65, -1.1128510236740112
15, 2, 344, 65, -1.112734317779541
15, 3, 352, 66, -1.1129770278930664
15, 4, 299, 67, -1.1171977519989014
15, 5, 288, 68, -1.1169713735580444
15, 6, 281, 70, -1.1173999309539795
15, 7, 365, 78, -0.7221403121948242
15, 8, 274, 84, -0.7338679432868958
15, 9, 339, 116, -1.0186069011688232
15, 10, 294, 119, -1.0204905271530151
15, 11, 451, 239, -0.4462745189666748
15, 12, 196, 238, -0.506282389163971
15, 13, 505, 423, -0.34288400411605835
15, 14, 109, 438, -0.43120747804641724
15, 15, 539, 588, -0.7102119326591492
15, 16, 97, 586, -0.775775671005249
15, 17, 547, 639, -0.8143289685249329
15, 18, 91, 637, -0.8705071210861206
15, 19, 542, 636, -0.9016315340995789
15, 20, 119, 637, -0.96300208568573
15, 21, 528, 618, -0.76120924949646
15, 22, 123, 619, -0.8232014775276184
15, 23, 402, 603, -0.0350177101790905
15, 24, 224, 605, 0.03910266235470772
15, 25, 390, 891, 0.08348868787288666
15, 26, 216, 896, 0.18616816401481628
15, 27, 380, 1147, 0.8045523762702942
15, 28, 213, 1153, 0.6726914048194885
15, 29, 384, 1190, 0.8440297842025757
15, 30, 210, 1197, 0.7081083655357361
15, 31, 353, 1232, 0.2923765778541565
15, 32, 234, 1237, 0.09521518647670746
16, 0, 312, 91, -1.1888813972473145
16, 1, 329, 65, -1.1322987079620361
16, 2, 341, 65, -1.1322451829910278
16, 3, 350, 66, -1.1324936151504517
16, 4, 296, 67, -1.1372016668319702
16, 5, 286, 68, -1.137001872062683
16, 6, 279, 70, -1.1374784708023071
16, 7, 362, 79, -0.7334249019622803
16, 8, 272, 84, -0.7474868893623352
16, 9, 336, 116, -1.039441466331482
16, 10, 292, 119, -1.0420291423797607
16, 11, 448, 238, -0.45738792419433594
16, 12, 194, 239, -0.5101391673088074
16, 13, 503, 423, -0.34456104040145874
16, 14, 102, 436, -0.43133148550987244
16, 15, 531, 585, -0.7093748450279236
16, 16, 95, 585, -0.7885725498199463
16, 17, 537, 639, -0.8146546483039856
16, 18, 90, 637, -0.8860815763473511
16, 19, 536, 630, -0.9045677185058594
16, 20, 118, 636, -0.9816077351570129
16, 21, 521, 613, -0.7609667181968689
16, 22, 122, 618, -0.8371990323066711
16, 23, 399, 602, -0.03835979849100113
16, 24, 221, 604, 0.042252350598573685
16, 25, 382, 890, 0.09049565345048904
16, 26, 207, 896, 0.1719268262386322
16, 27, 369, 1145, 0.823212742805481
16, 28, 201, 1151, 0.6909793615341187
16, 29, 372, 1188, 0.8645704984664917
16, 30, 199, 1196, 0.726008951663971
16, 31, 342, 1229, 0.3055625259876251
16, 32, 222, 1235, 0.10484939813613892
17, 0, 310, 91, -1.1956002712249756
17, 1, 327, 65, -1.1384899616241455
17, 2, 338, 66, -1.1384518146514893
17, 3, 348, 66, -1.1386730670928955
17, 4, 294, 67, -1.1441110372543335
17, 5, 283, 68, -1.143890619277954
17, 6, 277, 70, -1.1443904638290405
17, 7, 359, 79, -0.737668514251709
17, 8, 269, 84, -0.7553492188453674
17, 9, 332, 116, -1.0454884767532349
17, 10, 289, 119, -1.049285650253296
17, 11, 446, 239, -0.4563116133213043
17, 12, 190, 240, -0.5228286981582642
17, 13, 502, 423, -0.3515133261680603
17, 14, 98, 435, -0.4525230824947357
17, 15, 526, 586, -0.7278920412063599
17, 16, 94, 583, -0.8261235952377319
17, 17, 532, 641, -0.8360071182250977
17, 18, 89, 636, -0.9286786317825317
17, 19, 530, 632, -0.9252898097038269
17, 20, 117, 635, -1.0249385833740234
17, 21, 515, 614, -0.779512345790863
17, 22, 122, 617, -0.8754376173019409
17, 23, 395, 603, -0.03699128329753876
17, 24, 217, 603, 0.040854472666978836
17, 25, 377, 892, 0.09265785664319992
17, 26, 203, 895, 0.1646203249692917
17, 27, 365, 1146, 0.8218792676925659
17, 28, 198, 1150, 0.6759833693504333
17, 29, 367, 1188, 0.8627575039863586
17, 30, 196, 1195, 0.7100706100463867
17, 31, 338, 1229, 0.31061238050460815
17, 32, 218, 1233, 0.09782908856868744
18, 0, 308, 91, -1.2333261966705322
18, 1, 324, 66, -1.171891450881958
18, 2, 335, 67, -1.172006368637085
18, 3, 345, 67, -1.1722146272659302
18, 4, 292, 68, -1.1821224689483643
18, 5, 281, 69, -1.1820192337036133
18, 6, 275, 71, -1.182571530342102
18, 7, 355, 80, -0.7454739809036255
18, 8, 266, 85, -0.7841252684593201
18, 9, 329, 117, -1.0731056928634644
18, 10, 287, 119, -1.083193063735962
18, 11, 440, 239, -0.4479614794254303
18, 12, 185, 242, -0.5308109521865845
18, 13, 498, 420, -0.34572696685791016
18, 14, 91, 435, -0.4658549726009369
18, 15, 519, 575, -0.776951014995575
18, 16, 100, 578, -0.8680658340454102
18, 17, 528, 628, -0.8990087509155273
18, 18, 91, 632, -0.980785071849823
18, 19, 525, 615, -0.9930552244186401
18, 20, 119, 626, -1.074455976486206
18, 21, 510, 600, -0.832168698310852
18, 22, 127, 608, -0.9159015417098999
18, 23, 395, 602, -0.038109421730041504
18, 24, 218, 603, 0.041796982288360596
18, 25, 379, 891, 0.10960499942302704
18, 26, 205, 895, 0.1679041087627411
18, 27, 369, 1144, 0.8689691424369812
18, 28, 204, 1150, 0.721817672252655
18, 29, 372, 1187, 0.9110342264175415
18, 30, 202, 1191, 0.7596808671951294
18, 31, 345, 1228, 0.34356069564819336
18, 32, 226, 1233, 0.1289774477481842
19, 0, 306, 91, -1.2157909870147705
19, 1, 322, 66, -1.1512272357940674
19, 2, 332, 67, -1.1514289379119873
19, 3, 342, 67, -1.1515851020812988
19, 4, 289, 68, -1.1600563526153564
19, 5, 279, 69, -1.159902811050415
19, 6, 273, 71, -1.1604822874069214
19, 7, 351, 80, -0.7188188433647156
19, 8, 262, 85, -0.7516772747039795
19, 9, 327, 117, -1.0530797243118286
19, 10, 285, 119, -1.0614914894104004
19, 11, 435, 239, -0.4315697252750397
19, 12, 180, 242, -0.49823087453842163
19, 13, 494, 420, -0.36052578687667847
19, 14, 87, 434, -0.40927013754844666
19, 15, 499, 571, -0.8624366521835327
19, 16, 103, 562, -0.8325237035751343
19, 17, 514, 623, -0.9998385310173035
19, 18, 92, 615, -0.9471601247787476
19, 19, 500, 610, -1.0876246690750122
19, 20, 121, 604, -1.0418964624404907
19, 21, 487, 594, -0.9173406362533569
19, 22, 130, 586, -0.8813298940658569
19, 23, 389, 603, -0.049130626022815704
19, 24, 213, 603, 0.0530167818069458
19, 25, 374, 890, 0.07908008247613907
19, 26, 200, 894, 0.16310550272464752
19, 27, 364, 1143, 0.8320945501327515
19, 28, 199, 1149, 0.7000848054885864
19, 29, 367, 1186, 0.8701580762863159
19, 30, 198, 1189, 0.7355445027351379
19, 31, 338, 1227, 0.2796308398246765
19, 32, 220, 1231, 0.12843860685825348
20, 0, 304, 92, -1.1887269020080566
20, 1, 319, 67, -1.1264454126358032
20, 2, 329, 67, -1.1265900135040283
20, 3, 338, 68, -1.1266963481903076
20, 4, 287, 68, -1.1355805397033691
20, 5, 277, 70, -1.135438084602356
20, 6, 271, 71, -1.1360132694244385
20, 7, 348, 81, -0.7024634480476379
20, 8, 259, 86, -0.7339816093444824
20, 9, 324, 117, -1.028598666191101
20, 10, 283, 119, -1.0369027853012085
20, 11, 433, 240, -0.42340558767318726
20, 12, 175, 243, -0.46213299036026
20, 13, 490, 420, -0.3590078055858612
20, 14, 84, 433, -0.34699302911758423
20, 15, 486, 552, -0.8773132562637329
20, 16, 103, 547, -0.8088753819465637
20, 17, 502, 604, -1.0139811038970947
20, 18, 108, 597, -0.9316118359565735
20, 19, 484, 594, -1.0948982238769531
20, 20, 132, 581, -1.0389959812164307
20, 21, 473, 578, -0.9294296503067017
20, 22, 133, 564, -0.8533923029899597
20, 23, 388, 603, -0.05501360818743706
20, 24, 211, 604, 0.05896557494997978
20, 25, 375, 890, 0.07161213457584381
20, 26, 199, 894, 0.16013780236244202
20, 27, 366, 1143, 0.8217946887016296
20, 28, 200, 1149, 0.6906759142875671
20, 29, 369, 1186, 0.8601995706558228
20, 30, 199, 1187, 0.7255093455314636
20, 31, 340, 1226, 0.27400320768356323
20, 32, 221, 1231, 0.12472119182348251
21, 0, 301, 96, -1.2317402362823486
21, 1, 316, 71, -1.1679342985153198
21, 2, 325, 71, -1.1681349277496338
21, 3, 335, 71, -1.1681764125823975
21, 4, 284, 73, -1.1791446208953857
21, 5, 274, 73, -1.179074764251709
21, 6, 268, 74, -1.1797173023223877
21, 7, 344, 83, -0.7215524911880493
21, 8, 255, 88, -0.7640064358711243
21, 9, 321, 121, -1.0627392530441284
21, 10, 280, 123, -1.0745093822479248
21, 11, 429, 240, -0.4212215542793274
21, 12, 170, 245, -0.46397656202316284
21, 13, 485, 421, -0.358889639377594
21, 14, 83, 433, -0.3561584949493408
21, 15, 479, 553, -0.8967879414558411
21, 16, 109, 537, -0.814522922039032
21, 17, 491, 599, -1.037688970565796
21, 18, 124, 585, -0.9417998194694519
21, 19, 475, 588, -1.1255395412445068
21, 20, 143, 565, -1.0321581363677979
21, 21, 465, 572, -0.9521656036376953
21, 22, 141, 548, -0.8594862222671509
21, 23, 387, 604, -0.05353295058012009
21, 24, 210, 605, 0.05738822743296623
21, 25, 374, 890, 0.07223169505596161
21, 26, 196, 893, 0.12168397009372711
21, 27, 365, 1142, 0.8054758906364441
21, 28, 199, 1146, 0.6549605131149292
21, 29, 368, 1183, 0.8410345315933228
21, 30, 198, 1182, 0.6882092952728271
21, 31, 340, 1225, 0.24457606673240662
21, 32, 221, 1228, 0.03760821744799614
22, 0, 298, 97, -1.2602800130844116
22, 1, 312, 73, -1.1940505504608154
22, 2, 322, 72, -1.1942782402038574
22, 3, 330, 73, -1.1941781044006348
22, 4, 281, 74, -1.2042319774627686
22, 5, 271, 75, -1.2042365074157715
22, 6, 265, 76, -1.2049872875213623
22, 7, 339, 85, -0.729763388633728
22, 8, 250, 89, -0.7679966688156128
22, 9, 317, 123, -1.084172010421753
22, 10, 277, 125, -1.0951521396636963
22, 11, 425, 241, -0.421272337436676
22, 12, 166, 246, -0.43831437826156616
22, 13, 482, 422, -0.4062347412109375
22, 14, 81, 433, -0.3572162985801697
22, 15, 432, 525, -1.004328966140747
22, 16, 115, 512, -0.9016944766044617
22, 17, 415, 570, -1.155527114868164
22, 18, 156, 550, -1.047096610069275
22, 19, 399, 549, -1.2134219408035278
22, 20, 172, 519, -1.1113165616989136
22, 21, 398, 534, -1.044457197189331
22, 22, 164, 502, -0.9386793971061707
22, 23, 381, 605, -0.05410729721188545
22, 24, 204, 606, 0.05776050686836243
22, 25, 367, 886, 0.08999856561422348
22, 26, 190, 886, 0.10763969272375107
22, 27, 358, 1129, 0.8230932354927063
22, 28, 189, 1129, 0.6554307341575623
22, 29, 359, 1165, 0.8591958284378052
22, 30, 188, 1164, 0.6893295645713806
22, 31, 332, 1211, 0.26287978887557983
22, 32, 208, 1208, 0.04341250658035278
23, 0, 291, 100, -1.2246571779251099
23, 1, 306, 75, -1.161533236503601
23, 2, 316, 75, -1.161708116531372
23, 3, 325, 75, -1.16164231300354
23, 4, 275, 77, -1.16971755027771
23, 5, 266, 78, -1.1696417331695557
23, 6, 259, 78, -1.1702964305877686
23, 7, 335, 86, -0.7188988924026489
23, 8, 246, 92, -0.7402099370956421
23, 9, 311, 125, -1.0572869777679443
23, 10, 272, 127, -1.0671712160110474
23, 11, 423, 242, -0.42079806327819824
23, 12, 162, 247, -0.3750922381877899
23, 13, 476, 429, -0.4963997006416321
23, 14, 74, 432, -0.36050960421562195
23, 15, 415, 496, -1.1336790323257446
23, 16, 115, 485, -1.0391641855239868
23, 17, 392, 541, -1.2863166332244873
23, 18, 156, 522, -1.206362009048462
23, 19, 379, 516, -1.3369781970977783
23, 20, 167, 495, -1.2464721202850342
23, 21, 378, 484, -1.1708228588104248
23, 22, 162, 478, -1.0724599361419678
23, 23, 374, 607, -0.05180290341377258
23, 24, 198, 607, 0.055646903812885284
23, 25, 359, 884, 0.03262203559279442
23, 26, 186, 873, -0.20968106389045715
23, 27, 349, 1125, 0.622935950756073
23, 28, 180, 1121, 0.2187226116657257
23, 29, 350, 1160, 0.6459625959396362
23, 30, 179, 1159, 0.23868206143379211
23, 31, 320, 1207, 0.05688728019595146
23, 32, 198, 1195, -0.40709924697875977
24, 0, 287, 103, -1.0619540214538574
24, 1, 302, 77, -0.9964476823806763
24, 2, 312, 77, -0.9967169761657715
24, 3, 321, 77, -0.9964057803153992
24, 4, 271, 80, -1.0057823657989502
24, 5, 262, 81, -1.005737543106079
24, 6, 255, 81, -1.0065202713012695
24, 7, 332, 87, -0.5382001399993896
24, 8, 243, 94, -0.5781169533729553
24, 9, 306, 128, -0.8862830996513367
24, 10, 268, 130, -0.8989639282226562
24, 11, 418, 242, -0.2102958709001541
24, 12, 161, 247, -0.28422078490257263
24, 13, 477, 424, -0.4534028470516205
24, 14, 71, 432, -0.4272642731666565
24, 15, 428, 469, -1.1947816610336304
24, 16, 119, 474, -1.2268561124801636
24, 17, 412, 490, -1.3690916299819946
24, 18, 153, 507, -1.407726526260376
24, 19, 401, 460, -1.4161194562911987
24, 20, 172, 484, -1.4345953464508057
24, 21, 399, 449, -1.2351138591766357
24, 22, 166, 469, -1.2545119524002075
24, 23, 367, 605, -0.019954273477196693
24, 24, 193, 604, 0.02403372898697853
24, 25, 356, 871, 0.00883199367672205
24, 26, 183, 861, -0.20898909866809845
24, 27, 350, 1110, 0.5208889245986938
24, 28, 181, 1107, 0.14372669160366058
24, 29, 353, 1145, 0.5380423665046692
24, 30, 180, 1145, 0.15768499672412872
24, 31, 323, 1192, -0.019015297293663025
24, 32, 203, 1179, -0.4488239884376526
25, 0, 280, 109, -1.0038425922393799
25, 1, 296, 83, -0.9381545186042786
25, 2, 306, 82, -0.9385555982589722
25, 3, 315, 81, -0.9381313323974609
25, 4, 266, 85, -0.9511302709579468
25, 5, 258, 85, -0.9510787725448608
25, 6, 250, 85, -0.9518736600875854
25, 7, 327, 90, -0.47259730100631714
25, 8, 240, 99, -0.5266295671463013
25, 9, 300, 134, -0.8267198801040649
25, 10, 264, 135, -0.8433238863945007
25, 11, 413, 237, -0.14713487029075623
25, 12, 160, 247, -0.24128997325897217
25, 13, 477, 414, -0.3698258101940155
25, 14, 69, 431, -0.4363614022731781
25, 15, 419, 438, -1.202059030532837
25, 16, 136, 452, -1.2720613479614258
25, 17, 399, 445, -1.3923121690750122
25, 18, 163, 481, -1.4522933959960938
25, 19, 390, 423, -1.4312998056411743
25, 20, 182, 456, -1.4896364212036133
25, 21, 391, 418, -1.239568829536438
25, 22, 178, 444, -1.3024497032165527
25, 23, 370, 587, -0.004477855749428272
25, 24, 196, 590, 0.008366295136511326
25, 25, 360, 849, 0.02671487256884575
25, 26, 184, 844, -0.11195404827594757
25, 27, 356, 1088, 0.5867923498153687
25, 28, 184, 1088, 0.28770536184310913
25, 29, 358, 1122, 0.6073187589645386
25, 30, 181, 1125, 0.30793386697769165
25, 31, 333, 1169, 0.04835592955350876
25, 32, 212, 1159, -0.3027147650718689
26, 0, 279, 109, -1.0260839462280273
26, 1, 295, 83, -0.9692913889884949
26, 2, 305, 82, -0.9695083498954773
26, 3, 313, 81, -0.9691486358642578
26, 4, 264, 85, -0.9850251078605652
26, 5, 256, 85, -0.9849170446395874
26, 6, 248, 85, -0.9856060147285461
26, 7, 326, 90, -0.5317312479019165
26, 8, 237, 99, -0.5804508924484253
26, 9, 299, 134, -0.8592230081558228
26, 10, 262, 135, -0.8794363141059875
26, 11, 410, 231, -0.2054823935031891
26, 12, 160, 246, -0.2895720601081848
26, 13, 483, 408, -0.41281455755233765
26, 14, 65, 429, -0.609667181968689
26, 15, 428, 403, -1.2812060117721558
26, 16, 145, 414, -1.4114758968353271
26, 17, 402, 405, -1.4604825973510742
26, 18, 173, 428, -1.569990873336792
26, 19, 392, 383, -1.4655108451843262
26, 20, 190, 407, -1.5882359743118286
26, 21, 394, 379, -1.3026807308197021
26, 22, 186, 398, -1.4292678833007812
26, 23, 375, 569, 0.021700967103242874
26, 24, 198, 578, -0.018308546394109726
26, 25, 383, 830, 0.06304942816495895
26, 26, 207, 834, -0.07522663474082947
26, 27, 387, 1070, 0.6090880632400513
26, 28, 214, 1074, 0.30393314361572266
26, 29, 390, 1102, 0.6301990151405334
26, 30, 208, 1109, 0.3230612277984619
26, 31, 367, 1152, 0.0987711101770401
26, 32, 245, 1145, -0.25514933466911316
27, 0, 279, 110, -1.0486241579055786
27, 1, 294, 83, -0.9867216348648071
27, 2, 304, 83, -0.9869645833969116
27, 3, 313, 82, -0.9859575033187866
27, 4, 263, 85, -1.0163415670394897
27, 5, 254, 86, -1.0165315866470337
27, 6, 247, 86, -1.0171122550964355
27, 7, 325, 90, -0.5573278665542603
27, 8, 236, 99, -0.5951748490333557
27, 9, 299, 134, -0.8779209852218628
27, 10, 261, 136, -0.8910684585571289
27, 11, 407, 229, -0.20327706634998322
27, 12, 160, 244, -0.29987460374832153
27, 13, 493, 407, -0.5134525895118713
27, 14, 56, 427, -0.7218279242515564
27, 15, 424, 377, -1.484363317489624
27, 16, 158, 386, -1.6221740245819092
27, 17, 392, 376, -1.6735589504241943
27, 18, 191, 390, -1.7988803386688232
27, 19, 377, 352, -1.6585118770599365
27, 20, 204, 365, -1.7973960638046265
27, 21, 379, 349, -1.4981294870376587
27, 22, 200, 362, -1.633060097694397
27, 23, 377, 561, 0.029981886968016624
27, 24, 198, 570, -0.026834268122911453
27, 25, 390, 827, 0.05459202453494072
27, 26, 218, 827, -0.14552345871925354
27, 27, 396, 1068, 0.5313295722007751
27, 28, 229, 1069, 0.1797458529472351
27, 29, 399, 1101, 0.5438185334205627
27, 30, 224, 1104, 0.1924287974834442
27, 31, 376, 1149, -0.0057260640896856785
27, 32, 260, 1140, -0.4098992347717285
28, 0, 279, 110, -1.0648844242095947
28, 1, 294, 83, -1.0028743743896484
28, 2, 305, 82, -1.0030770301818848
28, 3, 314, 82, -1.0024561882019043
28, 4, 263, 85, -1.0244345664978027
28, 5, 254, 85, -1.0245450735092163
28, 6, 247, 86, -1.0251139402389526
28, 7, 325, 91, -0.5475021600723267
28, 8, 237, 98, -0.6052662134170532
28, 9, 298, 134, -0.8916230201721191
28, 10, 261, 135, -0.9078754186630249
28, 11, 404, 225, -0.1891396939754486
28, 12, 161, 240, -0.3143175542354584
28, 13, 503, 394, -0.5721225142478943
28, 14, 55, 424, -0.6931971311569214
28, 15, 411, 342, -1.5343670845031738
28, 16, 162, 366, -1.578583002090454
28, 17, 380, 342, -1.7198827266693115
28, 18, 198, 362, -1.7490190267562866
28, 19, 362, 319, -1.6825908422470093
28, 20, 210, 334, -1.7359901666641235
28, 21, 364, 318, -1.5386322736740112
28, 22, 206, 335, -1.583740472793579
28, 23, 377, 551, 0.022295711562037468
28, 24, 199, 559, -0.019127076491713524
28, 25, 389, 818, -0.002498587593436241
28, 26, 220, 813, -0.16874097287654877
28, 27, 392, 1058, 0.4278930127620697
28, 28, 229, 1056, 0.10637731850147247
28, 29, 395, 1089, 0.43659114837646484
28, 30, 224, 1091, 0.1146942749619484
28, 31, 371, 1137, -0.10360423475503922
28, 32, 257, 1128, -0.47784894704818726
29, 0, 278, 110, -1.0725171566009521
29, 1, 295, 83, -1.0110161304473877
29, 2, 305, 82, -1.0112143754959106
29, 3, 315, 81, -1.0107470750808716
29, 4, 263, 85, -1.0293879508972168
29, 5, 253, 85, -1.0294653177261353
29, 6, 246, 86, -1.03004789352417
29, 7, 326, 91, -0.5582225322723389
29, 8, 237, 98, -0.6117687821388245
29, 9, 299, 134, -0.9009381532669067
29, 10, 261, 135, -0.9168405532836914
29, 11, 405, 221, -0.21485945582389832
29, 12, 161, 239, -0.33014485239982605
29, 13, 516, 391, -0.7389229536056519
29, 14, 53, 423, -0.8234753608703613
29, 15, 403, 317, -1.6634514331817627
29, 16, 176, 347, -1.7122246026992798
29, 17, 366, 309, -1.8363450765609741
29, 18, 214, 328, -1.878192663192749
29, 19, 350, 288, -1.767775297164917
29, 20, 222, 303, -1.8285541534423828
29, 21, 354, 291, -1.652356505393982
29, 22, 218, 309, -1.703028917312622
29, 23, 380, 548, 0.019921589642763138
29, 24, 205, 557, -0.01619522087275982
29, 25, 393, 810, -0.030703673139214516
29, 26, 228, 809, -0.16086514294147491
29, 27, 399, 1049, 0.38417258858680725
29, 28, 237, 1052, 0.08624158799648285
29, 29, 402, 1081, 0.3941294252872467
29, 30, 233, 1088, 0.09171133488416672
29, 31, 377, 1130, -0.1300598680973053
29, 32, 263, 1125, -0.47338756918907166
30, 0, 279, 109, -0.9976155161857605
30, 1, 295, 83, -0.9341248273849487
30, 2, 306, 82, -0.9342039823532104
30, 3, 315, 81, -0.9336589574813843
30, 4, 264, 84, -0.9400509595870972
30, 5, 254, 85, -0.9399595260620117
30, 6, 247, 85, -0.9405518770217896
30, 7, 326, 91, -0.4881967604160309
30, 8, 238, 98, -0.5057627558708191
30, 9, 299, 134, -0.8300787806510925
30, 10, 261, 135, -0.837086021900177
30, 11, 406, 220, -0.20833909511566162
30, 12, 165, 238, -0.27587395906448364
30, 13, 520, 391, -0.7585674524307251
30, 14, 52, 421, -0.8411887288093567
30, 15, 390, 304, -1.6514078378677368
30, 16, 190, 332, -1.7503703832626343
30, 17, 348, 288, -1.8210089206695557
30, 18, 232, 305, -1.9204849004745483
30, 19, 338, 268, -1.7403570413589478
30, 20, 237, 281, -1.854505181312561
30, 21, 342, 273, -1.636496901512146
30, 22, 232, 289, -1.7376441955566406
30, 23, 382, 550, 0.004958697594702244
30, 24, 207, 557, -0.0013113438617438078
30, 25, 396, 810, -0.018253667280077934
30, 26, 231, 810, -0.046978678554296494
30, 27, 403, 1044, 0.4528002142906189
30, 28, 242, 1049, 0.2020174264907837
30, 29, 407, 1074, 0.4672218859195709
30, 30, 237, 1083, 0.20534932613372803
30, 31, 382, 1126, -0.07984558492898941
30, 32, 267, 1123, -0.32914459705352783
31, 0, 280, 109, -0.8479048609733582
31, 1, 296, 82, -0.7841641902923584
31, 2, 306, 81, -0.7842830419540405
31, 3, 316, 81, -0.7837702035903931
31, 4, 264, 84, -0.7864393591880798
31, 5, 254, 85, -0.7862485647201538
31, 6, 247, 85, -0.7868969440460205
31, 7, 328, 91, -0.3692324757575989
31, 8, 238, 98, -0.3717108368873596
31, 9, 299, 133, -0.6942402124404907
31, 10, 262, 135, -0.6972957849502563
31, 11, 406, 220, -0.15247762203216553
31, 12, 170, 238, -0.18163348734378815
31, 13, 523, 390, -0.7298034429550171
31, 14, 53, 415, -0.774604320526123
31, 15, 389, 289, -1.5568938255310059
31, 16, 196, 320, -1.6427284479141235
31, 17, 347, 275, -1.7174122333526611
31, 18, 236, 292, -1.8059133291244507
31, 19, 335, 254, -1.629714012145996
31, 20, 241, 269, -1.7328850030899048
31, 21, 339, 258, -1.5374271869659424
31, 22, 236, 278, -1.6272046566009521
31, 23, 385, 548, -0.010043192654848099
31, 24, 209, 554, 0.013703581877052784
31, 25, 397, 807, -0.022620629519224167
31, 26, 231, 807, 0.020159119740128517
31, 27, 403, 1039, 0.42678770422935486
31, 28, 240, 1042, 0.2831559181213379
31, 29, 408, 1069, 0.4393700659275055
31, 30, 235, 1076, 0.29011741280555725
31, 31, 381, 1122, -0.10195978730916977
31, 32, 266, 1119, -0.23991720378398895
32, 0, 283, 109, -0.7566415071487427
32, 1, 299, 82, -0.6888550519943237
32, 2, 308, 81, -0.6889296174049377
32, 3, 316, 80, -0.688393235206604
32, 4, 268, 84, -0.6917737722396851
32, 5, 258, 85, -0.6915282011032104
32, 6, 250, 85, -0.6922661662101746
32, 7, 331, 91, -0.2785837650299072
32, 8, 240, 98, -0.27937161922454834
32, 9, 303, 133, -0.6070811152458191
32, 10, 267, 134, -0.609420895576477
32, 11, 409, 220, -0.10190267860889435
32, 12, 176, 238, -0.14159640669822693
32, 13, 524, 388, -0.7367135882377625
32, 14, 53, 408, -0.7458012700080872
32, 15, 379, 265, -1.5523240566253662
32, 16, 200, 308, -1.545499563217163
32, 17, 334, 250, -1.711653470993042
32, 18, 239, 280, -1.703441858291626
32, 19, 322, 236, -1.6067264080047607
32, 20, 246, 260, -1.7159507274627686
32, 21, 329, 241, -1.5287209749221802
32, 22, 240, 268, -1.5358691215515137
32, 23, 390, 548, -0.013886039145290852
32, 24, 210, 553, 0.017547056078910828
32, 25, 400, 808, 0.03550415486097336
32, 26, 230, 806, 0.030709827318787575
32, 27, 406, 1039, 0.5219775438308716
32, 28, 239, 1039, 0.36245864629745483
32, 29, 412, 1069, 0.5385431051254272
32, 30, 234, 1072, 0.3803921341896057
32, 31, 382, 1122, -0.0016483636572957039
32, 32, 265, 1116, -0.17982663214206696
33, 0, 286, 109, -0.6805872917175293
33, 1, 301, 82, -0.6159363985061646
33, 2, 310, 81, -0.615999162197113
33, 3, 317, 81, -0.6154457926750183
33, 4, 271, 84, -0.6172592043876648
33, 5, 262, 85, -0.6168951988220215
33, 6, 254, 85, -0.6176220178604126
33, 7, 333, 92, -0.22176483273506165
33, 8, 244, 98, -0.2134667932987213
33, 9, 306, 133, -0.538531482219696
33, 10, 272, 134, -0.5382782816886902
33, 11, 413, 219, -0.058814626187086105
33, 12, 183, 238, -0.0973757654428482
33, 13, 532, 385, -0.6935392618179321
33, 14, 54, 400, -0.7189708948135376
33, 15, 382, 264, -1.4861242771148682
33, 16, 208, 299, -1.54084312915802
33, 17, 341, 247, -1.6452661752700806
33, 18, 246, 271, -1.6679280996322632
33, 19, 332, 232, -1.5512727499008179
33, 20, 252, 251, -1.5438086986541748
33, 21, 336, 237, -1.47516930103302
33, 22, 246, 261, -1.4741665124893188
33, 23, 398, 546, -0.01670796610414982
33, 24, 215, 550, 0.020346131175756454
33, 25, 404, 806, 0.035669609904289246
33, 26, 233, 802, 0.03554301708936691
33, 27, 409, 1036, 0.5163670778274536
33, 28, 242, 1034, 0.3567619323730469
33, 29, 415, 1065, 0.5311811566352844
33, 30, 236, 1066, 0.3752374053001404
33, 31, 387, 1118, -0.005933479405939579
33, 32, 268, 1111, -0.18653987348079681
34, 0, 289, 109, -0.5959991216659546
34, 1, 305, 82, -0.5325849056243896
34, 2, 312, 81, -0.5325664281845093
34, 3, 320, 81, -0.5320093035697937
34, 4, 275, 84, -0.5347995758056641
34, 5, 266, 85, -0.5344980955123901
34, 6, 258, 86, -0.5352354645729065
34, 7, 338, 92, -0.16110652685165405
34, 8, 249, 98, -0.15877477824687958
34, 9, 309, 132, -0.46172866225242615
34, 10, 276, 134, -0.4630030691623688
34, 11, 419, 219, -0.004548497963696718
34, 12, 189, 238, -0.0758998841047287
34, 13, 535, 385, -0.6853615641593933
34, 14, 55, 394, -0.7061893343925476
34, 15, 386, 259, -1.339736819267273
34, 16, 213, 294, -1.4155280590057373
34, 17, 348, 240, -1.4753572940826416
34, 18, 251, 265, -1.5458128452301025
34, 19, 337, 227, -1.3454229831695557
34, 20, 257, 246, -1.4316667318344116
34, 21, 340, 233, -1.3050220012664795
34, 22, 251, 255, -1.3730990886688232
34, 23, 400, 548, -0.01593182049691677
34, 24, 217, 552, 0.019647179171442986
34, 25, 403, 809, 0.03555724769830704
34, 26, 232, 805, 0.017075173556804657
34, 27, 407, 1041, 0.4646379053592682
34, 28, 241, 1038, 0.2756158709526062
34, 29, 413, 1071, 0.47530317306518555
34, 30, 236, 1070, 0.28836965560913086
34, 31, 385, 1123, -0.03804435208439827
34, 32, 267, 1115, -0.230693981051445
35, 0, 293, 109, -0.647551953792572
35, 1, 308, 82, -0.5839446187019348
35, 2, 315, 81, -0.5839003324508667
35, 3, 323, 81, -0.5832901000976562
35, 4, 280, 84, -0.5839894413948059
35, 5, 270, 85, -0.5837047696113586
35, 6, 262, 86, -0.5844188928604126
35, 7, 343, 92, -0.1995907425880432
35, 8, 253, 98, -0.18775565922260284
35, 9, 313, 132, -0.5077194571495056
35, 10, 280, 134, -0.5062256455421448
35, 11, 425, 219, -0.02997501753270626
35, 12, 194, 238, -0.08667917549610138
35, 13, 540, 383, -0.6767603158950806
35, 14, 60, 388, -0.7054962515830994
35, 15, 387, 251, -1.3764252662658691
35, 16, 220, 286, -1.410071849822998
35, 17, 350, 232, -1.5058740377426147
35, 18, 257, 259, -1.5501608848571777
35, 19, 340, 220, -1.4106321334838867
35, 20, 264, 242, -1.4442764520645142
35, 21, 343, 227, -1.3113644123077393
35, 22, 258, 251, -1.3776241540908813
35, 23, 402, 546, -0.01603608764708042
35, 24, 219, 548, 0.019814034923911095
35, 25, 402, 809, 0.014703117311000824
35, 26, 231, 802, 0.008104667998850346
35, 27, 406, 1040, 0.43293866515159607
35, 28, 240, 1035, 0.2553067207336426
35, 29, 411, 1071, 0.44261616468429565
35, 30, 234, 1068, 0.2668498158454895
35, 31, 384, 1122, -0.08831149339675903
35, 32, 265, 1113, -0.2741011381149292
36, 0, 298, 108, -0.6688366532325745
36, 1, 313, 82, -0.599248468875885
36, 2, 320, 81, -0.5992342233657837
36, 3, 328, 81, -0.5985948443412781
36, 4, 285, 84, -0.6017898917198181
36, 5, 276, 85, -0.6016247868537903
36, 6, 268, 86, -0.6022997498512268
36, 7, 347, 92, -0.19162651896476746
36, 8, 258, 98, -0.19315290451049805
36, 9, 318, 132, -0.5209553837776184
36, 10, 285, 133, -0.5233367681503296
36, 11, 429, 219, -0.014706365764141083
36, 12, 200, 238, -0.0813719630241394
36, 13, 539, 381, -0.6691602468490601
36, 14, 66, 384, -0.7024191617965698
36, 15, 387, 247, -1.4211928844451904
36, 16, 226, 285, -1.4132864475250244
36, 17, 352, 227, -1.5695663690567017
36, 18, 263, 259, -1.5561048984527588
36, 19, 342, 216, -1.4442696571350098
36, 20, 269, 241, -1.4660580158233643
36, 21, 344, 224, -1.3785431385040283
36, 22, 264, 250, -1.3878288269042969
36, 23, 406, 548, -0.011895744130015373
36, 24, 226, 549, 0.015775149688124657
36, 25, 403, 810, 0.0010010107653215528
36, 26, 232, 802, -0.06284584105014801
36, 27, 407, 1042, 0.4095585346221924
36, 28, 241, 1036, 0.1655234396457672
36, 29, 412, 1073, 0.4170079827308655
36, 30, 236, 1069, 0.17346975207328796
36, 31, 384, 1122, -0.12844078242778778
36, 32, 267, 1113, -0.38998764753341675
37, 0, 305, 108, -0.6844213604927063
37, 1, 318, 82, -0.6151208877563477
37, 2, 325, 81, -0.615118682384491
37, 3, 334, 81, -0.6144771575927734
37, 4, 292, 84, -0.6177067756652832
37, 5, 282, 85, -0.6175100803375244
37, 6, 274, 86, -0.6181699633598328
37, 7, 352, 92, -0.20895084738731384
37, 8, 264, 98, -0.21108055114746094
37, 9, 324, 131, -0.5373597741127014
37, 10, 292, 132, -0.5399388670921326
37, 11, 432, 218, -0.033787503838539124
37, 12, 206, 238, -0.09290938079357147
37, 13, 542, 381, -0.686526894569397
37, 14, 73, 381, -0.715715765953064
37, 15, 389, 245, -1.4486920833587646
37, 16, 230, 282, -1.429282784461975
37, 17, 354, 226, -1.6030899286270142
37, 18, 267, 256, -1.5810786485671997
37, 19, 344, 217, -1.4792277812957764
37, 20, 273, 240, -1.4807164669036865
37, 21, 346, 224, -1.4181883335113525
37, 22, 268, 249, -1.396515965461731
37, 23, 412, 547, -0.012271581217646599
37, 24, 234, 549, 0.01617809757590294
37, 25, 407, 810, -0.0069597274996340275
37, 26, 236, 802, -0.059423454105854034
37, 27, 409, 1042, 0.40927591919898987
37, 28, 244, 1036, 0.18356189131736755
37, 29, 414, 1073, 0.41730237007141113
37, 30, 239, 1069, 0.1930581033229828
37, 31, 386, 1122, -0.1288829743862152
37, 32, 270, 1113, -0.3728575110435486
38, 0, 312, 108, -0.6401198506355286
38, 1, 325, 83, -0.5716853737831116
38, 2, 332, 82, -0.5716332197189331
38, 3, 341, 82, -0.5709784030914307
38, 4, 299, 85, -0.5753024816513062
38, 5, 289, 86, -0.5751173496246338
38, 6, 280, 86, -0.5757821202278137
38, 7, 357, 93, -0.17342731356620789
38, 8, 270, 98, -0.18019500374794006
38, 9, 330, 131, -0.4962068498134613
38, 10, 298, 132, -0.49998393654823303
38, 11, 435, 218, -0.010233229957520962
38, 12, 210, 238, -0.08303804695606232
38, 13, 543, 381, -0.6738685369491577
38, 14, 79, 380, -0.7108949422836304
38, 15, 390, 245, -1.4474880695343018
38, 16, 236, 281, -1.4039545059204102
38, 17, 354, 225, -1.5989835262298584
38, 18, 273, 256, -1.552416205406189
38, 19, 345, 217, -1.4667097330093384
38, 20, 280, 240, -1.4459593296051025
38, 21, 347, 224, -1.4106063842773438
38, 22, 273, 249, -1.3745296001434326
38, 23, 416, 548, -0.011444120667874813
38, 24, 237, 549, 0.015351958572864532
38, 25, 410, 811, -0.005252217873930931
38, 26, 239, 803, -0.05691833049058914
38, 27, 411, 1043, 0.4079618453979492
38, 28, 245, 1037, 0.19600920379161835
38, 29, 416, 1074, 0.41618919372558594
38, 30, 240, 1070, 0.20560014247894287
38, 31, 388, 1122, -0.11704923212528229
38, 32, 271, 1114, -0.35283610224723816
39, 0, 320, 108, -0.6493867039680481
39, 1, 332, 84, -0.579319417476654
39, 2, 340, 84, -0.5792878866195679
39, 3, 349, 84, -0.5786471366882324
39, 4, 307, 86, -0.5847184658050537
39, 5, 297, 87, -0.5845825672149658
39, 6, 287, 87, -0.5852745771408081
39, 7, 363, 94, -0.1715833991765976
39, 8, 275, 98, -0.18600022792816162
39, 9, 337, 131, -0.5015459060668945
39, 10, 306, 132, -0.5075408220291138
39, 11, 439, 218, -0.005871051922440529
39, 12, 214, 238, -0.09041734784841537
39, 13, 550, 382, -0.685355544090271
39, 14, 85, 379, -0.7299172282218933
39, 15, 393, 245, -1.4668201208114624
39, 16, 241, 279, -1.4126980304718018
39, 17, 358, 225, -1.6227648258209229
39, 18, 279, 255, -1.5619471073150635
39, 19, 347, 218, -1.4974870681762695
39, 20, 287, 241, -1.4622639417648315
39, 21, 350, 225, -1.4383748769760132
39, 22, 280, 249, -1.3775733709335327
39, 23, 421, 548, -0.010818182490766048
39, 24, 242, 550, 0.014677946455776691
39, 25, 415, 811, -0.0065498254261910915
39, 26, 244, 803, -0.054949622601270676
39, 27, 416, 1043, 0.4052502512931824
39, 28, 250, 1038, 0.1918727606534958
39, 29, 420, 1075, 0.4136539101600647
39, 30, 244, 1071, 0.20046421885490417
39, 31, 393, 1123, -0.12052661180496216
39, 32, 275, 1115, -0.36037662625312805
40, 0, 325, 108, -0.5021293759346008
40, 1, 337, 85, -0.4353395402431488
40, 2, 347, 85, -0.4352787435054779
40, 3, 355, 85, -0.434678852558136
40, 4, 312, 87, -0.436427503824234
40, 5, 303, 87, -0.4361405372619629
40, 6, 293, 88, -0.4368782639503479
40, 7, 369, 95, -0.07100069522857666
40, 8, 280, 98, -0.06438349187374115
40, 9, 343, 132, -0.37278568744659424
40, 10, 311, 132, -0.37297719717025757
40, 11, 444, 218, 0.048234909772872925
40, 12, 219, 238, 0.006664739456027746
40, 13, 552, 382, -0.5957170724868774
40, 14, 89, 378, -0.6372296810150146
40, 15, 396, 246, -1.2412209510803223
40, 16, 245, 279, -1.2779604196548462
40, 17, 362, 229, -1.370771050453186
40, 18, 285, 257, -1.4107506275177002
40, 19, 351, 220, -1.2401098012924194
40, 20, 292, 242, -1.2972638607025146
40, 21, 353, 227, -1.20725417137146
40, 22, 284, 250, -1.2452725172042847
40, 23, 425, 548, -0.016000637784600258
40, 24, 243, 549, 0.020008789375424385
40, 25, 419, 811, -0.056154679507017136
40, 26, 247, 804, -0.02059292048215866
40, 27, 420, 1044, 0.30555033683776855
40, 28, 253, 1039, 0.17756645381450653
40, 29, 425, 1075, 0.31123530864715576
40, 30, 247, 1072, 0.18275965750217438
40, 31, 397, 1124, -0.1974080353975296
40, 32, 280, 1116, -0.35773855447769165
41, 0, 331, 109, -0.5347787141799927
41, 1, 342, 87, -0.46975651383399963
41, 2, 352, 87, -0.46972545981407166
41, 3, 360, 87, -0.46916264295578003
41, 4, 317, 88, -0.4705594480037689
41, 5, 308, 89, -0.4704528748989105
41, 6, 299, 89, -0.47122055292129517
41, 7, 374, 96, -0.09630836546421051
41, 8, 285, 99, -0.08909261971712112
41, 9, 348, 133, -0.39958658814430237
41, 10, 316, 133, -0.39945971965789795
41, 11, 449, 219, 0.03691729158163071
41, 12, 222, 238, -0.012349585071206093
41, 13, 555, 382, -0.6012290120124817
41, 14, 95, 376, -0.6500309109687805
41, 15, 400, 246, -1.3043469190597534
41, 16, 251, 278, -1.3184417486190796
41, 17, 368, 228, -1.452279806137085
41, 18, 291, 256, -1.4565032720565796
41, 19, 357, 219, -1.3447915315628052
41, 20, 298, 241, -1.3484457731246948
41, 21, 359, 226, -1.283881664276123
41, 22, 290, 249, -1.289223551750183
41, 23, 427, 549, -0.01640755869448185
41, 24, 246, 550, 0.020306002348661423
41, 25, 417, 811, -0.05161802098155022
41, 26, 246, 804, -0.026906132698059082
41, 27, 419, 1045, 0.3096082806587219
41, 28, 252, 1039, 0.13128459453582764
41, 29, 425, 1076, 0.3160001039505005
41, 30, 246, 1072, 0.13365933299064636
41, 31, 395, 1126, -0.19182027876377106
41, 32, 279, 1118, -0.4004809856414795
42, 0, 334, 109, -0.5901869535446167
42, 1, 346, 88, -0.5219254493713379
42, 2, 356, 87, -0.5219467878341675
42, 3, 364, 88, -0.5214002132415771
42, 4, 321, 89, -0.5268592238426208
42, 5, 312, 89, -0.5265985727310181
42, 6, 303, 90, -0.5272782444953918
42, 7, 378, 97, -0.12773898243904114
42, 8, 290, 99, -0.14028996229171753
42, 9, 351, 134, -0.4489424228668213
42, 10, 320, 134, -0.45350199937820435
42, 11, 453, 219, 0.019321713596582413
42, 12, 225, 238, -0.040417078882455826
42, 13, 561, 382, -0.6660449504852295
42, 14, 101, 374, -0.7027125358581543
42, 15, 404, 246, -1.3481935262680054
42, 16, 257, 277, -1.3891146183013916
42, 17, 370, 228, -1.478026032447815
42, 18, 299, 256, -1.535241723060608
42, 19, 361, 218, -1.3600457906723022
42, 20, 304, 240, -1.4085938930511475
42, 21, 363, 225, -1.3146350383758545
42, 22, 296, 248, -1.3553135395050049
42, 23, 434, 550, -0.01665603742003441
42, 24, 252, 550, 0.02047971449792385
42, 25, 422, 811, -0.03879406675696373
42, 26, 251, 804, -0.07094059139490128
42, 27, 421, 1046, 0.3425091505050659
42, 28, 253, 1040, 0.12200479209423065
42, 29, 426, 1077, 0.3514118790626526
42, 30, 248, 1072, 0.12716960906982422
42, 31, 396, 1127, -0.1667059361934662
42, 32, 280, 1119, -0.4254522919654846
43, 0, 337, 110, -0.6052190065383911
43, 1, 350, 88, -0.5398427248001099
43, 2, 359, 88, -0.5398496389389038
43, 3, 368, 88, -0.5392913222312927
43, 4, 325, 89, -0.5416040420532227
43, 5, 316, 90, -0.5414560437202454
43, 6, 306, 90, -0.5421839952468872
43, 7, 383, 98, -0.1511005461215973
43, 8, 294, 99, -0.1490601897239685
43, 9, 355, 134, -0.46420377492904663
43, 10, 323, 134, -0.4651640057563782
43, 11, 457, 219, 0.003517839591950178
43, 12, 229, 238, -0.04882341995835304
43, 13, 565, 382, -0.6742333769798279
43, 14, 105, 374, -0.7065173387527466
43, 15, 408, 245, -1.3631665706634521
43, 16, 261, 275, -1.3939176797866821
43, 17, 375, 227, -1.4895691871643066
43, 18, 302, 254, -1.5417317152023315
43, 19, 366, 218, -1.376682162284851
43, 20, 308, 239, -1.416268229484558
43, 21, 368, 225, -1.324749231338501
43, 22, 300, 247, -1.358487844467163
43, 23, 436, 550, -0.019556991755962372
43, 24, 255, 550, 0.023327955976128578
43, 25, 425, 811, -0.035410407930612564
43, 26, 254, 804, -0.06494925916194916
43, 27, 424, 1046, 0.35141557455062866
43, 28, 257, 1040, 0.13847549259662628
43, 29, 429, 1077, 0.3597809970378876
43, 30, 252, 1073, 0.14438998699188232
43, 31, 397, 1128, -0.16123373806476593
43, 32, 284, 1120, -0.40750056505203247
44, 0, 342, 110, -0.6165390014648438
44, 1, 354, 88, -0.5514816641807556
44, 2, 363, 88, -0.5514706373214722
44, 3, 372, 89, -0.550902247428894
44, 4, 329, 89, -0.5531424283981323
44, 5, 320, 90, -0.5530523061752319
44, 6, 311, 91, -0.5538050532341003
44, 7, 387, 98, -0.16165791451931
44, 8, 298, 100, -0.15912996232509613
44, 9, 359, 134, -0.47421807050704956
44, 10, 328, 134, -0.47525161504745483
44, 11, 461, 219, -0.004266992211341858
44, 12, 233, 238, -0.057670436799526215
44, 13, 567, 383, -0.6861124038696289
44, 14, 108, 373, -0.7231350541114807
44, 15, 410, 244, -1.3866171836853027
44, 16, 265, 275, -1.4091384410858154
44, 17, 377, 226, -1.5188380479812622
44, 18, 307, 254, -1.558202862739563
44, 19, 368, 216, -1.3920657634735107
44, 20, 313, 239, -1.4311720132827759
44, 21, 370, 224, -1.3504643440246582
44, 22, 306, 248, -1.374781847000122
44, 23, 442, 551, -0.019519280642271042
44, 24, 260, 550, 0.023283887654542923
44, 25, 430, 814, -0.02720804512500763
44, 26, 259, 805, -0.07883696258068085
44, 27, 430, 1048, 0.3615785241127014
44, 28, 262, 1041, 0.12402845919132233
44, 29, 435, 1080, 0.3706349730491638
44, 30, 256, 1074, 0.12992742657661438
44, 31, 403, 1131, -0.15253585577011108
44, 32, 289, 1122, -0.4256907105445862
45, 0, 346, 110, -0.6231902837753296
45, 1, 358, 89, -0.5568938851356506
45, 2, 368, 89, -0.5568785071372986
45, 3, 376, 89, -0.5563185214996338
45, 4, 334, 90, -0.5583138465881348
45, 5, 324, 90, -0.5581341981887817
45, 6, 315, 91, -0.5588520765304565
45, 7, 391, 99, -0.16668452322483063
45, 8, 301, 100, -0.16246619820594788
45, 9, 363, 135, -0.48127999901771545
45, 10, 332, 135, -0.48229965567588806
45, 11, 464, 220, -0.008907319977879524
45, 12, 237, 237, -0.06649748980998993
45, 13, 567, 383, -0.6844130158424377
45, 14, 112, 372, -0.7301865220069885
45, 15, 412, 243, -1.4143978357315063
45, 16, 266, 274, -1.4157577753067017
45, 17, 380, 225, -1.5592155456542969
45, 18, 308, 254, -1.565561056137085
45, 19, 371, 216, -1.4402501583099365
45, 20, 314, 239, -1.447544813156128
45, 21, 373, 223, -1.3858011960983276
45, 22, 306, 248, -1.3842213153839111
45, 23, 441, 551, -0.015111083164811134
45, 24, 261, 550, 0.018722902983427048
45, 25, 429, 814, -0.015933670103549957
45, 26, 259, 803, -0.08107195794582367
45, 27, 428, 1048, 0.3629511594772339
45, 28, 261, 1040, 0.12959319353103638
45, 29, 433, 1080, 0.37334269285202026
45, 30, 255, 1073, 0.13603968918323517
45, 31, 402, 1131, -0.14987415075302124
45, 32, 288, 1121, -0.42097020149230957
46, 0, 349, 111, -0.6637159585952759
46, 1, 361, 89, -0.5981385707855225
46, 2, 371, 89, -0.5981011390686035
46, 3, 379, 89, -0.5975228548049927
46, 4, 337, 90, -0.6033157706260681
46, 5, 327, 90, -0.6033858060836792
46, 6, 318, 91, -0.6041218042373657
46, 7, 394, 99, -0.18700502812862396
46, 8, 304, 100, -0.20286957919597626
46, 9, 366, 135, -0.5108758211135864
46, 10, 335, 135, -0.5172570943832397
46, 11, 467, 221, -0.011657158844172955
46, 12, 240, 237, -0.0961788147687912
46, 13, 569, 383, -0.6842457056045532
46, 14, 114, 372, -0.7482775449752808
46, 15, 418, 244, -1.4533145427703857
46, 16, 267, 273, -1.4536019563674927
46, 17, 386, 225, -1.6079742908477783
46, 18, 308, 253, -1.6104227304458618
46, 19, 378, 216, -1.5006086826324463
46, 20, 315, 240, -1.5040082931518555
46, 21, 380, 223, -1.431077003479004
46, 22, 308, 248, -1.426262378692627
46, 23, 445, 552, -0.003638873342424631
46, 24, 266, 550, 0.007076119538396597
46, 25, 434, 815, 0.010246234014630318
46, 26, 264, 803, -0.13227243721485138
46, 27, 433, 1050, 0.3984139561653137
46, 28, 266, 1041, 0.09201227128505707
46, 29, 437, 1081, 0.40716248750686646
46, 30, 260, 1074, 0.0985768586397171
46, 31, 406, 1132, -0.12334537506103516
46, 32, 292, 1122, -0.47245699167251587
47, 0, 351, 111, -0.7322714328765869
47, 1, 364, 90, -0.6676282286643982
47, 2, 373, 90, -0.6676672101020813
47, 3, 382, 90, -0.6671112775802612
47, 4, 339, 90, -0.6735234260559082
47, 5, 330, 91, -0.6736328601837158
47, 6, 320, 91, -0.6744053363800049
47, 7, 398, 99, -0.24634596705436707
47, 8, 307, 101, -0.26555633544921875
47, 9, 368, 136, -0.573459267616272
47, 10, 337, 136, -0.5809382200241089
47, 11, 471, 222, -0.03892849013209343
47, 12, 242, 237, -0.14136219024658203
47, 13, 571, 383, -0.717041015625
47, 14, 116, 371, -0.784699559211731
47, 15, 423, 244, -1.5173593759536743
47, 16, 269, 274, -1.514601469039917
47, 17, 392, 225, -1.6753947734832764
47, 18, 310, 253, -1.6762945652008057
47, 19, 384, 215, -1.5725007057189941
47, 20, 317, 240, -1.5756633281707764
47, 21, 385, 223, -1.4971275329589844
47, 22, 310, 248, -1.4891780614852905
47, 23, 447, 553, 0.0015643166843801737
47, 24, 269, 551, 0.0017674056580290198
47, 25, 438, 816, 0.009851207956671715
47, 26, 270, 803, -0.184868723154068
47, 27, 437, 1050, 0.3940909206867218
47, 28, 270, 1041, 0.034966111183166504
47, 29, 441, 1082, 0.4017795920372009
47, 30, 264, 1075, 0.04031627997756004
47, 31, 410, 1132, -0.13883475959300995
47, 32, 295, 1122, -0.5375576019287109
48, 0, 355, 112, -0.734068751335144
48, 1, 368, 90, -0.666020929813385
48, 2, 377, 90, -0.6660210490226746
48, 3, 386, 91, -0.6654146909713745
48, 4, 343, 91, -0.6735101938247681
48, 5, 333, 91, -0.6735867261886597
48, 6, 323, 92, -0.6743232011795044
48, 7, 400, 101, -0.2432657778263092
48, 8, 309, 101, -0.2688502073287964
48, 9, 371, 137, -0.5760067105293274
48, 10, 339, 137, -0.5855044722557068
48, 11, 473, 224, -0.03881283104419708
48, 12, 244, 237, -0.15695777535438538
48, 13, 573, 384, -0.7186779975891113
48, 14, 116, 370, -0.8003962635993958
48, 15, 426, 245, -1.5172250270843506
48, 16, 269, 274, -1.5076968669891357
48, 17, 395, 224, -1.6763355731964111
48, 18, 310, 252, -1.6683546304702759
48, 19, 387, 215, -1.5693609714508057
48, 20, 318, 240, -1.5656195878982544
48, 21, 389, 223, -1.4966771602630615
48, 22, 311, 248, -1.481946587562561
48, 23, 448, 555, 0.006962579675018787
48, 24, 270, 553, -0.00354904611594975
48, 25, 439, 819, 0.018537454307079315
48, 26, 273, 805, -0.16776619851589203
48, 27, 439, 1052, 0.4215715527534485
48, 28, 271, 1045, 0.062807597219944
48, 29, 442, 1084, 0.43011608719825745
48, 30, 265, 1080, 0.06962679326534271
48, 31, 411, 1134, -0.11159535497426987
48, 32, 295, 1124, -0.506589412689209
49, 0, 357, 113, -0.7197771668434143
49, 1, 371, 91, -0.652583658695221
49, 2, 380, 91, -0.6525832414627075
49, 3, 389, 92, -0.6519890427589417
49, 4, 345, 91, -0.6586877703666687
49, 5, 336, 91, -0.6587244868278503
49, 6, 326, 92, -0.6594668626785278
49, 7, 402, 102, -0.23714342713356018
49, 8, 312, 101, -0.25741833448410034
49, 9, 374, 138, -0.5654389262199402
49, 10, 342, 137, -0.5731570720672607
49, 11, 474, 226, -0.041317932307720184
49, 12, 245, 237, -0.15446791052818298
49, 13, 576, 384, -0.722364604473114
49, 14, 116, 370, -0.8055108189582825
49, 15, 425, 245, -1.496391773223877
49, 16, 271, 273, -1.4982401132583618
49, 17, 394, 224, -1.6508769989013672
49, 18, 312, 252, -1.6554044485092163
49, 19, 386, 216, -1.542377233505249
49, 20, 321, 240, -1.5496898889541626
49, 21, 388, 224, -1.4741982221603394
49, 22, 315, 248, -1.4705636501312256
49, 23, 450, 556, 0.006325916387140751
49, 24, 272, 554, -0.002887655282393098
49, 25, 443, 819, 0.01428831834346056
49, 26, 276, 805, -0.16754348576068878
49, 27, 444, 1053, 0.4088006019592285
49, 28, 275, 1047, 0.0488300584256649
49, 29, 448, 1084, 0.41708439588546753
49, 30, 269, 1083, 0.054371826350688934
49, 31, 416, 1135, -0.12048014253377914
49, 32, 299, 1125, -0.5172623991966248
50, 0, 358, 113, -0.7145484089851379
50, 1, 372, 91, -0.6460400223731995
50, 2, 381, 91, -0.646037220954895
50, 3, 390, 92, -0.6454168558120728
50, 4, 346, 91, -0.6515533924102783
50, 5, 336, 91, -0.6515889763832092
50, 6, 326, 92, -0.6523429155349731
50, 7, 403, 102, -0.23463526368141174
50, 8, 314, 101, -0.2533101439476013
50, 9, 376, 138, -0.5615708827972412
50, 10, 342, 137, -0.5681192874908447
50, 11, 477, 227, -0.04587988555431366
50, 12, 248, 237, -0.14925311505794525
50, 13, 578, 384, -0.7538583278656006
50, 14, 119, 368, -0.8142515420913696
50, 15, 424, 244, -1.5209105014801025
50, 16, 273, 273, -1.49796462059021
50, 17, 393, 223, -1.675727128982544
50, 18, 314, 251, -1.6532237529754639
50, 19, 385, 216, -1.5585472583770752
50, 20, 323, 240, -1.545520544052124
50, 21, 387, 224, -1.4960416555404663
50, 22, 317, 249, -1.4697011709213257
50, 23, 452, 557, 0.005809471011161804
50, 24, 274, 555, -0.002367630135267973
50, 25, 444, 821, 0.03766346722841263
50, 26, 277, 808, -0.12317679822444916
50, 27, 444, 1055, 0.48127713799476624
50, 28, 277, 1050, 0.1513555943965912
50, 29, 448, 1087, 0.49326491355895996
50, 30, 271, 1085, 0.16221146285533905
50, 31, 417, 1137, -0.04767463728785515
50, 32, 302, 1128, -0.4211115837097168
51, 0, 360, 113, -0.7104176878929138
51, 1, 374, 91, -0.6427192091941833
51, 2, 383, 91, -0.6427195072174072
51, 3, 392, 92, -0.6421337723731995
51, 4, 347, 91, -0.6476853489875793
51, 5, 337, 91, -0.6477062702178955
51, 6, 327, 92, -0.6484535932540894
51, 7, 405, 102, -0.22462132573127747
51, 8, 315, 101, -0.24696271121501923
51, 9, 378, 138, -0.5581870675086975
51, 10, 343, 137, -0.5643219351768494
51, 11, 477, 228, -0.04572470858693123
51, 12, 249, 237, -0.14529241621494293
51, 13, 580, 382, -0.7521021366119385
51, 14, 121, 367, -0.8080207109451294
51, 15, 424, 244, -1.524093508720398
51, 16, 276, 272, -1.4958937168121338
51, 17, 392, 224, -1.6836878061294556
51, 18, 316, 252, -1.6527334451675415
51, 19, 384, 216, -1.5647832155227661
51, 20, 326, 240, -1.5454479455947876
51, 21, 387, 224, -1.499155044555664
51, 22, 320, 249, -1.468078374862671
51, 23, 454, 558, 0.0052426597103476524
51, 24, 276, 556, -0.0017854418838396668
51, 25, 445, 823, 0.05881645530462265
51, 26, 278, 810, -0.09658317267894745
51, 27, 445, 1056, 0.5189829468727112
51, 28, 279, 1050, 0.19407330453395844
51, 29, 450, 1088, 0.5317991375923157
51, 30, 273, 1085, 0.20668379962444305
51, 31, 419, 1138, -0.010615302249789238
51, 32, 305, 1129, -0.3802250325679779
52, 0, 361, 113, -0.7625463008880615
52, 1, 375, 91, -0.6890531182289124
52, 2, 384, 91, -0.6890467405319214
52, 3, 393, 92, -0.688307523727417
52, 4, 348, 91, -0.6963056325912476
52, 5, 338, 91, -0.6963318586349487
52, 6, 328, 92, -0.6971098184585571
52, 7, 406, 102, -0.24853339791297913
52, 8, 316, 101, -0.27375441789627075
52, 9, 379, 138, -0.6007772088050842
52, 10, 345, 137, -0.6092857718467712
52, 11, 480, 228, -0.05255386233329773
52, 12, 251, 237, -0.16797329485416412
52, 13, 582, 382, -0.7723902463912964
52, 14, 121, 365, -0.8425983190536499
52, 15, 424, 243, -1.57064688205719
52, 16, 279, 273, -1.547087550163269
52, 17, 392, 224, -1.7354395389556885
52, 18, 320, 252, -1.7096118927001953
52, 19, 384, 216, -1.6190223693847656
52, 20, 330, 241, -1.6035820245742798
52, 21, 387, 225, -1.547344446182251
52, 22, 323, 249, -1.5201923847198486
52, 23, 455, 559, 0.0074654570780694485
52, 24, 276, 557, -0.003930053673684597
52, 25, 447, 825, 0.07154974341392517
52, 26, 279, 811, -0.10985275357961655
52, 27, 448, 1057, 0.5451481342315674
52, 28, 281, 1051, 0.18618819117546082
52, 29, 452, 1090, 0.5579884648323059
52, 30, 276, 1085, 0.19913740456104279
52, 31, 422, 1139, 7.535221084253863e-05
52, 32, 306, 1130, -0.39309611916542053
53, 0, 363, 113, -0.7480365037918091
53, 1, 377, 91, -0.6773883700370789
53, 2, 385, 91, -0.6773665547370911
53, 3, 394, 92, -0.6766705513000488
53, 4, 350, 91, -0.6818947792053223
53, 5, 340, 92, -0.6819099187850952
53, 6, 330, 92, -0.6826671957969666
53, 7, 407, 102, -0.2457411289215088
53, 8, 318, 101, -0.26518261432647705
53, 9, 381, 138, -0.5917915105819702
53, 10, 347, 137, -0.5965635776519775
53, 11, 481, 228, -0.047433607280254364
53, 12, 253, 237, -0.16938868165016174
53, 13, 582, 382, -0.7625321745872498
53, 14, 120, 364, -0.8526766896247864
53, 15, 428, 243, -1.5610593557357788
53, 16, 285, 273, -1.5417718887329102
53, 17, 394, 224, -1.7223695516586304
53, 18, 328, 252, -1.700962781906128
53, 19, 386, 216, -1.6065698862075806
53, 20, 336, 241, -1.592008113861084
53, 21, 390, 225, -1.5376355648040771
53, 22, 328, 249, -1.5128214359283447
53, 23, 458, 559, 0.014267811551690102
53, 24, 280, 558, -0.010789608582854271
53, 25, 451, 825, 0.06699429452419281
53, 26, 284, 812, -0.14340563118457794
53, 27, 454, 1058, 0.5136398673057556
53, 28, 287, 1053, 0.1299949735403061
53, 29, 459, 1090, 0.5249248147010803
53, 30, 282, 1088, 0.14015606045722961
53, 31, 428, 1141, -0.022516893222928047
53, 32, 313, 1132, -0.4515933394432068
54, 0, 365, 113, -0.7882782220840454
54, 1, 379, 91, -0.7168221473693848
54, 2, 387, 91, -0.7168310284614563
54, 3, 396, 92, -0.7161217927932739
54, 4, 352, 92, -0.7265249490737915
54, 5, 342, 92, -0.7266178727149963
54, 6, 332, 92, -0.7274510264396667
54, 7, 409, 102, -0.27957504987716675
54, 8, 319, 102, -0.31644493341445923
54, 9, 383, 138, -0.6262210607528687
54, 10, 350, 137, -0.6380367875099182
54, 11, 482, 229, -0.06942494958639145
54, 12, 253, 238, -0.2200808972120285
54, 13, 583, 382, -0.7872433662414551
54, 14, 120, 363, -0.904041588306427
54, 15, 429, 243, -1.5909066200256348
54, 16, 286, 273, -1.5992791652679443
54, 17, 395, 225, -1.7518446445465088
54, 18, 331, 253, -1.7596946954727173
54, 19, 388, 216, -1.6352150440216064
54, 20, 339, 241, -1.6504056453704834
54, 21, 392, 225, -1.5670981407165527
54, 22, 330, 249, -1.5691840648651123
54, 23, 459, 560, 0.017828596755862236
54, 24, 280, 559, -0.014390125870704651
54, 25, 453, 826, 0.07786400616168976
54, 26, 286, 813, -0.14208929240703583
54, 27, 455, 1059, 0.537560224533081
54, 28, 288, 1055, 0.14137737452983856
54, 29, 459, 1091, 0.550445020198822
54, 30, 283, 1090, 0.1536063253879547
54, 31, 429, 1142, 0.004173737950623035
54, 32, 314, 1134, -0.445770263671875
55, 0, 366, 113, -0.7188113927841187
55, 1, 379, 91, -0.6437901258468628
55, 2, 387, 91, -0.6437941789627075
55, 3, 397, 92, -0.6430763602256775
55, 4, 353, 92, -0.6542025208473206
55, 5, 342, 92, -0.654269278049469
55, 6, 332, 92, -0.6551216840744019
55, 7, 410, 102, -0.2169196605682373
55, 8, 320, 102, -0.2549578547477722
55, 9, 383, 138, -0.562961757183075
55, 10, 350, 137, -0.5753936767578125
55, 11, 483, 229, -0.03604290261864662
55, 12, 253, 238, -0.19356703758239746
55, 13, 582, 381, -0.7495455741882324
55, 14, 120, 363, -0.8866147994995117
55, 15, 429, 241, -1.5127301216125488
55, 16, 286, 273, -1.513106107711792
55, 17, 395, 223, -1.668900728225708
55, 18, 332, 254, -1.6633917093276978
55, 19, 388, 216, -1.5501136779785156
55, 20, 340, 242, -1.554992914199829
55, 21, 392, 224, -1.4874451160430908
55, 22, 331, 250, -1.4817473888397217
55, 23, 459, 561, 0.017988860607147217
55, 24, 280, 560, -0.014551043510437012
55, 25, 453, 827, 0.06989704817533493
55, 26, 285, 814, -0.1365371197462082
55, 27, 455, 1060, 0.5230034589767456
55, 28, 288, 1055, 0.1415790468454361
55, 29, 460, 1092, 0.5358790159225464
55, 30, 282, 1089, 0.15339893102645874
55, 31, 429, 1142, -0.01119556650519371
55, 32, 314, 1134, -0.4422978460788727
56, 0, 366, 114, -0.7136671543121338
56, 1, 380, 91, -0.6388276219367981
56, 2, 387, 91, -0.6388365030288696
56, 3, 396, 92, -0.6381106972694397
56, 4, 353, 92, -0.6475986838340759
56, 5, 343, 92, -0.6476526856422424
56, 6, 333, 93, -0.6484887003898621
56, 7, 410, 102, -0.21297547221183777
56, 8, 321, 103, -0.24242942035198212
56, 9, 384, 138, -0.5586264133453369
56, 10, 350, 138, -0.5690790414810181
56, 11, 484, 230, -0.0343957394361496
56, 12, 254, 238, -0.1676602065563202
56, 13, 582, 381, -0.7437862157821655
56, 14, 120, 362, -0.841217041015625
56, 15, 429, 240, -1.511048674583435
56, 16, 286, 274, -1.498610258102417
56, 17, 395, 223, -1.6684821844100952
56, 18, 332, 256, -1.6514047384262085
56, 19, 388, 216, -1.5504814386367798
56, 20, 340, 244, -1.5455491542816162
56, 21, 392, 224, -1.486366868019104
56, 22, 331, 251, -1.4694335460662842
56, 23, 459, 561, 0.017583739012479782
56, 24, 280, 560, -0.014132767915725708
56, 25, 454, 827, 0.06529287993907928
56, 26, 286, 814, -0.11591599136590958
56, 27, 456, 1060, 0.5156575441360474
56, 28, 289, 1055, 0.16975262761116028
56, 29, 461, 1092, 0.5277070999145508
56, 30, 283, 1089, 0.18130996823310852
56, 31, 431, 1142, -0.017941966652870178
56, 32, 315, 1134, -0.40928325057029724
57, 0, 365, 114, -0.7059124708175659
57, 1, 380, 91, -0.631594181060791
57, 2, 387, 91, -0.6315904855728149
57, 3, 396, 92, -0.6308521032333374
57, 4, 353, 92, -0.6397125720977783
57, 5, 342, 92, -0.639741837978363
57, 6, 333, 93, -0.6405555009841919
57, 7, 410, 102, -0.20697267353534698
57, 8, 321, 103, -0.23308606445789337
57, 9, 384, 138, -0.5519959330558777
57, 10, 350, 138, -0.5613133907318115
57, 11, 484, 230, -0.028892558068037033
57, 12, 255, 239, -0.16197146475315094
57, 13, 583, 382, -0.7260106801986694
57, 14, 120, 362, -0.8266662359237671
57, 15, 428, 240, -1.4831713438034058
57, 16, 287, 274, -1.4717795848846436
57, 17, 396, 223, -1.6400264501571655
57, 18, 332, 256, -1.6208072900772095
57, 19, 388, 216, -1.5228664875030518
57, 20, 340, 244, -1.5170550346374512
57, 21, 392, 224, -1.4584194421768188
57, 22, 332, 251, -1.4434731006622314
57, 23, 460, 562, 0.017451366409659386
57, 24, 281, 561, -0.013998734764754772
57, 25, 455, 829, 0.0670303925871849
57, 26, 286, 817, -0.0966828465461731
57, 27, 457, 1062, 0.527924656867981
57, 28, 289, 1056, 0.1952349841594696
57, 29, 461, 1093, 0.5405161380767822
57, 30, 284, 1090, 0.20739416778087616
57, 31, 432, 1143, -0.003185025881975889
57, 32, 315, 1135, -0.37746506929397583
58, 0, 365, 114, -0.6441596746444702
58, 1, 380, 91, -0.5707207918167114
58, 2, 387, 91, -0.5706966519355774
58, 3, 396, 92, -0.5699442625045776
58, 4, 352, 92, -0.5742737054824829
58, 5, 342, 92, -0.5742560625076294
58, 6, 333, 93, -0.5750576257705688
58, 7, 410, 102, -0.16397318243980408
58, 8, 321, 103, -0.16976706683635712
58, 9, 383, 138, -0.49814534187316895
58, 10, 350, 138, -0.501481831073761
58, 11, 485, 230, -0.017738860100507736
58, 12, 257, 239, -0.10933899879455566
58, 13, 584, 382, -0.7198901772499084
58, 14, 127, 362, -0.7733490467071533
58, 15, 428, 240, -1.4436239004135132
58, 16, 289, 274, -1.4103703498840332
58, 17, 395, 223, -1.594594955444336
58, 18, 332, 254, -1.558656930923462
58, 19, 388, 216, -1.4756550788879395
58, 20, 340, 244, -1.4495158195495605
58, 21, 392, 224, -1.417258620262146
58, 22, 333, 251, -1.3808207511901855
58, 23, 461, 562, 0.015259387902915478
58, 24, 282, 561, -0.011706693097949028
58, 25, 456, 829, 0.05454158037900925
58, 26, 287, 816, -0.09329435974359512
58, 27, 459, 1062, 0.4861440062522888
58, 28, 290, 1055, 0.18678250908851624
58, 29, 464, 1093, 0.4960736334323883
58, 30, 284, 1089, 0.19630210101604462
58, 31, 434, 1143, -0.03969731554389
58, 32, 316, 1134, -0.38386213779449463
59, 0, 365, 114, -0.6528266668319702
59, 1, 380, 92, -0.5800068378448486
59, 2, 387, 92, -0.5799896121025085
59, 3, 396, 93, -0.5792330503463745
59, 4, 352, 92, -0.5832303762435913
59, 5, 342, 93, -0.5832274556159973
59, 6, 333, 93, -0.5840129852294922
59, 7, 410, 103, -0.17341949045658112
59, 8, 322, 104, -0.17894712090492249
59, 9, 383, 139, -0.5070028305053711
59, 10, 350, 139, -0.5101695656776428
59, 11, 485, 231, -0.027580469846725464
59, 12, 260, 240, -0.11155985295772552
59, 13, 584, 382, -0.738404393196106
59, 14, 130, 362, -0.7770174741744995
59, 15, 428, 240, -1.4568638801574707
59, 16, 288, 274, -1.4278590679168701
59, 17, 395, 222, -1.6101853847503662
59, 18, 331, 254, -1.5774450302124023
59, 19, 388, 216, -1.4927804470062256
59, 20, 340, 244, -1.4691317081451416
59, 21, 392, 224, -1.4315155744552612
59, 22, 332, 251, -1.3990952968597412
59, 23, 463, 563, 0.010253474116325378
59, 24, 283, 562, -0.0065933712758123875
59, 25, 458, 829, 0.044377755373716354
59, 26, 288, 818, -0.07594810426235199
59, 27, 460, 1062, 0.4749111235141754
59, 28, 291, 1056, 0.1833367645740509
59, 29, 465, 1094, 0.4849828779697418
59, 30, 285, 1089, 0.1926625370979309
59, 31, 434, 1144, -0.04595818743109703
59, 32, 317, 1135, -0.381344735622406
60, 0, 366, 115, -0.6217535138130188
60, 1, 381, 92, -0.5500869750976562
60, 2, 388, 92, -0.55012446641922
60, 3, 397, 93, -0.5494332313537598
60, 4, 354, 92, -0.5523936152458191
60, 5, 343, 93, -0.5524359941482544
60, 6, 334, 94, -0.5532371401786804
60, 7, 411, 103, -0.1595429629087448
60, 8, 323, 105, -0.16028150916099548
60, 9, 384, 139, -0.4813883900642395
60, 10, 351, 139, -0.48345452547073364
60, 11, 486, 231, -0.027761539444327354
60, 12, 263, 240, -0.09307222068309784
60, 13, 584, 383, -0.7341352105140686
60, 14, 131, 362, -0.7612152099609375
60, 15, 428, 239, -1.4108240604400635
60, 16, 287, 274, -1.4076124429702759
60, 17, 395, 222, -1.552830696105957
60, 18, 331, 254, -1.5532386302947998
60, 19, 387, 216, -1.4341983795166016
60, 20, 339, 244, -1.4415158033370972
60, 21, 392, 224, -1.3826344013214111
60, 22, 332, 251, -1.3774739503860474
60, 23, 465, 563, 9.588099055690691e-05
60, 24, 286, 562, 0.003606032580137253
60, 25, 460, 828, 0.004995276220142841
60, 26, 292, 818, -0.07619958370923996
60, 27, 463, 1062, 0.40520399808883667
60, 28, 295, 1056, 0.13331246376037598
60, 29, 468, 1094, 0.41342034935951233
60, 30, 289, 1089, 0.1393522173166275
60, 31, 436, 1144, -0.11029048264026642
60, 32, 321, 1135, -0.4144848883152008
61, 0, 366, 115, -0.6207123398780823
61, 1, 382, 92, -0.549557089805603
61, 2, 389, 93, -0.5495731234550476
61, 3, 397, 93, -0.5488879084587097
61, 4, 354, 93, -0.5524610280990601
61, 5, 343, 93, -0.5525029897689819
61, 6, 335, 94, -0.5532859563827515
61, 7, 411, 104, -0.16026635468006134
61, 8, 324, 105, -0.1638965904712677
61, 9, 385, 139, -0.48069190979003906
61, 10, 351, 140, -0.48343729972839355
61, 11, 487, 231, -0.027425864711403847
61, 12, 265, 240, -0.09394147992134094
61, 13, 584, 382, -0.699426531791687
61, 14, 133, 362, -0.744596540927887
61, 15, 428, 239, -1.354291319847107
61, 16, 287, 275, -1.3759164810180664
61, 17, 395, 223, -1.4926576614379883
61, 18, 330, 254, -1.517380952835083
61, 19, 387, 218, -1.3755384683609009
61, 20, 339, 245, -1.4091075658798218
61, 21, 392, 225, -1.325683832168579
61, 22, 332, 252, -1.3460496664047241
61, 23, 466, 562, -0.00030469056218862534
61, 24, 288, 562, 0.004004639573395252
61, 25, 460, 828, -0.004648030735552311
61, 26, 293, 817, -0.0846361368894577
61, 27, 463, 1062, 0.3860190212726593
61, 28, 294, 1056, 0.1024671196937561
61, 29, 468, 1094, 0.3938034176826477
61, 30, 289, 1090, 0.10641022026538849
61, 31, 436, 1144, -0.12654723227024078
61, 32, 320, 1135, -0.44503435492515564
62, 0, 367, 115, -0.6258617639541626
62, 1, 383, 93, -0.5543068647384644
62, 2, 390, 93, -0.5543348789215088
62, 3, 398, 94, -0.5536266565322876
62, 4, 355, 93, -0.5571563839912415
62, 5, 344, 93, -0.5571693181991577
62, 6, 335, 94, -0.5579580664634705
62, 7, 412, 104, -0.16022124886512756
62, 8, 325, 105, -0.16250918805599213
62, 9, 385, 139, -0.48426198959350586
62, 10, 351, 140, -0.4868965148925781
62, 11, 487, 231, -0.023961054161190987
62, 12, 265, 240, -0.08738470822572708
62, 13, 585, 382, -0.6838966608047485
62, 14, 132, 363, -0.7307655215263367
62, 15, 428, 240, -1.3531373739242554
62, 16, 288, 276, -1.3687961101531982
62, 17, 395, 223, -1.4950307607650757
62, 18, 332, 254, -1.5114933252334595
62, 19, 386, 218, -1.3779438734054565
62, 20, 341, 245, -1.4028406143188477
62, 21, 392, 226, -1.3253525495529175
62, 22, 334, 253, -1.3393499851226807
62, 23, 467, 562, -0.0021205360535532236
62, 24, 289, 562, 0.00579944159835577
62, 25, 462, 828, 0.0011356724426150322
62, 26, 294, 817, -0.06266436725854874
62, 27, 464, 1062, 0.4065004885196686
62, 28, 298, 1056, 0.1544189751148224
62, 29, 469, 1094, 0.41524738073349
62, 30, 292, 1090, 0.16132937371730804
62, 31, 440, 1144, -0.11162879317998886
62, 32, 324, 1135, -0.3921630084514618
63, 0, 367, 116, -0.5764591693878174
63, 1, 383, 94, -0.5069869756698608
63, 2, 390, 94, -0.506989061832428
63, 3, 398, 95, -0.5063070058822632
63, 4, 355, 94, -0.508102536201477
63, 5, 344, 94, -0.5081252455711365
63, 6, 336, 94, -0.5089423656463623
63, 7, 413, 106, -0.12803639471530914
63, 8, 325, 106, -0.12314260005950928
63, 9, 386, 140, -0.4404776990413666
63, 10, 351, 140, -0.44107240438461304
63, 11, 487, 230, -0.0103103406727314
63, 12, 265, 241, -0.05340002849698067
63, 13, 585, 382, -0.6629270315170288
63, 14, 132, 363, -0.6950363516807556
63, 15, 428, 240, -1.288400650024414
63, 16, 290, 276, -1.303157091140747
63, 17, 395, 221, -1.4205191135406494
63, 18, 334, 255, -1.4417979717254639
63, 19, 386, 217, -1.3016283512115479
63, 20, 344, 246, -1.327052116394043
63, 21, 392, 226, -1.2585713863372803
63, 22, 336, 253, -1.2716577053070068
63, 23, 468, 561, -0.00390861090272665
63, 24, 290, 561, 0.0075566768646240234
63, 25, 461, 826, 5.88681323279161e-05
63, 26, 294, 816, -0.06833182275295258
63, 27, 464, 1060, 0.3906358778476715
63, 28, 298, 1054, 0.12810319662094116
63, 29, 469, 1093, 0.3981146812438965
63, 30, 293, 1087, 0.13266852498054504
63, 31, 439, 1142, -0.12416883558034897
63, 32, 324, 1134, -0.4147539734840393
64, 0, 367, 117, -0.577275812625885
64, 1, 383, 94, -0.5077975988388062
64, 2, 390, 95, -0.5080408453941345
64, 3, 398, 96, -0.5076407194137573
64, 4, 355, 94, -0.5149779915809631
64, 5, 344, 94, -0.5150076150894165
64, 6, 336, 95, -0.5159550309181213
64, 7, 414, 107, -0.1303085833787918
64, 8, 325, 106, -0.1379171460866928
64, 9, 386, 141, -0.4414982795715332
64, 10, 351, 141, -0.4479285776615143
64, 11, 487, 230, -0.012029936537146568
64, 12, 265, 241, -0.06631243228912354
64, 13, 585, 382, -0.6801310777664185
64, 14, 132, 364, -0.7142563462257385
64, 15, 429, 240, -1.3704333305358887
64, 16, 291, 277, -1.3405177593231201
64, 17, 395, 221, -1.5172381401062012
64, 18, 336, 256, -1.4813873767852783
64, 19, 387, 216, -1.4026684761047363
64, 20, 345, 246, -1.3712732791900635
64, 21, 392, 225, -1.3440821170806885
64, 22, 337, 253, -1.3103337287902832
64, 23, 468, 561, -0.0038574119098484516
64, 24, 289, 561, 0.007500568870455027
64, 25, 461, 826, 0.021196965128183365
64, 26, 294, 816, -0.051301293075084686
64, 27, 464, 1059, 0.4440001845359802
64, 28, 297, 1052, 0.1849195957183838
64, 29, 469, 1091, 0.45473557710647583
64, 30, 292, 1085, 0.19366289675235748
64, 31, 439, 1139, -0.07219226658344269
64, 32, 323, 1132, -0.3674193024635315
65, 0, 367, 118, -0.5992131233215332
65, 1, 384, 95, -0.5287767648696899
65, 2, 391, 96, -0.5289040803909302
65, 3, 399, 97, -0.5283526182174683
65, 4, 355, 95, -0.5341294407844543
65, 5, 344, 95, -0.5341532826423645
65, 6, 336, 95, -0.5350179076194763
65, 7, 415, 108, -0.139996737241745
65, 8, 326, 107, -0.14706167578697205
65, 9, 386, 142, -0.45900759100914
65, 10, 351, 142, -0.4639924466609955
65, 11, 488, 231, -0.013651030138134956
65, 12, 265, 241, -0.07202912867069244
65, 13, 586, 382, -0.6761442422866821
65, 14, 133, 364, -0.7076066136360168
65, 15, 429, 240, -1.3503777980804443
65, 16, 291, 278, -1.342409372329712
65, 17, 395, 221, -1.493698239326477
65, 18, 337, 259, -1.48714017868042
65, 19, 388, 215, -1.3810293674468994
65, 20, 345, 247, -1.3794994354248047
65, 21, 393, 225, -1.3244009017944336
65, 22, 337, 254, -1.3135737180709839
65, 23, 467, 561, -0.0037798259872943163
65, 24, 289, 560, 0.007431516889482737
65, 25, 461, 825, 0.021781133487820625
65, 26, 293, 814, -0.05837501212954521
65, 27, 462, 1056, 0.44314008951187134
65, 28, 296, 1049, 0.17753490805625916
65, 29, 467, 1088, 0.4536435008049011
65, 30, 290, 1081, 0.18606039881706238
65, 31, 437, 1136, -0.07258477061986923
65, 32, 321, 1128, -0.3767199218273163
66, 0, 368, 120, -0.6023096442222595
66, 1, 384, 98, -0.5337198972702026
66, 2, 392, 98, -0.5337334871292114
66, 3, 399, 99, -0.5330750942230225
66, 4, 356, 97, -0.5379868149757385
66, 5, 345, 98, -0.5379980802536011
66, 6, 337, 98, -0.5388025045394897
66, 7, 416, 110, -0.14498570561408997
66, 8, 326, 109, -0.15132281184196472
66, 9, 387, 145, -0.4617070257663727
66, 10, 352, 145, -0.4657345712184906
66, 11, 488, 232, -0.0056459177285432816
66, 12, 266, 242, -0.07298480719327927
66, 13, 586, 382, -0.6701980829238892
66, 14, 135, 364, -0.7125136852264404
66, 15, 430, 240, -1.3519012928009033
66, 16, 294, 278, -1.3558135032653809
66, 17, 397, 220, -1.494804859161377
66, 18, 338, 259, -1.5006530284881592
66, 19, 390, 213, -1.380506157875061
66, 20, 346, 247, -1.391719102859497
66, 21, 394, 224, -1.326073408126831
66, 22, 338, 254, -1.3267157077789307
66, 23, 467, 561, 0.001360858092084527
66, 24, 289, 560, 0.0023057495709508657
66, 25, 461, 824, 0.029020419344305992
66, 26, 293, 812, -0.06349004805088043
66, 27, 462, 1052, 0.4430612623691559
66, 28, 295, 1044, 0.16889487206935883
66, 29, 467, 1084, 0.4533359110355377
66, 30, 290, 1076, 0.17700842022895813
66, 31, 437, 1131, -0.07138006389141083
66, 32, 321, 1122, -0.3813539445400238
67, 0, 369, 123, -0.5557242631912231
67, 1, 385, 100, -0.49165114760398865
67, 2, 392, 100, -0.4915553033351898
67, 3, 400, 101, -0.49082207679748535
67, 4, 356, 100, -0.4916861057281494
67, 5, 346, 100, -0.4916740953922272
67, 6, 338, 100, -0.4923985004425049
67, 7, 417, 111, -0.12105262279510498
67, 8, 327, 111, -0.11126337945461273
67, 9, 388, 147, -0.4215964376926422
67, 10, 352, 147, -0.42030972242355347
67, 11, 489, 232, 0.010977410711348057
67, 12, 267, 243, -0.056281544268131256
67, 13, 586, 383, -0.6581794023513794
67, 14, 139, 366, -0.6949979662895203
67, 15, 431, 241, -1.3403575420379639
67, 16, 297, 278, -1.3095223903656006
67, 17, 400, 222, -1.4804542064666748
67, 18, 339, 258, -1.4467761516571045
67, 19, 393, 214, -1.3645268678665161
67, 20, 347, 247, -1.3367643356323242
67, 21, 396, 225, -1.3140103816986084
67, 22, 339, 254, -1.2802296876907349
67, 23, 467, 560, 0.0021013787481933832
67, 24, 290, 559, 0.0015123473713174462
67, 25, 460, 820, 0.039353758096694946
67, 26, 293, 807, -0.0436382032930851
67, 27, 460, 1044, 0.4427047371864319
67, 28, 294, 1034, 0.17731180787086487
67, 29, 465, 1075, 0.4527365565299988
67, 30, 289, 1065, 0.18596681952476501
67, 31, 434, 1123, -0.06284211575984955
67, 32, 320, 1112, -0.34951746463775635
68, 0, 369, 123, -0.5425828695297241
68, 1, 385, 101, -0.4816858172416687
68, 2, 393, 101, -0.48158639669418335
68, 3, 400, 102, -0.48091697692871094
68, 4, 356, 101, -0.4783793091773987
68, 5, 346, 101, -0.4783182144165039
68, 6, 338, 102, -0.4790577292442322
68, 7, 418, 112, -0.12151757627725601
68, 8, 327, 113, -0.09762722998857498
68, 9, 389, 147, -0.41234177350997925
68, 10, 353, 148, -0.4066883623600006
68, 11, 489, 231, 0.006762358359992504
68, 12, 269, 243, -0.039550747722387314
68, 13, 586, 384, -0.6625841856002808
68, 14, 143, 367, -0.6875501871109009
68, 15, 432, 243, -1.335837960243225
68, 16, 299, 277, -1.3131940364837646
68, 17, 401, 222, -1.4744510650634766
68, 18, 339, 255, -1.4515665769577026
68, 19, 394, 214, -1.3543624877929688
68, 20, 347, 245, -1.3393137454986572
68, 21, 397, 225, -1.3071644306182861
68, 22, 340, 253, -1.2835034132003784
68, 23, 469, 560, -0.0029433974996209145
68, 24, 290, 557, 0.006491535343229771
68, 25, 460, 817, 0.060495782643556595
68, 26, 293, 804, 0.007040378637611866
68, 27, 460, 1039, 0.48156803846359253
68, 28, 293, 1028, 0.2556234896183014
68, 29, 465, 1070, 0.4945640563964844
68, 30, 287, 1059, 0.26930126547813416
68, 31, 433, 1118, -0.0027380622923374176
68, 32, 319, 1108, -0.25282272696495056
69, 0, 369, 124, -0.5543416738510132
69, 1, 385, 102, -0.506052553653717
69, 2, 393, 103, -0.5059641599655151
69, 3, 400, 103, -0.5053954124450684
69, 4, 356, 102, -0.49497121572494507
69, 5, 346, 103, -0.494748055934906
69, 6, 338, 103, -0.49540963768959045
69, 7, 419, 113, -0.1569840908050537
69, 8, 328, 114, -0.11157403141260147
69, 9, 389, 148, -0.4316495954990387
69, 10, 353, 149, -0.41380709409713745
69, 11, 489, 231, -0.02440556511282921
69, 12, 271, 243, -0.04774251952767372
69, 13, 587, 385, -0.6930330395698547
69, 14, 146, 369, -0.6968278288841248
69, 15, 434, 244, -1.4004909992218018
69, 16, 299, 277, -1.340320110321045
69, 17, 403, 224, -1.5471781492233276
69, 18, 338, 255, -1.487328290939331
69, 19, 396, 216, -1.43405282497406
69, 20, 346, 245, -1.3828787803649902
69, 21, 400, 226, -1.3748161792755127
69, 22, 340, 253, -1.3155287504196167
69, 23, 469, 559, -0.006584932561963797
69, 24, 291, 555, 0.010179003700613976
69, 25, 460, 815, 0.05693858116865158
69, 26, 292, 802, -0.011720424517989159
69, 27, 459, 1037, 0.47792577743530273
69, 28, 293, 1027, 0.2355911284685135
69, 29, 464, 1068, 0.4903768002986908
69, 30, 286, 1059, 0.247732013463974
69, 31, 431, 1117, -0.014954137615859509
69, 32, 318, 1107, -0.28894656896591187
70, 0, 370, 125, -0.5183967351913452
70, 1, 386, 103, -0.4629857540130615
70, 2, 394, 104, -0.46288037300109863
70, 3, 402, 104, -0.46235084533691406
70, 4, 357, 103, -0.45766353607177734
70, 5, 347, 104, -0.4574902057647705
70, 6, 339, 104, -0.45824185013771057
70, 7, 421, 114, -0.12553684413433075
70, 8, 329, 115, -0.08985697478055954
70, 9, 390, 149, -0.3948936462402344
70, 10, 353, 150, -0.3855047821998596
70, 11, 490, 232, -0.0012389441253617406
70, 12, 272, 243, -0.023551348596811295
70, 13, 590, 386, -0.6247112154960632
70, 14, 146, 370, -0.652178168296814
70, 15, 436, 246, -1.2398555278778076
70, 16, 298, 277, -1.279918909072876
70, 17, 404, 227, -1.3672257661819458
70, 18, 338, 256, -1.4123674631118774
70, 19, 397, 218, -1.2433156967163086
70, 20, 346, 245, -1.3069772720336914
70, 21, 401, 228, -1.2067844867706299
70, 22, 340, 253, -1.2505146265029907
70, 23, 469, 558, -0.00861051119863987
70, 24, 291, 554, 0.012227370403707027
70, 25, 460, 814, 0.05481036752462387
70, 26, 292, 802, 0.012798587791621685
70, 27, 457, 1037, 0.4739285111427307
70, 28, 290, 1028, 0.25146305561065674
70, 29, 463, 1067, 0.486327588558197
70, 30, 284, 1058, 0.2630481421947479
70, 31, 429, 1116, -0.008210965432226658
70, 32, 315, 1108, -0.2551361322402954
71, 0, 371, 126, -0.539332926273346
71, 1, 388, 104, -0.48012128472328186
71, 2, 396, 104, -0.4800202250480652
71, 3, 403, 105, -0.4794239103794098
71, 4, 358, 104, -0.4780712127685547
71, 5, 348, 104, -0.4779500365257263
71, 6, 340, 105, -0.47870564460754395
71, 7, 421, 115, -0.1295051872730255
71, 8, 330, 116, -0.10078923404216766
71, 9, 391, 151, -0.41056910157203674
71, 10, 355, 151, -0.40576601028442383
71, 11, 491, 232, 0.001446420676074922
71, 12, 272, 244, -0.029494676738977432
71, 13, 593, 387, -0.6258309483528137
71, 14, 147, 371, -0.6641863584518433
71, 15, 436, 247, -1.2531802654266357
71, 16, 302, 277, -1.3021395206451416
71, 17, 404, 228, -1.3831161260604858
71, 18, 342, 256, -1.4370633363723755
71, 19, 397, 220, -1.2567222118377686
71, 20, 349, 245, -1.3294084072113037
71, 21, 401, 229, -1.2207385301589966
71, 22, 343, 253, -1.272390604019165
71, 23, 470, 558, -0.008385486900806427
71, 24, 292, 554, 0.012072387151420116
71, 25, 460, 814, 0.0548117458820343
71, 26, 292, 802, 0.0015965054044499993
71, 27, 458, 1038, 0.47804784774780273
71, 28, 290, 1029, 0.24782145023345947
71, 29, 463, 1068, 0.4913133680820465
71, 30, 284, 1060, 0.25950154662132263
71, 31, 430, 1117, -0.001567550585605204
71, 32, 316, 1109, -0.2661483585834503
72, 0, 372, 126, -0.5401943922042847
72, 1, 389, 105, -0.4798353612422943
72, 2, 397, 105, -0.4797377586364746
72, 3, 404, 105, -0.4791528582572937
72, 4, 360, 105, -0.47816720604896545
72, 5, 350, 105, -0.47805342078208923
72, 6, 342, 105, -0.4788186550140381
72, 7, 422, 116, -0.13041113317012787
72, 8, 332, 117, -0.10706403106451035
72, 9, 392, 151, -0.4125683307647705
72, 10, 356, 151, -0.40846195816993713
72, 11, 492, 234, 0.0017366394167765975
72, 12, 274, 245, -0.03804003819823265
72, 13, 595, 387, -0.6081796884536743
72, 14, 148, 371, -0.6594749093055725
72, 15, 436, 247, -1.1856067180633545
72, 16, 302, 277, -1.2602348327636719
72, 17, 404, 228, -1.306557059288025
72, 18, 343, 257, -1.389426350593567
72, 19, 397, 221, -1.1793915033340454
72, 20, 351, 247, -1.2801411151885986
72, 21, 401, 230, -1.1511821746826172
72, 22, 344, 254, -1.2289230823516846
72, 23, 470, 558, -0.008471189066767693
72, 24, 292, 554, 0.012201373465359211
72, 25, 460, 814, 0.04566206783056259
72, 26, 292, 802, -0.004638142883777618
72, 27, 456, 1038, 0.45631057024002075
72, 28, 289, 1029, 0.23893532156944275
72, 29, 461, 1069, 0.4689452052116394
72, 30, 282, 1061, 0.25131872296333313
72, 31, 427, 1118, -0.013701791875064373
72, 32, 313, 1109, -0.28432172536849976
73, 0, 374, 127, -0.5216119289398193
73, 1, 390, 105, -0.4600985646247864
73, 2, 398, 105, -0.46003252267837524
73, 3, 405, 106, -0.4594242572784424
73, 4, 362, 105, -0.4573085308074951
73, 5, 352, 105, -0.45718589425086975
73, 6, 344, 106, -0.45797014236450195
73, 7, 423, 116, -0.11404898017644882
73, 8, 334, 117, -0.08818341046571732
73, 9, 394, 151, -0.39607471227645874
73, 10, 358, 151, -0.3908248245716095
73, 11, 493, 234, 0.006143462844192982
73, 12, 275, 245, -0.024448782205581665
73, 13, 596, 388, -0.6134892106056213
73, 14, 148, 371, -0.6304470896720886
73, 15, 436, 247, -1.2234876155853271
73, 16, 303, 278, -1.2190300226211548
73, 17, 404, 229, -1.3497713804244995
73, 18, 346, 259, -1.3466262817382812
73, 19, 397, 221, -1.2272636890411377
73, 20, 353, 249, -1.2336207628250122
73, 21, 401, 230, -1.191536545753479
73, 22, 345, 255, -1.186727523803711
73, 23, 470, 556, -0.009058943949639797
73, 24, 292, 553, 0.012810220010578632
73, 25, 459, 812, 0.012512622401118279
73, 26, 292, 801, -0.008723219856619835
73, 27, 456, 1037, 0.4034956395626068
73, 28, 289, 1029, 0.21256931126117706
73, 29, 461, 1068, 0.41391199827194214
73, 30, 283, 1060, 0.22096271812915802
73, 31, 427, 1116, -0.07809734344482422
73, 32, 314, 1108, -0.307172030210495
74, 0, 374, 127, -0.5048536062240601
74, 1, 391, 105, -0.444150447845459
74, 2, 399, 106, -0.4441015124320984
74, 3, 405, 106, -0.4434923529624939
74, 4, 362, 106, -0.4381985664367676
74, 5, 353, 106, -0.4380543828010559
74, 6, 345, 107, -0.4388548731803894
74, 7, 423, 116, -0.10527181625366211
74, 8, 335, 117, -0.0655732974410057
74, 9, 394, 151, -0.38302841782569885
74, 10, 359, 151, -0.37375542521476746
74, 11, 494, 234, 0.005605131853371859
74, 12, 277, 246, 0.000473338965093717
74, 13, 597, 388, -0.6214232444763184
74, 14, 149, 372, -0.6105031967163086
74, 15, 437, 249, -1.2386301755905151
74, 16, 303, 279, -1.2101473808288574
74, 17, 404, 231, -1.363466501235962
74, 18, 346, 261, -1.3378078937530518
74, 19, 397, 222, -1.2400680780410767
74, 20, 354, 250, -1.2197887897491455
74, 21, 402, 231, -1.2060703039169312
74, 22, 346, 256, -1.1770756244659424
74, 23, 472, 555, -0.01626737043261528
74, 24, 294, 551, 0.020029982551932335
74, 25, 460, 810, -0.010037488304078579
74, 26, 293, 800, -0.004823481198400259
74, 27, 456, 1035, 0.37764665484428406
74, 28, 290, 1027, 0.2109115868806839
74, 29, 461, 1066, 0.3875717520713806
74, 30, 283, 1058, 0.2183133363723755
74, 31, 427, 1114, -0.10975811630487442
74, 32, 315, 1107, -0.30948588252067566
75, 0, 375, 128, -0.5091851949691772
75, 1, 391, 106, -0.44715967774391174
75, 2, 400, 106, -0.4471375048160553
75, 3, 406, 106, -0.4465809464454651
75, 4, 363, 106, -0.4413928985595703
75, 5, 354, 107, -0.44140225648880005
75, 6, 346, 107, -0.4422212541103363
75, 7, 424, 116, -0.11735739558935165
75, 8, 336, 118, -0.07096011936664581
75, 9, 395, 152, -0.38557523488998413
75, 10, 360, 152, -0.3786458373069763
75, 11, 495, 234, -0.003710302757099271
75, 12, 278, 246, -0.0025055448058992624
75, 13, 599, 389, -0.6406154036521912
75, 14, 150, 372, -0.6171281933784485
75, 15, 439, 250, -1.2811979055404663
75, 16, 304, 279, -1.2496248483657837
75, 17, 407, 232, -1.409318208694458
75, 18, 347, 261, -1.3818854093551636
75, 19, 400, 224, -1.2845203876495361
75, 20, 355, 250, -1.2626521587371826
75, 21, 404, 232, -1.2481415271759033
75, 22, 347, 256, -1.2171603441238403
75, 23, 473, 555, -0.016969554126262665
75, 24, 295, 551, 0.020735951140522957
75, 25, 461, 810, -0.003153288271278143
75, 26, 294, 800, 0.0014755281154066324
75, 27, 457, 1036, 0.4130343496799469
75, 28, 292, 1028, 0.23572631180286407
75, 29, 462, 1067, 0.4256555438041687
75, 30, 286, 1059, 0.24605703353881836
75, 31, 428, 1115, -0.07349155843257904
75, 32, 316, 1107, -0.28285422921180725
76, 0, 376, 129, -0.5191036462783813
76, 1, 392, 106, -0.4581172466278076
76, 2, 400, 106, -0.458059161901474
76, 3, 407, 106, -0.45744189620018005
76, 4, 363, 107, -0.4526755213737488
76, 5, 354, 107, -0.45258840918540955
76, 6, 346, 108, -0.45335301756858826
76, 7, 424, 116, -0.11923833936452866
76, 8, 337, 118, -0.07460875064134598
76, 9, 396, 152, -0.393826425075531
76, 10, 361, 153, -0.38552555441856384
76, 11, 497, 234, -0.0039658197201788425
76, 12, 279, 246, -0.008878245018422604
76, 13, 601, 391, -0.6486274003982544
76, 14, 153, 373, -0.6269248127937317
76, 15, 440, 252, -1.2985432147979736
76, 16, 307, 280, -1.2593681812286377
76, 17, 409, 233, -1.4279201030731201
76, 18, 349, 261, -1.3933509588241577
76, 19, 402, 224, -1.3043568134307861
76, 20, 356, 249, -1.2765616178512573
76, 21, 406, 232, -1.266377329826355
76, 22, 348, 256, -1.2278239727020264
76, 23, 474, 555, -0.01753007061779499
76, 24, 296, 551, 0.02130318619310856
76, 25, 461, 810, 0.0005203764303587377
76, 26, 295, 800, 0.014813467860221863
76, 27, 457, 1034, 0.41640105843544006
76, 28, 293, 1026, 0.25225284695625305
76, 29, 462, 1064, 0.4293760657310486
76, 30, 288, 1056, 0.263729453086853
76, 31, 428, 1112, -0.07264935225248337
76, 32, 317, 1105, -0.2644244134426117
77, 0, 376, 129, -0.5117464065551758
77, 1, 393, 106, -0.4548982083797455
77, 2, 401, 106, -0.4548213481903076
77, 3, 408, 106, -0.4541615843772888
77, 4, 364, 107, -0.4461451470851898
77, 5, 355, 108, -0.4459386467933655
77, 6, 347, 108, -0.44666537642478943
77, 7, 426, 117, -0.12036235630512238
77, 8, 338, 118, -0.06770067662000656
77, 9, 397, 152, -0.3913072943687439
77, 10, 361, 153, -0.37822598218917847
77, 11, 498, 234, -0.006027692463248968
77, 12, 281, 246, 0.008928797207772732
77, 13, 602, 391, -0.6348599195480347
77, 14, 159, 376, -0.5875146389007568
77, 15, 440, 252, -1.261439323425293
77, 16, 306, 283, -1.2410087585449219
77, 17, 408, 234, -1.3878127336502075
77, 18, 347, 261, -1.375807523727417
77, 19, 402, 224, -1.2701969146728516
77, 20, 354, 249, -1.2631914615631104
77, 21, 406, 232, -1.2302024364471436
77, 22, 348, 256, -1.2122182846069336
77, 23, 473, 552, -0.019651249051094055
77, 24, 295, 547, 0.023416172713041306
77, 25, 460, 805, 0.0006040696753188968
77, 26, 295, 794, 0.012007131241261959
77, 27, 455, 1028, 0.396732896566391
77, 28, 293, 1019, 0.2508479058742523
77, 29, 461, 1058, 0.40683746337890625
77, 30, 287, 1049, 0.26290473341941833
77, 31, 426, 1106, -0.08949364721775055
77, 32, 316, 1097, -0.2743331491947174
78, 0, 377, 129, -0.5174905061721802
78, 1, 393, 106, -0.45975083112716675
78, 2, 402, 106, -0.4596725106239319
78, 3, 408, 106, -0.45901069045066833
78, 4, 364, 107, -0.4519176483154297
78, 5, 356, 108, -0.4516892433166504
78, 6, 348, 108, -0.4524112641811371
78, 7, 427, 117, -0.13680945336818695
78, 8, 339, 119, -0.07093950361013412
78, 9, 398, 152, -0.3942425549030304
78, 10, 362, 154, -0.3832448124885559
78, 11, 500, 234, -0.033219173550605774
78, 12, 283, 246, 0.011813141405582428
78, 13, 602, 391, -0.6487151980400085
78, 14, 163, 377, -0.5857876539230347
78, 15, 441, 253, -1.2804341316223145
78, 16, 302, 286, -1.249808669090271
78, 17, 408, 236, -1.4073550701141357
78, 18, 343, 263, -1.392673373222351
78, 19, 402, 225, -1.2965387105941772
78, 20, 350, 250, -1.2838889360427856
78, 21, 407, 233, -1.25035560131073
78, 22, 345, 258, -1.226933240890503
78, 23, 472, 526, -0.025280598551034927
78, 24, 296, 543, 0.02899474836885929
78, 25, 460, 801, 0.0019174730405211449
78, 26, 296, 790, 0.024256620556116104
78, 27, 456, 1023, 0.40066203474998474
78, 28, 294, 1013, 0.2630504369735718
78, 29, 461, 1052, 0.4117278456687927
78, 30, 288, 1044, 0.27544519305229187
78, 31, 427, 1100, -0.07503637671470642
78, 32, 316, 1091, -0.2458079606294632
79, 0, 377, 129, -0.49062782526016235
79, 1, 394, 106, -0.4348321557044983
79, 2, 404, 106, -0.43470436334609985
79, 3, 410, 106, -0.43402624130249023
79, 4, 365, 107, -0.4218418598175049
79, 5, 356, 108, -0.4215983748435974
79, 6, 348, 108, -0.42230024933815
79, 7, 429, 117, -0.1165337935090065
79, 8, 339, 119, -0.037303972989320755
79, 9, 399, 153, -0.37442806363105774
79, 10, 363, 154, -0.35565119981765747
79, 11, 502, 234, -0.022749383002519608
79, 12, 284, 246, 0.032945044338703156
79, 13, 602, 391, -0.6391118168830872
79, 14, 164, 379, -0.5540810227394104
79, 15, 441, 254, -1.266301155090332
79, 16, 302, 287, -1.2016894817352295
79, 17, 408, 237, -1.3909885883331299
79, 18, 341, 263, -1.336182951927185
79, 19, 402, 226, -1.2772773504257202
79, 20, 350, 250, -1.2235511541366577
79, 21, 407, 233, -1.2360169887542725
79, 22, 345, 258, -1.1745885610580444
79, 23, 471, 521, -0.024957042187452316
79, 24, 296, 542, 0.02869350090622902
79, 25, 460, 801, 0.0036382090765982866
79, 26, 296, 789, 0.026039624586701393
79, 27, 455, 1022, 0.4011055529117584
79, 28, 294, 1013, 0.26014918088912964
79, 29, 461, 1052, 0.41339248418807983
79, 30, 288, 1043, 0.2719683051109314
79, 31, 426, 1099, -0.06860668957233429
79, 32, 316, 1091, -0.2470031976699829
80, 0, 378, 130, -0.5000744462013245
80, 1, 395, 106, -0.44243335723876953
80, 2, 405, 106, -0.44236668944358826
80, 3, 411, 106, -0.44166532158851624
80, 4, 366, 108, -0.4322904944419861
80, 5, 357, 108, -0.4321247637271881
80, 6, 348, 109, -0.43285807967185974
80, 7, 430, 117, -0.12867459654808044
80, 8, 340, 119, -0.03861678019165993
80, 9, 400, 153, -0.3802703022956848
80, 10, 363, 155, -0.36498573422431946
80, 11, 504, 234, -0.026254111900925636
80, 12, 285, 246, 0.023129332810640335
80, 13, 602, 392, -0.6023364663124084
80, 14, 163, 379, -0.5625877976417542
80, 15, 442, 254, -1.16452157497406
80, 16, 302, 287, -1.2192033529281616
80, 17, 409, 237, -1.2815320491790771
80, 18, 342, 264, -1.3539022207260132
80, 19, 403, 225, -1.1616754531860352
80, 20, 350, 251, -1.239746332168579
80, 21, 407, 233, -1.1313520669937134
80, 22, 345, 258, -1.1910507678985596
80, 23, 471, 518, -0.026123490184545517
80, 24, 297, 541, 0.030121589079499245
80, 25, 460, 800, 0.00621062982827425
80, 26, 295, 788, 0.029004797339439392
80, 27, 455, 1021, 0.40654486417770386
80, 28, 293, 1012, 0.25712457299232483
80, 29, 461, 1051, 0.418490469455719
80, 30, 287, 1042, 0.2680596709251404
80, 31, 426, 1098, -0.06814561039209366
80, 32, 315, 1091, -0.25392523407936096
81, 0, 379, 130, -0.5024179220199585
81, 1, 396, 106, -0.44622769951820374
81, 2, 406, 106, -0.4461231827735901
81, 3, 412, 106, -0.4454765319824219
81, 4, 366, 107, -0.4356851577758789
81, 5, 357, 108, -0.4354236125946045
81, 6, 349, 109, -0.4361334443092346
81, 7, 430, 117, -0.12872013449668884
81, 8, 341, 119, -0.049722373485565186
81, 9, 401, 153, -0.38386696577072144
81, 10, 363, 155, -0.3680703938007355
81, 11, 504, 234, -0.02528158761560917
81, 12, 286, 246, 0.02296656370162964
81, 13, 602, 392, -0.6098411679267883
81, 14, 163, 379, -0.5719181299209595
81, 15, 442, 254, -1.178623914718628
81, 16, 302, 287, -1.2268697023391724
81, 17, 409, 236, -1.2961673736572266
81, 18, 342, 264, -1.3600720167160034
81, 19, 402, 225, -1.1718922853469849
81, 20, 350, 251, -1.2485154867172241
81, 21, 407, 233, -1.1438568830490112
81, 22, 345, 258, -1.1983119249343872
81, 23, 471, 518, -0.02908334508538246
81, 24, 297, 540, 0.03317658603191376
81, 25, 460, 800, 0.018988464027643204
81, 26, 295, 789, 0.046150531619787216
81, 27, 455, 1021, 0.4469633102416992
81, 28, 293, 1012, 0.2963436245918274
81, 29, 461, 1051, 0.46161651611328125
81, 30, 287, 1042, 0.30981308221817017
81, 31, 426, 1099, -0.02865886129438877
81, 32, 315, 1092, -0.21418054401874542
82, 0, 380, 130, -0.5034890174865723
82, 1, 397, 106, -0.4512915015220642
82, 2, 407, 106, -0.4511794149875641
82, 3, 413, 106, -0.45061174035072327
82, 4, 367, 108, -0.43881359696388245
82, 5, 358, 108, -0.4383888840675354
82, 6, 349, 109, -0.4390546679496765
82, 7, 431, 117, -0.1352299600839615
82, 8, 341, 119, -0.053383029997348785
82, 9, 402, 153, -0.3869568407535553
82, 10, 364, 155, -0.3685159385204315
82, 11, 504, 234, -0.033070098608732224
82, 12, 286, 246, 0.021675031632184982
82, 13, 602, 392, -0.6131205558776855
82, 14, 163, 380, -0.5746679902076721
82, 15, 443, 254, -1.1998056173324585
82, 16, 297, 287, -1.2542210817337036
82, 17, 409, 237, -1.3214490413665771
82, 18, 339, 266, -1.39547860622406
82, 19, 403, 225, -1.1995148658752441
82, 20, 348, 251, -1.2849900722503662
82, 21, 408, 233, -1.1660749912261963
82, 22, 342, 258, -1.2283117771148682
82, 23, 471, 519, -0.03157205507159233
82, 24, 297, 541, 0.03558237850666046
82, 25, 460, 800, 0.051580626517534256
82, 26, 295, 789, 0.07510039210319519
82, 27, 455, 1021, 0.5061607360839844
82, 28, 292, 1012, 0.35139337182044983
82, 29, 461, 1051, 0.5234249830245972
82, 30, 286, 1042, 0.36837419867515564
82, 31, 426, 1099, 0.0322464182972908
82, 32, 315, 1092, -0.1549982875585556
83, 0, 380, 131, -0.505618691444397
83, 1, 397, 107, -0.453315794467926
83, 2, 408, 107, -0.4532020688056946
83, 3, 414, 107, -0.4526245594024658
83, 4, 368, 108, -0.4413057863712311
83, 5, 359, 108, -0.44089531898498535
83, 6, 350, 109, -0.44156819581985474
83, 7, 431, 117, -0.1372329592704773
83, 8, 341, 119, -0.0579703226685524
83, 9, 402, 155, -0.3887406289577484
83, 10, 364, 157, -0.37035128474235535
83, 11, 504, 234, -0.035174380987882614
83, 12, 286, 245, 0.03007332980632782
83, 13, 602, 392, -0.6140326857566833
83, 14, 162, 380, -0.5556859374046326
83, 15, 443, 253, -1.1798326969146729
83, 16, 292, 287, -1.2507102489471436
83, 17, 409, 236, -1.2985551357269287
83, 18, 335, 267, -1.392383337020874
83, 19, 402, 225, -1.1784484386444092
83, 20, 344, 251, -1.282822847366333
83, 21, 408, 232, -1.1459319591522217
83, 22, 338, 258, -1.2252857685089111
83, 23, 470, 521, -0.033288680016994476
83, 24, 297, 540, 0.03728185594081879
83, 25, 460, 800, 0.05221247673034668
83, 26, 295, 789, 0.07327070832252502
83, 27, 454, 1020, 0.49853891134262085
83, 28, 291, 1012, 0.34268277883529663
83, 29, 460, 1050, 0.5147425532341003
83, 30, 285, 1042, 0.3588305413722992
83, 31, 425, 1099, 0.021444257348775864
83, 32, 313, 1093, -0.1648837774991989
84, 0, 380, 131, -0.4911431670188904
84, 1, 398, 107, -0.4384574890136719
84, 2, 408, 107, -0.43834105134010315
84, 3, 414, 107, -0.43777069449424744
84, 4, 368, 108, -0.42822617292404175
84, 5, 359, 108, -0.4277924597263336
84, 6, 350, 109, -0.42844828963279724
84, 7, 431, 118, -0.11951972544193268
84, 8, 341, 119, -0.05350228026509285
84, 9, 402, 155, -0.37418681383132935
84, 10, 364, 157, -0.3585268259048462
84, 11, 504, 234, -0.007663545664399862
84, 12, 286, 245, 0.030437801033258438
84, 13, 600, 392, -0.5714191794395447
84, 14, 162, 380, -0.539734959602356
84, 15, 444, 253, -1.1357178688049316
84, 16, 292, 287, -1.205323338508606
84, 17, 409, 236, -1.2538769245147705
84, 18, 335, 267, -1.3408201932907104
84, 19, 403, 224, -1.1356604099273682
84, 20, 344, 251, -1.2350993156433105
84, 21, 408, 232, -1.103330373764038
84, 22, 338, 258, -1.1794204711914062
84, 23, 468, 520, -0.029399201273918152
84, 24, 295, 540, 0.03349355235695839
84, 25, 458, 800, 0.04043363034725189
84, 26, 293, 788, 0.03969591110944748
84, 27, 451, 1020, 0.4449422359466553
84, 28, 289, 1011, 0.2680617868900299
84, 29, 456, 1049, 0.4561123251914978
84, 30, 283, 1041, 0.2792183458805084
84, 31, 423, 1098, -0.034016333520412445
84, 32, 311, 1091, -0.24331898987293243
85, 0, 380, 131, -0.49537819623947144
85, 1, 397, 107, -0.4420408308506012
85, 2, 408, 107, -0.4419211447238922
85, 3, 414, 107, -0.4413413107395172
85, 4, 368, 108, -0.4320697784423828
85, 5, 359, 108, -0.43166667222976685
85, 6, 350, 109, -0.4323333203792572
85, 7, 431, 117, -0.11899129301309586
85, 8, 341, 119, -0.05480080097913742
85, 9, 402, 155, -0.37746408581733704
85, 10, 364, 157, -0.3623327314853668
85, 11, 503, 233, -0.004641478881239891
85, 12, 286, 244, 0.02194422110915184
85, 13, 598, 392, -0.579993486404419
85, 14, 161, 381, -0.5497356653213501
85, 15, 443, 253, -1.1578840017318726
85, 16, 294, 285, -1.209612250328064
85, 17, 408, 236, -1.279010534286499
85, 18, 338, 265, -1.3432165384292603
85, 19, 401, 224, -1.1592366695404053
85, 20, 347, 250, -1.2381006479263306
85, 21, 407, 232, -1.1253435611724854
85, 22, 340, 257, -1.1831881999969482
85, 23, 465, 522, -0.02235039882361889
85, 24, 293, 540, 0.026619121432304382
85, 25, 456, 800, 0.024425970390439034
85, 26, 292, 789, 0.014474289491772652
85, 27, 449, 1020, 0.41689977049827576
85, 28, 287, 1011, 0.22983121871948242
85, 29, 454, 1050, 0.4271553158760071
85, 30, 281, 1041, 0.239149808883667
85, 31, 421, 1098, -0.06319684535264969
85, 32, 308, 1091, -0.28160029649734497
86, 0, 380, 131, -0.4927577078342438
86, 1, 397, 107, -0.43715983629226685
86, 2, 408, 107, -0.43700918555259705
86, 3, 414, 107, -0.4363740086555481
86, 4, 367, 108, -0.42925509810447693
86, 5, 358, 108, -0.42887845635414124
86, 6, 349, 109, -0.4294995367527008
86, 7, 431, 117, -0.10975662618875504
86, 8, 341, 119, -0.05691017955541611
86, 9, 402, 155, -0.3744533658027649
86, 10, 363, 157, -0.36204078793525696
86, 11, 501, 233, 0.0011434202315285802
86, 12, 284, 243, 0.020759712904691696
86, 13, 596, 392, -0.5528067350387573
86, 14, 160, 381, -0.5468136072158813
86, 15, 443, 253, -1.1104800701141357
86, 16, 294, 283, -1.1905758380889893
86, 17, 407, 236, -1.2309032678604126
86, 18, 338, 259, -1.3232800960540771
86, 19, 400, 224, -1.113921880722046
86, 20, 347, 246, -1.2190706729888916
86, 21, 406, 232, -1.0788958072662354
86, 22, 340, 254, -1.1653028726577759
86, 23, 465, 518, -0.019881654530763626
86, 24, 291, 540, 0.024219229817390442
86, 25, 456, 799, 0.015239926055073738
86, 26, 292, 788, 0.009934782981872559
86, 27, 450, 1019, 0.40227246284484863
86, 28, 288, 1010, 0.21930524706840515
86, 29, 454, 1049, 0.41160956025123596
86, 30, 281, 1041, 0.22843103110790253
86, 31, 422, 1098, -0.07758587598800659
86, 32, 309, 1089, -0.2920536696910858
87, 0, 380, 130, -0.4934348165988922
87, 1, 396, 107, -0.43908876180648804
87, 2, 407, 107, -0.4389227032661438
87, 3, 414, 107, -0.43827858567237854
87, 4, 366, 107, -0.430854856967926
87, 5, 356, 107, -0.43048447370529175
87, 6, 348, 108, -0.4311126172542572
87, 7, 429, 117, -0.11092080175876617
87, 8, 339, 118, -0.0583854615688324
87, 9, 401, 155, -0.37548816204071045
87, 10, 361, 156, -0.3627009987831116
87, 11, 498, 233, 0.0004886299138888717
87, 12, 283, 243, 0.01988327130675316
87, 13, 594, 392, -0.55437833070755
87, 14, 157, 382, -0.552108108997345
87, 15, 443, 253, -1.1381654739379883
87, 16, 289, 283, -1.2046881914138794
87, 17, 403, 236, -1.2652044296264648
87, 18, 329, 259, -1.3414067029953003
87, 19, 395, 225, -1.1542590856552124
87, 20, 339, 246, -1.2414425611495972
87, 21, 403, 232, -1.1094474792480469
87, 22, 334, 254, -1.1798549890518188
87, 23, 463, 516, -0.02010694518685341
87, 24, 288, 538, 0.02439069375395775
87, 25, 453, 796, 0.015939559787511826
87, 26, 290, 785, 0.010499799624085426
87, 27, 447, 1017, 0.4030546247959137
87, 28, 285, 1008, 0.23082873225212097
87, 29, 451, 1047, 0.41248440742492676
87, 30, 279, 1038, 0.241603821516037
87, 31, 419, 1095, -0.07510478049516678
87, 32, 306, 1086, -0.285940021276474
88, 0, 379, 129, -0.5138946771621704
88, 1, 396, 106, -0.4555245041847229
88, 2, 406, 106, -0.45537495613098145
88, 3, 414, 106, -0.4547411799430847
88, 4, 365, 106, -0.45174065232276917
88, 5, 355, 107, -0.4513588845729828
88, 6, 348, 107, -0.4519379138946533
88, 7, 428, 116, -0.11345978826284409
88, 8, 338, 117, -0.08074210584163666
88, 9, 400, 154, -0.3905119001865387
88, 10, 360, 155, -0.3836438059806824
88, 11, 493, 232, -0.0007452084100805223
88, 12, 281, 243, -0.005165139678865671
88, 13, 593, 390, -0.5617359280586243
88, 14, 154, 382, -0.6030353903770447
88, 15, 443, 253, -1.1956733465194702
88, 16, 288, 283, -1.2797915935516357
88, 17, 403, 236, -1.3312231302261353
88, 18, 329, 258, -1.4203829765319824
88, 19, 394, 225, -1.2160446643829346
88, 20, 338, 245, -1.3163340091705322
88, 21, 402, 233, -1.166895866394043
88, 22, 333, 254, -1.2530674934387207
88, 23, 462, 511, -0.018468361347913742
88, 24, 288, 535, 0.022635560482740402
88, 25, 453, 793, 0.033491410315036774
88, 26, 290, 782, 0.012735990807414055
88, 27, 447, 1013, 0.44040021300315857
88, 28, 286, 1005, 0.25230035185813904
88, 29, 452, 1043, 0.4515349864959717
88, 30, 280, 1035, 0.2653694748878479
88, 31, 420, 1091, -0.03876553848385811
88, 32, 307, 1082, -0.26822733879089355
89, 0, 377, 128, -0.5358335971832275
89, 1, 394, 106, -0.47557535767555237
89, 2, 404, 106, -0.4754696786403656
89, 3, 413, 106, -0.4748871922492981
89, 4, 364, 106, -0.4724062979221344
89, 5, 354, 106, -0.4720434248447418
89, 6, 347, 106, -0.4726540148258209
89, 7, 425, 115, -0.1240721121430397
89, 8, 336, 116, -0.09530985355377197
89, 9, 396, 153, -0.40926551818847656
89, 10, 357, 154, -0.402968168258667
89, 11, 490, 232, -0.0070467679761350155
89, 12, 278, 242, -0.025359218940138817
89, 13, 590, 388, -0.5933132767677307
89, 14, 148, 381, -0.6309044361114502
89, 15, 442, 252, -1.2123851776123047
89, 16, 288, 282, -1.2964260578155518
89, 17, 400, 235, -1.3445144891738892
89, 18, 329, 256, -1.4364054203033447
89, 19, 391, 225, -1.2263672351837158
89, 20, 339, 244, -1.3313947916030884
89, 21, 399, 232, -1.18191397190094
89, 22, 334, 252, -1.2684776782989502
89, 23, 460, 513, -0.01841786317527294
89, 24, 285, 535, 0.02255256101489067
89, 25, 451, 793, 0.05630318075418472
89, 26, 288, 782, 0.03466210514307022
89, 27, 445, 1014, 0.4960710108280182
89, 28, 284, 1005, 0.3064013123512268
89, 29, 449, 1043, 0.510750949382782
89, 30, 277, 1035, 0.3218826353549957
89, 31, 419, 1092, 0.016041863709688187
89, 32, 305, 1083, -0.21319451928138733
90, 0, 376, 128, -0.5330672860145569
90, 1, 392, 105, -0.4736770987510681
90, 2, 402, 105, -0.4735616147518158
90, 3, 411, 106, -0.47297269105911255
90, 4, 362, 105, -0.46948641538619995
90, 5, 352, 106, -0.4691223204135895
90, 6, 346, 106, -0.469737708568573
90, 7, 423, 115, -0.1267889440059662
90, 8, 333, 116, -0.09406548738479614
90, 9, 395, 153, -0.4080337882041931
90, 10, 354, 154, -0.4003942012786865
90, 11, 489, 233, -0.0069583444856107235
90, 12, 276, 242, -0.023022811859846115
90, 13, 589, 388, -0.5690878629684448
90, 14, 142, 380, -0.6129323244094849
90, 15, 442, 252, -1.105154275894165
90, 16, 288, 280, -1.2082198858261108
90, 17, 398, 235, -1.2207080125808716
90, 18, 328, 254, -1.3353052139282227
90, 19, 389, 225, -1.0946683883666992
90, 20, 338, 242, -1.2268259525299072
90, 21, 398, 232, -1.0705978870391846
90, 22, 333, 251, -1.1792124509811401
90, 23, 457, 514, -0.018340324983000755
90, 24, 280, 535, 0.022519290447235107
90, 25, 446, 793, 0.05946028232574463
90, 26, 283, 783, 0.06555678695440292
90, 27, 438, 1014, 0.5133164525032043
90, 28, 280, 1005, 0.3719879984855652
90, 29, 443, 1043, 0.5307489633560181
90, 30, 274, 1036, 0.39091020822525024
90, 31, 412, 1092, 0.041924528777599335
90, 32, 302, 1084, -0.14140895009040833
91, 0, 373, 127, -0.4952147901058197
91, 1, 389, 105, -0.4352951943874359
91, 2, 399, 105, -0.4351601004600525
91, 3, 408, 105, -0.43464040756225586
91, 4, 359, 105, -0.43189844489097595
91, 5, 350, 105, -0.43141794204711914
91, 6, 344, 105, -0.4319809377193451
91, 7, 420, 115, -0.0993158370256424
91, 8, 331, 116, -0.06671513617038727
91, 9, 391, 153, -0.3744560182094574
91, 10, 352, 154, -0.36710456013679504
91, 11, 484, 233, 0.013552747666835785
91, 12, 273, 241, 0.0025284788571298122
91, 13, 589, 386, -0.5246161222457886
91, 14, 139, 379, -0.5408104658126831
91, 15, 442, 252, -1.019187092781067
91, 16, 282, 281, -1.1349540948867798
91, 17, 396, 235, -1.130806565284729
91, 18, 321, 256, -1.261310338973999
91, 19, 386, 225, -1.0049747228622437
91, 20, 332, 243, -1.1602073907852173
91, 21, 396, 232, -0.9830261468887329
91, 22, 327, 252, -1.1086195707321167
91, 23, 455, 514, -0.018374819308519363
91, 24, 276, 535, 0.022562799975275993
91, 25, 442, 793, 0.056334204971790314
91, 26, 280, 783, 0.07117001712322235
91, 27, 433, 1014, 0.5012901425361633
91, 28, 276, 1005, 0.36583149433135986
91, 29, 438, 1043, 0.516461968421936
91, 30, 270, 1036, 0.3835751712322235
91, 31, 407, 1092, 0.024468010291457176
91, 32, 298, 1084, -0.14722391963005066
92, 0, 372, 127, -0.5071648359298706
92, 1, 388, 104, -0.44939595460891724
92, 2, 397, 105, -0.4492422938346863
92, 3, 406, 105, -0.44878071546554565
92, 4, 358, 104, -0.44609498977661133
92, 5, 348, 105, -0.44555917382240295
92, 6, 342, 105, -0.4460975229740143
92, 7, 418, 115, -0.11267349869012833
92, 8, 327, 116, -0.07973642647266388
92, 9, 390, 153, -0.38540178537368774
92, 10, 350, 153, -0.3779844045639038
92, 11, 481, 233, 0.007707933429628611
92, 12, 270, 240, -0.005291943904012442
92, 13, 588, 386, -0.534862220287323
92, 14, 134, 379, -0.5486248135566711
92, 15, 442, 252, -1.0415867567062378
92, 16, 278, 282, -1.1653324365615845
92, 17, 394, 236, -1.1551339626312256
92, 18, 317, 260, -1.2960309982299805
92, 19, 384, 225, -1.0330451726913452
92, 20, 327, 246, -1.1836748123168945
92, 21, 395, 232, -1.0065066814422607
92, 22, 323, 254, -1.1368688344955444
92, 23, 450, 514, -0.01839796081185341
92, 24, 272, 535, 0.02258516661822796
92, 25, 439, 793, 0.0699610561132431
92, 26, 276, 783, 0.07631660997867584
92, 27, 429, 1014, 0.5272988080978394
92, 28, 270, 1006, 0.3756404519081116
92, 29, 434, 1044, 0.5441223978996277
92, 30, 263, 1036, 0.39376285672187805
92, 31, 403, 1092, 0.049619898200035095
92, 32, 291, 1084, -0.14139197766780853
93, 0, 369, 126, -0.5228946208953857
93, 1, 386, 104, -0.46357670426368713
93, 2, 395, 104, -0.4634024500846863
93, 3, 404, 104, -0.46294841170310974
93, 4, 355, 104, -0.4617958962917328
93, 5, 346, 104, -0.4612103998661041
93, 6, 340, 104, -0.4617133140563965
93, 7, 415, 114, -0.12296843528747559
93, 8, 325, 115, -0.09842488169670105
93, 9, 387, 152, -0.3996557295322418
93, 10, 348, 153, -0.39458972215652466
93, 11, 477, 233, -0.004652019590139389
93, 12, 266, 239, -0.01640157401561737
93, 13, 587, 385, -0.5449574589729309
93, 14, 131, 378, -0.5585819482803345
93, 15, 439, 253, -1.0620172023773193
93, 16, 275, 291, -1.171743631362915
93, 17, 385, 242, -1.1779463291168213
93, 18, 315, 267, -1.307081699371338
93, 19, 375, 230, -1.052476406097412
93, 20, 325, 254, -1.1848737001419067
93, 21, 389, 236, -1.0257089138031006
93, 22, 319, 264, -1.1418702602386475
93, 23, 446, 514, -0.01841624267399311
93, 24, 269, 535, 0.022615421563386917
93, 25, 436, 794, 0.06693904101848602
93, 26, 273, 783, 0.07142553478479385
93, 27, 429, 1014, 0.5171276926994324
93, 28, 268, 1006, 0.3615509271621704
93, 29, 433, 1044, 0.5330715179443359
93, 30, 262, 1036, 0.37851056456565857
93, 31, 402, 1092, 0.03764938935637474
93, 32, 289, 1085, -0.1563776582479477
94, 0, 367, 126, -0.5539413690567017
94, 1, 384, 103, -0.49602943658828735
94, 2, 393, 104, -0.4958997368812561
94, 3, 402, 104, -0.49546369910240173
94, 4, 352, 103, -0.4924507737159729
94, 5, 344, 104, -0.49194401502609253
94, 6, 337, 104, -0.4924929141998291
94, 7, 413, 114, -0.15604379773139954
94, 8, 322, 115, -0.12554863095283508
94, 9, 385, 152, -0.4303857684135437
94, 10, 346, 153, -0.42367100715637207
94, 11, 475, 233, -0.03504205122590065
94, 12, 262, 239, -0.027772987261414528
94, 13, 587, 385, -0.5475314259529114
94, 14, 126, 378, -0.5690604448318481
94, 15, 435, 258, -1.0680465698242188
94, 16, 275, 297, -1.1799256801605225
94, 17, 379, 243, -1.18169105052948
94, 18, 316, 270, -1.3175623416900635
94, 19, 371, 233, -1.0554559230804443
94, 20, 326, 258, -1.2007075548171997
94, 21, 384, 240, -1.0306296348571777
94, 22, 320, 269, -1.1517932415008545
94, 23, 447, 529, -0.021039234474301338
94, 24, 269, 535, 0.02524144947528839
94, 25, 437, 793, 0.0663592666387558
94, 26, 274, 783, 0.07670767605304718
94, 27, 430, 1014, 0.5132988691329956
94, 28, 267, 1006, 0.37482255697250366
94, 29, 435, 1044, 0.529977023601532
94, 30, 261, 1037, 0.39240604639053345
94, 31, 403, 1093, 0.032558634877204895
94, 32, 288, 1085, -0.14379295706748962
95, 0, 361, 126, -0.6412895917892456
95, 1, 379, 103, -0.5900810956954956
95, 2, 388, 103, -0.5898014307022095
95, 3, 397, 104, -0.5892068147659302
95, 4, 347, 103, -0.5863932371139526
95, 5, 340, 104, -0.5858675241470337
95, 6, 331, 104, -0.5863544940948486
95, 7, 410, 113, -0.2591857612133026
95, 8, 318, 115, -0.2312963753938675
95, 9, 380, 151, -0.5179747939109802
95, 10, 342, 153, -0.5117133855819702
95, 11, 474, 231, -0.10879749059677124
95, 12, 256, 236, -0.09820090234279633
95, 13, 586, 385, -0.5820658206939697
95, 14, 123, 378, -0.6126190423965454
95, 15, 427, 269, -1.0711020231246948
95, 16, 265, 307, -1.246102213859558
95, 17, 371, 252, -1.1907973289489746
95, 18, 309, 289, -1.378621220588684
95, 19, 362, 243, -1.0686776638031006
95, 20, 320, 276, -1.2722622156143188
95, 21, 375, 252, -1.0387394428253174
95, 22, 314, 284, -1.2188332080841064
95, 23, 443, 522, -0.020879458636045456
95, 24, 267, 535, 0.025111248716711998
95, 25, 436, 792, 0.08712136745452881
95, 26, 273, 783, 0.07420720160007477
95, 27, 431, 1014, 0.5802503824234009
95, 28, 268, 1006, 0.3955979347229004
95, 29, 435, 1044, 0.6017210483551025
95, 30, 262, 1037, 0.41541653871536255
95, 31, 403, 1092, 0.10997293144464493
95, 32, 289, 1084, -0.11869899183511734
96, 0, 356, 125, -0.6234418749809265
96, 1, 373, 102, -0.5728583931922913
96, 2, 384, 103, -0.5726617574691772
96, 3, 393, 103, -0.5721924901008606
96, 4, 342, 103, -0.569545567035675
96, 5, 336, 103, -0.5691013336181641
96, 6, 326, 103, -0.5696225166320801
96, 7, 407, 112, -0.24512681365013123
96, 8, 315, 115, -0.22146467864513397
96, 9, 376, 150, -0.5010319948196411
96, 10, 339, 152, -0.49557214975357056
96, 11, 472, 230, -0.09982316195964813
96, 12, 251, 233, -0.0815863162279129
96, 13, 586, 386, -0.575384259223938
96, 14, 120, 377, -0.6119876503944397
96, 15, 424, 286, -1.081833839416504
96, 16, 261, 317, -1.2488806247711182
96, 17, 370, 273, -1.2004787921905518
96, 18, 309, 311, -1.3777000904083252
96, 19, 360, 261, -1.077933669090271
96, 20, 319, 294, -1.277613878250122
96, 21, 373, 269, -1.048043966293335
96, 22, 312, 298, -1.2217637300491333
96, 23, 443, 529, -0.020877886563539505
96, 24, 267, 534, 0.025071758776903152
96, 25, 435, 788, 0.09817810356616974
96, 26, 273, 782, 0.0769810825586319
96, 27, 431, 1010, 0.575985848903656
96, 28, 268, 1006, 0.3864886164665222
96, 29, 436, 1040, 0.596493661403656
96, 30, 262, 1037, 0.4048137068748474
96, 31, 403, 1092, 0.11813642084598541
96, 32, 289, 1084, -0.1165001392364502
97, 0, 352, 125, -0.6732045412063599
97, 1, 369, 102, -0.6276963949203491
97, 2, 380, 102, -0.6274216771125793
97, 3, 388, 102, -0.6269176602363586
97, 4, 339, 102, -0.6259993314743042
97, 5, 332, 102, -0.6255219578742981
97, 6, 322, 103, -0.6260416507720947
97, 7, 403, 110, -0.30811434984207153
97, 8, 312, 113, -0.294707328081131
97, 9, 371, 149, -0.5521489977836609
97, 10, 335, 151, -0.5494817495346069
97, 11, 469, 229, -0.1438123881816864
97, 12, 247, 232, -0.13835598528385162
97, 13, 582, 387, -0.5738164186477661
97, 14, 118, 377, -0.6089670658111572
97, 15, 414, 294, -1.0838334560394287
97, 16, 257, 329, -1.2468512058258057
97, 17, 362, 287, -1.1958732604980469
97, 18, 304, 329, -1.363128423690796
97, 19, 354, 270, -1.0777623653411865
97, 20, 314, 307, -1.2743841409683228
97, 21, 367, 277, -1.0482958555221558
97, 22, 307, 309, -1.2201862335205078
97, 23, 441, 531, -0.016704928129911423
97, 24, 266, 534, 0.020635254681110382
97, 25, 435, 785, 0.1040518507361412
97, 26, 273, 781, 0.054447613656520844
97, 27, 432, 1007, 0.5717816352844238
97, 28, 269, 1004, 0.3710078299045563
97, 29, 437, 1037, 0.5917962789535522
97, 30, 263, 1036, 0.3887265622615814
97, 31, 403, 1089, 0.12010107189416885
97, 32, 290, 1081, -0.1254594624042511
98, 0, 348, 124, -0.6603261828422546
98, 1, 365, 101, -0.6172687411308289
98, 2, 376, 101, -0.6170305013656616
98, 3, 384, 101, -0.6166321635246277
98, 4, 336, 101, -0.6117845773696899
98, 5, 329, 101, -0.6114311218261719
98, 6, 319, 102, -0.611988365650177
98, 7, 399, 109, -0.3038416802883148
98, 8, 310, 112, -0.27065593004226685
98, 9, 367, 148, -0.5402524471282959
98, 10, 333, 151, -0.5323179364204407
98, 11, 465, 228, -0.14100824296474457
98, 12, 239, 231, -0.11915206909179688
98, 13, 577, 388, -0.5789147615432739
98, 14, 116, 377, -0.6063746213912964
98, 15, 414, 301, -1.131186842918396
98, 16, 244, 339, -1.2891968488693237
98, 17, 364, 301, -1.2488361597061157
98, 18, 290, 343, -1.4185413122177124
98, 19, 355, 282, -1.1420633792877197
98, 20, 300, 318, -1.3451653718948364
98, 21, 368, 285, -1.0977089405059814
98, 22, 292, 317, -1.2701703310012817
98, 23, 434, 533, -0.017191149294376373
98, 24, 261, 534, 0.021012313663959503
98, 25, 430, 781, 0.021704306825995445
98, 26, 267, 778, 0.07818550616502762
98, 27, 427, 1005, 0.4093918204307556
98, 28, 264, 1004, 0.3696048855781555
98, 29, 432, 1035, 0.4240620732307434
98, 30, 258, 1036, 0.38574379682540894
98, 31, 397, 1089, -0.046812351793050766
98, 32, 283, 1080, -0.11316851526498795
99, 0, 345, 124, -0.7058544158935547
99, 1, 361, 100, -0.6645259857177734
99, 2, 372, 100, -0.6643195748329163
99, 3, 381, 100, -0.6639294624328613
99, 4, 333, 101, -0.6623631715774536
99, 5, 327, 100, -0.6620237827301025
99, 6, 317, 101, -0.6625717878341675
99, 7, 395, 108, -0.3478965163230896
99, 8, 308, 111, -0.3320264220237732
99, 9, 362, 147, -0.5847231149673462
99, 10, 330, 150, -0.5811489820480347
99, 11, 462, 228, -0.15928712487220764
99, 12, 235, 230, -0.16566288471221924
99, 13, 573, 391, -0.5655177235603333
99, 14, 113, 378, -0.6119002103805542
99, 15, 417, 314, -1.136733055114746
99, 16, 244, 343, -1.2947676181793213
99, 17, 374, 316, -1.255537748336792
99, 18, 290, 345, -1.4209705591201782
99, 19, 363, 296, -1.158128261566162
99, 20, 300, 320, -1.3513380289077759
99, 21, 373, 296, -1.1063416004180908
99, 22, 292, 319, -1.2762653827667236
99, 23, 430, 533, -0.014202101156115532
99, 24, 257, 532, 0.017788682132959366
99, 25, 425, 778, 0.060491085052490234
99, 26, 262, 775, 0.06631077826023102
99, 27, 423, 1003, 0.47764772176742554
99, 28, 260, 1001, 0.36724162101745605
99, 29, 428, 1032, 0.49632325768470764
99, 30, 255, 1034, 0.38326960802078247
99, 31, 394, 1086, 0.04829324409365654
99, 32, 280, 1077, -0.1191256195306778
100, 0, 343, 122, -0.6773990392684937
100, 1, 359, 100, -0.6362597346305847
100, 2, 369, 100, -0.6360180974006653
100, 3, 377, 100, -0.6356799602508545
100, 4, 331, 100, -0.6347267627716064
100, 5, 325, 100, -0.6344319581985474
100, 6, 316, 100, -0.6350095272064209
100, 7, 390, 107, -0.3352179229259491
100, 8, 306, 109, -0.3235403597354889
100, 9, 360, 145, -0.5604060888290405
100, 10, 327, 148, -0.5575363636016846
100, 11, 457, 227, -0.1509828269481659
100, 12, 233, 230, -0.16369327902793884
100, 13, 567, 391, -0.49066171050071716
100, 14, 112, 380, -0.5823283791542053
100, 15, 418, 317, -1.0078972578048706
100, 16, 242, 345, -1.1891714334487915
100, 17, 378, 324, -1.1081994771957397
100, 18, 287, 344, -1.299440622329712
100, 19, 364, 303, -1.024104356765747
100, 20, 296, 320, -1.232822060585022
100, 21, 374, 302, -0.9804608225822449
100, 22, 289, 320, -1.1689214706420898
100, 23, 427, 528, -0.0047516049817204475
100, 24, 254, 525, 0.008102553896605968
100, 25, 426, 764, 0.006802839692682028
100, 26, 260, 766, 0.08651942014694214
100, 27, 424, 992, 0.3459365963935852
100, 28, 259, 995, 0.38804394006729126
100, 29, 428, 1023, 0.35771089792251587
100, 30, 254, 1029, 0.4033567011356354
100, 31, 395, 1078, -0.094334177672863
100, 32, 281, 1071, -0.07345613837242126
101, 0, 342, 122, -0.6215919256210327
101, 1, 357, 99, -0.5863624811172485
101, 2, 367, 99, -0.5864155888557434
101, 3, 375, 100, -0.5865060091018677
101, 4, 329, 100, -0.58592689037323
101, 5, 323, 100, -0.5858269929885864
101, 6, 315, 100, -0.586513876914978
101, 7, 387, 106, -0.3142327666282654
101, 8, 304, 109, -0.289635568857193
101, 9, 358, 145, -0.516133189201355
101, 10, 325, 148, -0.5154387950897217
101, 11, 455, 227, -0.14429113268852234
101, 12, 230, 230, -0.15593409538269043
101, 13, 561, 392, -0.4347941279411316
101, 14, 112, 381, -0.5235621333122253
101, 15, 420, 318, -0.9511113166809082
101, 16, 239, 345, -1.1268250942230225
101, 17, 381, 326, -1.0509121417999268
101, 18, 283, 345, -1.2330968379974365
101, 19, 365, 305, -0.9688128232955933
101, 20, 293, 321, -1.166037678718567
101, 21, 374, 303, -0.9236177206039429
101, 22, 285, 321, -1.106273889541626
101, 23, 424, 520, -0.004531593061983585
101, 24, 254, 520, 0.007709187921136618
101, 25, 435, 744, -0.20290008187294006
101, 26, 261, 758, 0.012943528592586517
101, 27, 429, 981, 0.005047616548836231
101, 28, 262, 993, 0.09325657784938812
101, 29, 431, 1011, 0.006217694841325283
101, 30, 259, 1027, 0.08561412990093231
101, 31, 400, 1069, -0.435769647359848
101, 32, 283, 1067, -0.3502332270145416
102, 0, 340, 121, -0.6204943060874939
102, 1, 356, 98, -0.5854880213737488
102, 2, 366, 98, -0.58548504114151
102, 3, 374, 99, -0.5854616165161133
102, 4, 327, 98, -0.5844621658325195
102, 5, 320, 98, -0.5842893123626709
102, 6, 312, 99, -0.5849477648735046
102, 7, 386, 105, -0.298674076795578
102, 8, 301, 108, -0.2763941287994385
102, 9, 357, 144, -0.5143469572067261
102, 10, 323, 147, -0.5124860405921936
102, 11, 453, 226, -0.13700303435325623
102, 12, 226, 230, -0.13808026909828186
102, 13, 561, 393, -0.4665988087654114
102, 14, 109, 382, -0.5361716747283936
102, 15, 420, 320, -0.995978832244873
102, 16, 239, 345, -1.156581997871399
102, 17, 380, 325, -1.1004278659820557
102, 18, 283, 345, -1.268884539604187
102, 19, 365, 305, -1.011323094367981
102, 20, 293, 322, -1.1975977420806885
102, 21, 374, 303, -0.9671629667282104
102, 22, 285, 321, -1.1358479261398315
102, 23, 422, 520, -0.005095493979752064
102, 24, 253, 521, 0.008317588828504086
102, 25, 435, 749, -0.15129980444908142
102, 26, 261, 760, 0.015217090025544167
102, 27, 428, 982, 0.11207723617553711
102, 28, 261, 992, 0.15601330995559692
102, 29, 430, 1013, 0.116604283452034
102, 30, 257, 1027, 0.15530703961849213
102, 31, 399, 1069, -0.3288492262363434
102, 32, 282, 1067, -0.2929432988166809
103, 0, 336, 120, -0.7255908846855164
103, 1, 352, 97, -0.6836913228034973
103, 2, 363, 98, -0.6836673021316528
103, 3, 371, 98, -0.6835359334945679
103, 4, 323, 98, -0.681740403175354
103, 5, 316, 98, -0.6815568804740906
103, 6, 308, 98, -0.6821789741516113
103, 7, 384, 105, -0.3637790083885193
103, 8, 298, 108, -0.34531718492507935
103, 9, 353, 143, -0.6025496125221252
103, 10, 319, 146, -0.5991963148117065
103, 11, 451, 226, -0.17002849280834198
103, 12, 225, 230, -0.1654154360294342
103, 13, 558, 393, -0.5504077672958374
103, 14, 107, 382, -0.5961253046989441
103, 15, 414, 316, -1.1617311239242554
103, 16, 239, 344, -1.2657487392425537
103, 17, 374, 318, -1.2798988819122314
103, 18, 283, 345, -1.3856761455535889
103, 19, 362, 298, -1.1883571147918701
103, 20, 292, 321, -1.318576455116272
103, 21, 371, 299, -1.1338331699371338
103, 22, 285, 320, -1.2465804815292358
103, 23, 421, 507, -0.007504376117140055
103, 24, 253, 522, 0.010544458404183388
103, 25, 433, 754, -0.13162431120872498
103, 26, 261, 762, 0.01776314340531826
103, 27, 428, 985, 0.17792025208473206
103, 28, 261, 993, 0.17840752005577087
103, 29, 430, 1015, 0.18567873537540436
103, 30, 257, 1028, 0.1789863258600235
103, 31, 398, 1071, -0.2846809923648834
103, 32, 282, 1067, -0.2967405915260315
104, 0, 335, 119, -0.6304274797439575
104, 1, 351, 97, -0.5870924592018127
104, 2, 361, 97, -0.5871869325637817
104, 3, 369, 98, -0.5872161388397217
104, 4, 321, 97, -0.5850644111633301
104, 5, 314, 97, -0.5848919153213501
104, 6, 307, 97, -0.5855394601821899
104, 7, 382, 105, -0.2809329032897949
104, 8, 296, 107, -0.2621409296989441
104, 9, 352, 143, -0.5118855237960815
104, 10, 317, 145, -0.5085697174072266
104, 11, 448, 225, -0.0953281968832016
104, 12, 223, 229, -0.10589470714330673
104, 13, 556, 394, -0.48615384101867676
104, 14, 103, 381, -0.5437742471694946
104, 15, 415, 315, -1.1201889514923096
104, 16, 232, 344, -1.2113159894943237
104, 17, 375, 316, -1.251760721206665
104, 18, 276, 347, -1.331315279006958
104, 19, 364, 295, -1.1740858554840088
104, 20, 285, 322, -1.2743890285491943
104, 21, 372, 296, -1.101951241493225
104, 22, 277, 321, -1.1958905458450317
104, 23, 417, 501, -0.007756567560136318
104, 24, 249, 522, 0.01083556842058897
104, 25, 433, 751, -0.23249569535255432
104, 26, 259, 762, 0.0028959407936781645
104, 27, 427, 985, -0.02944117784500122
104, 28, 260, 994, 0.07986395806074142
104, 29, 429, 1016, -0.031405530869960785
104, 30, 256, 1029, 0.07172836363315582
104, 31, 397, 1071, -0.5007046461105347
104, 32, 282, 1068, -0.3889402747154236
105, 0, 332, 119, -0.64185631275177
105, 1, 349, 97, -0.5992674827575684
105, 2, 359, 97, -0.5994088649749756
105, 3, 367, 97, -0.5994725227355957
105, 4, 319, 97, -0.5957655310630798
105, 5, 312, 97, -0.5956841707229614
105, 6, 305, 97, -0.5962923765182495
105, 7, 380, 105, -0.28876909613609314
105, 8, 294, 107, -0.2647795081138611
105, 9, 350, 142, -0.5203336477279663
105, 10, 315, 145, -0.5156258344650269
105, 11, 446, 225, -0.0976296216249466
105, 12, 220, 228, -0.09994082897901535
105, 13, 555, 394, -0.4921032786369324
105, 14, 99, 381, -0.5414096713066101
105, 15, 414, 314, -1.1137856245040894
105, 16, 230, 346, -1.211001992225647
105, 17, 375, 315, -1.2380051612854004
105, 18, 274, 349, -1.33058762550354
105, 19, 364, 294, -1.151153802871704
105, 20, 284, 323, -1.2728285789489746
105, 21, 373, 295, -1.0898014307022095
105, 22, 275, 322, -1.1954838037490845
105, 23, 413, 506, -0.009509874507784843
105, 24, 248, 523, 0.012348928488790989
105, 25, 433, 741, -0.45383769273757935
105, 26, 259, 759, -0.11305423825979233
105, 27, 426, 982, -0.25473731756210327
105, 28, 260, 994, -0.10302042961120605
105, 29, 427, 1013, -0.25646132230758667
105, 30, 256, 1030, -0.11842868477106094
105, 31, 396, 1070, -0.736232340335846
105, 32, 281, 1068, -0.5852092504501343
106, 0, 331, 119, -0.7067273855209351
106, 1, 347, 97, -0.6621245741844177
106, 2, 357, 97, -0.6622215509414673
106, 3, 366, 97, -0.6621531248092651
106, 4, 317, 97, -0.6632229089736938
106, 5, 310, 97, -0.6631020307540894
106, 6, 303, 97, -0.6637400388717651
106, 7, 378, 105, -0.3355981707572937
106, 8, 292, 107, -0.33303168416023254
106, 9, 348, 142, -0.5797163248062134
106, 10, 313, 145, -0.5809091329574585
106, 11, 444, 225, -0.12267587333917618
106, 12, 218, 228, -0.14505432546138763
106, 13, 553, 394, -0.5013052225112915
106, 14, 96, 381, -0.5664960145950317
106, 15, 415, 314, -1.152889370918274
106, 16, 229, 346, -1.2392818927764893
106, 17, 377, 316, -1.2756139039993286
106, 18, 274, 349, -1.3571314811706543
106, 19, 367, 293, -1.190479040145874
106, 20, 283, 323, -1.2988643646240234
106, 21, 374, 294, -1.1281943321228027
106, 22, 275, 322, -1.2232561111450195
106, 23, 412, 509, -0.009597251191735268
106, 24, 246, 523, 0.012461414560675621
106, 25, 428, 745, -0.27640625834465027
106, 26, 256, 760, -0.086114302277565
106, 27, 422, 983, -0.03739570081233978
106, 28, 259, 994, -0.023626551032066345
106, 29, 424, 1014, -0.03738504275679588
106, 30, 254, 1030, -0.03391245752573013
106, 31, 392, 1071, -0.5115577578544617
106, 32, 279, 1069, -0.5093160271644592
107, 0, 327, 118, -0.6294974088668823
107, 1, 344, 96, -0.5825983285903931
107, 2, 354, 96, -0.5827417373657227
107, 3, 363, 97, -0.58277428150177
107, 4, 314, 96, -0.579522967338562
107, 5, 307, 96, -0.5794335007667542
107, 6, 300, 96, -0.5799866914749146
107, 7, 376, 104, -0.2736026644706726
107, 8, 290, 106, -0.25191769003868103
107, 9, 346, 141, -0.5109063386917114
107, 10, 310, 144, -0.5069776177406311
107, 11, 442, 225, -0.0927627682685852
107, 12, 216, 228, -0.08632512390613556
107, 13, 550, 394, -0.46641087532043457
107, 14, 95, 382, -0.5274454951286316
107, 15, 412, 313, -1.0470468997955322
107, 16, 229, 346, -1.1733344793319702
107, 17, 373, 316, -1.1611584424972534
107, 18, 275, 348, -1.2868969440460205
107, 19, 363, 294, -1.0714815855026245
107, 20, 283, 323, -1.2222568988800049
107, 21, 370, 295, -1.0182677507400513
107, 22, 275, 321, -1.1553127765655518
107, 23, 410, 498, -0.00968872383236885
107, 24, 244, 522, 0.012576389126479626
107, 25, 428, 735, -0.4427155554294586
107, 26, 256, 754, -0.17982883751392365
107, 27, 422, 979, -0.23628392815589905
107, 28, 258, 994, -0.19925963878631592
107, 29, 423, 1010, -0.2365083247423172
107, 30, 254, 1030, -0.21798522770404816
107, 31, 392, 1069, -0.7063889503479004
107, 32, 279, 1069, -0.68541419506073
108, 0, 325, 118, -0.6883630156517029
108, 1, 342, 96, -0.6453143358230591
108, 2, 352, 96, -0.6454210877418518
108, 3, 361, 96, -0.645376980304718
108, 4, 312, 96, -0.6436420679092407
108, 5, 305, 96, -0.6435391306877136
108, 6, 298, 96, -0.6441131830215454
108, 7, 374, 104, -0.3295433223247528
108, 8, 288, 106, -0.31472325325012207
108, 9, 343, 141, -0.5658188462257385
108, 10, 308, 143, -0.563567578792572
108, 11, 441, 225, -0.12597805261611938
108, 12, 213, 228, -0.11934997141361237
108, 13, 549, 393, -0.4771835207939148
108, 14, 96, 384, -0.5304273366928101
108, 15, 413, 317, -1.0718446969985962
108, 16, 227, 346, -1.2134323120117188
108, 17, 373, 319, -1.1912537813186646
108, 18, 272, 347, -1.3301641941070557
108, 19, 363, 298, -1.1193207502365112
108, 20, 281, 322, -1.272735357284546
108, 21, 371, 297, -1.0495473146438599
108, 22, 273, 320, -1.1978764533996582
108, 23, 410, 494, -0.009760702028870583
108, 24, 243, 521, 0.012665544636547565
108, 25, 428, 738, -0.38296470046043396
108, 26, 254, 754, -0.1237276941537857
108, 27, 419, 979, -0.1802554577589035
108, 28, 256, 993, -0.08135011047124863
108, 29, 420, 1010, -0.18227365612983704
108, 30, 253, 1029, -0.09413139522075653
108, 31, 389, 1067, -0.6572429537773132
108, 32, 276, 1066, -0.5609670877456665
109, 0, 322, 117, -0.7238333821296692
109, 1, 340, 95, -0.6822754144668579
109, 2, 350, 95, -0.6823075413703918
109, 3, 359, 96, -0.682158350944519
109, 4, 309, 95, -0.6797752976417542
109, 5, 302, 95, -0.6796496510505676
109, 6, 296, 96, -0.6802365183830261
109, 7, 372, 104, -0.3655473589897156
109, 8, 286, 105, -0.3469131290912628
109, 9, 341, 140, -0.601150393486023
109, 10, 305, 142, -0.5975268483161926
109, 11, 440, 225, -0.15709787607192993
109, 12, 211, 228, -0.1423250138759613
109, 13, 547, 393, -0.4995299279689789
109, 14, 95, 385, -0.5499048233032227
109, 15, 409, 317, -1.117205023765564
109, 16, 225, 346, -1.2551501989364624
109, 17, 366, 321, -1.2325539588928223
109, 18, 269, 346, -1.3722869157791138
109, 19, 356, 300, -1.1561650037765503
109, 20, 278, 321, -1.3109052181243896
109, 21, 365, 299, -1.092307209968567
109, 22, 270, 320, -1.2380003929138184
109, 23, 409, 504, -0.01017121970653534
109, 24, 242, 521, 0.01305970549583435
109, 25, 424, 740, -0.341620534658432
109, 26, 251, 755, -0.11582501232624054
109, 27, 416, 980, -0.14436885714530945
109, 28, 253, 993, -0.019849402830004692
109, 29, 417, 1010, -0.14815756678581238
109, 30, 250, 1029, -0.029684508219361305
109, 31, 386, 1067, -0.6310974955558777
109, 32, 274, 1066, -0.4994957447052002
110, 0, 322, 116, -0.7019921541213989
110, 1, 339, 95, -0.658991277217865
110, 2, 349, 95, -0.6589387655258179
110, 3, 358, 95, -0.6587560772895813
110, 4, 309, 95, -0.6607785224914551
110, 5, 301, 95, -0.6605424880981445
110, 6, 295, 95, -0.6611140966415405
110, 7, 370, 103, -0.3562846779823303
110, 8, 284, 104, -0.3322369158267975
110, 9, 340, 140, -0.587391197681427
110, 10, 304, 142, -0.5904965996742249
110, 11, 436, 225, -0.14992977678775787
110, 12, 210, 228, -0.13818256556987762
110, 13, 544, 393, -0.49168476462364197
110, 14, 92, 386, -0.5499700307846069
110, 15, 405, 317, -1.0587232112884521
110, 16, 225, 345, -1.224881887435913
110, 17, 360, 320, -1.1644114255905151
110, 18, 270, 346, -1.3378595113754272
110, 19, 351, 300, -1.0769398212432861
110, 20, 278, 321, -1.2712976932525635
110, 21, 360, 299, -1.0291125774383545
110, 22, 271, 320, -1.2054450511932373
110, 23, 404, 512, -0.010224824771285057
110, 24, 237, 521, 0.013128906488418579
110, 25, 415, 745, -0.18151459097862244
110, 26, 244, 756, -0.04155678302049637
110, 27, 412, 980, 0.08222191035747528
110, 28, 249, 993, 0.09150306135416031
110, 29, 414, 1011, 0.08591319620609283
110, 30, 246, 1027, 0.0880703255534172
110, 31, 383, 1068, -0.3708544373512268
110, 32, 271, 1066, -0.36911290884017944
111, 0, 321, 116, -0.7688716650009155
111, 1, 338, 94, -0.7216214537620544
111, 2, 348, 95, -0.7216016054153442
111, 3, 357, 95, -0.7214432954788208
111, 4, 308, 94, -0.7241849899291992
111, 5, 300, 95, -0.7239788770675659
111, 6, 294, 95, -0.7245711088180542
111, 7, 369, 103, -0.3853154182434082
111, 8, 283, 104, -0.3865147829055786
111, 9, 339, 139, -0.6397119164466858
111, 10, 303, 141, -0.6430959701538086
111, 11, 435, 225, -0.18222519755363464
111, 12, 209, 228, -0.1873011291027069
111, 13, 542, 394, -0.5698386430740356
111, 14, 88, 386, -0.6256869435310364
111, 15, 401, 320, -1.1820852756500244
111, 16, 226, 345, -1.2942278385162354
111, 17, 358, 321, -1.299142599105835
111, 18, 271, 346, -1.4128749370574951
111, 19, 349, 300, -1.2043401002883911
111, 20, 279, 322, -1.33815598487854
111, 21, 358, 300, -1.151530385017395
111, 22, 271, 321, -1.2715649604797363
111, 23, 404, 506, -0.012489598244428635
111, 24, 238, 524, 0.015381971374154091
111, 25, 412, 757, -0.04815206676721573
111, 26, 245, 761, 0.026435885578393936
111, 27, 411, 984, 0.3310035169124603
111, 28, 250, 993, 0.2508135735988617
111, 29, 415, 1013, 0.345150887966156
111, 30, 246, 1028, 0.2580881714820862
111, 31, 383, 1070, -0.12019574642181396
111, 32, 271, 1067, -0.2193084955215454
112, 0, 320, 116, -0.7258797883987427
112, 1, 337, 94, -0.6759124994277954
112, 2, 346, 94, -0.675922691822052
112, 3, 355, 95, -0.6757367849349976
112, 4, 306, 94, -0.6754546761512756
112, 5, 298, 94, -0.675329327583313
112, 6, 292, 94, -0.6759687662124634
112, 7, 367, 103, -0.3428436815738678
112, 8, 282, 104, -0.3312617838382721
112, 9, 338, 139, -0.5980648398399353
112, 10, 301, 141, -0.597224771976471
112, 11, 433, 224, -0.16106709837913513
112, 12, 207, 228, -0.15003995597362518
112, 13, 539, 393, -0.5631872415542603
112, 14, 82, 386, -0.5838482975959778
112, 15, 393, 319, -1.175693154335022
112, 16, 221, 345, -1.2516851425170898
112, 17, 348, 320, -1.2876802682876587
112, 18, 268, 347, -1.373740315437317
112, 19, 339, 299, -1.2017381191253662
112, 20, 276, 322, -1.3056933879852295
112, 21, 350, 299, -1.147381067276001
112, 22, 268, 320, -1.2328159809112549
112, 23, 401, 520, -0.015907814726233482
112, 24, 235, 526, 0.018918875604867935
112, 25, 410, 759, -0.1481313407421112
112, 26, 243, 764, -0.0018037294503301382
112, 27, 407, 989, 0.11206357181072235
112, 28, 246, 997, 0.11214146763086319
112, 29, 409, 1019, 0.11420317739248276
112, 30, 242, 1032, 0.10645543038845062
112, 31, 378, 1074, -0.3701159656047821
112, 32, 265, 1070, -0.37527135014533997
113, 0, 318, 116, -0.7192173004150391
113, 1, 335, 94, -0.6722747087478638
113, 2, 345, 94, -0.6722769737243652
113, 3, 354, 95, -0.6720861792564392
113, 4, 305, 94, -0.6698810458183289
113, 5, 297, 94, -0.6697421073913574
113, 6, 291, 94, -0.6703621745109558
113, 7, 365, 103, -0.344016432762146
113, 8, 280, 104, -0.32644182443618774
113, 9, 336, 139, -0.5932401418685913
113, 10, 300, 141, -0.5899431705474854
113, 11, 433, 224, -0.1577477604150772
113, 12, 204, 228, -0.14495733380317688
113, 13, 538, 393, -0.554252028465271
113, 14, 79, 386, -0.5724755525588989
113, 15, 391, 319, -1.1571872234344482
113, 16, 215, 345, -1.2518867254257202
113, 17, 345, 320, -1.2740662097930908
113, 18, 262, 348, -1.375658631324768
113, 19, 334, 298, -1.1842856407165527
113, 20, 270, 322, -1.3109850883483887
113, 21, 347, 299, -1.1290082931518555
113, 22, 262, 321, -1.2347854375839233
113, 23, 401, 528, -0.020849552005529404
113, 24, 234, 530, 0.023986706510186195
113, 25, 410, 762, -0.2591758072376251
113, 26, 241, 767, -0.03731342777609825
113, 27, 403, 994, -0.03834838420152664
113, 28, 242, 1000, 0.03842746838927269
113, 29, 406, 1025, -0.04064517095685005
113, 30, 238, 1036, 0.029153019189834595
113, 31, 374, 1078, -0.5378223657608032
113, 32, 260, 1073, -0.45824116468429565
114, 0, 317, 115, -0.7129276394844055
114, 1, 334, 94, -0.6668834686279297
114, 2, 343, 94, -0.6669021844863892
114, 3, 353, 94, -0.6667324304580688
114, 4, 303, 93, -0.6645179390907288
114, 5, 294, 94, -0.6643916368484497
114, 6, 289, 94, -0.6650083661079407
114, 7, 364, 102, -0.34294214844703674
114, 8, 278, 103, -0.324698269367218
114, 9, 335, 139, -0.5882344245910645
114, 10, 298, 141, -0.5849145650863647
114, 11, 432, 224, -0.159931942820549
114, 12, 204, 229, -0.14340810477733612
114, 13, 538, 393, -0.5601388216018677
114, 14, 78, 386, -0.5746049880981445
114, 15, 392, 319, -1.1567450761795044
114, 16, 217, 345, -1.2504886388778687
114, 17, 347, 320, -1.270426869392395
114, 18, 263, 348, -1.3723423480987549
114, 19, 337, 298, -1.1777797937393188
114, 20, 271, 323, -1.3017442226409912
114, 21, 348, 299, -1.126771330833435
114, 22, 263, 321, -1.234176754951477
114, 23, 401, 514, -0.023182449862360954
114, 24, 235, 531, 0.026100244373083115
114, 25, 411, 757, -0.28692954778671265
114, 26, 242, 766, -0.12303130328655243
114, 27, 404, 993, -0.06683598458766937
114, 28, 243, 1001, -0.11263799667358398
114, 29, 407, 1025, -0.06778617203235626
114, 30, 238, 1037, -0.12854287028312683
114, 31, 375, 1078, -0.5402194261550903
114, 32, 261, 1073, -0.5941612720489502
115, 0, 315, 115, -0.709633469581604
115, 1, 332, 93, -0.6638375520706177
115, 2, 342, 94, -0.6638646721839905
115, 3, 351, 94, -0.6637077331542969
115, 4, 301, 93, -0.6614316701889038
115, 5, 293, 94, -0.6613150835037231
115, 6, 287, 94, -0.6619275212287903
115, 7, 363, 102, -0.3407209515571594
115, 8, 276, 103, -0.32287833094596863
115, 9, 334, 139, -0.5851418375968933
115, 10, 296, 141, -0.5818458199501038
115, 11, 432, 224, -0.15757517516613007
115, 12, 203, 229, -0.13279184699058533
115, 13, 537, 393, -0.5540906190872192
115, 14, 77, 386, -0.5698760747909546
115, 15, 393, 319, -1.1528569459915161
115, 16, 217, 345, -1.2522209882736206
115, 17, 348, 319, -1.266405463218689
115, 18, 263, 347, -1.3729140758514404
115, 19, 338, 298, -1.1748013496398926
115, 20, 271, 322, -1.3020514249801636
115, 21, 348, 299, -1.1233230829238892
115, 22, 263, 321, -1.2343437671661377
115, 23, 400, 522, -0.023920606821775436
115, 24, 235, 532, 0.026776587590575218
115, 25, 411, 753, -0.2980680763721466
115, 26, 242, 763, -0.17592546343803406
115, 27, 405, 992, -0.08368735015392303
115, 28, 244, 1001, -0.17871154844760895
115, 29, 408, 1023, -0.08515246957540512
115, 30, 238, 1038, -0.19649331271648407
115, 31, 375, 1077, -0.5543968677520752
115, 32, 262, 1073, -0.6655582189559937
116, 0, 312, 115, -0.7075785994529724
116, 1, 329, 93, -0.6621178388595581
116, 2, 339, 93, -0.6621410250663757
116, 3, 349, 94, -0.6619880199432373
116, 4, 299, 93, -0.6596307158470154
116, 5, 291, 93, -0.6595091223716736
116, 6, 285, 94, -0.660125195980072
116, 7, 361, 102, -0.33930152654647827
116, 8, 275, 103, -0.3218272030353546
116, 9, 332, 139, -0.5832402110099792
116, 10, 295, 141, -0.5799150466918945
116, 11, 431, 224, -0.1537686586380005
116, 12, 202, 229, -0.13117769360542297
116, 13, 534, 393, -0.5509982705116272
116, 14, 78, 387, -0.5708771347999573
116, 15, 394, 319, -1.1578611135482788
116, 16, 217, 345, -1.2697614431381226
116, 17, 349, 319, -1.271600365638733
116, 18, 262, 345, -1.3908649682998657
116, 19, 338, 298, -1.1807714700698853
116, 20, 270, 320, -1.31977117061615
116, 21, 348, 299, -1.1291738748550415
116, 22, 262, 319, -1.2504338026046753
116, 23, 400, 523, -0.02378811314702034
116, 24, 234, 531, 0.026672393083572388
116, 25, 412, 753, -0.28208115696907043
116, 26, 242, 763, -0.16531160473823547
116, 27, 406, 991, -0.05584337189793587
116, 28, 244, 1000, -0.12594492733478546
116, 29, 408, 1023, -0.056838035583496094
116, 30, 239, 1036, -0.13564877212047577
116, 31, 376, 1076, -0.5355759859085083
116, 32, 263, 1072, -0.5928053259849548
117, 0, 311, 115, -0.706274688243866
117, 1, 328, 92, -0.6613671183586121
117, 2, 338, 93, -0.6614054441452026
117, 3, 347, 93, -0.6612759828567505
117, 4, 297, 93, -0.6585364937782288
117, 5, 290, 93, -0.6584248542785645
117, 6, 284, 93, -0.6590327024459839
117, 7, 359, 101, -0.3398692011833191
117, 8, 273, 103, -0.3209052085876465
117, 9, 331, 139, -0.5820279717445374
117, 10, 294, 141, -0.5786633491516113
117, 11, 430, 224, -0.15310373902320862
117, 12, 201, 229, -0.11908309161663055
117, 13, 532, 393, -0.5323546528816223
117, 14, 78, 389, -0.5581585168838501
117, 15, 394, 319, -1.1281458139419556
117, 16, 213, 345, -1.2664791345596313
117, 17, 350, 319, -1.239043951034546
117, 18, 258, 343, -1.3884029388427734
117, 19, 338, 298, -1.15070378780365
117, 20, 266, 318, -1.3156908750534058
117, 21, 348, 299, -1.098278284072876
117, 22, 260, 318, -1.2464605569839478
117, 23, 397, 523, -0.023670576512813568
117, 24, 233, 531, 0.02658536098897457
117, 25, 413, 745, -0.40060439705848694
117, 26, 242, 760, -0.15447436273097992
117, 27, 406, 985, -0.15182533860206604
117, 28, 244, 999, -0.1083325520157814
117, 29, 409, 1015, -0.14862628281116486
117, 30, 240, 1036, -0.12042181193828583
117, 31, 377, 1073, -0.618133544921875
117, 32, 263, 1072, -0.5829910039901733
118, 0, 310, 115, -0.7099338173866272
118, 1, 327, 92, -0.6637825965881348
118, 2, 337, 92, -0.6638460755348206
118, 3, 346, 93, -0.6637776494026184
118, 4, 296, 92, -0.6604070067405701
118, 5, 288, 93, -0.6603593230247498
118, 6, 283, 93, -0.6608997583389282
118, 7, 358, 101, -0.3391527235507965
118, 8, 273, 102, -0.3204241693019867
118, 9, 329, 139, -0.5829833745956421
118, 10, 293, 141, -0.579071044921875
118, 11, 428, 224, -0.15231536328792572
118, 12, 200, 229, -0.11113761365413666
118, 13, 531, 393, -0.5360499620437622
118, 14, 76, 389, -0.5585976839065552
118, 15, 393, 319, -1.1519038677215576
118, 16, 214, 345, -1.2654284238815308
118, 17, 348, 319, -1.2724387645721436
118, 18, 259, 343, -1.3867658376693726
118, 19, 337, 298, -1.185617208480835
118, 20, 267, 318, -1.3170369863510132
118, 21, 346, 299, -1.12297523021698
118, 22, 260, 318, -1.2461438179016113
118, 23, 396, 507, -0.02376842312514782
118, 24, 231, 531, 0.026558801531791687
118, 25, 414, 715, -0.5815516710281372
118, 26, 238, 749, -0.33050015568733215
118, 27, 406, 971, -0.28656262159347534
118, 28, 241, 998, -0.30653175711631775
118, 29, 406, 1002, -0.27704623341560364
118, 30, 239, 1036, -0.32169637084007263
118, 31, 377, 1067, -0.7401724457740784
118, 32, 257, 1072, -0.7959579825401306
119, 0, 311, 114, -0.7376967668533325
119, 1, 327, 91, -0.686254620552063
119, 2, 337, 91, -0.6863523721694946
119, 3, 346, 92, -0.6863642930984497
119, 4, 297, 91, -0.6855874061584473
119, 5, 288, 92, -0.6855892539024353
119, 6, 283, 92, -0.6860187649726868
119, 7, 358, 100, -0.34065479040145874
119, 8, 272, 102, -0.33038467168807983
119, 9, 329, 138, -0.6018707752227783
119, 10, 293, 140, -0.6015692353248596
119, 11, 427, 224, -0.15164802968502045
119, 12, 199, 229, -0.11403913795948029
119, 13, 532, 393, -0.5407996773719788
119, 14, 72, 389, -0.5907009243965149
119, 15, 398, 322, -1.2047173976898193
119, 16, 214, 345, -1.301483154296875
119, 17, 355, 321, -1.3390746116638184
119, 18, 262, 343, -1.423348069190979
119, 19, 345, 299, -1.2569137811660767
119, 20, 270, 318, -1.3578760623931885
119, 21, 352, 300, -1.179658055305481
119, 22, 263, 318, -1.2832772731781006
119, 23, 395, 502, -0.024133583530783653
119, 24, 232, 531, 0.026777923107147217
119, 25, 421, 703, -0.6945978403091431
119, 26, 238, 742, -0.3937267065048218
119, 27, 412, 964, -0.3754348158836365
119, 28, 242, 997, -0.3542969524860382
119, 29, 410, 996, -0.3638818860054016
119, 30, 240, 1034, -0.36792871356010437
119, 31, 389, 1062, -0.8351079225540161
119, 32, 258, 1072, -0.8432079553604126
120, 0, 310, 113, -0.7681514024734497
120, 1, 326, 90, -0.7169116735458374
120, 2, 336, 90, -0.716995120048523
120, 3, 345, 90, -0.7171494960784912
120, 4, 296, 91, -0.7152018547058105
120, 5, 288, 91, -0.7152749300003052
120, 6, 282, 92, -0.7156118154525757
120, 7, 356, 99, -0.35428887605667114
120, 8, 272, 101, -0.34376850724220276
120, 9, 328, 137, -0.6249645948410034
120, 10, 292, 139, -0.6235467195510864
120, 11, 425, 223, -0.14740285277366638
120, 12, 198, 229, -0.11164961755275726
120, 13, 532, 391, -0.5589827299118042
120, 14, 68, 389, -0.5877003073692322
120, 15, 402, 321, -1.2925419807434082
120, 16, 209, 346, -1.3086040019989014
120, 17, 363, 321, -1.4414656162261963
120, 18, 259, 346, -1.4352198839187622
120, 19, 353, 299, -1.3588922023773193
120, 20, 267, 319, -1.3784782886505127
120, 21, 359, 300, -1.269191026687622
120, 22, 259, 318, -1.2934272289276123
120, 23, 389, 517, -0.026817213743925095
120, 24, 232, 534, 0.029064282774925232
120, 25, 422, 655, -0.8868759870529175
120, 26, 226, 712, -0.6326574683189392
120, 27, 417, 940, -0.5842684507369995
120, 28, 238, 987, -0.579497754573822
120, 29, 413, 975, -0.572012722492218
120, 30, 240, 1025, -0.591046929359436
120, 31, 401, 1042, -1.0409356355667114
120, 32, 248, 1071, -1.0764257907867432
121, 0, 309, 112, -0.7767893671989441
121, 1, 325, 89, -0.7230914831161499
121, 2, 334, 89, -0.7231852412223816
121, 3, 343, 89, -0.7234488725662231
121, 4, 295, 89, -0.7210533022880554
121, 5, 287, 90, -0.7211617231369019
121, 6, 281, 90, -0.72145676612854
121, 7, 355, 99, -0.3551855981349945
121, 8, 271, 100, -0.34322232007980347
121, 9, 326, 136, -0.6322046518325806
121, 10, 291, 138, -0.6296154260635376
121, 11, 424, 222, -0.1472223699092865
121, 12, 195, 229, -0.11183612048625946
121, 13, 532, 390, -0.5630207061767578
121, 14, 65, 390, -0.5801059007644653
121, 15, 403, 321, -1.3106218576431274
121, 16, 206, 349, -1.2994850873947144
121, 17, 365, 322, -1.4681377410888672
121, 18, 256, 351, -1.4233739376068115
121, 19, 355, 299, -1.3944995403289795
121, 20, 263, 322, -1.370352029800415
121, 21, 361, 300, -1.2916005849838257
121, 22, 255, 320, -1.2822933197021484
121, 23, 390, 507, -0.027584996074438095
121, 24, 232, 534, 0.029575565829873085
121, 25, 422, 627, -0.9910567998886108
121, 26, 219, 677, -0.7805497646331787
121, 27, 417, 909, -0.6481910943984985
121, 28, 236, 965, -0.7009246945381165
121, 29, 413, 942, -0.6304413080215454
121, 30, 240, 1003, -0.7077523469924927
121, 31, 406, 1012, -1.0871347188949585
121, 32, 237, 1056, -1.1922509670257568
122, 0, 308, 111, -0.7732937335968018
122, 1, 324, 88, -0.7207218408584595
122, 2, 334, 88, -0.7207456827163696
122, 3, 343, 88, -0.7209184765815735
122, 4, 294, 88, -0.7197959423065186
122, 5, 286, 88, -0.7198969125747681
122, 6, 280, 89, -0.7200391292572021
122, 7, 354, 97, -0.3532065749168396
122, 8, 271, 99, -0.33348745107650757
122, 9, 326, 135, -0.6316379308700562
122, 10, 290, 138, -0.6256127953529358
122, 11, 423, 221, -0.14315658807754517
122, 12, 193, 229, -0.10344670712947845
122, 13, 532, 390, -0.5511987209320068
122, 14, 64, 391, -0.5566505193710327
122, 15, 403, 322, -1.2629374265670776
122, 16, 203, 353, -1.2875128984451294
122, 17, 365, 324, -1.4035718441009521
122, 18, 252, 355, -1.4128714799880981
122, 19, 355, 301, -1.3231260776519775
122, 20, 261, 327, -1.364721655845642
122, 21, 361, 300, -1.2395975589752197
122, 22, 252, 325, -1.2756714820861816
122, 23, 385, 520, -0.027655696496367455
122, 24, 229, 535, 0.029646996408700943
122, 25, 424, 654, -0.7417325973510742
122, 26, 222, 712, -0.4459085464477539
122, 27, 413, 917, -0.45412006974220276
122, 28, 236, 984, -0.574112057685852
122, 29, 407, 949, -0.4453721046447754
122, 30, 239, 1022, -0.6407530903816223
122, 31, 397, 1036, -0.9161108732223511
122, 32, 240, 1071, -1.1118866205215454
123, 0, 306, 111, -0.7621023654937744
123, 1, 322, 87, -0.712382972240448
123, 2, 332, 87, -0.7124261856079102
123, 3, 342, 87, -0.7124921083450317
123, 4, 293, 87, -0.7102997303009033
123, 5, 285, 87, -0.7103047370910645
123, 6, 279, 88, -0.7106232643127441
123, 7, 353, 97, -0.36142897605895996
123, 8, 269, 98, -0.33726081252098083
123, 9, 324, 135, -0.6254719495773315
123, 10, 288, 138, -0.619962215423584
123, 11, 423, 220, -0.14618566632270813
123, 12, 191, 229, -0.11143328994512558
123, 13, 532, 390, -0.5321530699729919
123, 14, 63, 396, -0.5535093545913696
123, 15, 402, 324, -1.1993728876113892
123, 16, 202, 356, -1.2847585678100586
123, 17, 362, 328, -1.333661437034607
123, 18, 251, 358, -1.4095141887664795
123, 19, 351, 306, -1.2577552795410156
123, 20, 260, 329, -1.3574059009552002
123, 21, 359, 303, -1.176242470741272
123, 22, 251, 327, -1.2717487812042236
123, 23, 385, 528, -0.027746062725782394
123, 24, 225, 537, 0.029943007975816727
123, 25, 424, 725, -0.514140248298645
123, 26, 223, 760, 0.009557695128023624
123, 27, 411, 967, -0.3172040581703186
123, 28, 236, 1001, 0.11607907712459564
123, 29, 407, 999, -0.3250274062156677
123, 30, 239, 1038, 0.10752101242542267
123, 31, 391, 1064, -0.8693381547927856
123, 32, 247, 1081, -0.35753220319747925
124, 0, 306, 111, -0.8016095161437988
124, 1, 322, 87, -0.7558473944664001
124, 2, 332, 87, -0.7558467388153076
124, 3, 341, 87, -0.7557402849197388
124, 4, 293, 87, -0.7546087503433228
124, 5, 284, 87, -0.7545092105865479
124, 6, 278, 88, -0.7550341486930847
124, 7, 353, 96, -0.41135770082473755
124, 8, 269, 98, -0.3950476050376892
124, 9, 324, 135, -0.6669920086860657
124, 10, 288, 138, -0.6639691591262817
124, 11, 423, 220, -0.18957389891147614
124, 12, 188, 229, -0.16289323568344116
124, 13, 530, 390, -0.5538698434829712
124, 14, 62, 398, -0.5610144138336182
124, 15, 397, 327, -1.1943426132202148
124, 16, 203, 362, -1.2715580463409424
124, 17, 347, 332, -1.3212110996246338
124, 18, 251, 362, -1.3921570777893066
124, 19, 332, 311, -1.2388548851013184
124, 20, 260, 335, -1.3354055881500244
124, 21, 346, 308, -1.1689609289169312
124, 22, 252, 333, -1.2559311389923096
124, 23, 386, 536, -0.027700498700141907
124, 24, 223, 543, 0.02996714785695076
124, 25, 423, 755, -0.38047903776168823
124, 26, 224, 779, -0.040380559861660004
124, 27, 409, 993, -0.16561923921108246
124, 28, 236, 1014, 0.05285416170954704
124, 29, 405, 1026, -0.16965697705745697
124, 30, 238, 1051, 0.04421236738562584
124, 31, 385, 1083, -0.6791446805000305
124, 32, 247, 1089, -0.435619056224823
125, 0, 305, 110, -0.7864996790885925
125, 1, 321, 85, -0.7394376397132874
125, 2, 331, 85, -0.7394760847091675
125, 3, 341, 86, -0.7394198775291443
125, 4, 292, 86, -0.7390502691268921
125, 5, 283, 86, -0.7389371991157532
125, 6, 277, 86, -0.7394428849220276
125, 7, 352, 96, -0.3963528275489807
125, 8, 268, 97, -0.38480737805366516
125, 9, 324, 134, -0.6523699760437012
125, 10, 288, 137, -0.6511054039001465
125, 11, 423, 220, -0.17215034365653992
125, 12, 186, 229, -0.15902848541736603
125, 13, 530, 391, -0.4890251159667969
125, 14, 61, 398, -0.5428623557090759
125, 15, 402, 334, -1.169790506362915
125, 16, 203, 369, -1.2232451438903809
125, 17, 359, 338, -1.3048806190490723
125, 18, 251, 370, -1.3410834074020386
125, 19, 348, 314, -1.233992338180542
125, 20, 259, 343, -1.2931441068649292
125, 21, 357, 311, -1.1511133909225464
125, 22, 251, 340, -1.2100000381469727
125, 23, 385, 536, -0.023176733404397964
125, 24, 222, 543, 0.025839408859610558
125, 25, 425, 747, -0.44833341240882874
125, 26, 225, 779, -0.019779641181230545
125, 27, 406, 989, -0.2034986913204193
125, 28, 237, 1013, 0.09891532361507416
125, 29, 403, 1021, -0.20250706374645233
125, 30, 237, 1050, 0.09353301674127579
125, 31, 381, 1080, -0.6933194994926453
125, 32, 249, 1089, -0.369994580745697
126, 0, 305, 108, -0.7860788106918335
126, 1, 321, 83, -0.7364217042922974
126, 2, 331, 83, -0.7365005612373352
126, 3, 340, 84, -0.7364311814308167
126, 4, 291, 84, -0.7399721145629883
126, 5, 282, 84, -0.7398538589477539
126, 6, 276, 85, -0.7403672933578491
126, 7, 352, 95, -0.3885433077812195
126, 8, 268, 96, -0.39373189210891724
126, 9, 324, 133, -0.6497586369514465
126, 10, 287, 135, -0.6540782451629639
126, 11, 422, 219, -0.15837034583091736
126, 12, 185, 229, -0.16014230251312256
126, 13, 529, 392, -0.4361410140991211
126, 14, 60, 398, -0.5019018650054932
126, 15, 411, 340, -1.1115083694458008
126, 16, 201, 375, -1.1474627256393433
126, 17, 374, 345, -1.2470859289169312
126, 18, 248, 381, -1.2612806558609009
126, 19, 363, 320, -1.1874464750289917
126, 20, 258, 355, -1.2186988592147827
126, 21, 367, 317, -1.0967671871185303
126, 22, 249, 350, -1.1360464096069336
126, 23, 385, 517, -0.01812015101313591
126, 24, 222, 543, 0.02110728994011879
126, 25, 427, 743, -0.45941615104675293
126, 26, 226, 778, -0.05899475887417793
126, 27, 406, 987, -0.16138051450252533
126, 28, 236, 1012, 0.10706533491611481
126, 29, 402, 1018, -0.15425138175487518
126, 30, 236, 1049, 0.10601755231618881
126, 31, 381, 1079, -0.6389254331588745
126, 32, 250, 1088, -0.37046775221824646
127, 0, 304, 107, -0.9717082977294922
127, 1, 321, 81, -0.9125758409500122
127, 2, 331, 81, -0.9126439094543457
127, 3, 340, 82, -0.9122698903083801
127, 4, 291, 82, -0.9208334684371948
127, 5, 282, 82, -0.9206307530403137
127, 6, 276, 83, -0.9211889505386353
127, 7, 351, 94, -0.500377357006073
127, 8, 267, 95, -0.5311530828475952
127, 9, 324, 131, -0.8151271939277649
127, 10, 287, 134, -0.8258739709854126
127, 11, 422, 219, -0.2097049206495285
127, 12, 184, 229, -0.24602067470550537
127, 13, 529, 393, -0.4933004379272461
127, 14, 59, 397, -0.5172353386878967
127, 15, 425, 351, -1.3054158687591553
127, 16, 191, 388, -1.2454659938812256
127, 17, 391, 355, -1.4592870473861694
127, 18, 235, 401, -1.3786534070968628
127, 19, 377, 327, -1.413495659828186
127, 20, 248, 377, -1.3558776378631592
127, 21, 381, 324, -1.3011841773986816
127, 22, 238, 370, -1.245144248008728
127, 23, 388, 528, -0.018273254856467247
127, 24, 221, 544, 0.02120341546833515
127, 25, 421, 771, -0.2687859833240509
127, 26, 226, 790, -0.01669275388121605
127, 27, 404, 1005, 0.13985952734947205
127, 28, 234, 1019, 0.27487561106681824
127, 29, 402, 1036, 0.1516760289669037
127, 30, 231, 1055, 0.28663381934165955
127, 31, 378, 1093, -0.3836981952190399
127, 32, 250, 1094, -0.2547787129878998
128, 0, 303, 106, -0.9320176243782043
128, 1, 320, 79, -0.8733625411987305
128, 2, 330, 79, -0.8735388517379761
128, 3, 339, 79, -0.8732101321220398
128, 4, 289, 81, -0.8843894004821777
128, 5, 280, 81, -0.8842636942863464
128, 6, 274, 82, -0.884879469871521
128, 7, 350, 92, -0.4732133746147156
128, 8, 266, 95, -0.51764315366745
128, 9, 324, 129, -0.7798561453819275
128, 10, 286, 132, -0.7946790456771851
128, 11, 421, 219, -0.1972479224205017
128, 12, 185, 229, -0.2344025820493698
128, 13, 521, 393, -0.4335094392299652
128, 14, 59, 397, -0.4231509268283844
128, 15, 435, 360, -1.2101860046386719
128, 16, 190, 401, -1.0638881921768188
128, 17, 404, 364, -1.364607572555542
128, 18, 233, 428, -1.1848608255386353
128, 19, 394, 338, -1.370054006576538
128, 20, 248, 407, -1.1750922203063965
128, 21, 396, 333, -1.236960768699646
128, 22, 239, 397, -1.0668598413467407
128, 23, 388, 530, -0.018348295241594315
128, 24, 221, 543, 0.021307367831468582
128, 25, 410, 777, -0.1991465538740158
128, 26, 227, 787, -0.09140722453594208
128, 27, 400, 1011, 0.15410009026527405
128, 28, 234, 1020, 0.17592813074588776
128, 29, 400, 1043, 0.16002479195594788
128, 30, 231, 1057, 0.16946794092655182
128, 31, 376, 1095, -0.35845261812210083
128, 32, 251, 1093, -0.4499921202659607
129, 0, 302, 104, -0.7979488968849182
129, 1, 318, 78, -0.7273691296577454
129, 2, 329, 77, -0.727739691734314
129, 3, 339, 77, -0.7273741960525513
129, 4, 288, 79, -0.7462667226791382
129, 5, 279, 80, -0.7462641000747681
129, 6, 273, 81, -0.7469414472579956
129, 7, 350, 90, -0.3115389347076416
129, 8, 265, 95, -0.3889724910259247
129, 9, 323, 127, -0.6389908790588379
129, 10, 286, 131, -0.665116548538208
129, 11, 421, 219, -0.042402319610118866
129, 12, 185, 229, -0.10659569501876831
129, 13, 514, 396, -0.2853209376335144
129, 14, 60, 398, -0.2285788506269455
129, 15, 448, 368, -1.0454204082489014
129, 16, 188, 415, -0.8111323118209839
129, 17, 417, 368, -1.1919419765472412
129, 18, 226, 450, -0.922671914100647
129, 19, 409, 341, -1.1816133260726929
129, 20, 247, 434, -0.9219749569892883
129, 21, 411, 337, -1.0573426485061646
129, 22, 238, 419, -0.8174617886543274
129, 23, 388, 536, -0.01632610894739628
129, 24, 222, 543, 0.01943371817469597
129, 25, 388, 772, -0.3166150450706482
129, 26, 227, 758, -0.35931211709976196
129, 27, 394, 1007, 0.1328444480895996
129, 28, 233, 1020, -0.2917677164077759
129, 29, 396, 1040, 0.07894760370254517
129, 30, 231, 1056, -0.30654197931289673
129, 31, 370, 1092, -0.5255199670791626
129, 32, 251, 1092, -0.8509364128112793
130, 0, 301, 103, -0.7355183362960815
130, 1, 317, 77, -0.6596902012825012
130, 2, 328, 76, -0.6600086092948914
130, 3, 338, 76, -0.6598306894302368
130, 4, 286, 79, -0.6767517328262329
130, 5, 277, 80, -0.6768958568572998
130, 6, 271, 80, -0.6774110198020935
130, 7, 349, 89, -0.22373351454734802
130, 8, 264, 94, -0.2994064688682556
130, 9, 323, 126, -0.5697077512741089
130, 10, 285, 130, -0.5932701826095581
130, 11, 421, 220, 0.05218241363763809
130, 12, 185, 231, -0.0029774128925055265
130, 13, 513, 399, -0.2363041639328003
130, 14, 61, 397, -0.1316259801387787
130, 15, 455, 381, -1.058001160621643
130, 16, 178, 430, -0.705795168876648
130, 17, 423, 379, -1.2223107814788818
130, 18, 215, 471, -0.8147937655448914
130, 19, 416, 351, -1.1976675987243652
130, 20, 241, 457, -0.8366526365280151
130, 21, 419, 348, -1.0655162334442139
130, 22, 231, 441, -0.7194949388504028
130, 23, 388, 541, -0.016475826501846313
130, 24, 234, 545, 0.019475746899843216
130, 25, 393, 701, -0.5844986438751221
130, 26, 223, 688, -0.702998161315918
130, 27, 394, 977, -0.3273528218269348
130, 28, 245, 995, -0.5631717443466187
130, 29, 396, 1014, -0.3337276577949524
130, 30, 250, 1035, -0.5681074857711792
130, 31, 375, 1063, -0.85081547498703
130, 32, 260, 1084, -1.0678060054779053
131, 0, 301, 103, -0.7536453008651733
131, 1, 317, 76, -0.6848444938659668
131, 2, 327, 76, -0.6851506233215332
131, 3, 337, 76, -0.68497633934021
131, 4, 286, 78, -0.6988610029220581
131, 5, 276, 79, -0.6989055275917053
131, 6, 271, 80, -0.6994292140007019
131, 7, 347, 88, -0.2515704035758972
131, 8, 263, 94, -0.32873544096946716
131, 9, 323, 126, -0.5947334170341492
131, 10, 284, 129, -0.6138782501220703
131, 11, 420, 221, 0.03423994034528732
131, 12, 185, 232, -0.05629913881421089
131, 13, 506, 399, -0.20990948379039764
131, 14, 64, 396, -0.11726029217243195
131, 15, 459, 390, -1.0575729608535767
131, 16, 168, 446, -0.6432722806930542
131, 17, 432, 392, -1.228108286857605
131, 18, 193, 484, -0.7566168308258057
131, 19, 423, 365, -1.2078406810760498
131, 20, 226, 469, -0.7870784997940063
131, 21, 425, 362, -1.0731704235076904
131, 22, 216, 451, -0.6614867448806763
131, 23, 388, 526, 0.0011161009315401316
131, 24, 241, 548, 0.0020245034247636795
131, 25, 390, 751, -0.0917280986905098
131, 26, 226, 729, -0.17585515975952148
131, 27, 394, 992, 0.392037570476532
131, 28, 245, 1000, 0.13953140377998352
131, 29, 397, 1027, 0.410234272480011
131, 30, 249, 1039, 0.14767758548259735
131, 31, 375, 1068, -0.08017382025718689
131, 32, 262, 1084, -0.3818012773990631
132, 0, 301, 102, -0.7118852734565735
132, 1, 316, 76, -0.6359614133834839
132, 2, 326, 75, -0.6363375782966614
132, 3, 336, 75, -0.636115550994873
132, 4, 285, 78, -0.6586616635322571
132, 5, 276, 79, -0.6587103605270386
132, 6, 270, 80, -0.659392774105072
132, 7, 346, 88, -0.1982227861881256
132, 8, 262, 94, -0.3001783490180969
132, 9, 322, 125, -0.5496740341186523
132, 10, 284, 128, -0.5796493291854858
132, 11, 418, 221, 0.07136042416095734
132, 12, 185, 232, -0.07401179522275925
132, 13, 495, 396, -0.21271009743213654
132, 14, 71, 394, -0.20921668410301208
132, 15, 459, 396, -1.0824239253997803
132, 16, 149, 449, -0.817066490650177
132, 17, 438, 406, -1.2548996210098267
132, 18, 170, 487, -0.9435961842536926
132, 19, 427, 378, -1.2821314334869385
132, 20, 209, 470, -0.9619755744934082
132, 21, 429, 374, -1.0976932048797607
132, 22, 199, 454, -0.8355432748794556
132, 23, 387, 520, 0.04191291332244873
132, 24, 240, 549, -0.03853967413306236
132, 25, 393, 783, 0.02597646787762642
132, 26, 232, 777, -0.14067336916923523
132, 27, 394, 1010, 0.4924899637699127
132, 28, 246, 1018, 0.14652231335639954
132, 29, 397, 1042, 0.5087268352508545
132, 30, 248, 1056, 0.15362326800823212
132, 31, 384, 1082, 0.021622618660330772
132, 32, 275, 1090, -0.3851962387561798
133, 0, 299, 101, -0.7348668575286865
133, 1, 315, 75, -0.6458123326301575
133, 2, 325, 75, -0.6463966369628906
133, 3, 335, 75, -0.6457206010818481
133, 4, 284, 77, -0.6815577745437622
133, 5, 275, 78, -0.6815052628517151
133, 6, 268, 79, -0.6823694109916687
133, 7, 344, 87, -0.2440771758556366
133, 8, 260, 93, -0.32365477085113525
133, 9, 321, 124, -0.5671461224555969
133, 10, 283, 127, -0.609011173248291
133, 11, 417, 222, 0.01629108190536499
133, 12, 183, 232, -0.1459290236234665
133, 13, 485, 396, -0.23903942108154297
133, 14, 74, 394, -0.285786896944046
133, 15, 464, 408, -1.093854546546936
133, 16, 142, 456, -0.985945999622345
133, 17, 450, 413, -1.257723331451416
133, 18, 180, 496, -1.1282784938812256
133, 19, 441, 385, -1.29780113697052
133, 20, 204, 473, -1.1669354438781738
133, 21, 439, 382, -1.1070013046264648
133, 22, 193, 457, -1.0162519216537476
133, 23, 387, 519, 0.04491303116083145
133, 24, 239, 553, -0.04161955788731575
133, 25, 394, 796, 0.15057805180549622
133, 26, 232, 801, 0.02402617409825325
133, 27, 396, 1020, 0.751512348651886
133, 28, 245, 1026, 0.4536312520503998
133, 29, 399, 1051, 0.7830196022987366
133, 30, 247, 1060, 0.47959160804748535
133, 31, 388, 1095, 0.2910561263561249
133, 32, 276, 1096, -0.07220615446567535
134, 0, 297, 101, -0.7458786964416504
134, 1, 313, 75, -0.6680532693862915
134, 2, 324, 75, -0.6684689521789551
134, 3, 333, 74, -0.6680327653884888
134, 4, 282, 77, -0.6931551694869995
134, 5, 273, 78, -0.6931076049804688
134, 6, 267, 78, -0.6938548684120178
134, 7, 343, 86, -0.24567055702209473
134, 8, 258, 93, -0.33324331045150757
134, 9, 319, 124, -0.5837048292160034
134, 10, 281, 127, -0.6162121891975403
134, 11, 416, 224, 0.059040557593107224
134, 12, 182, 232, -0.1726621687412262
134, 13, 476, 396, -0.20138771831989288
134, 14, 80, 394, -0.36134088039398193
134, 15, 468, 418, -1.096743106842041
134, 16, 131, 457, -1.0554555654525757
134, 17, 459, 421, -1.262096881866455
134, 18, 164, 496, -1.206120252609253
134, 19, 448, 390, -1.3058993816375732
134, 20, 180, 469, -1.2391738891601562
134, 21, 445, 389, -1.115282654762268
134, 22, 171, 454, -1.083740472793579
134, 23, 387, 543, 0.09456108510494232
134, 24, 238, 554, -0.0911339670419693
134, 25, 393, 796, 0.1552821695804596
134, 26, 232, 797, 0.008872056379914284
134, 27, 394, 1020, 0.6681393384933472
134, 28, 243, 1027, 0.20154491066932678
134, 29, 396, 1053, 0.6889955997467041
134, 30, 236, 1063, 0.21448826789855957
134, 31, 390, 1096, 0.21308667957782745
134, 32, 278, 1096, -0.3238852322101593
135, 0, 296, 100, -0.7359568476676941
135, 1, 312, 74, -0.6596888899803162
135, 2, 323, 74, -0.6600744128227234
135, 3, 332, 73, -0.6597734689712524
135, 4, 281, 76, -0.6864289045333862
135, 5, 272, 77, -0.6864047646522522
135, 6, 266, 77, -0.687138020992279
135, 7, 342, 85, -0.22549057006835938
135, 8, 256, 90, -0.33619552850723267
135, 9, 318, 124, -0.5724130868911743
135, 10, 280, 126, -0.607738733291626
135, 11, 415, 225, 0.07577987015247345
135, 12, 181, 230, -0.18208804726600647
135, 13, 473, 396, -0.15495222806930542
135, 14, 88, 395, -0.4224265217781067
135, 15, 476, 423, -1.0065220594406128
135, 16, 119, 458, -1.1509292125701904
135, 17, 467, 430, -1.1686179637908936
135, 18, 126, 495, -1.3064935207366943
135, 19, 457, 396, -1.2226145267486572
135, 20, 164, 470, -1.3381074666976929
135, 21, 455, 393, -1.0456974506378174
135, 22, 155, 451, -1.1799191236495972
135, 23, 387, 531, 0.10565980523824692
135, 24, 238, 558, -0.10222172737121582
135, 25, 395, 800, 0.16164489090442657
135, 26, 240, 801, -0.07640474289655685
135, 27, 399, 1021, 0.6702960729598999
135, 28, 249, 1029, 0.15405592322349548
135, 29, 401, 1053, 0.6921253204345703
135, 30, 240, 1065, 0.16821858286857605
135, 31, 402, 1097, 0.23265373706817627
135, 32, 290, 1096, -0.3631557524204254
136, 0, 296, 99, -0.7335596680641174
136, 1, 312, 73, -0.6588115096092224
136, 2, 322, 72, -0.6591424345970154
136, 3, 331, 72, -0.6589082479476929
136, 4, 281, 75, -0.6849902272224426
136, 5, 271, 75, -0.6849579811096191
136, 6, 265, 76, -0.6856561303138733
136, 7, 340, 83, -0.2305087149143219
136, 8, 254, 88, -0.3396020531654358
136, 9, 317, 122, -0.5736861824989319
136, 10, 279, 125, -0.6079409122467041
136, 11, 412, 225, 0.05480457469820976
136, 12, 179, 229, -0.18574373424053192
136, 13, 468, 396, -0.11845409870147705
136, 14, 96, 400, -0.4080680012702942
136, 15, 475, 423, -0.9054452776908875
136, 16, 126, 460, -1.1039988994598389
136, 17, 469, 431, -1.0625853538513184
136, 18, 144, 502, -1.2470004558563232
136, 19, 459, 396, -1.1129051446914673
136, 20, 171, 476, -1.2819457054138184
136, 21, 457, 393, -0.9458562731742859
136, 22, 162, 454, -1.1316680908203125
136, 23, 388, 547, 0.08899860084056854
136, 24, 238, 560, -0.08562018722295761
136, 25, 395, 801, 0.16040483117103577
136, 26, 242, 808, -0.038652267307043076
136, 27, 401, 1022, 0.7087541818618774
136, 28, 252, 1032, 0.3211769163608551
136, 29, 403, 1054, 0.7360534071922302
136, 30, 242, 1066, 0.33952587842941284
136, 31, 403, 1098, 0.28275299072265625
136, 32, 294, 1098, -0.17550475895404816
137, 0, 295, 98, -0.6665114760398865
137, 1, 311, 72, -0.599928081035614
137, 2, 321, 72, -0.6001263856887817
137, 3, 330, 71, -0.5998643636703491
137, 4, 279, 74, -0.6200627088546753
137, 5, 268, 75, -0.6199291348457336
137, 6, 262, 75, -0.620615541934967
137, 7, 339, 82, -0.21134749054908752
137, 8, 251, 87, -0.3038928508758545
137, 9, 316, 122, -0.5229969024658203
137, 10, 277, 125, -0.5500320196151733
137, 11, 412, 226, 0.041727446019649506
137, 12, 179, 228, -0.17825360596179962
137, 13, 466, 401, -0.13374559581279755
137, 14, 106, 404, -0.39898043870925903
137, 15, 474, 425, -0.8450701832771301
137, 16, 131, 457, -1.0810043811798096
137, 17, 472, 430, -0.9919648170471191
137, 18, 152, 507, -1.2225557565689087
137, 19, 462, 396, -1.0284547805786133
137, 20, 175, 478, -1.2407959699630737
137, 21, 458, 394, -0.8801380395889282
137, 22, 169, 461, -1.1009613275527954
137, 23, 388, 555, 0.07717235386371613
137, 24, 233, 562, -0.07395358383655548
137, 25, 395, 803, 0.12344396114349365
137, 26, 239, 811, 0.00011124373122584075
137, 27, 400, 1024, 0.6119207143783569
137, 28, 250, 1032, 0.3238900303840637
137, 29, 402, 1056, 0.6349602937698364
137, 30, 240, 1068, 0.3385477066040039
137, 31, 402, 1099, 0.19682428240776062
137, 32, 290, 1098, -0.151260107755661
138, 0, 294, 98, -0.692995011806488
138, 1, 310, 72, -0.6257199645042419
138, 2, 320, 71, -0.6259418725967407
138, 3, 329, 70, -0.6256912350654602
138, 4, 278, 74, -0.6451830863952637
138, 5, 267, 75, -0.645090639591217
138, 6, 260, 75, -0.645762026309967
138, 7, 338, 80, -0.2263699471950531
138, 8, 248, 87, -0.3063604235649109
138, 9, 315, 122, -0.5446728467941284
138, 10, 276, 125, -0.5703440308570862
138, 11, 410, 226, 0.03310415893793106
138, 12, 178, 228, -0.19729939103126526
138, 13, 461, 403, -0.14390069246292114
138, 14, 119, 412, -0.3946034014225006
138, 15, 471, 427, -0.8583886027336121
138, 16, 157, 486, -1.0112613439559937
138, 17, 473, 434, -1.0099626779556274
138, 18, 171, 538, -1.1414906978607178
138, 19, 462, 400, -1.0459567308425903
138, 20, 191, 510, -1.1927646398544312
138, 21, 456, 397, -0.8949494361877441
138, 22, 188, 492, -1.0449645519256592
138, 23, 387, 558, 0.07188554108142853
138, 24, 230, 565, -0.06839260458946228
138, 25, 395, 807, 0.16179363429546356
138, 26, 237, 816, 0.01107821799814701
138, 27, 399, 1028, 0.6800861954689026
138, 28, 247, 1038, 0.3542317748069763
138, 29, 401, 1062, 0.7060073018074036
138, 30, 235, 1075, 0.3709426522254944
138, 31, 402, 1103, 0.2624991834163666
138, 32, 288, 1103, -0.13325351476669312
139, 0, 294, 96, -0.7738474607467651
139, 1, 310, 69, -0.7017873525619507
139, 2, 320, 68, -0.7019657492637634
139, 3, 328, 68, -0.7015331983566284
139, 4, 278, 72, -0.7295145988464355
139, 5, 267, 73, -0.7293397188186646
139, 6, 259, 74, -0.7299982905387878
139, 7, 336, 78, -0.2769410312175751
139, 8, 247, 86, -0.399199903011322
139, 9, 315, 121, -0.6169361472129822
139, 10, 275, 124, -0.6525192260742188
139, 11, 407, 226, 0.030738431960344315
139, 12, 177, 228, -0.25862833857536316
139, 13, 456, 407, -0.13072563707828522
139, 14, 129, 419, -0.40089792013168335
139, 15, 471, 428, -0.878238320350647
139, 16, 184, 505, -0.9825335741043091
139, 17, 476, 434, -1.0353262424468994
139, 18, 201, 558, -1.109593391418457
139, 19, 466, 398, -1.0766290426254272
139, 20, 221, 532, -1.1675604581832886
139, 21, 460, 396, -0.9181509017944336
139, 22, 217, 513, -1.0166953802108765
139, 23, 388, 560, 0.08014202117919922
139, 24, 230, 569, -0.07632851600646973
139, 25, 396, 809, 0.18098267912864685
139, 26, 239, 823, -0.00950559787452221
139, 27, 400, 1033, 0.7350682020187378
139, 28, 247, 1046, 0.3625320494174957
139, 29, 401, 1069, 0.7617901563644409
139, 30, 235, 1083, 0.38089391589164734
139, 31, 404, 1107, 0.29530301690101624
139, 32, 294, 1110, -0.15301401913166046
140, 0, 294, 93, -0.73434978723526
140, 1, 309, 66, -0.6614906191825867
140, 2, 318, 66, -0.6616435647010803
140, 3, 326, 66, -0.6612827181816101
140, 4, 277, 70, -0.7011947631835938
140, 5, 266, 71, -0.700793981552124
140, 6, 258, 72, -0.7013781070709229
140, 7, 334, 75, -0.2513673007488251
140, 8, 246, 85, -0.3955933749675751
140, 9, 314, 118, -0.5823782682418823
140, 10, 275, 122, -0.632569432258606
140, 11, 400, 225, 0.058120954781770706
140, 12, 178, 227, -0.27578672766685486
140, 13, 445, 407, -0.08992908895015717
140, 14, 139, 420, -0.31414157152175903
140, 15, 473, 428, -0.8887081146240234
140, 16, 232, 553, -0.6540455222129822
140, 17, 481, 434, -1.0509958267211914
140, 18, 258, 614, -0.7568466067314148
140, 19, 472, 401, -1.0965901613235474
140, 20, 282, 593, -0.8110784292221069
140, 21, 465, 398, -0.9336177110671997
140, 22, 274, 570, -0.6789966821670532
140, 23, 389, 559, 0.09761225432157516
140, 24, 232, 570, -0.09352071583271027
140, 25, 399, 810, 0.16665339469909668
140, 26, 250, 827, -0.03671332076191902
140, 27, 402, 1038, 0.6967283487319946
140, 28, 254, 1057, 0.2963247299194336
140, 29, 402, 1075, 0.7217472791671753
140, 30, 239, 1095, 0.31078022718429565
140, 31, 414, 1111, 0.2776808440685272
140, 32, 310, 1122, -0.2112118899822235
141, 0, 293, 90, -0.7803125977516174
141, 1, 308, 64, -0.7098144292831421
141, 2, 317, 64, -0.7099764943122864
141, 3, 324, 64, -0.7097124457359314
141, 4, 276, 67, -0.7527601718902588
141, 5, 266, 69, -0.752299964427948
141, 6, 256, 70, -0.7528414130210876
141, 7, 332, 74, -0.3038061857223511
141, 8, 245, 83, -0.4764518737792969
141, 9, 313, 115, -0.6281092762947083
141, 10, 274, 119, -0.6792615652084351
141, 11, 390, 222, 0.03931098431348801
141, 12, 179, 227, -0.3662249743938446
141, 13, 431, 396, -0.1147259846329689
141, 14, 147, 422, -0.33831995725631714
141, 15, 473, 428, -0.9119493365287781
141, 16, 252, 578, -0.663768470287323
141, 17, 484, 439, -1.0710840225219727
141, 18, 281, 641, -0.7588036060333252
141, 19, 475, 408, -1.1273229122161865
141, 20, 303, 622, -0.8171923756599426
141, 21, 465, 404, -0.9444281458854675
141, 22, 295, 598, -0.6870073080062866
141, 23, 385, 534, 0.09796121716499329
141, 24, 237, 576, -0.09414148330688477
141, 25, 406, 819, 0.22654691338539124
141, 26, 259, 842, -0.020454835146665573
141, 27, 413, 1052, 0.8435066342353821
141, 28, 267, 1078, 0.32759398221969604
141, 29, 413, 1091, 0.8765116930007935
141, 30, 250, 1116, 0.34400832653045654
141, 31, 430, 1123, 0.4288659691810608
141, 32, 335, 1145, -0.1981971561908722
142, 0, 292, 88, -0.874705970287323
142, 1, 307, 62, -0.8041239976882935
142, 2, 316, 61, -0.8043355941772461
142, 3, 323, 62, -0.8041410446166992
142, 4, 276, 64, -0.8484374284744263
142, 5, 266, 66, -0.8480178117752075
142, 6, 256, 68, -0.8485260009765625
142, 7, 331, 71, -0.3835485279560089
142, 8, 244, 81, -0.5687931776046753
142, 9, 312, 113, -0.7148772478103638
142, 10, 273, 117, -0.7678743600845337
142, 11, 386, 220, -0.010364165529608727
142, 12, 180, 227, -0.4634397625923157
142, 13, 421, 392, -0.17453894019126892
142, 14, 154, 427, -0.49885815382003784
142, 15, 473, 428, -1.0591838359832764
142, 16, 266, 596, -0.7788323163986206
142, 17, 486, 438, -1.2216615676879883
142, 18, 295, 660, -0.8810407519340515
142, 19, 477, 409, -1.2840520143508911
142, 20, 319, 644, -0.9282621145248413
142, 21, 467, 405, -1.109859824180603
142, 22, 311, 620, -0.7983971834182739
142, 23, 385, 526, 0.11394194513559341
142, 24, 244, 580, -0.11053003370761871
142, 25, 412, 823, 0.3153242766857147
142, 26, 266, 848, 0.00285998429171741
142, 27, 421, 1054, 0.9874645471572876
142, 28, 279, 1082, 0.40083473920822144
142, 29, 421, 1092, 1.0261602401733398
142, 30, 262, 1120, 0.4229651987552643
142, 31, 442, 1125, 0.5883208513259888
142, 32, 350, 1151, -0.11530846357345581
143, 0, 292, 87, -0.9195005297660828
143, 1, 307, 61, -0.8529083132743835
143, 2, 315, 60, -0.853074848651886
143, 3, 322, 61, -0.8527560234069824
143, 4, 276, 63, -0.8917099833488464
143, 5, 265, 64, -0.8913506269454956
143, 6, 255, 66, -0.8918663263320923
143, 7, 331, 70, -0.4406611919403076
143, 8, 242, 79, -0.6044174432754517
143, 9, 311, 112, -0.7624191045761108
143, 10, 272, 116, -0.8090125918388367
143, 11, 385, 219, -0.06494924426078796
143, 12, 181, 227, -0.5034867525100708
143, 13, 412, 392, -0.21283301711082458
143, 14, 160, 433, -0.5814461708068848
143, 15, 476, 429, -1.0509068965911865
143, 16, 275, 607, -0.8303680419921875
143, 17, 490, 440, -1.2072513103485107
143, 18, 304, 673, -0.8917418718338013
143, 19, 482, 412, -1.2640225887298584
143, 20, 327, 656, -0.9581736326217651
143, 21, 471, 408, -1.0996819734573364
143, 22, 320, 631, -0.8418051600456238
143, 23, 392, 554, 0.11216519773006439
143, 24, 244, 585, -0.10872934758663177
143, 25, 417, 827, 0.29844796657562256
143, 26, 270, 856, 0.035212479531764984
143, 27, 431, 1059, 0.9893862009048462
143, 28, 287, 1088, 0.48562222719192505
143, 29, 431, 1098, 1.0296175479888916
143, 30, 272, 1126, 0.5130716562271118
143, 31, 455, 1130, 0.5913111567497253
143, 32, 362, 1158, -0.02912824973464012
144, 0, 291, 88, -0.8187360763549805
144, 1, 306, 61, -0.7529739737510681
144, 2, 314, 61, -0.753038763999939
144, 3, 322, 61, -0.7527471780776978
144, 4, 275, 63, -0.799946129322052
144, 5, 264, 64, -0.799375057220459
144, 6, 254, 66, -0.7997146844863892
144, 7, 331, 70, -0.36400094628334045
144, 8, 240, 79, -0.5956284999847412
144, 9, 309, 112, -0.6685643792152405
144, 10, 271, 116, -0.7212483882904053
144, 11, 381, 217, 0.014494648203253746
144, 12, 181, 227, -0.42688727378845215
144, 13, 405, 389, -0.13004526495933533
144, 14, 167, 436, -0.5510263442993164
144, 15, 475, 429, -0.8908092379570007
144, 16, 284, 602, -0.8465366363525391
144, 17, 490, 440, -1.0282913446426392
144, 18, 311, 666, -0.9342480897903442
144, 19, 483, 415, -1.081871747970581
144, 20, 335, 650, -0.9848992228507996
144, 21, 473, 411, -0.9393281936645508
144, 22, 328, 627, -0.8626676797866821
144, 23, 396, 564, 0.11273212730884552
144, 24, 246, 587, -0.10923294723033905
144, 25, 425, 832, 0.23468506336212158
144, 26, 281, 863, 0.007496766746044159
144, 27, 442, 1068, 0.8453156352043152
144, 28, 304, 1098, 0.40612226724624634
144, 29, 441, 1108, 0.8776520490646362
144, 30, 287, 1137, 0.42612433433532715
144, 31, 469, 1138, 0.45249658823013306
144, 32, 383, 1166, -0.11547025293111801
145, 0, 291, 87, -0.7757235169410706
145, 1, 306, 60, -0.718072235584259
145, 2, 314, 60, -0.7180728316307068
145, 3, 322, 60, -0.7177506685256958
145, 4, 275, 61, -0.7527481317520142
145, 5, 264, 63, -0.7521724104881287
145, 6, 254, 64, -0.752428412437439
145, 7, 331, 69, -0.35126298666000366
145, 8, 239, 76, -0.5622423887252808
145, 9, 309, 112, -0.6381245851516724
145, 10, 270, 116, -0.6761342287063599
145, 11, 381, 215, 0.01564350351691246
145, 12, 182, 226, -0.4000789225101471
145, 13, 398, 386, -0.053370434790849686
145, 14, 168, 436, -0.5275937914848328
145, 15, 476, 429, -0.6787058115005493
145, 16, 264, 626, -0.8505895733833313
145, 17, 491, 441, -0.783497154712677
145, 18, 289, 693, -0.9409534335136414
145, 19, 484, 415, -0.8362201452255249
145, 20, 313, 682, -0.9869061708450317
145, 21, 474, 411, -0.7203136086463928
145, 22, 308, 657, -0.8685375452041626
145, 23, 398, 569, 0.11282080411911011
145, 24, 250, 590, -0.10952278226613998
145, 25, 425, 837, 0.29537180066108704
145, 26, 284, 868, 0.005776780657470226
145, 27, 440, 1075, 0.9457203149795532
145, 28, 307, 1105, 0.37522512674331665
145, 29, 440, 1115, 0.9834430813789368
145, 30, 289, 1145, 0.3940201997756958
145, 31, 472, 1143, 0.5940225720405579
145, 32, 392, 1174, -0.14409847557544708
146, 0, 291, 87, -0.7766065001487732
146, 1, 306, 60, -0.7189589738845825
146, 2, 315, 59, -0.7189324498176575
146, 3, 322, 60, -0.7185875773429871
146, 4, 276, 60, -0.755175769329071
146, 5, 264, 61, -0.7546339631080627
146, 6, 254, 62, -0.754904568195343
146, 7, 331, 69, -0.34485161304473877
146, 8, 239, 75, -0.5155726671218872
146, 9, 309, 112, -0.6386774778366089
146, 10, 270, 116, -0.6784731149673462
146, 11, 379, 213, 0.026714742183685303
146, 12, 184, 226, -0.4463619589805603
146, 13, 396, 376, 0.028467928990721703
146, 14, 170, 435, -0.624618649482727
146, 15, 476, 429, -0.57164466381073
146, 16, 257, 623, -0.9461089968681335
146, 17, 490, 442, -0.6600309610366821
146, 18, 280, 690, -1.034274935722351
146, 19, 484, 419, -0.7287529706954956
146, 20, 305, 679, -1.0714762210845947
146, 21, 473, 415, -0.6171149611473083
146, 22, 300, 655, -0.9607451558113098
146, 23, 394, 546, 0.13356995582580566
146, 24, 254, 591, -0.1307079941034317
146, 25, 426, 839, 0.3762039840221405
146, 26, 286, 872, 0.01630551740527153
146, 27, 443, 1077, 1.0878608226776123
146, 28, 308, 1110, 0.40799856185913086
146, 29, 442, 1117, 1.1304280757904053
146, 30, 290, 1149, 0.4311440885066986
146, 31, 478, 1146, 0.7302040457725525
146, 32, 394, 1180, -0.09544958174228668
147, 0, 291, 86, -0.7034221887588501
147, 1, 306, 59, -0.6433736085891724
147, 2, 315, 58, -0.643414318561554
147, 3, 322, 58, -0.6431687474250793
147, 4, 276, 60, -0.6815127730369568
147, 5, 265, 61, -0.6811421513557434
147, 6, 254, 62, -0.6815214157104492
147, 7, 331, 68, -0.28045761585235596
147, 8, 239, 75, -0.4463230073451996
147, 9, 309, 112, -0.5646666288375854
147, 10, 270, 116, -0.6080725789070129
147, 11, 378, 211, 0.06422428786754608
147, 12, 186, 224, -0.4148329198360443
147, 13, 398, 369, 0.014897878281772137
147, 14, 169, 434, -0.5685165524482727
147, 15, 476, 429, -0.6213176846504211
147, 16, 261, 608, -0.8818870782852173
147, 17, 490, 442, -0.7250542044639587
147, 18, 284, 671, -0.9664688110351562
147, 19, 483, 422, -0.7924498319625854
147, 20, 311, 657, -0.9984105825424194
147, 21, 472, 415, -0.6692214012145996
147, 22, 306, 634, -0.893173336982727
147, 23, 390, 534, 0.1384999006986618
147, 24, 256, 590, -0.13560329377651215
147, 25, 426, 837, 0.3233978748321533
147, 26, 288, 869, -0.010955074802041054
147, 27, 441, 1076, 0.9524124264717102
147, 28, 308, 1108, 0.28080132603645325
147, 29, 439, 1117, 0.9875856637954712
147, 30, 290, 1148, 0.29518023133277893
147, 31, 478, 1144, 0.5925909876823425
147, 32, 395, 1178, -0.20402833819389343
148, 0, 293, 83, -0.6720534563064575
148, 1, 307, 56, -0.608765721321106
148, 2, 315, 56, -0.6088152527809143
148, 3, 322, 56, -0.6085663437843323
148, 4, 278, 57, -0.6503250002861023
148, 5, 266, 57, -0.6499723196029663
148, 6, 255, 58, -0.6503660082817078
148, 7, 331, 66, -0.24250134825706482
148, 8, 239, 71, -0.41717925667762756
148, 9, 309, 110, -0.531685471534729
148, 10, 272, 113, -0.5795961618423462
148, 11, 379, 211, 0.11234499514102936
148, 12, 188, 223, -0.415872186422348
148, 13, 398, 365, 0.10003955662250519
148, 14, 168, 431, -0.555307149887085
148, 15, 474, 429, -0.49287039041519165
148, 16, 269, 601, -0.8110243082046509
148, 17, 489, 442, -0.5836396217346191
148, 18, 294, 664, -0.8916460871696472
148, 19, 483, 423, -0.656781792640686
148, 20, 322, 648, -0.9217126965522766
148, 21, 472, 416, -0.5430241823196411
148, 22, 315, 625, -0.8210321664810181
148, 23, 396, 556, 0.1524858921766281
148, 24, 259, 590, -0.14950236678123474
148, 25, 427, 837, 0.3025791049003601
148, 26, 291, 869, -0.06659159809350967
148, 27, 440, 1077, 0.9096495509147644
148, 28, 308, 1109, 0.1919369399547577
148, 29, 438, 1118, 0.9427865147590637
148, 30, 289, 1148, 0.20279283821582794
148, 31, 480, 1144, 0.5538617372512817
148, 32, 393, 1179, -0.29230430722236633
149, 0, 293, 80, -0.6687970161437988
149, 1, 307, 54, -0.6052286624908447
149, 2, 316, 54, -0.6052857637405396
149, 3, 323, 55, -0.6050793528556824
149, 4, 279, 54, -0.6459503173828125
149, 5, 268, 54, -0.6456657648086548
149, 6, 256, 54, -0.6461302042007446
149, 7, 332, 65, -0.23745186626911163
149, 8, 240, 66, -0.40884318947792053
149, 9, 309, 108, -0.5289980173110962
149, 10, 272, 111, -0.5765756368637085
149, 11, 379, 211, 0.09973631799221039
149, 12, 190, 221, -0.4129669666290283
149, 13, 401, 366, 0.05935599282383919
149, 14, 169, 427, -0.5576364398002625
149, 15, 473, 428, -0.5353875756263733
149, 16, 272, 596, -0.8296148180961609
149, 17, 491, 442, -0.6297627687454224
149, 18, 296, 658, -0.9192522168159485
149, 19, 483, 425, -0.697862982749939
149, 20, 324, 642, -0.9528003931045532
149, 21, 472, 418, -0.5839693546295166
149, 22, 316, 619, -0.8431167602539062
149, 23, 398, 563, 0.147699773311615
149, 24, 258, 589, -0.14467854797840118
149, 25, 426, 836, 0.28593069314956665
149, 26, 289, 867, -0.060241978615522385
149, 27, 439, 1077, 0.9081039428710938
149, 28, 306, 1108, 0.23273202776908875
149, 29, 437, 1117, 0.9404198527336121
149, 30, 287, 1147, 0.24675920605659485
149, 31, 475, 1144, 0.5232945680618286
149, 32, 388, 1178, -0.2629116177558899
