0, 0, 267, 47, -1.0881502628326416
0, 1, 283, 15, -0.996839702129364
0, 2, 295, 16, -0.9969279170036316
0, 3, 307, 17, -0.9973379373550415
0, 4, 246, 11, -1.0394978523254395
0, 5, 231, 10, -1.0390201807022095
0, 6, 215, 10, -1.0395431518554688
0, 7, 322, 33, -0.4681994318962097
0, 8, 184, 24, -0.6517476439476013
0, 9, 287, 85, -0.8915899991989136
0, 10, 243, 83, -0.943332314491272
0, 11, 385, 239, -0.08908303081989288
0, 12, 87, 257, -0.518156111240387
0, 13, 421, 437, 0.19019684195518494
0, 14, 28, 449, -0.49400001764297485
0, 15, 436, 643, -0.03879110887646675
0, 16, 68, 662, -0.9204598665237427
0, 17, 457, 700, -0.10409774631261826
0, 18, 64, 723, -1.0565590858459473
0, 19, 444, 702, -0.20819807052612305
0, 20, 97, 719, -1.1359769105911255
0, 21, 428, 680, -0.09982576966285706
0, 22, 103, 694, -0.9650066494941711
0, 23, 361, 680, 0.03792927414178848
0, 24, 151, 692, -0.03352631628513336
0, 25, 366, 1045, 0.041998498141765594
0, 26, 176, 1056, -0.04722920060157776
0, 27, 376, 1372, 0.7543909549713135
0, 28, 191, 1381, 0.4280286729335785
0, 29, 376, 1424, 0.7820336818695068
0, 30, 182, 1434, 0.45034462213516235
0, 31, 372, 1467, 0.11637840420007706
0, 32, 242, 1470, -0.3256857395172119
1, 0, 266, 47, -0.9701371192932129
1, 1, 283, 15, -0.8788474798202515
1, 2, 295, 16, -0.8790042996406555
1, 3, 307, 18, -0.8793399930000305
1, 4, 246, 11, -0.9205517768859863
1, 5, 231, 10, -0.9203473925590515
1, 6, 215, 10, -0.9209064245223999
1, 7, 321, 35, -0.3963131308555603
1, 8, 184, 26, -0.5709174871444702
1, 9, 287, 85, -0.7944278120994568
1, 10, 243, 83, -0.8436562418937683
1, 11, 383, 240, -0.07499116659164429
1, 12, 86, 259, -0.5070623159408569
1, 13, 418, 439, 0.14201153814792633
1, 14, 27, 451, -0.5057758092880249
1, 15, 436, 643, -0.151808962225914
1, 16, 68, 668, -0.9459134936332703
1, 17, 462, 700, -0.2299807071685791
1, 18, 63, 730, -1.0837936401367188
1, 19, 447, 702, -0.32714542746543884
1, 20, 96, 727, -1.159238576889038
1, 21, 431, 680, -0.21134233474731445
1, 22, 103, 701, -0.9889370203018188
1, 23, 361, 680, 0.040180254727602005
1, 24, 152, 693, -0.03612508997321129
1, 25, 366, 1044, 0.08369681984186172
1, 26, 176, 1056, -0.0065035088919103146
1, 27, 376, 1371, 0.83282071352005
1, 28, 192, 1379, 0.49188289046287537
1, 29, 376, 1423, 0.868405818939209
1, 30, 182, 1433, 0.5202864408493042
1, 31, 375, 1464, 0.262154221534729
1, 32, 249, 1468, -0.1975145787000656
2, 0, 266, 47, -1.0016601085662842
2, 1, 282, 15, -0.910664439201355
2, 2, 294, 16, -0.91078120470047
2, 3, 306, 18, -0.9111492037773132
2, 4, 245, 11, -0.9527376294136047
2, 5, 230, 10, -0.9523855447769165
2, 6, 215, 10, -0.9529179334640503
2, 7, 320, 35, -0.4077274799346924
2, 8, 183, 28, -0.5877158045768738
2, 9, 287, 85, -0.8160521388053894
2, 10, 242, 83, -0.8668689727783203
2, 11, 382, 240, -0.08008185774087906
2, 12, 85, 263, -0.5288373231887817
2, 13, 415, 441, 0.13044698536396027
2, 14, 27, 455, -0.5439398884773254
2, 15, 435, 649, -0.15595793724060059
2, 16, 68, 686, -0.9923636317253113
2, 17, 463, 701, -0.23200449347496033
2, 18, 63, 751, -1.1331830024719238
2, 19, 449, 704, -0.33006447553634644
2, 20, 96, 750, -1.2130454778671265
2, 21, 433, 682, -0.21527254581451416
2, 22, 103, 722, -1.0368739366531372
2, 23, 363, 681, 0.04233381524682045
2, 24, 153, 695, -0.038603685796260834
2, 25, 369, 1044, 0.14014559984207153
2, 26, 178, 1058, 0.052887171506881714
2, 27, 380, 1371, 0.9694132804870605
2, 28, 197, 1380, 0.6361861228942871
2, 29, 379, 1423, 1.0114809274673462
2, 30, 185, 1433, 0.6726599931716919
2, 31, 387, 1464, 0.381930947303772
2, 32, 262, 1469, -0.06769300997257233
3, 0, 264, 47, -0.9398002624511719
3, 1, 281, 14, -0.852371871471405
3, 2, 292, 16, -0.8525155782699585
3, 3, 305, 18, -0.8528996706008911
3, 4, 244, 11, -0.8897689580917358
3, 5, 229, 10, -0.8894799947738647
3, 6, 213, 10, -0.8899954557418823
3, 7, 319, 35, -0.38409823179244995
3, 8, 181, 28, -0.5391954183578491
3, 9, 285, 85, -0.7695116996765137
3, 10, 240, 83, -0.8130910992622375
3, 11, 382, 240, -0.08028964698314667
3, 12, 83, 265, -0.5000020861625671
3, 13, 415, 444, 0.12049403041601181
3, 14, 27, 462, -0.5350331664085388
3, 15, 436, 649, -0.13229672610759735
3, 16, 65, 692, -0.9695380330085754
3, 17, 469, 701, -0.2084101438522339
3, 18, 56, 757, -1.0979948043823242
3, 19, 455, 704, -0.3222528100013733
3, 20, 90, 757, -1.1698030233383179
3, 21, 439, 682, -0.19369614124298096
3, 22, 99, 729, -1.01148521900177
3, 23, 364, 683, 0.03739885985851288
3, 24, 153, 697, -0.03390546515583992
3, 25, 370, 1045, 0.12165151536464691
3, 26, 179, 1060, 0.06041765213012695
3, 27, 383, 1371, 0.9067417979240417
3, 28, 202, 1380, 0.5987423658370972
3, 29, 384, 1423, 0.9444118738174438
3, 30, 191, 1433, 0.6322121620178223
3, 31, 391, 1464, 0.32773011922836304
3, 32, 266, 1470, -0.08422289788722992
4, 0, 262, 47, -0.9222238659858704
4, 1, 280, 14, -0.8353840112686157
4, 2, 291, 16, -0.8355430364608765
4, 3, 304, 18, -0.8358888626098633
4, 4, 243, 11, -0.8704765439033508
4, 5, 228, 10, -0.8701764941215515
4, 6, 213, 10, -0.8707183003425598
4, 7, 319, 36, -0.37916964292526245
4, 8, 181, 28, -0.5228330492973328
4, 9, 283, 85, -0.7574916481971741
4, 10, 238, 83, -0.7980555295944214
4, 11, 382, 240, -0.08959788084030151
4, 12, 83, 267, -0.479361355304718
4, 13, 414, 446, 0.08170238882303238
4, 14, 27, 463, -0.5121104717254639
4, 15, 437, 652, -0.14791220426559448
4, 16, 64, 694, -0.939490795135498
4, 17, 473, 701, -0.21472124755382538
4, 18, 55, 760, -1.064123511314392
4, 19, 458, 704, -0.30958929657936096
4, 20, 90, 759, -1.135528802871704
4, 21, 442, 682, -0.20301315188407898
4, 22, 98, 731, -0.9819591641426086
4, 23, 366, 684, 0.023537704721093178
4, 24, 153, 698, -0.01999160274863243
4, 25, 373, 1045, 0.12015943229198456
4, 26, 180, 1061, 0.06117786094546318
4, 27, 387, 1371, 0.8813854455947876
4, 28, 205, 1379, 0.583640992641449
4, 29, 388, 1424, 0.9154366254806519
4, 30, 196, 1432, 0.6164348721504211
4, 31, 391, 1465, 0.2880461513996124
4, 32, 265, 1470, -0.09365525096654892
5, 0, 259, 47, -0.9293798208236694
5, 1, 277, 15, -0.8422995805740356
5, 2, 289, 16, -0.8425045013427734
5, 3, 301, 18, -0.8428844213485718
5, 4, 241, 11, -0.8757275342941284
5, 5, 226, 10, -0.8753961324691772
5, 6, 210, 10, -0.8759565353393555
5, 7, 318, 37, -0.3852936923503876
5, 8, 179, 29, -0.5215213894844055
5, 9, 279, 85, -0.7646154761314392
5, 10, 234, 83, -0.8031160235404968
5, 11, 382, 242, -0.1116953119635582
5, 12, 82, 267, -0.467063844203949
5, 13, 416, 447, 0.03576097637414932
5, 14, 27, 465, -0.4879176616668701
5, 15, 439, 655, -0.21172353625297546
5, 16, 61, 695, -0.9207524061203003
5, 17, 477, 704, -0.2828937768936157
5, 18, 51, 759, -1.045717716217041
5, 19, 461, 706, -0.3645431101322174
5, 20, 84, 757, -1.1231813430786133
5, 21, 445, 684, -0.2636238932609558
5, 22, 93, 730, -0.9664640426635742
5, 23, 366, 686, 0.007914083078503609
5, 24, 153, 702, -0.004279016051441431
5, 25, 373, 1047, 0.11249403655529022
5, 26, 180, 1064, 0.09184227883815765
5, 27, 388, 1373, 0.8796607255935669
5, 28, 205, 1380, 0.6410416960716248
5, 29, 390, 1426, 0.9174792170524597
5, 30, 198, 1433, 0.6784025430679321
5, 31, 390, 1469, 0.2995222806930542
5, 32, 265, 1474, -0.030847588554024696
6, 0, 257, 47, -0.8604010343551636
6, 1, 275, 15, -0.7773648500442505
6, 2, 287, 16, -0.7774848341941833
6, 3, 299, 19, -0.7778401970863342
6, 4, 238, 11, -0.8064824938774109
6, 5, 223, 11, -0.8060163259506226
6, 6, 208, 11, -0.806501030921936
6, 7, 316, 38, -0.34769198298454285
6, 8, 178, 30, -0.4626721739768982
6, 9, 277, 85, -0.7066432237625122
6, 10, 231, 83, -0.7393803596496582
6, 11, 382, 242, -0.11027772724628448
6, 12, 81, 268, -0.429313600063324
6, 13, 417, 448, 0.023677987977862358
6, 14, 27, 465, -0.46546825766563416
6, 15, 453, 654, -0.20790544152259827
6, 16, 59, 695, -0.9079650640487671
6, 17, 482, 704, -0.27624183893203735
6, 18, 47, 759, -1.0339171886444092
6, 19, 465, 706, -0.35561180114746094
6, 20, 80, 757, -1.1106067895889282
6, 21, 449, 684, -0.2588675916194916
6, 22, 90, 730, -0.9550786018371582
6, 23, 366, 688, 0.0013715532841160893
6, 24, 153, 704, 0.0024966683704406023
6, 25, 375, 1048, 0.08265473693609238
6, 26, 180, 1065, 0.07492902874946594
6, 27, 392, 1374, 0.8275793194770813
6, 28, 209, 1380, 0.6078275442123413
6, 29, 395, 1427, 0.8636542558670044
6, 30, 204, 1432, 0.6405744552612305
6, 31, 391, 1471, 0.2685348093509674
6, 32, 265, 1474, -0.08561915904283524
7, 0, 256, 46, -0.8212180137634277
7, 1, 275, 15, -0.7425930500030518
7, 2, 287, 16, -0.7424209713935852
7, 3, 299, 18, -0.7427607774734497
7, 4, 238, 11, -0.7664943933486938
7, 5, 223, 10, -0.7658824324607849
7, 6, 208, 11, -0.7662639021873474
7, 7, 317, 38, -0.33097293972969055
7, 8, 179, 30, -0.42395156621932983
7, 9, 277, 83, -0.67513108253479
7, 10, 231, 82, -0.7011755108833313
7, 11, 382, 242, -0.11068649590015411
7, 12, 81, 269, -0.4053792953491211
7, 13, 419, 449, 0.037655074149370193
7, 14, 27, 471, -0.42605072259902954
7, 15, 467, 654, -0.058792900294065475
7, 16, 36, 701, -0.8315284848213196
7, 17, 496, 703, -0.09920553863048553
7, 18, 16, 765, -0.9479241371154785
7, 19, 481, 706, -0.1799488514661789
7, 20, 50, 763, -1.0235694646835327
7, 21, 463, 684, -0.10656611621379852
7, 22, 65, 737, -0.8786094784736633
7, 23, 366, 692, -0.0011771570425480604
7, 24, 152, 706, 0.005168602801859379
7, 25, 375, 1054, 0.07684026658535004
7, 26, 182, 1071, 0.06790422648191452
7, 27, 392, 1381, 0.8302192687988281
7, 28, 210, 1386, 0.5907098650932312
7, 29, 395, 1432, 0.8676475286483765
7, 30, 205, 1435, 0.6234284043312073
7, 31, 390, 1479, 0.26947447657585144
7, 32, 264, 1483, -0.09437008947134018
8, 0, 256, 45, -0.8652675747871399
8, 1, 275, 14, -0.7839548587799072
8, 2, 287, 16, -0.7838282585144043
8, 3, 299, 18, -0.7841563820838928
8, 4, 238, 11, -0.8096637725830078
8, 5, 223, 10, -0.809050440788269
8, 6, 208, 11, -0.8094565272331238
8, 7, 317, 38, -0.3470301330089569
8, 8, 179, 30, -0.44977831840515137
8, 9, 277, 83, -0.709435760974884
8, 10, 231, 82, -0.738380491733551
8, 11, 383, 242, -0.1358489990234375
8, 12, 81, 269, -0.3917528986930847
8, 13, 419, 446, 0.03943127393722534
8, 14, 27, 470, -0.4059208929538727
8, 15, 467, 650, -0.10195604711771011
8, 16, 15, 696, -0.8354743719100952
8, 17, 494, 702, -0.14448973536491394
8, 18, -7, 755, -0.9535340070724487
8, 19, 479, 704, -0.2172623574733734
8, 20, 23, 752, -1.0397993326187134
8, 21, 462, 683, -0.1481045037508011
8, 22, 38, 730, -0.8874092102050781
8, 23, 366, 692, -0.008842533454298973
8, 24, 151, 706, 0.013163347728550434
8, 25, 375, 1053, 0.044554755091667175
8, 26, 182, 1071, 0.06195356324315071
8, 27, 391, 1380, 0.8094064593315125
8, 28, 208, 1385, 0.5811325311660767
8, 29, 394, 1430, 0.8460405468940735
8, 30, 203, 1434, 0.6130428314208984
8, 31, 387, 1477, 0.2315301150083542
8, 32, 260, 1482, -0.10566730797290802
9, 0, 257, 45, -0.8515726923942566
9, 1, 276, 14, -0.7745461463928223
9, 2, 288, 16, -0.7743362188339233
9, 3, 300, 18, -0.7746177315711975
9, 4, 239, 11, -0.7956215739250183
9, 5, 225, 10, -0.7949036955833435
9, 6, 210, 11, -0.7952581644058228
9, 7, 318, 38, -0.35179606080055237
9, 8, 183, 30, -0.4389849603176117
9, 9, 277, 83, -0.7013642191886902
9, 10, 232, 81, -0.7246565818786621
9, 11, 386, 242, -0.1467343270778656
9, 12, 82, 269, -0.37259894609451294
9, 13, 423, 445, -0.015292021445930004
9, 14, 28, 469, -0.4002198576927185
9, 15, 464, 647, -0.22495052218437195
9, 16, 23, 688, -0.8359501957893372
9, 17, 496, 698, -0.29104048013687134
9, 18, 4, 745, -0.9553548097610474
9, 19, 481, 700, -0.36586421728134155
9, 20, 34, 743, -1.040160894393921
9, 21, 464, 680, -0.2742510437965393
9, 22, 48, 721, -0.8883954882621765
9, 23, 366, 689, -0.015654921531677246
9, 24, 152, 702, 0.02018730714917183
9, 25, 375, 1047, 0.03630128502845764
9, 26, 182, 1063, 0.05837320163846016
9, 27, 391, 1372, 0.7854534983634949
9, 28, 208, 1375, 0.5778881311416626
9, 29, 394, 1421, 0.8216742277145386
9, 30, 203, 1423, 0.6102879643440247
9, 31, 385, 1469, 0.20755335688591003
9, 32, 258, 1471, -0.11524099111557007
10, 0, 258, 45, -0.854495644569397
10, 1, 277, 15, -0.7762898206710815
10, 2, 289, 17, -0.7760900259017944
10, 3, 301, 19, -0.7764120101928711
10, 4, 241, 11, -0.7979386448860168
10, 5, 227, 11, -0.7972475290298462
10, 6, 213, 11, -0.7976221442222595
10, 7, 319, 39, -0.35074344277381897
10, 8, 187, 31, -0.4362000823020935
10, 9, 278, 83, -0.7018959522247314
10, 10, 233, 81, -0.7257097363471985
10, 11, 388, 242, -0.1414930820465088
10, 12, 85, 269, -0.3673940598964691
10, 13, 425, 445, 0.012302746996283531
10, 14, 36, 469, -0.3680577874183655
10, 15, 463, 647, -0.2050481140613556
10, 16, 40, 688, -0.7846196889877319
10, 17, 495, 697, -0.27689141035079956
10, 18, 19, 744, -0.9040088653564453
10, 19, 480, 700, -0.36383578181266785
10, 20, 46, 742, -0.9906779527664185
10, 21, 464, 679, -0.2598867118358612
10, 22, 60, 720, -0.837456226348877
10, 23, 369, 688, -0.019266389310359955
10, 24, 158, 701, 0.023805761709809303
10, 25, 377, 1046, 0.034033723175525665
10, 26, 184, 1061, 0.0562797486782074
10, 27, 392, 1370, 0.7829635143280029
10, 28, 211, 1374, 0.5774170160293579
10, 29, 396, 1419, 0.819372832775116
10, 30, 208, 1421, 0.6096652746200562
10, 31, 384, 1467, 0.2016175538301468
10, 32, 258, 1470, -0.11972171068191528
11, 0, 260, 45, -0.8467727899551392
11, 1, 279, 15, -0.7666009664535522
11, 2, 291, 17, -0.7664194107055664
11, 3, 303, 19, -0.7667251825332642
11, 4, 243, 12, -0.7913755774497986
11, 5, 230, 11, -0.7907840013504028
11, 6, 216, 11, -0.7911509275436401
11, 7, 321, 39, -0.3381858468055725
11, 8, 189, 33, -0.43675583600997925
11, 9, 281, 83, -0.6933465003967285
11, 10, 235, 82, -0.721135139465332
11, 11, 391, 243, -0.1251995861530304
11, 12, 87, 269, -0.37896522879600525
11, 13, 429, 448, 0.03445250540971756
11, 14, 45, 471, -0.37427064776420593
11, 15, 461, 647, -0.15789833664894104
11, 16, 48, 688, -0.7665272355079651
11, 17, 496, 697, -0.21460433304309845
11, 18, 26, 745, -0.8831745386123657
11, 19, 481, 700, -0.30308690667152405
11, 20, 54, 744, -0.9649163484573364
11, 21, 465, 680, -0.2112867534160614
11, 22, 69, 722, -0.8153867721557617
11, 23, 373, 688, -0.017196111381053925
11, 24, 164, 701, 0.02170482464134693
11, 25, 380, 1046, 0.036338094621896744
11, 26, 189, 1061, 0.05203176289796829
11, 27, 396, 1370, 0.7806757688522339
11, 28, 218, 1374, 0.5423001050949097
11, 29, 400, 1419, 0.8172621726989746
11, 30, 215, 1421, 0.5717684030532837
11, 31, 387, 1467, 0.20381906628608704
11, 32, 262, 1470, -0.1396332085132599
12, 0, 265, 47, -0.9381597638130188
12, 1, 283, 16, -0.8540459871292114
12, 2, 295, 18, -0.8540381193161011
12, 3, 307, 20, -0.8544211387634277
12, 4, 248, 14, -0.8826813697814941
12, 5, 234, 13, -0.882285475730896
12, 6, 221, 13, -0.8827722668647766
12, 7, 322, 40, -0.38863709568977356
12, 8, 193, 34, -0.5008019804954529
12, 9, 285, 84, -0.7686861753463745
12, 10, 241, 83, -0.8004847764968872
12, 11, 396, 244, -0.1305166780948639
12, 12, 91, 271, -0.4140802323818207
12, 13, 434, 453, 0.03506113216280937
12, 14, 49, 481, -0.3841756582260132
12, 15, 467, 655, -0.24142083525657654
12, 16, 51, 702, -0.7797165513038635
12, 17, 503, 700, -0.3112255036830902
12, 18, 28, 761, -0.9117774963378906
12, 19, 488, 704, -0.41022539138793945
12, 20, 56, 763, -1.0187549591064453
12, 21, 472, 683, -0.30036571621894836
12, 22, 71, 738, -0.840124249458313
12, 23, 379, 691, -0.015891235321760178
12, 24, 171, 705, 0.020400667563080788
12, 25, 390, 1050, 0.05007162690162659
12, 26, 198, 1068, 0.05506839230656624
12, 27, 409, 1375, 0.8348859548568726
12, 28, 231, 1382, 0.5765500664710999
12, 29, 413, 1425, 0.8764354586601257
12, 30, 228, 1429, 0.6085038781166077
12, 31, 402, 1471, 0.25425365567207336
12, 32, 276, 1478, -0.11817125231027603
13, 0, 272, 52, -0.9728043675422668
13, 1, 287, 20, -0.8881860971450806
13, 2, 299, 21, -0.8883885145187378
13, 3, 311, 23, -0.8887492418289185
13, 4, 252, 18, -0.9250701665878296
13, 5, 238, 18, -0.9249175786972046
13, 6, 225, 19, -0.9255949854850769
13, 7, 324, 43, -0.4042239785194397
13, 8, 196, 40, -0.5554757118225098
13, 9, 290, 89, -0.7934426069259644
13, 10, 248, 88, -0.8357213735580444
13, 11, 399, 244, -0.07746119052171707
13, 12, 102, 270, -0.4704458713531494
13, 13, 437, 454, 0.10709400475025177
13, 14, 52, 482, -0.4409547448158264
13, 15, 488, 655, -0.22270718216896057
13, 16, 50, 701, -0.8658274412155151
13, 17, 516, 703, -0.29838457703590393
13, 18, 29, 760, -0.998314380645752
13, 19, 502, 709, -0.40515464544296265
13, 20, 57, 761, -1.1065037250518799
13, 21, 483, 689, -0.28526759147644043
13, 22, 72, 737, -0.9232845306396484
13, 23, 379, 691, 0.0365736149251461
13, 24, 171, 705, -0.032539017498493195
13, 25, 388, 1052, 0.038073502480983734
13, 26, 195, 1067, -0.05885576084256172
13, 27, 402, 1378, 0.7356950640678406
13, 28, 220, 1384, 0.3777494430541992
13, 29, 404, 1429, 0.766667902469635
13, 30, 212, 1435, 0.3966798186302185
13, 31, 401, 1471, 0.16370999813079834
13, 32, 271, 1478, -0.3243682086467743
14, 0, 273, 54, -1.0271010398864746
14, 1, 289, 21, -0.9439219236373901
14, 2, 302, 22, -0.9442631006240845
14, 3, 315, 24, -0.9446735382080078
14, 4, 253, 19, -0.9758669137954712
14, 5, 239, 19, -0.9756627082824707
14, 6, 226, 19, -0.9763036966323853
14, 7, 329, 44, -0.4557111859321594
14, 8, 198, 40, -0.5866922736167908
14, 9, 293, 91, -0.845370888710022
14, 10, 250, 90, -0.8820350766181946
14, 11, 403, 245, -0.10497766733169556
14, 12, 107, 269, -0.4782446026802063
14, 13, 441, 456, 0.0828273817896843
14, 14, 56, 481, -0.4467134475708008
14, 15, 483, 667, -0.24566273391246796
14, 16, 55, 700, -0.8864280581474304
14, 17, 519, 713, -0.32566291093826294
14, 18, 39, 759, -1.0188238620758057
14, 19, 504, 718, -0.4315522313117981
14, 20, 69, 760, -1.1190803050994873
14, 21, 486, 697, -0.30848702788352966
14, 22, 81, 736, -0.9410198926925659
14, 23, 378, 692, 0.03257355839014053
14, 24, 170, 705, -0.0287639107555151
14, 25, 381, 1053, 0.037836428731679916
14, 26, 187, 1067, -0.04361065849661827
14, 27, 389, 1378, 0.7436102628707886
14, 28, 207, 1384, 0.462647020816803
14, 29, 389, 1429, 0.7720351815223694
14, 30, 200, 1435, 0.49230846762657166
14, 31, 382, 1472, 0.16721178591251373
14, 32, 253, 1478, -0.24055078625679016
15, 0, 275, 55, -0.9666904211044312
15, 1, 291, 22, -0.8987414240837097
15, 2, 304, 24, -0.8991168141365051
15, 3, 317, 26, -0.8995751142501831
15, 4, 256, 20, -0.928836464881897
15, 5, 242, 19, -0.9287505149841309
15, 6, 229, 20, -0.9294413328170776
15, 7, 334, 46, -0.44404786825180054
15, 8, 202, 41, -0.5768890976905823
15, 9, 295, 93, -0.8027450442314148
15, 10, 252, 91, -0.8370000720024109
15, 11, 408, 246, -0.10457368195056915
15, 12, 114, 266, -0.47354358434677124
15, 13, 448, 456, 0.08696551620960236
15, 14, 67, 481, -0.4476713240146637
15, 15, 482, 670, -0.15853241086006165
15, 16, 67, 699, -0.8556401133537292
15, 17, 525, 716, -0.22303637862205505
15, 18, 52, 758, -0.9700511693954468
15, 19, 510, 721, -0.3155064284801483
15, 20, 83, 759, -1.0616960525512695
15, 21, 491, 700, -0.2148687094449997
15, 22, 95, 735, -0.9053893089294434
15, 23, 381, 692, 0.029630277305841446
15, 24, 173, 704, -0.025727469474077225
15, 25, 381, 1053, 0.033662356436252594
15, 26, 188, 1067, -0.032691169530153275
15, 27, 388, 1378, 0.7412309646606445
15, 28, 207, 1384, 0.4772879481315613
15, 29, 389, 1429, 0.7745181322097778
15, 30, 200, 1435, 0.5070064663887024
15, 31, 381, 1474, 0.1775023490190506
15, 32, 251, 1478, -0.22904130816459656
16, 0, 280, 58, -0.863269031047821
16, 1, 296, 26, -0.8033378720283508
16, 2, 309, 28, -0.8034793138504028
16, 3, 322, 30, -0.8038673400878906
16, 4, 261, 23, -0.8243501782417297
16, 5, 247, 23, -0.824023425579071
16, 6, 233, 24, -0.824527382850647
16, 7, 339, 48, -0.42476576566696167
16, 8, 208, 43, -0.5073409676551819
16, 9, 300, 95, -0.7210491299629211
16, 10, 258, 94, -0.7443035840988159
16, 11, 414, 247, -0.1255713254213333
16, 12, 122, 264, -0.44760170578956604
16, 13, 454, 457, 0.03846586495637894
16, 14, 78, 479, -0.43115943670272827
16, 15, 500, 669, -0.1487502008676529
16, 16, 79, 694, -0.7783984541893005
16, 17, 532, 715, -0.20900864899158478
16, 18, 61, 752, -0.8840436935424805
16, 19, 515, 720, -0.29412657022476196
16, 20, 93, 752, -0.966492772102356
16, 21, 496, 699, -0.20174379646778107
16, 22, 106, 729, -0.8259792327880859
16, 23, 385, 690, 0.017677705734968185
16, 24, 180, 701, -0.013788213953375816
16, 25, 384, 1051, 0.029375161975622177
16, 26, 192, 1062, -0.029415065422654152
16, 27, 393, 1377, 0.6890695691108704
16, 28, 213, 1379, 0.4541758596897125
16, 29, 395, 1427, 0.7207820415496826
16, 30, 209, 1429, 0.48206257820129395
16, 31, 382, 1474, 0.15949061512947083
16, 32, 252, 1473, -0.21410150825977325
17, 0, 287, 61, -0.8708034753799438
17, 1, 302, 29, -0.8049052953720093
17, 2, 315, 30, -0.8050811886787415
17, 3, 327, 32, -0.805452823638916
17, 4, 267, 26, -0.8289617300033569
17, 5, 253, 26, -0.8286598920822144
17, 6, 239, 27, -0.8291770219802856
17, 7, 345, 49, -0.4164646565914154
17, 8, 214, 45, -0.5027850866317749
17, 9, 307, 98, -0.7209395170211792
17, 10, 265, 97, -0.7479709386825562
17, 11, 420, 247, -0.12145687639713287
17, 12, 129, 262, -0.44591179490089417
17, 13, 458, 457, 0.04233413562178612
17, 14, 100, 478, -0.4292214512825012
17, 15, 503, 667, -0.1685819923877716
17, 16, 107, 693, -0.7950764894485474
17, 17, 531, 715, -0.2376357614994049
17, 18, 87, 752, -0.9006726145744324
17, 19, 514, 720, -0.33588355779647827
17, 20, 117, 752, -0.985363781452179
17, 21, 495, 699, -0.22737157344818115
17, 22, 132, 729, -0.8433024287223816
17, 23, 395, 686, 0.017039859667420387
17, 24, 194, 697, -0.013110819272696972
17, 25, 392, 1046, 0.019283218309283257
17, 26, 204, 1054, -0.031111016869544983
17, 27, 407, 1370, 0.6616736054420471
17, 28, 230, 1369, 0.391010582447052
17, 29, 409, 1419, 0.6917906999588013
17, 30, 229, 1417, 0.4142642617225647
17, 31, 395, 1468, 0.12334740161895752
17, 32, 265, 1464, -0.2659541368484497
18, 0, 293, 65, -0.9320438504219055
18, 1, 306, 33, -0.8617708086967468
18, 2, 319, 35, -0.8620996475219727
18, 3, 331, 36, -0.8624938726425171
18, 4, 271, 31, -0.886613667011261
18, 5, 257, 31, -0.8864308595657349
18, 6, 244, 31, -0.8870282173156738
18, 7, 348, 51, -0.43316739797592163
18, 8, 220, 48, -0.5301221609115601
18, 9, 312, 101, -0.7697519659996033
18, 10, 272, 101, -0.7975290417671204
18, 11, 424, 248, -0.12618786096572876
18, 12, 137, 261, -0.4460464119911194
18, 13, 460, 457, 0.03349853307008743
18, 14, 108, 477, -0.4279294013977051
18, 15, 504, 667, -0.2530292272567749
18, 16, 128, 693, -0.8248640298843384
18, 17, 530, 714, -0.33770298957824707
18, 18, 114, 752, -0.9526488184928894
18, 19, 514, 719, -0.4468502104282379
18, 20, 142, 751, -1.0426623821258545
18, 21, 495, 698, -0.31747663021087646
18, 22, 155, 727, -0.8746687173843384
18, 23, 400, 683, 0.015543456189334393
18, 24, 199, 694, -0.011690070852637291
18, 25, 394, 1041, -0.00760901952162385
18, 26, 207, 1048, -0.0515359565615654
18, 27, 407, 1365, 0.6278418302536011
18, 28, 230, 1363, 0.35758548974990845
18, 29, 409, 1413, 0.6557209491729736
18, 30, 228, 1411, 0.3786156177520752
18, 31, 394, 1463, 0.06357181072235107
18, 32, 265, 1457, -0.31814271211624146
19, 0, 298, 69, -1.0178576707839966
19, 1, 312, 37, -0.9404982328414917
19, 2, 325, 38, -0.9408279657363892
19, 3, 337, 39, -0.9410881996154785
19, 4, 277, 35, -0.9681833982467651
19, 5, 264, 35, -0.9680787920951843
19, 6, 250, 35, -0.9686614871025085
19, 7, 353, 54, -0.4663718342781067
19, 8, 228, 52, -0.5811861753463745
19, 9, 317, 105, -0.8399736285209656
19, 10, 278, 105, -0.8723653554916382
19, 11, 430, 248, -0.12759646773338318
19, 12, 145, 259, -0.4468550682067871
19, 13, 463, 455, 0.03445152938365936
19, 14, 116, 470, -0.41240039467811584
19, 15, 500, 658, -0.3071889579296112
19, 16, 164, 683, -0.8390902280807495
19, 17, 522, 708, -0.4049318730831146
19, 18, 164, 743, -0.9793096780776978
19, 19, 507, 708, -0.5225679874420166
19, 20, 190, 737, -1.061457872390747
19, 21, 490, 688, -0.3756418228149414
19, 22, 198, 713, -0.8841228485107422
19, 23, 405, 675, 0.015057514421641827
19, 24, 208, 687, -0.011188328266143799
19, 25, 397, 1033, -0.06992505490779877
19, 26, 214, 1039, -0.11742911487817764
19, 27, 408, 1356, 0.5324119329452515
19, 28, 233, 1357, 0.24296990036964417
19, 29, 411, 1402, 0.5551616549491882
19, 30, 230, 1404, 0.2558285892009735
19, 31, 394, 1454, -0.06537219882011414
19, 32, 266, 1449, -0.46891483664512634
20, 0, 304, 71, -0.9943642616271973
20, 1, 318, 40, -0.9173811078071594
20, 2, 331, 41, -0.9176501035690308
20, 3, 343, 42, -0.9179375767707825
20, 4, 284, 38, -0.9449540376663208
20, 5, 271, 38, -0.9447619318962097
20, 6, 258, 38, -0.9453274607658386
20, 7, 361, 56, -0.45472025871276855
20, 8, 237, 54, -0.5693325400352478
20, 9, 322, 107, -0.8222364187240601
20, 10, 284, 107, -0.8542148470878601
20, 11, 436, 250, -0.12345961481332779
20, 12, 153, 258, -0.4441721439361572
20, 13, 466, 455, 0.042847685515880585
20, 14, 120, 463, -0.4134652614593506
20, 15, 499, 660, -0.2748028337955475
20, 16, 169, 676, -0.8583450317382812
20, 17, 521, 707, -0.3614426255226135
20, 18, 167, 739, -1.0005868673324585
20, 19, 507, 707, -0.47068333625793457
20, 20, 197, 733, -1.0739398002624512
20, 21, 489, 687, -0.3392629027366638
20, 22, 205, 708, -0.8994184732437134
20, 23, 409, 673, 0.012326620519161224
20, 24, 213, 684, -0.008419844321906567
20, 25, 402, 1029, -0.056374065577983856
20, 26, 221, 1034, -0.08868369460105896
20, 27, 413, 1349, 0.578535258769989
20, 28, 242, 1350, 0.30804112553596497
20, 29, 416, 1396, 0.6053179502487183
20, 30, 239, 1398, 0.3270123302936554
20, 31, 399, 1448, -0.001270402455702424
20, 32, 275, 1441, -0.3838405907154083
21, 0, 312, 73, -0.98829185962677
21, 1, 326, 43, -0.9152262806892395
21, 2, 339, 44, -0.91559237241745
21, 3, 351, 44, -0.9158623814582825
21, 4, 293, 40, -0.9425739049911499
21, 5, 280, 40, -0.942273736000061
21, 6, 266, 40, -0.9428024291992188
21, 7, 367, 60, -0.4505976736545563
21, 8, 245, 56, -0.5629040002822876
21, 9, 329, 109, -0.8134318590164185
21, 10, 292, 109, -0.8503287434577942
21, 11, 438, 250, -0.09823517501354218
21, 12, 161, 257, -0.43979325890541077
21, 13, 469, 454, 0.12272197008132935
21, 14, 124, 459, -0.40871554613113403
21, 15, 502, 646, -0.15862126648426056
21, 16, 181, 668, -0.8343998193740845
21, 17, 522, 696, -0.23255321383476257
21, 18, 184, 731, -0.9655407071113586
21, 19, 509, 696, -0.34112635254859924
21, 20, 213, 723, -1.024789810180664
21, 21, 492, 677, -0.22094488143920898
21, 22, 218, 699, -0.8682473301887512
21, 23, 414, 671, 0.01210511289536953
21, 24, 218, 683, -0.008204112760722637
21, 25, 410, 1023, -0.05169065669178963
21, 26, 228, 1030, -0.08961707353591919
21, 27, 422, 1342, 0.5820082426071167
21, 28, 250, 1344, 0.30167585611343384
21, 29, 424, 1388, 0.6091663241386414
21, 30, 246, 1392, 0.3212003707885742
21, 31, 411, 1441, 0.016688309609889984
21, 32, 286, 1433, -0.37960565090179443
22, 0, 317, 73, -0.9789946675300598
22, 1, 332, 44, -0.9047621488571167
22, 2, 345, 45, -0.9050654172897339
22, 3, 356, 46, -0.9053568840026855
22, 4, 299, 42, -0.9323816299438477
22, 5, 287, 41, -0.932092010974884
22, 6, 273, 41, -0.9326285123825073
22, 7, 373, 62, -0.4453670382499695
22, 8, 252, 57, -0.5585169792175293
22, 9, 334, 109, -0.8071737289428711
22, 10, 298, 109, -0.8424211740493774
22, 11, 442, 251, -0.0997210443019867
22, 12, 167, 256, -0.4377726912498474
22, 13, 472, 453, 0.11048941314220428
22, 14, 126, 458, -0.4098053574562073
22, 15, 504, 639, -0.16132649779319763
22, 16, 170, 665, -0.8442710638046265
22, 17, 523, 689, -0.23506835103034973
22, 18, 167, 726, -0.9758893847465515
22, 19, 510, 689, -0.347878634929657
22, 20, 196, 720, -1.0360047817230225
22, 21, 494, 671, -0.22179000079631805
22, 22, 204, 696, -0.8787015676498413
22, 23, 415, 669, 0.009799635037779808
22, 24, 219, 679, -0.005913058295845985
22, 25, 410, 1020, -0.05608570575714111
22, 26, 228, 1026, -0.08009602129459381
22, 27, 422, 1339, 0.5803999900817871
22, 28, 249, 1339, 0.31998831033706665
22, 29, 424, 1385, 0.6080362200737
22, 30, 245, 1387, 0.3404773473739624
22, 31, 409, 1437, 0.013760536909103394
22, 32, 284, 1429, -0.36327651143074036
23, 0, 323, 74, -0.9761375188827515
23, 1, 338, 45, -0.9013196229934692
23, 2, 351, 46, -0.9017394185066223
23, 3, 362, 47, -0.9019991159439087
23, 4, 305, 42, -0.9274306297302246
23, 5, 293, 41, -0.9272311329841614
23, 6, 279, 41, -0.9277992248535156
23, 7, 378, 63, -0.44362664222717285
23, 8, 258, 57, -0.5531152486801147
23, 9, 339, 110, -0.8057571649551392
23, 10, 302, 110, -0.8394462466239929
23, 11, 446, 252, -0.09888620674610138
23, 12, 173, 255, -0.436923086643219
23, 13, 476, 453, 0.10515348613262177
23, 14, 134, 457, -0.4136344790458679
23, 15, 506, 639, -0.19165554642677307
23, 16, 175, 666, -0.866168200969696
23, 17, 526, 689, -0.2731134295463562
23, 18, 169, 728, -1.003958821296692
23, 19, 514, 690, -0.3893433213233948
23, 20, 198, 722, -1.0712083578109741
23, 21, 497, 671, -0.25718966126441956
23, 22, 207, 698, -0.9049897193908691
23, 23, 416, 668, 0.009681373834609985
23, 24, 222, 676, -0.0058027273043990135
23, 25, 410, 1018, -0.0494004487991333
23, 26, 231, 1023, -0.07542170584201813
23, 27, 421, 1337, 0.590948224067688
23, 28, 250, 1337, 0.3242323696613312
23, 29, 423, 1383, 0.6193243265151978
23, 30, 247, 1385, 0.34439805150032043
23, 31, 409, 1435, 0.028948668390512466
23, 32, 284, 1426, -0.3548458218574524
24, 0, 324, 77, -0.9720280766487122
24, 1, 340, 47, -0.8978224992752075
24, 2, 353, 48, -0.8981857299804688
24, 3, 364, 49, -0.8984540700912476
24, 4, 307, 45, -0.9234728813171387
24, 5, 294, 44, -0.9232428669929504
24, 6, 281, 43, -0.9238022565841675
24, 7, 381, 65, -0.4479755461215973
24, 8, 260, 59, -0.5515366792678833
24, 9, 341, 112, -0.8039690256118774
24, 10, 304, 112, -0.8357285261154175
24, 11, 450, 255, -0.11424218118190765
24, 12, 177, 255, -0.43671369552612305
24, 13, 477, 454, 0.08264800161123276
24, 14, 140, 457, -0.40445953607559204
24, 15, 502, 639, -0.2020270824432373
24, 16, 170, 667, -0.8425690531730652
24, 17, 528, 690, -0.27863365411758423
24, 18, 156, 728, -0.9728721380233765
24, 19, 515, 691, -0.39213937520980835
24, 20, 181, 723, -1.0543876886367798
24, 21, 498, 672, -0.26659706234931946
24, 22, 198, 699, -0.8889754414558411
24, 23, 414, 668, 0.009211136028170586
24, 24, 220, 676, -0.005383954383432865
24, 25, 410, 1019, -0.041979946196079254
24, 26, 229, 1022, -0.0720462054014206
24, 27, 421, 1337, 0.5969956517219543
24, 28, 249, 1335, 0.32683008909225464
24, 29, 422, 1384, 0.625177800655365
24, 30, 245, 1383, 0.34732767939567566
24, 31, 404, 1435, 0.03702368587255478
24, 32, 281, 1425, -0.3444528877735138
25, 0, 327, 78, -0.9695408940315247
25, 1, 343, 48, -0.8948525190353394
25, 2, 355, 49, -0.8951762318611145
25, 3, 367, 50, -0.8954572677612305
25, 4, 310, 46, -0.9218472242355347
25, 5, 297, 45, -0.921592116355896
25, 6, 284, 45, -0.9221135973930359
25, 7, 384, 65, -0.4456050395965576
25, 8, 264, 60, -0.5465313196182251
25, 9, 345, 113, -0.8017328381538391
25, 10, 308, 112, -0.8347110748291016
25, 11, 453, 257, -0.11389943212270737
25, 12, 183, 255, -0.4235092103481293
25, 13, 476, 453, 0.08251997083425522
25, 14, 143, 463, -0.3982871472835541
25, 15, 507, 639, -0.21453730762004852
25, 16, 158, 667, -0.8456733822822571
25, 17, 530, 689, -0.2894468903541565
25, 18, 127, 729, -0.9785444140434265
25, 19, 520, 690, -0.4071585536003113
25, 20, 150, 724, -1.0657552480697632
25, 21, 502, 672, -0.2818169593811035
25, 22, 169, 700, -0.895523726940155
25, 23, 415, 669, 0.00869634561240673
25, 24, 221, 675, -0.004927691072225571
25, 25, 409, 1019, -0.054151199758052826
25, 26, 228, 1020, -0.07319009304046631
25, 27, 420, 1336, 0.5644816756248474
25, 28, 249, 1332, 0.3079333007335663
25, 29, 422, 1382, 0.5902837514877319
25, 30, 246, 1378, 0.325534462928772
25, 31, 404, 1432, -0.0023628566414117813
25, 32, 280, 1422, -0.36790645122528076
26, 0, 333, 79, -0.9912253618240356
26, 1, 349, 49, -0.9157637357711792
26, 2, 360, 49, -0.9161335825920105
26, 3, 372, 50, -0.9162856340408325
26, 4, 315, 47, -0.9424920082092285
26, 5, 302, 46, -0.9424073100090027
26, 6, 289, 46, -0.9430006742477417
26, 7, 389, 66, -0.45340466499328613
26, 8, 269, 61, -0.5621944069862366
26, 9, 351, 113, -0.8187200427055359
26, 10, 314, 113, -0.851037859916687
26, 11, 456, 257, -0.11148462444543839
26, 12, 189, 254, -0.42303338646888733
26, 13, 475, 452, 0.08211112767457962
26, 14, 145, 463, -0.3885241150856018
26, 15, 505, 638, -0.2683466970920563
26, 16, 151, 666, -0.8457195162773132
26, 17, 529, 688, -0.35695016384124756
26, 18, 119, 726, -0.9789569973945618
26, 19, 520, 689, -0.4783934950828552
26, 20, 141, 722, -1.0701186656951904
26, 21, 501, 671, -0.339009165763855
26, 22, 159, 699, -0.8967905044555664
26, 23, 415, 666, 0.014734672382473946
26, 24, 224, 669, -0.011118071153759956
26, 25, 408, 1014, -0.09031322598457336
26, 26, 227, 1013, -0.12363432347774506
26, 27, 417, 1332, 0.46231570839881897
26, 28, 248, 1328, 0.18566857278347015
26, 29, 418, 1378, 0.48062920570373535
26, 30, 244, 1375, 0.19255457818508148
26, 31, 403, 1426, -0.11648440361022949
26, 32, 279, 1417, -0.5093115568161011
27, 0, 335, 81, -1.1223886013031006
27, 1, 352, 50, -1.040182113647461
27, 2, 363, 51, -1.0406031608581543
27, 3, 375, 52, -1.0406873226165771
27, 4, 319, 49, -1.0710041522979736
27, 5, 307, 48, -1.0710725784301758
27, 6, 294, 48, -1.0717034339904785
27, 7, 391, 68, -0.5280724763870239
27, 8, 274, 62, -0.6605313420295715
27, 9, 354, 115, -0.9310482740402222
27, 10, 317, 114, -0.9688959121704102
27, 11, 458, 259, -0.1189771443605423
27, 12, 193, 254, -0.45567193627357483
27, 13, 476, 453, 0.1084948405623436
27, 14, 150, 464, -0.38857126235961914
27, 15, 507, 639, -0.2614594101905823
27, 16, 149, 666, -0.8643174171447754
27, 17, 530, 689, -0.3490840792655945
27, 18, 119, 725, -1.002974033355713
27, 19, 520, 690, -0.4753621220588684
27, 20, 142, 722, -1.1042027473449707
27, 21, 502, 672, -0.3327395021915436
27, 22, 159, 699, -0.9189046025276184
27, 23, 419, 666, 0.019548816606402397
27, 24, 230, 669, -0.015996212139725685
27, 25, 409, 1015, -0.08357449620962143
27, 26, 230, 1013, -0.12146507203578949
27, 27, 419, 1332, 0.5091642737388611
27, 28, 250, 1328, 0.23646065592765808
27, 29, 420, 1379, 0.5312161445617676
27, 30, 245, 1375, 0.24849936366081238
27, 31, 406, 1425, -0.08898506313562393
27, 32, 282, 1416, -0.47391682863235474
28, 0, 339, 82, -1.1111980676651
28, 1, 355, 53, -1.0265752077102661
28, 2, 365, 53, -1.0269646644592285
28, 3, 377, 55, -1.0270440578460693
28, 4, 324, 51, -1.0570591688156128
28, 5, 311, 52, -1.0570334196090698
28, 6, 299, 52, -1.0575207471847534
28, 7, 393, 70, -0.5142441987991333
28, 8, 281, 67, -0.6454963684082031
28, 9, 358, 116, -0.9209343194961548
28, 10, 322, 115, -0.9585107564926147
28, 11, 460, 260, -0.11894562095403671
28, 12, 199, 254, -0.4485951364040375
28, 13, 477, 453, 0.10637377202510834
28, 14, 155, 463, -0.35883277654647827
28, 15, 509, 639, -0.29571446776390076
28, 16, 152, 659, -0.8562221527099609
28, 17, 530, 689, -0.395743727684021
28, 18, 126, 714, -0.9990121722221375
28, 19, 520, 690, -0.5282777547836304
28, 20, 147, 711, -1.1007726192474365
28, 21, 502, 672, -0.37109923362731934
28, 22, 162, 688, -0.9123762845993042
28, 23, 423, 663, 0.020478403195738792
28, 24, 239, 664, -0.01687459461390972
28, 25, 410, 1012, -0.11874524503946304
28, 26, 234, 1009, -0.1247188001871109
28, 27, 419, 1330, 0.43362873792648315
28, 28, 252, 1325, 0.1968027651309967
28, 29, 420, 1376, 0.45039376616477966
28, 30, 248, 1371, 0.20266635715961456
28, 31, 406, 1420, -0.18676815927028656
28, 32, 283, 1414, -0.5274184942245483
29, 0, 344, 87, -1.1759026050567627
29, 1, 359, 59, -1.0989776849746704
29, 2, 368, 60, -1.0993843078613281
29, 3, 380, 62, -1.099578619003296
29, 4, 328, 58, -1.1273269653320312
29, 5, 316, 59, -1.1273783445358276
29, 6, 304, 59, -1.1278493404388428
29, 7, 395, 75, -0.595552384853363
29, 8, 287, 73, -0.7224284410476685
29, 9, 362, 120, -0.9867622256278992
29, 10, 327, 119, -1.0228567123413086
29, 11, 461, 262, -0.21726056933403015
29, 12, 203, 254, -0.4643459916114807
29, 13, 478, 453, -0.01733986660838127
29, 14, 157, 462, -0.36125171184539795
29, 15, 509, 640, -0.44720935821533203
29, 16, 151, 652, -0.8383994102478027
29, 17, 528, 689, -0.5552278757095337
29, 18, 129, 707, -0.9753032922744751
29, 19, 517, 690, -0.6840459108352661
29, 20, 147, 703, -1.079136610031128
29, 21, 500, 672, -0.5205836892127991
29, 22, 162, 682, -0.8941243290901184
29, 23, 423, 659, 0.014993580989539623
29, 24, 243, 658, -0.011603480204939842
29, 25, 410, 1006, -0.15190085768699646
29, 26, 234, 1000, -0.12010053545236588
29, 27, 415, 1321, 0.3672434389591217
29, 28, 246, 1317, 0.15853630006313324
29, 29, 417, 1366, 0.3838309645652771
29, 30, 242, 1361, 0.16059479117393494
29, 31, 394, 1413, -0.23125891387462616
29, 32, 269, 1407, -0.5422312021255493
30, 0, 348, 96, -1.1912038326263428
30, 1, 362, 70, -1.114608645439148
30, 2, 372, 70, -1.1150710582733154
30, 3, 383, 71, -1.1153243780136108
30, 4, 332, 70, -1.1460384130477905
30, 5, 320, 70, -1.1461448669433594
30, 6, 308, 70, -1.1467089653015137
30, 7, 396, 81, -0.6004034280776978
30, 8, 291, 80, -0.7401396632194519
30, 9, 365, 128, -0.9963105916976929
30, 10, 332, 127, -1.035939335823059
30, 11, 462, 264, -0.20464900135993958
30, 12, 205, 254, -0.4629516005516052
30, 13, 478, 453, 0.009028980508446693
30, 14, 159, 461, -0.3452208638191223
30, 15, 508, 636, -0.40425339341163635
30, 16, 155, 647, -0.8265067934989929
30, 17, 527, 686, -0.5087897777557373
30, 18, 136, 701, -0.9599148035049438
30, 19, 516, 686, -0.6416898965835571
30, 20, 152, 697, -1.0649335384368896
30, 21, 499, 667, -0.47836607694625854
30, 22, 166, 676, -0.8806811571121216
30, 23, 424, 658, 0.011612487956881523
30, 24, 246, 655, -0.008397959172725677
30, 25, 410, 1000, -0.1677764356136322
30, 26, 233, 990, -0.13315826654434204
30, 27, 414, 1312, 0.3589271903038025
30, 28, 246, 1304, 0.1415349543094635
30, 29, 416, 1356, 0.3762417435646057
30, 30, 242, 1348, 0.14507898688316345
30, 31, 392, 1403, -0.23791241645812988
30, 32, 269, 1393, -0.5553535223007202
31, 0, 350, 103, -1.2620166540145874
31, 1, 365, 76, -1.1876156330108643
31, 2, 374, 77, -1.1880075931549072
31, 3, 384, 77, -1.1882646083831787
31, 4, 334, 76, -1.2162084579467773
31, 5, 323, 76, -1.2162835597991943
31, 6, 311, 77, -1.2168282270431519
31, 7, 398, 86, -0.6763038039207458
31, 8, 295, 84, -0.8031715154647827
31, 9, 367, 134, -1.0691747665405273
31, 10, 334, 133, -1.104811668395996
31, 11, 462, 266, -0.2763156294822693
31, 12, 208, 255, -0.5075663924217224
31, 13, 479, 453, -0.03896351531147957
31, 14, 164, 460, -0.3455917537212372
31, 15, 519, 636, -0.46632009744644165
31, 16, 154, 637, -0.8374080657958984
31, 17, 541, 685, -0.5739220380783081
31, 18, 135, 692, -0.9693737030029297
31, 19, 531, 686, -0.7071349024772644
31, 20, 151, 688, -1.0870269536972046
31, 21, 512, 667, -0.5422533750534058
31, 22, 166, 669, -0.8972105979919434
31, 23, 424, 654, 0.001945878379046917
31, 24, 245, 652, 0.001026482554152608
31, 25, 409, 998, -0.15370170772075653
31, 26, 233, 989, -0.12692540884017944
31, 27, 414, 1312, 0.4080886244773865
31, 28, 246, 1305, 0.1785723865032196
31, 29, 416, 1356, 0.4279593825340271
31, 30, 242, 1350, 0.1863708794116974
31, 31, 391, 1404, -0.19934113323688507
31, 32, 268, 1394, -0.5264317393302917
32, 0, 351, 107, -1.212226390838623
32, 1, 367, 80, -1.1384528875350952
32, 2, 376, 80, -1.1388540267944336
32, 3, 386, 81, -1.1391026973724365
32, 4, 337, 79, -1.167251467704773
32, 5, 326, 80, -1.167242407798767
32, 6, 314, 80, -1.1677110195159912
32, 7, 400, 89, -0.6357756853103638
32, 8, 298, 87, -0.7618688344955444
32, 9, 368, 138, -1.022704839706421
32, 10, 337, 136, -1.0581982135772705
32, 11, 463, 268, -0.24399785697460175
32, 12, 213, 255, -0.4959897994995117
32, 13, 479, 453, -0.0138471107929945
32, 14, 168, 456, -0.35048210620880127
32, 15, 523, 633, -0.4354879856109619
32, 16, 153, 632, -0.8299369812011719
32, 17, 546, 681, -0.5429477691650391
32, 18, 135, 684, -0.9593942761421204
32, 19, 536, 682, -0.6779186725616455
32, 20, 149, 679, -1.077239751815796
32, 21, 517, 664, -0.5122271180152893
32, 22, 163, 660, -0.8895807266235352
32, 23, 424, 645, 0.0023910305462777615
32, 24, 248, 643, 0.0005202825414016843
32, 25, 409, 988, -0.14772261679172516
32, 26, 234, 981, -0.1255168467760086
32, 27, 414, 1302, 0.3864956796169281
32, 28, 246, 1298, 0.1837984025478363
32, 29, 416, 1345, 0.40404072403907776
32, 30, 242, 1341, 0.1901998221874237
32, 31, 391, 1394, -0.21852874755859375
32, 32, 268, 1387, -0.523300290107727
33, 0, 353, 110, -1.2051610946655273
33, 1, 368, 82, -1.1313749551773071
33, 2, 377, 83, -1.1318126916885376
33, 3, 387, 83, -1.1320234537124634
33, 4, 339, 82, -1.160657286643982
33, 5, 328, 82, -1.1606369018554688
33, 6, 316, 82, -1.1611075401306152
33, 7, 401, 92, -0.6278320550918579
33, 8, 301, 89, -0.7557820081710815
33, 9, 369, 141, -1.0149648189544678
33, 10, 339, 140, -1.0511912107467651
33, 11, 463, 268, -0.23933561146259308
33, 12, 215, 255, -0.4904012084007263
33, 13, 480, 453, -0.021485846489667892
33, 14, 173, 454, -0.3513123393058777
33, 15, 522, 627, -0.4785580039024353
33, 16, 153, 627, -0.8290085792541504
33, 17, 545, 676, -0.594221830368042
33, 18, 135, 680, -0.9591480493545532
33, 19, 535, 676, -0.7295816540718079
33, 20, 149, 673, -1.0765219926834106
33, 21, 517, 658, -0.5566848516464233
33, 22, 163, 654, -0.8885394334793091
33, 23, 425, 643, 0.00245491205714643
33, 24, 252, 641, 0.0004291658697184175
33, 25, 410, 984, -0.1497114598751068
33, 26, 235, 976, -0.11887047439813614
33, 27, 414, 1296, 0.3666362464427948
33, 28, 246, 1291, 0.18265390396118164
33, 29, 416, 1338, 0.38249555230140686
33, 30, 243, 1334, 0.1874854415655136
33, 31, 390, 1388, -0.2412904053926468
33, 32, 267, 1380, -0.5213882923126221
34, 0, 353, 110, -1.2613518238067627
34, 1, 369, 83, -1.190150499343872
34, 2, 378, 83, -1.190582513809204
34, 3, 388, 84, -1.1907380819320679
34, 4, 340, 82, -1.2165064811706543
34, 5, 329, 82, -1.216520071029663
34, 6, 318, 83, -1.2169804573059082
34, 7, 402, 93, -0.6893739700317383
34, 8, 302, 90, -0.8036364316940308
34, 9, 370, 142, -1.0712422132492065
34, 10, 339, 141, -1.1040512323379517
34, 11, 464, 269, -0.296612948179245
34, 12, 217, 255, -0.5083773136138916
34, 13, 480, 453, -0.090613454580307
34, 14, 176, 449, -0.3708650767803192
34, 15, 521, 628, -0.5543691515922546
34, 16, 154, 623, -0.8435857892036438
34, 17, 540, 677, -0.6726952195167542
34, 18, 141, 676, -0.9747606515884399
34, 19, 530, 677, -0.8054686784744263
34, 20, 151, 667, -1.0927878618240356
34, 21, 514, 659, -0.6307210922241211
34, 22, 164, 647, -0.9045009613037109
34, 23, 425, 642, 0.002622568979859352
34, 24, 253, 638, 0.00023931983741931617
34, 25, 409, 980, -0.1525733917951584
34, 26, 235, 972, -0.09404515475034714
34, 27, 411, 1291, 0.34779053926467896
34, 28, 243, 1286, 0.18870311975479126
34, 29, 413, 1333, 0.36242443323135376
34, 30, 240, 1328, 0.19289405643939972
34, 31, 386, 1382, -0.26066702604293823
34, 32, 260, 1374, -0.5127807855606079
35, 0, 355, 110, -1.2445510625839233
35, 1, 370, 83, -1.1713021993637085
35, 2, 380, 83, -1.1717543601989746
35, 3, 389, 84, -1.1719067096710205
35, 4, 341, 82, -1.199204921722412
35, 5, 330, 82, -1.1992003917694092
35, 6, 319, 83, -1.1996207237243652
35, 7, 403, 92, -0.6686794757843018
35, 8, 303, 90, -0.7894018888473511
35, 9, 371, 142, -1.054004430770874
35, 10, 341, 141, -1.0888421535491943
35, 11, 466, 270, -0.2751363217830658
35, 12, 219, 255, -0.5054258108139038
35, 13, 481, 454, -0.07247842848300934
35, 14, 179, 446, -0.3788142502307892
35, 15, 520, 629, -0.5388164520263672
35, 16, 158, 623, -0.8482963442802429
35, 17, 537, 677, -0.6552582383155823
35, 18, 148, 676, -0.9810429811477661
35, 19, 527, 678, -0.7894032597541809
35, 20, 157, 668, -1.0936869382858276
35, 21, 511, 660, -0.615842342376709
35, 22, 168, 647, -0.907580554485321
35, 23, 426, 640, 0.007232967764139175
35, 24, 256, 636, -0.004221166018396616
35, 25, 409, 976, -0.14962410926818848
35, 26, 236, 969, -0.08670872449874878
35, 27, 411, 1286, 0.3415260910987854
35, 28, 244, 1282, 0.18632566928863525
35, 29, 413, 1327, 0.3557020425796509
35, 30, 240, 1324, 0.18831565976142883
35, 31, 386, 1376, -0.2596533000469208
35, 32, 260, 1370, -0.5094946622848511
36, 0, 355, 110, -1.2358851432800293
36, 1, 372, 83, -1.1624897718429565
36, 2, 381, 83, -1.1629540920257568
36, 3, 390, 84, -1.1631085872650146
36, 4, 342, 82, -1.1904866695404053
36, 5, 331, 82, -1.1904842853546143
36, 6, 320, 83, -1.1908903121948242
36, 7, 405, 92, -0.6618539690971375
36, 8, 304, 90, -0.7836795449256897
36, 9, 372, 142, -1.0458025932312012
36, 10, 342, 141, -1.081101655960083
36, 11, 467, 270, -0.2707050144672394
36, 12, 220, 255, -0.5024834275245667
36, 13, 481, 453, -0.0825614333152771
36, 14, 180, 445, -0.38435059785842896
36, 15, 514, 629, -0.5569129586219788
36, 16, 164, 621, -0.8492639660835266
36, 17, 528, 678, -0.6752078533172607
36, 18, 156, 675, -0.9833883047103882
36, 19, 518, 678, -0.8071487545967102
36, 20, 166, 666, -1.0922080278396606
36, 21, 503, 659, -0.6330159306526184
36, 22, 175, 645, -0.9072769284248352
36, 23, 426, 637, 0.01110596302896738
36, 24, 259, 634, -0.00796990655362606
36, 25, 409, 974, -0.14666219055652618
36, 26, 237, 968, -0.08231266587972641
36, 27, 411, 1282, 0.3410605788230896
36, 28, 244, 1280, 0.18031778931617737
36, 29, 413, 1323, 0.35504406690597534
36, 30, 241, 1321, 0.1800479292869568
36, 31, 387, 1371, -0.2545700669288635
36, 32, 261, 1369, -0.5094879865646362
37, 0, 356, 111, -1.1894161701202393
37, 1, 372, 83, -1.1214832067489624
37, 2, 382, 84, -1.1219626665115356
37, 3, 392, 85, -1.1220698356628418
37, 4, 343, 82, -1.1476322412490845
37, 5, 331, 83, -1.1475872993469238
37, 6, 320, 83, -1.1478430032730103
37, 7, 406, 93, -0.6416287422180176
37, 8, 304, 90, -0.752919614315033
37, 9, 372, 143, -1.0053813457489014
37, 10, 342, 142, -1.0383650064468384
37, 11, 467, 270, -0.2626112699508667
37, 12, 221, 255, -0.48535290360450745
37, 13, 481, 450, -0.07002315670251846
37, 14, 183, 445, -0.37857693433761597
37, 15, 511, 627, -0.5372916460037231
37, 16, 169, 622, -0.8197404742240906
37, 17, 524, 677, -0.651627779006958
37, 18, 162, 677, -0.9495635032653809
37, 19, 514, 677, -0.7876108884811401
37, 20, 172, 668, -1.0437778234481812
37, 21, 500, 657, -0.6163924932479858
37, 22, 182, 647, -0.8715866804122925
37, 23, 428, 636, 0.01564716547727585
37, 24, 263, 633, -0.012482576072216034
37, 25, 410, 971, -0.14576059579849243
37, 26, 241, 967, -0.07346613705158234
37, 27, 412, 1279, 0.3294060230255127
37, 28, 250, 1278, 0.178341343998909
37, 29, 414, 1320, 0.3423736095428467
37, 30, 248, 1318, 0.17763611674308777
37, 31, 389, 1368, -0.25369003415107727
37, 32, 265, 1367, -0.5077635049819946
38, 0, 356, 112, -1.1150957345962524
38, 1, 373, 84, -1.0449841022491455
38, 2, 383, 85, -1.0454566478729248
38, 3, 392, 85, -1.0456007719039917
38, 4, 344, 83, -1.0745007991790771
38, 5, 332, 83, -1.0744434595108032
38, 6, 321, 83, -1.0747318267822266
38, 7, 407, 93, -0.5643944144248962
38, 8, 305, 90, -0.6900596022605896
38, 9, 373, 144, -0.9313462972640991
38, 10, 342, 143, -0.9679506421089172
38, 11, 468, 270, -0.17969714105129242
38, 12, 222, 255, -0.4547452926635742
38, 13, 482, 447, 0.009023887105286121
38, 14, 186, 445, -0.36073508858680725
38, 15, 507, 622, -0.45545902848243713
38, 16, 174, 623, -0.7955456376075745
38, 17, 520, 672, -0.5732482075691223
38, 18, 165, 678, -0.928038477897644
38, 19, 509, 672, -0.7055683135986328
38, 20, 178, 670, -1.0177104473114014
38, 21, 495, 652, -0.532373309135437
38, 22, 187, 649, -0.8451535105705261
38, 23, 428, 635, 0.02440158650279045
38, 24, 265, 632, -0.021125268191099167
38, 25, 410, 969, -0.14408576488494873
38, 26, 244, 965, -0.07521314918994904
38, 27, 412, 1276, 0.3185120224952698
38, 28, 253, 1276, 0.1537257730960846
38, 29, 414, 1316, 0.33141112327575684
38, 30, 249, 1317, 0.15097375214099884
38, 31, 392, 1364, -0.2553325891494751
38, 32, 270, 1365, -0.5212180018424988
39, 0, 357, 113, -1.1473970413208008
39, 1, 374, 85, -1.075913667678833
39, 2, 384, 85, -1.0763877630233765
39, 3, 393, 86, -1.076495885848999
39, 4, 345, 84, -1.107409954071045
39, 5, 333, 84, -1.1074726581573486
39, 6, 322, 84, -1.1077920198440552
39, 7, 407, 94, -0.5803447961807251
39, 8, 307, 91, -0.7151426076889038
39, 9, 373, 145, -0.9553138613700867
39, 10, 342, 144, -0.9952653050422668
39, 11, 468, 270, -0.18704336881637573
39, 12, 222, 255, -0.465315043926239
39, 13, 483, 445, 0.006998097058385611
39, 14, 187, 446, -0.37093818187713623
39, 15, 503, 619, -0.48943454027175903
39, 16, 183, 623, -0.8025776743888855
39, 17, 516, 670, -0.6136952638626099
39, 18, 170, 679, -0.942049503326416
39, 19, 504, 668, -0.7455016374588013
39, 20, 184, 670, -1.0279253721237183
39, 21, 491, 648, -0.5664093494415283
39, 22, 193, 650, -0.8497351408004761
39, 23, 429, 635, 0.0304646585136652
39, 24, 268, 632, -0.027185145765542984
39, 25, 410, 966, -0.14366623759269714
39, 26, 244, 962, -0.07962842285633087
39, 27, 412, 1270, 0.32772091031074524
39, 28, 253, 1273, 0.14365240931510925
39, 29, 414, 1311, 0.3415246605873108
39, 30, 249, 1314, 0.13966815173625946
39, 31, 394, 1356, -0.2469336986541748
39, 32, 273, 1361, -0.5263620615005493
40, 0, 358, 114, -1.2136515378952026
40, 1, 375, 86, -1.1386135816574097
40, 2, 384, 86, -1.1390674114227295
40, 3, 393, 87, -1.139171838760376
40, 4, 346, 84, -1.1695187091827393
40, 5, 334, 84, -1.1696263551712036
40, 6, 324, 84, -1.170032262802124
40, 7, 407, 95, -0.6237249970436096
40, 8, 308, 92, -0.7586081027984619
40, 9, 373, 146, -1.015412449836731
40, 10, 343, 144, -1.0548312664031982
40, 11, 469, 270, -0.20155444741249084
40, 12, 221, 255, -0.47584620118141174
40, 13, 487, 445, 0.0030315155163407326
40, 14, 187, 448, -0.3697597086429596
40, 15, 503, 618, -0.5013104677200317
40, 16, 183, 623, -0.8072263598442078
40, 17, 516, 669, -0.6226497888565063
40, 18, 174, 679, -0.9449472427368164
40, 19, 505, 667, -0.75510174036026
40, 20, 188, 671, -1.03364896774292
40, 21, 491, 647, -0.5775272846221924
40, 22, 196, 650, -0.8561462163925171
40, 23, 430, 635, 0.03001919388771057
40, 24, 269, 633, -0.026779521256685257
40, 25, 411, 966, -0.15654481947422028
40, 26, 245, 960, -0.08647432923316956
40, 27, 414, 1268, 0.3198845386505127
40, 28, 254, 1268, 0.14677546918392181
40, 29, 415, 1309, 0.3339366316795349
40, 30, 251, 1309, 0.1444421112537384
40, 31, 395, 1354, -0.26095837354660034
40, 32, 274, 1357, -0.5246367454528809
41, 0, 359, 114, -1.2836534976959229
41, 1, 375, 86, -1.2127658128738403
41, 2, 385, 87, -1.213165283203125
41, 3, 394, 87, -1.2132785320281982
41, 4, 347, 85, -1.2401835918426514
41, 5, 335, 85, -1.2403807640075684
41, 6, 325, 85, -1.2408735752105713
41, 7, 407, 96, -0.7051638960838318
41, 8, 309, 93, -0.8255818486213684
41, 9, 374, 146, -1.0872588157653809
41, 10, 344, 145, -1.1222840547561646
41, 11, 470, 270, -0.28700393438339233
41, 12, 222, 256, -0.5176035165786743
41, 13, 488, 445, -0.08277491480112076
41, 14, 188, 450, -0.3922991454601288
41, 15, 502, 617, -0.5673485994338989
41, 16, 193, 623, -0.8373256921768188
41, 17, 514, 668, -0.6857640743255615
41, 18, 183, 678, -0.9757047891616821
41, 19, 502, 665, -0.816077709197998
41, 20, 196, 669, -1.0649511814117432
41, 21, 490, 645, -0.640629768371582
41, 22, 204, 648, -0.8849924802780151
41, 23, 431, 639, 0.020508181303739548
41, 24, 268, 635, -0.017448168247938156
41, 25, 411, 965, -0.15735581517219543
41, 26, 244, 958, -0.08572439104318619
41, 27, 414, 1267, 0.3270902931690216
41, 28, 254, 1264, 0.15028376877307892
41, 29, 415, 1308, 0.34194937348365784
41, 30, 251, 1306, 0.14946554601192474
41, 31, 395, 1353, -0.2544679343700409
41, 32, 274, 1353, -0.5079596638679504
42, 0, 359, 115, -1.2993605136871338
42, 1, 375, 86, -1.2253683805465698
42, 2, 385, 87, -1.2257784605026245
42, 3, 394, 88, -1.2258799076080322
42, 4, 347, 85, -1.2518970966339111
42, 5, 335, 85, -1.2521297931671143
42, 6, 325, 85, -1.2526735067367554
42, 7, 407, 97, -0.7072180509567261
42, 8, 309, 93, -0.8249572515487671
42, 9, 374, 147, -1.0994036197662354
42, 10, 343, 146, -1.133374810218811
42, 11, 472, 270, -0.2912130653858185
42, 12, 222, 258, -0.5119364857673645
42, 13, 490, 445, -0.08681215345859528
42, 14, 189, 454, -0.3830738365650177
42, 15, 499, 616, -0.5675445199012756
42, 16, 206, 623, -0.8368813395500183
42, 17, 507, 667, -0.6857085227966309
42, 18, 205, 678, -0.9754265546798706
42, 19, 495, 661, -0.8127456903457642
42, 20, 219, 669, -1.0645160675048828
42, 21, 485, 641, -0.6385046243667603
42, 22, 225, 647, -0.883945643901825
42, 23, 433, 647, 0.005919174291193485
42, 24, 270, 645, -0.0029866015538573265
42, 25, 411, 964, -0.17912015318870544
42, 26, 244, 956, -0.09010137617588043
42, 27, 416, 1264, 0.3260323405265808
42, 28, 255, 1262, 0.15259072184562683
42, 29, 418, 1307, 0.34220972657203674
42, 30, 254, 1304, 0.1519632488489151
42, 31, 397, 1350, -0.2532059848308563
42, 32, 276, 1350, -0.5056180357933044
43, 0, 359, 115, -1.2734147310256958
43, 1, 375, 87, -1.1945414543151855
43, 2, 385, 87, -1.1949775218963623
43, 3, 394, 88, -1.195006012916565
43, 4, 347, 85, -1.2221535444259644
43, 5, 335, 85, -1.2224748134613037
43, 6, 325, 85, -1.223142385482788
43, 7, 407, 97, -0.6604960560798645
43, 8, 309, 93, -0.7864881753921509
43, 9, 374, 147, -1.0651272535324097
43, 10, 343, 146, -1.1017035245895386
43, 11, 472, 270, -0.2465020716190338
43, 12, 222, 259, -0.4605843126773834
43, 13, 490, 443, -0.04508787766098976
43, 14, 188, 454, -0.3298463225364685
43, 15, 499, 610, -0.5526694059371948
43, 16, 206, 616, -0.7987520694732666
43, 17, 508, 660, -0.6645795702934265
43, 18, 207, 671, -0.9367548227310181
43, 19, 497, 655, -0.7933937311172485
43, 20, 221, 661, -1.0256671905517578
43, 21, 485, 635, -0.6254727840423584
43, 22, 228, 640, -0.8447478413581848
43, 23, 434, 647, 0.002119672019034624
43, 24, 271, 645, 0.0008971852366812527
43, 25, 411, 960, -0.18946145474910736
43, 26, 244, 952, -0.09332180768251419
43, 27, 417, 1259, 0.3229632079601288
43, 28, 256, 1257, 0.15224790573120117
43, 29, 419, 1303, 0.33985936641693115
43, 30, 256, 1300, 0.15171948075294495
43, 31, 398, 1346, -0.2573157250881195
43, 32, 277, 1345, -0.5067992806434631
44, 0, 359, 116, -1.262587308883667
44, 1, 375, 88, -1.184024691581726
44, 2, 385, 88, -1.1844730377197266
44, 3, 394, 89, -1.1845648288726807
44, 4, 347, 86, -1.2149122953414917
44, 5, 335, 86, -1.2151458263397217
44, 6, 325, 86, -1.215732216835022
44, 7, 407, 98, -0.6597589254379272
44, 8, 310, 95, -0.7880716919898987
44, 9, 374, 147, -1.0572900772094727
44, 10, 344, 146, -1.0967038869857788
44, 11, 472, 270, -0.21411283314228058
44, 12, 222, 260, -0.47762903571128845
44, 13, 490, 443, 0.005115136504173279
44, 14, 189, 455, -0.351575642824173
44, 15, 499, 611, -0.5249773263931274
44, 16, 206, 617, -0.8290098905563354
44, 17, 509, 661, -0.6452144384384155
44, 18, 205, 672, -0.9721582531929016
44, 19, 497, 657, -0.783191442489624
44, 20, 220, 662, -1.0620357990264893
44, 21, 485, 637, -0.6021864414215088
44, 22, 227, 640, -0.8746862411499023
44, 23, 436, 647, 0.00852970965206623
44, 24, 273, 646, -0.005549878813326359
44, 25, 413, 960, -0.18650616705417633
44, 26, 246, 953, -0.10133366286754608
44, 27, 420, 1260, 0.3364391624927521
44, 28, 260, 1257, 0.15403608977794647
44, 29, 422, 1303, 0.3533523678779602
44, 30, 259, 1300, 0.15368585288524628
44, 31, 402, 1345, -0.24647994339466095
44, 32, 283, 1344, -0.506847083568573
45, 0, 360, 116, -1.3274496793746948
45, 1, 375, 88, -1.2542654275894165
45, 2, 385, 89, -1.2545799016952515
45, 3, 394, 90, -1.2546707391738892
45, 4, 347, 87, -1.2809197902679443
45, 5, 336, 87, -1.2811675071716309
45, 6, 326, 87, -1.281663179397583
45, 7, 407, 99, -0.7448328733444214
45, 8, 310, 96, -0.8646292686462402
45, 9, 375, 147, -1.1305034160614014
45, 10, 344, 146, -1.165425419807434
45, 11, 472, 270, -0.32852381467819214
45, 12, 222, 261, -0.5353677272796631
45, 13, 489, 443, -0.11440006643533707
45, 14, 188, 455, -0.41044124960899353
45, 15, 496, 605, -0.5813475847244263
45, 16, 206, 611, -0.8573962450027466
45, 17, 506, 653, -0.6981667280197144
45, 18, 206, 665, -0.9952144622802734
45, 19, 495, 647, -0.8258565664291382
45, 20, 221, 655, -1.078404426574707
45, 21, 484, 627, -0.6526551246643066
45, 22, 227, 634, -0.9007018208503723
45, 23, 436, 642, -0.00028662694967351854
45, 24, 273, 642, 0.0030486935283988714
45, 25, 409, 937, -0.20567655563354492
45, 26, 241, 929, -0.10261281579732895
45, 27, 419, 1233, 0.29667776823043823
45, 28, 258, 1233, 0.13640472292900085
45, 29, 421, 1275, 0.3136628568172455
45, 30, 258, 1275, 0.13370293378829956
45, 31, 400, 1318, -0.2688904404640198
45, 32, 279, 1319, -0.5088322162628174
46, 0, 359, 117, -1.2406069040298462
46, 1, 375, 89, -1.1605854034423828
46, 2, 385, 89, -1.1608556509017944
46, 3, 394, 90, -1.16084885597229
46, 4, 347, 88, -1.1877267360687256
46, 5, 336, 88, -1.1879509687423706
46, 6, 326, 88, -1.1885621547698975
46, 7, 407, 100, -0.6375826597213745
46, 8, 310, 97, -0.7622864246368408
46, 9, 375, 148, -1.0404906272888184
46, 10, 344, 147, -1.0763734579086304
46, 11, 472, 270, -0.21653962135314941
46, 12, 223, 262, -0.4621148109436035
46, 13, 489, 445, 0.042968690395355225
46, 14, 185, 455, -0.40413784980773926
46, 15, 499, 594, -0.44004327058792114
46, 16, 234, 529, -0.8734995126724243
46, 17, 507, 641, -0.5624276399612427
46, 18, 249, 569, -1.0180189609527588
46, 19, 498, 632, -0.6869041919708252
46, 20, 259, 513, -1.0932222604751587
46, 21, 487, 613, -0.5114661455154419
46, 22, 258, 496, -0.912391185760498
46, 23, 437, 642, 2.2613250621361658e-05
46, 24, 277, 643, 0.002852907869964838
46, 25, 412, 941, -0.1614437699317932
46, 26, 243, 934, -0.10230375826358795
46, 27, 422, 1238, 0.3729444742202759
46, 28, 261, 1237, 0.1618732511997223
46, 29, 424, 1280, 0.39232927560806274
46, 30, 262, 1279, 0.16488848626613617
46, 31, 405, 1322, -0.20457498729228973
46, 32, 285, 1324, -0.4853733479976654
47, 0, 359, 117, -1.2420008182525635
47, 1, 375, 89, -1.160806655883789
47, 2, 385, 90, -1.1610832214355469
47, 3, 394, 90, -1.1610770225524902
47, 4, 347, 88, -1.1879961490631104
47, 5, 336, 88, -1.1882295608520508
47, 6, 326, 89, -1.1888532638549805
47, 7, 407, 100, -0.6212257742881775
47, 8, 310, 98, -0.7484352588653564
47, 9, 375, 148, -1.0396826267242432
47, 10, 344, 147, -1.075693964958191
47, 11, 472, 269, -0.18134865164756775
47, 12, 223, 262, -0.4626433849334717
47, 13, 490, 446, 0.058624476194381714
47, 14, 176, 455, -0.591469943523407
47, 15, 508, 578, -0.4515250623226166
47, 16, 238, 461, -1.2918567657470703
47, 17, 518, 623, -0.5740264654159546
47, 18, 252, 460, -1.4647420644760132
47, 19, 510, 611, -0.6990602612495422
47, 20, 259, 432, -1.5205684900283813
47, 21, 499, 593, -0.5233834385871887
47, 22, 258, 428, -1.3261170387268066
47, 23, 436, 643, 0.007132123224437237
47, 24, 272, 643, -0.004708779044449329
47, 25, 410, 943, -0.06612305343151093
47, 26, 240, 936, -0.08120082318782806
47, 27, 417, 1238, 0.5153259634971619
47, 28, 255, 1238, 0.27235162258148193
47, 29, 418, 1279, 0.5367799997329712
47, 30, 255, 1279, 0.28492069244384766
47, 31, 398, 1323, -0.08652368932962418
47, 32, 281, 1325, -0.4061739444732666
48, 0, 359, 117, -1.1594483852386475
48, 1, 375, 90, -1.0731542110443115
48, 2, 385, 90, -1.0736281871795654
48, 3, 394, 91, -1.0735867023468018
48, 4, 347, 89, -1.1024757623672485
48, 5, 336, 88, -1.1027308702468872
48, 6, 326, 89, -1.103358507156372
48, 7, 406, 100, -0.5154424905776978
48, 8, 309, 98, -0.6524236798286438
48, 9, 375, 148, -0.9501784443855286
48, 10, 343, 147, -0.9894048571586609
48, 11, 467, 268, -0.09501931816339493
48, 12, 224, 261, -0.4054897725582123
48, 13, 489, 445, 0.06433641165494919
48, 14, 171, 455, -0.7589254975318909
48, 15, 514, 528, -0.4595101773738861
48, 16, 236, 413, -1.6527780294418335
48, 17, 524, 566, -0.5805963277816772
48, 18, 251, 399, -1.8337557315826416
48, 19, 501, 499, -0.701426088809967
48, 20, 256, 374, -1.8585513830184937
48, 21, 508, 533, -0.5321667790412903
48, 22, 257, 376, -1.6792587041854858
48, 23, 436, 637, 0.02688140608370304
48, 24, 270, 641, -0.02455187775194645
48, 25, 414, 937, -0.058503590524196625
48, 26, 243, 933, -0.08150576055049896
48, 27, 419, 1230, 0.49338945746421814
48, 28, 261, 1228, 0.2606361210346222
48, 29, 420, 1270, 0.5108691453933716
48, 30, 259, 1266, 0.2723340392112732
48, 31, 405, 1312, -0.10339634120464325
48, 32, 289, 1312, -0.41066232323646545
49, 0, 360, 117, -1.0011470317840576
49, 1, 375, 90, -0.9155817031860352
49, 2, 385, 90, -0.9161564707756042
49, 3, 394, 91, -0.9161422848701477
49, 4, 347, 89, -0.9443667531013489
49, 5, 336, 89, -0.9445928335189819
49, 6, 326, 89, -0.9452031850814819
49, 7, 406, 100, -0.38441240787506104
49, 8, 309, 99, -0.5200912356376648
49, 9, 375, 148, -0.8037093877792358
49, 10, 344, 147, -0.8428969383239746
49, 11, 465, 268, -0.00682819401845336
49, 12, 226, 261, -0.33649903535842896
49, 13, 489, 443, 0.1205548644065857
49, 14, 167, 454, -0.8246383666992188
49, 15, 518, 548, -0.3645477890968323
49, 16, 235, 363, -1.780195951461792
49, 17, 528, 591, -0.46287956833839417
49, 18, 248, 340, -1.9678510427474976
49, 19, 516, 556, -0.5691949129104614
49, 20, 253, 313, -1.9656991958618164
49, 21, 511, 562, -0.42664918303489685
49, 22, 255, 320, -1.7994096279144287
49, 23, 436, 637, 0.037925273180007935
49, 24, 270, 641, -0.03548060357570648
49, 25, 416, 939, -0.07256166636943817
49, 26, 245, 935, -0.10886351019144058
49, 27, 421, 1234, 0.4612581133842468
49, 28, 264, 1230, 0.2306511104106903
49, 29, 421, 1274, 0.4776616096496582
49, 30, 261, 1267, 0.24861986935138702
49, 31, 409, 1316, -0.12929606437683105
49, 32, 294, 1314, -0.4374527931213379
50, 0, 360, 117, -1.0172526836395264
50, 1, 375, 90, -0.9360482096672058
50, 2, 385, 90, -0.9366024732589722
50, 3, 394, 91, -0.9366475343704224
50, 4, 347, 89, -0.9593068957328796
50, 5, 336, 89, -0.9595634341239929
50, 6, 326, 89, -0.9602373242378235
50, 7, 406, 100, -0.4136456847190857
50, 8, 309, 98, -0.523816704750061
50, 9, 375, 148, -0.8228933215141296
50, 10, 344, 147, -0.8547126650810242
50, 11, 464, 268, -0.04736211895942688
50, 12, 226, 260, -0.30597296357154846
50, 13, 489, 443, 0.09230197221040726
50, 14, 154, 456, -0.8033584356307983
50, 15, 519, 547, -0.38962483406066895
50, 16, 233, 343, -1.8115415573120117
50, 17, 530, 589, -0.4908730089664459
50, 18, 246, 310, -2.0105161666870117
50, 19, 521, 569, -0.5970598459243774
50, 20, 251, 282, -2.0060367584228516
50, 21, 512, 560, -0.4511565566062927
50, 22, 253, 291, -1.8310962915420532
50, 23, 435, 635, 0.032641783356666565
50, 24, 268, 640, -0.030357852578163147
50, 25, 417, 937, -0.08061125129461288
50, 26, 245, 935, -0.1074327826499939
50, 27, 421, 1231, 0.4509410262107849
50, 28, 264, 1225, 0.22373273968696594
50, 29, 421, 1271, 0.4667377471923828
50, 30, 261, 1261, 0.2373799830675125
50, 31, 409, 1312, -0.13884487748146057
50, 32, 295, 1309, -0.4425240457057953
51, 0, 362, 117, -0.9802220463752747
51, 1, 376, 90, -0.9016162157058716
51, 2, 386, 90, -0.9021617770195007
51, 3, 394, 91, -0.9022578001022339
51, 4, 349, 89, -0.9240517616271973
51, 5, 338, 89, -0.9242750406265259
51, 6, 328, 89, -0.9248335957527161
51, 7, 406, 100, -0.38449376821517944
51, 8, 310, 98, -0.4913554787635803
51, 9, 377, 147, -0.7852281332015991
51, 10, 346, 147, -0.8161612749099731
51, 11, 463, 267, -0.014198312535881996
51, 12, 226, 254, -0.25568702816963196
51, 13, 489, 441, 0.12741915881633759
51, 14, 149, 456, -0.727865993976593
51, 15, 520, 532, -0.3265644609928131
51, 16, 232, 323, -1.6941108703613281
51, 17, 532, 570, -0.4183562397956848
51, 18, 245, 292, -1.8828932046890259
51, 19, 526, 556, -0.5212288498878479
51, 20, 250, 266, -1.8778183460235596
51, 21, 515, 545, -0.38445931673049927
51, 22, 252, 274, -1.7117143869400024
51, 23, 436, 630, 0.026394054293632507
51, 24, 272, 638, -0.02427777275443077
51, 25, 419, 927, -0.11083315312862396
51, 26, 248, 927, -0.11168918758630753
51, 27, 424, 1220, 0.3784310221672058
51, 28, 271, 1218, 0.16195426881313324
51, 29, 424, 1260, 0.39167073369026184
51, 30, 269, 1253, 0.16971001029014587
51, 31, 413, 1300, -0.18834909796714783
51, 32, 303, 1302, -0.4742301404476166
52, 0, 363, 117, -1.0096157789230347
52, 1, 377, 90, -0.9291221499443054
52, 2, 387, 90, -0.9296748042106628
52, 3, 395, 91, -0.929754376411438
52, 4, 351, 89, -0.9519139528274536
52, 5, 340, 89, -0.9521538615226746
52, 6, 330, 89, -0.9527528882026672
52, 7, 407, 100, -0.396620512008667
52, 8, 310, 98, -0.5042475461959839
52, 9, 378, 147, -0.8090620040893555
52, 10, 348, 146, -0.8403040170669556
52, 11, 462, 265, -0.008983420208096504
52, 12, 227, 249, -0.25486189126968384
52, 13, 489, 439, 0.10685733705759048
52, 14, 146, 457, -0.7493520975112915
52, 15, 503, 494, -0.33939939737319946
52, 16, 231, 320, -1.7857415676116943
52, 17, 509, 530, -0.42642951011657715
52, 18, 243, 290, -1.9823062419891357
52, 19, 498, 478, -0.5699566006660461
52, 20, 248, 262, -1.9813276529312134
52, 21, 489, 465, -0.40442928671836853
52, 22, 250, 270, -1.8062028884887695
52, 23, 437, 625, 0.02557351626455784
52, 24, 272, 634, -0.023521047085523605
52, 25, 422, 923, -0.08816252648830414
52, 26, 250, 924, -0.11116033792495728
52, 27, 426, 1214, 0.4126482605934143
52, 28, 273, 1212, 0.16439862549304962
52, 29, 427, 1253, 0.4258226752281189
52, 30, 271, 1247, 0.1706545501947403
52, 31, 416, 1294, -0.15388654172420502
52, 32, 306, 1297, -0.47122567892074585
53, 0, 364, 117, -1.0325212478637695
53, 1, 379, 90, -0.9534042477607727
53, 2, 388, 90, -0.9538949728012085
53, 3, 396, 91, -0.9539104700088501
53, 4, 353, 89, -0.977542519569397
53, 5, 341, 88, -0.9777822494506836
53, 6, 331, 89, -0.9783942103385925
53, 7, 407, 100, -0.43188244104385376
53, 8, 311, 98, -0.5464376211166382
53, 9, 379, 147, -0.8370186686515808
53, 10, 349, 145, -0.8702976107597351
53, 11, 462, 265, -0.029334545135498047
53, 12, 227, 248, -0.28638529777526855
53, 13, 489, 441, 0.09626291692256927
53, 14, 146, 457, -0.8201512098312378
53, 15, 513, 547, -0.3177095353603363
53, 16, 230, 308, -1.7871423959732056
53, 17, 523, 596, -0.39663687348365784
53, 18, 243, 276, -1.9808238744735718
53, 19, 514, 583, -0.507915198802948
53, 20, 247, 247, -1.9763610363006592
53, 21, 500, 564, -0.3763901889324188
53, 22, 249, 257, -1.8071632385253906
53, 23, 439, 625, 0.025147924199700356
53, 24, 272, 633, -0.02302737906575203
53, 25, 426, 925, -0.08881455659866333
53, 26, 251, 925, -0.11601142585277557
53, 27, 428, 1218, 0.4228283762931824
53, 28, 273, 1216, 0.1672726571559906
53, 29, 428, 1257, 0.43624192476272583
53, 30, 271, 1252, 0.1743009090423584
53, 31, 419, 1299, -0.15594646334648132
53, 32, 304, 1301, -0.4798000454902649
54, 0, 366, 117, -1.019380807876587
54, 1, 382, 90, -0.9400396347045898
54, 2, 390, 90, -0.9404975175857544
54, 3, 399, 91, -0.9404494166374207
54, 4, 355, 89, -0.9661944508552551
54, 5, 345, 88, -0.9663899540901184
54, 6, 334, 89, -0.9669709205627441
54, 7, 408, 101, -0.4256419241428375
54, 8, 312, 97, -0.548758864402771
54, 9, 380, 147, -0.8270695805549622
54, 10, 350, 145, -0.8630987405776978
54, 11, 462, 264, -0.05036220699548721
54, 12, 228, 246, -0.3020699620246887
54, 13, 490, 443, 0.08928533643484116
54, 14, 144, 456, -0.8349569439888
54, 15, 519, 584, -0.328275203704834
54, 16, 229, 304, -1.7618011236190796
54, 17, 531, 637, -0.40928253531455994
54, 18, 243, 272, -1.9524743556976318
54, 19, 523, 633, -0.515877902507782
54, 20, 246, 244, -1.943658471107483
54, 21, 507, 615, -0.38722312450408936
54, 22, 249, 253, -1.7792940139770508
54, 23, 440, 621, 0.02789098396897316
54, 24, 272, 630, -0.025640204548835754
54, 25, 428, 927, -0.0747922733426094
54, 26, 252, 926, -0.11554334312677383
54, 27, 430, 1220, 0.438124418258667
54, 28, 274, 1217, 0.17254218459129333
54, 29, 430, 1260, 0.4515754282474518
54, 30, 271, 1252, 0.1827068328857422
54, 31, 422, 1301, -0.14851130545139313
54, 32, 304, 1300, -0.47966426610946655
55, 0, 370, 117, -0.9542876482009888
55, 1, 385, 90, -0.8710298538208008
55, 2, 393, 91, -0.8715383410453796
55, 3, 401, 92, -0.8715292811393738
55, 4, 358, 89, -0.9026864171028137
55, 5, 348, 88, -0.9029011726379395
55, 6, 337, 89, -0.9034856557846069
55, 7, 408, 101, -0.3510231673717499
55, 8, 314, 97, -0.49811220169067383
55, 9, 382, 147, -0.7605530023574829
55, 10, 353, 145, -0.8034256100654602
55, 11, 460, 264, 0.010522833094000816
55, 12, 228, 245, -0.30947232246398926
55, 13, 490, 443, 0.1635098159313202
55, 14, 143, 455, -0.8318262100219727
55, 15, 520, 584, -0.22801771759986877
55, 16, 229, 300, -1.7628129720687866
55, 17, 532, 635, -0.30245107412338257
55, 18, 244, 267, -1.9516147375106812
55, 19, 524, 631, -0.4063032567501068
55, 20, 246, 240, -1.936571478843689
55, 21, 509, 613, -0.28522491455078125
55, 22, 248, 250, -1.7765331268310547
55, 23, 443, 619, 0.03722838684916496
55, 24, 274, 628, -0.03489840403199196
55, 25, 433, 927, -0.06259623169898987
55, 26, 257, 927, -0.12149429321289062
55, 27, 434, 1218, 0.4423307776451111
55, 28, 278, 1214, 0.17261871695518494
55, 29, 433, 1257, 0.4552392065525055
55, 30, 275, 1248, 0.1830948293209076
55, 31, 427, 1298, -0.136949360370636
55, 32, 308, 1297, -0.4805417060852051
56, 0, 373, 117, -0.9249570965766907
56, 1, 387, 90, -0.8395450711250305
56, 2, 395, 91, -0.8400589823722839
56, 3, 404, 92, -0.8400106430053711
56, 4, 360, 89, -0.8733159303665161
56, 5, 350, 88, -0.8735156059265137
56, 6, 339, 89, -0.8741130828857422
56, 7, 408, 102, -0.31619682908058167
56, 8, 314, 97, -0.4725263714790344
56, 9, 384, 147, -0.7309888601303101
56, 10, 355, 145, -0.776309072971344
56, 11, 458, 264, 0.041860390454530716
56, 12, 229, 244, -0.3130655884742737
56, 13, 490, 443, 0.17491242289543152
56, 14, 142, 455, -0.857072651386261
56, 15, 521, 584, -0.24391944706439972
56, 16, 230, 299, -1.8003432750701904
56, 17, 533, 634, -0.32423722743988037
56, 18, 244, 264, -1.9914896488189697
56, 19, 525, 629, -0.425367534160614
56, 20, 246, 239, -1.9740111827850342
56, 21, 510, 613, -0.3012256622314453
56, 22, 249, 249, -1.8127155303955078
56, 23, 444, 619, 0.04501541331410408
56, 24, 273, 628, -0.04259999468922615
56, 25, 435, 928, -0.03621216490864754
56, 26, 259, 928, -0.1228058710694313
56, 27, 434, 1218, 0.4694477617740631
56, 28, 278, 1213, 0.17842547595500946
56, 29, 434, 1257, 0.4821113049983978
56, 30, 274, 1246, 0.19197164475917816
56, 31, 427, 1298, -0.10114177316427231
56, 32, 307, 1296, -0.47477665543556213
57, 0, 373, 117, -0.9650638699531555
57, 1, 388, 90, -0.8824498057365417
57, 2, 396, 91, -0.8829604983329773
57, 3, 404, 92, -0.8829663395881653
57, 4, 360, 89, -0.9125490188598633
57, 5, 350, 88, -0.9127410650253296
57, 6, 339, 88, -0.9133185148239136
57, 7, 409, 102, -0.3602283298969269
57, 8, 315, 97, -0.49659380316734314
57, 9, 384, 147, -0.7698588967323303
57, 10, 355, 145, -0.809539794921875
57, 11, 458, 264, 0.012870199978351593
57, 12, 229, 243, -0.340182900428772
57, 13, 490, 444, 0.1559027135372162
57, 14, 141, 455, -0.8809331059455872
57, 15, 521, 590, -0.2694377899169922
57, 16, 230, 298, -1.7831233739852905
57, 17, 533, 642, -0.349935919046402
57, 18, 246, 262, -1.969207525253296
57, 19, 525, 638, -0.44988498091697693
57, 20, 247, 237, -1.955350637435913
57, 21, 510, 620, -0.32611098885536194
57, 22, 249, 247, -1.7962303161621094
57, 23, 444, 619, 0.04557738080620766
57, 24, 273, 628, -0.04319613799452782
57, 25, 434, 928, -0.03749983385205269
57, 26, 258, 928, -0.12227680534124374
57, 27, 434, 1219, 0.47820353507995605
57, 28, 276, 1214, 0.18447211384773254
57, 29, 434, 1258, 0.4919919967651367
57, 30, 272, 1248, 0.19866877794265747
57, 31, 426, 1299, -0.09752168506383896
57, 32, 306, 1296, -0.47133558988571167
58, 0, 373, 117, -0.9823468923568726
58, 1, 388, 90, -0.8998767137527466
58, 2, 396, 91, -0.9003628492355347
58, 3, 404, 92, -0.9003346562385559
58, 4, 360, 89, -0.9292227029800415
58, 5, 350, 88, -0.9294396638870239
58, 6, 339, 88, -0.9300494194030762
58, 7, 409, 102, -0.378151535987854
58, 8, 315, 97, -0.5131802558898926
58, 9, 384, 147, -0.7874519228935242
58, 10, 355, 145, -0.82671719789505
58, 11, 457, 264, -0.004858889617025852
58, 12, 230, 242, -0.3407996594905853
58, 13, 489, 446, 0.1468891054391861
58, 14, 140, 455, -0.8592606782913208
58, 15, 519, 588, -0.2861802875995636
58, 16, 231, 296, -1.753008246421814
58, 17, 531, 639, -0.3687956929206848
58, 18, 248, 258, -1.9380632638931274
58, 19, 521, 633, -0.4668429493904114
58, 20, 249, 233, -1.9261806011199951
58, 21, 506, 616, -0.34245941042900085
58, 22, 251, 243, -1.7667700052261353
58, 23, 443, 620, 0.044594429433345795
58, 24, 271, 628, -0.04220211133360863
58, 25, 434, 928, -0.04465070366859436
58, 26, 257, 928, -0.12272147834300995
58, 27, 432, 1220, 0.4707307815551758
58, 28, 272, 1214, 0.18444576859474182
58, 29, 431, 1259, 0.48468250036239624
58, 30, 268, 1249, 0.1984887272119522
58, 31, 425, 1299, -0.10651197284460068
58, 32, 301, 1297, -0.47140878438949585
59, 0, 372, 117, -0.9754689335823059
59, 1, 388, 90, -0.8917654156684875
59, 2, 396, 91, -0.8922224044799805
59, 3, 404, 92, -0.8921689987182617
59, 4, 360, 88, -0.9201127886772156
59, 5, 350, 88, -0.920372486114502
59, 6, 338, 88, -0.9210686683654785
59, 7, 410, 102, -0.37406352162361145
59, 8, 316, 96, -0.5065084099769592
59, 9, 384, 147, -0.7829973101615906
59, 10, 355, 145, -0.821620762348175
59, 11, 457, 264, -0.012608878314495087
59, 12, 230, 241, -0.33762508630752563
59, 13, 488, 448, 0.14334893226623535
59, 14, 140, 455, -0.8485811352729797
59, 15, 519, 593, -0.28785473108291626
59, 16, 232, 294, -1.7348346710205078
59, 17, 531, 643, -0.3674815893173218
59, 18, 250, 254, -1.919746994972229
59, 19, 521, 638, -0.4619012475013733
59, 20, 251, 229, -1.9066276550292969
59, 21, 506, 621, -0.34286683797836304
59, 22, 253, 239, -1.7482478618621826
59, 23, 443, 622, 0.04387616738677025
59, 24, 270, 628, -0.04146557301282883
59, 25, 433, 932, -0.05147417634725571
59, 26, 255, 931, -0.13618043065071106
59, 27, 430, 1222, 0.4608948826789856
59, 28, 269, 1215, 0.16253098845481873
59, 29, 429, 1262, 0.47432631254196167
59, 30, 265, 1250, 0.17435331642627716
59, 31, 422, 1301, -0.1146429032087326
59, 32, 298, 1297, -0.4926624298095703
60, 0, 372, 117, -0.9605637788772583
60, 1, 387, 90, -0.875732421875
60, 2, 396, 91, -0.8761669993400574
60, 3, 404, 92, -0.8760975003242493
60, 4, 360, 88, -0.9039584398269653
60, 5, 350, 88, -0.9042032957077026
60, 6, 338, 88, -0.9048835039138794
60, 7, 411, 102, -0.36110836267471313
60, 8, 316, 96, -0.4947950839996338
60, 9, 384, 147, -0.7699004411697388
60, 10, 355, 145, -0.8089166879653931
60, 11, 457, 265, -0.01023181527853012
60, 12, 230, 241, -0.32729464769363403
60, 13, 488, 450, 0.14219899475574493
60, 14, 140, 455, -0.8338691592216492
60, 15, 519, 594, -0.2943277359008789
60, 16, 232, 295, -1.7186959981918335
60, 17, 531, 645, -0.37642747163772583
60, 18, 251, 256, -1.9030214548110962
60, 19, 521, 640, -0.47308236360549927
60, 20, 253, 233, -1.9053093194961548
60, 21, 506, 622, -0.35040515661239624
60, 22, 254, 243, -1.7364362478256226
60, 23, 442, 624, 0.04317200183868408
60, 24, 269, 629, -0.040752019733190536
60, 25, 433, 935, -0.06176334619522095
60, 26, 254, 932, -0.14196504652500153
60, 27, 429, 1224, 0.4368605613708496
60, 28, 268, 1216, 0.1467549353837967
60, 29, 428, 1264, 0.44931381940841675
60, 30, 264, 1250, 0.15648862719535828
60, 31, 422, 1301, -0.1375679075717926
60, 32, 296, 1298, -0.5064083933830261
61, 0, 372, 117, -0.9479551315307617
61, 1, 387, 90, -0.862517237663269
61, 2, 396, 91, -0.8629565238952637
61, 3, 404, 92, -0.8628643751144409
61, 4, 360, 88, -0.8915281295776367
61, 5, 350, 88, -0.8917922973632812
61, 6, 338, 88, -0.8924596905708313
61, 7, 411, 102, -0.34862470626831055
61, 8, 316, 96, -0.4860098361968994
61, 9, 384, 147, -0.7572268843650818
61, 10, 355, 144, -0.7974817156791687
61, 11, 457, 265, 0.002648410852998495
61, 12, 231, 241, -0.31947851181030273
61, 13, 487, 450, 0.13395747542381287
61, 14, 140, 455, -0.83075350522995
61, 15, 518, 600, -0.28147435188293457
61, 16, 233, 296, -1.6868541240692139
61, 17, 530, 652, -0.36087679862976074
61, 18, 252, 259, -1.868901252746582
61, 19, 520, 647, -0.45566996932029724
61, 20, 255, 235, -1.849928855895996
61, 21, 505, 630, -0.3363507390022278
61, 22, 256, 245, -1.6964867115020752
61, 23, 442, 624, 0.043078742921352386
61, 24, 269, 629, -0.04066602513194084
61, 25, 431, 935, -0.06958574056625366
61, 26, 254, 932, -0.14214487373828888
61, 27, 428, 1224, 0.4197826385498047
61, 28, 268, 1216, 0.14225588738918304
61, 29, 427, 1264, 0.43179869651794434
61, 30, 264, 1251, 0.15106546878814697
61, 31, 421, 1301, -0.1527639478445053
61, 32, 296, 1298, -0.507146954536438
62, 0, 372, 117, -0.9556660652160645
62, 1, 387, 90, -0.8709355592727661
62, 2, 396, 91, -0.8713923692703247
62, 3, 404, 93, -0.8713144063949585
62, 4, 360, 88, -0.8990482091903687
62, 5, 350, 88, -0.899339497089386
62, 6, 338, 88, -0.9000035524368286
62, 7, 412, 102, -0.35687512159347534
62, 8, 317, 96, -0.4902172088623047
62, 9, 384, 147, -0.7647565007209778
62, 10, 355, 144, -0.8039354085922241
62, 11, 457, 265, -0.00349266710691154
62, 12, 231, 241, -0.31244584918022156
62, 13, 486, 450, 0.12881095707416534
62, 14, 140, 454, -0.8223761320114136
62, 15, 515, 601, -0.2690117061138153
62, 16, 234, 296, -1.6821244955062866
62, 17, 526, 652, -0.34502846002578735
62, 18, 254, 259, -1.8654991388320923
62, 19, 515, 647, -0.44040340185165405
62, 20, 258, 236, -1.8413130044937134
62, 21, 500, 630, -0.322915256023407
62, 22, 258, 246, -1.689833641052246
62, 23, 442, 624, 0.039898812770843506
62, 24, 270, 629, -0.037617992609739304
62, 25, 430, 931, -0.07768812775611877
62, 26, 254, 929, -0.13854847848415375
62, 27, 428, 1221, 0.4152666926383972
62, 28, 269, 1214, 0.1457771360874176
62, 29, 427, 1261, 0.42796435952186584
62, 30, 266, 1249, 0.15497586131095886
62, 31, 421, 1298, -0.15478497743606567
62, 32, 296, 1296, -0.4985911250114441
63, 0, 372, 116, -0.9414960145950317
63, 1, 387, 90, -0.8571150898933411
63, 2, 396, 91, -0.8576013445854187
63, 3, 404, 93, -0.8575302958488464
63, 4, 360, 88, -0.8844383955001831
63, 5, 350, 88, -0.8847619295120239
63, 6, 338, 88, -0.8854193687438965
63, 7, 412, 102, -0.3476288914680481
63, 8, 317, 96, -0.4765760898590088
63, 9, 384, 146, -0.7522254586219788
63, 10, 355, 144, -0.7903326749801636
63, 11, 457, 265, 6.246423254196998e-06
63, 12, 231, 242, -0.2995154857635498
63, 13, 486, 450, 0.12628617882728577
63, 14, 140, 454, -0.8014121055603027
63, 15, 513, 600, -0.2652200758457184
63, 16, 235, 296, -1.6623731851577759
63, 17, 523, 651, -0.3412807881832123
63, 18, 255, 259, -1.8463633060455322
63, 19, 513, 646, -0.43702206015586853
63, 20, 260, 236, -1.8196464776992798
63, 21, 498, 628, -0.3193016052246094
63, 22, 260, 246, -1.6698577404022217
63, 23, 442, 624, 0.03909225016832352
63, 24, 271, 629, -0.036864135414361954
63, 25, 429, 928, -0.07920478284358978
63, 26, 255, 926, -0.1368684321641922
63, 27, 428, 1219, 0.41545337438583374
63, 28, 271, 1211, 0.1463785618543625
63, 29, 427, 1259, 0.4284062385559082
63, 30, 268, 1246, 0.1558326631784439
63, 31, 421, 1295, -0.1543419063091278
63, 32, 297, 1293, -0.48937806487083435
64, 0, 372, 116, -0.9057704210281372
64, 1, 387, 90, -0.8223519325256348
64, 2, 396, 91, -0.8228510022163391
64, 3, 404, 93, -0.8227893114089966
64, 4, 360, 88, -0.8503788113594055
64, 5, 349, 88, -0.8507047891616821
64, 6, 338, 88, -0.8513635396957397
64, 7, 412, 102, -0.31903964281082153
64, 8, 317, 96, -0.45004647970199585
64, 9, 384, 146, -0.718253493309021
64, 10, 355, 144, -0.7570153474807739
64, 11, 457, 265, 0.02298794314265251
64, 12, 232, 242, -0.2822737395763397
64, 13, 486, 450, 0.1322176158428192
64, 14, 140, 454, -0.7744127511978149
64, 15, 511, 599, -0.2652101516723633
64, 16, 236, 297, -1.6312659978866577
64, 17, 521, 650, -0.3427749574184418
64, 18, 256, 260, -1.814028024673462
64, 19, 511, 645, -0.4379621148109436
64, 20, 261, 237, -1.7868034839630127
64, 21, 497, 627, -0.3195682764053345
64, 22, 261, 246, -1.6384506225585938
64, 23, 442, 624, 0.038937702775001526
64, 24, 273, 629, -0.03669743239879608
64, 25, 429, 927, -0.08283508569002151
64, 26, 255, 924, -0.13631311058998108
64, 27, 428, 1217, 0.4056282937526703
64, 28, 272, 1209, 0.14491720497608185
64, 29, 427, 1257, 0.4181556701660156
64, 30, 270, 1244, 0.1537371426820755
64, 31, 421, 1293, -0.15910157561302185
64, 32, 298, 1292, -0.4897828996181488
65, 0, 372, 116, -0.9037947654724121
65, 1, 387, 90, -0.8190063238143921
65, 2, 396, 91, -0.8194999694824219
65, 3, 404, 92, -0.8194538950920105
65, 4, 360, 88, -0.8463670015335083
65, 5, 349, 88, -0.8466771841049194
65, 6, 338, 88, -0.8473234176635742
65, 7, 412, 102, -0.3149751126766205
65, 8, 317, 96, -0.44338035583496094
65, 9, 384, 146, -0.7167279124259949
65, 10, 355, 143, -0.7546364068984985
65, 11, 457, 265, 0.022769901901483536
65, 12, 232, 242, -0.2773805856704712
65, 13, 485, 450, 0.1311379373073578
65, 14, 141, 454, -0.7663798928260803
65, 15, 509, 598, -0.2669943869113922
65, 16, 236, 297, -1.6282217502593994
65, 17, 519, 649, -0.34417057037353516
65, 18, 255, 261, -1.8125884532928467
65, 19, 508, 643, -0.4413447976112366
65, 20, 261, 238, -1.787358045578003
65, 21, 494, 626, -0.3200356364250183
65, 22, 261, 248, -1.636802315711975
65, 23, 442, 625, 0.03807500749826431
65, 24, 273, 629, -0.03581639751791954
65, 25, 429, 927, -0.08651824295520782
65, 26, 256, 923, -0.13583484292030334
65, 27, 429, 1217, 0.3992706835269928
65, 28, 274, 1209, 0.1444200724363327
65, 29, 428, 1257, 0.4114692211151123
65, 30, 271, 1244, 0.15286372601985931
65, 31, 421, 1293, -0.16396187245845795
65, 32, 300, 1292, -0.48966726660728455
66, 0, 372, 116, -0.9081817865371704
66, 1, 387, 90, -0.8234437108039856
66, 2, 396, 91, -0.8239368200302124
66, 3, 404, 92, -0.8238556981086731
66, 4, 360, 88, -0.8506165742874146
66, 5, 349, 88, -0.8509179949760437
66, 6, 338, 88, -0.8515399694442749
66, 7, 412, 102, -0.31975609064102173
66, 8, 318, 96, -0.44739919900894165
66, 9, 385, 145, -0.721500813961029
66, 10, 355, 143, -0.7592514753341675
66, 11, 458, 265, 0.017515920102596283
66, 12, 233, 242, -0.2768544554710388
66, 13, 485, 450, 0.11798473447561264
66, 14, 141, 453, -0.7622590065002441
66, 15, 509, 598, -0.2827988564968109
66, 16, 235, 295, -1.621343970298767
66, 17, 519, 649, -0.3620505928993225
66, 18, 255, 259, -1.806099534034729
66, 19, 508, 642, -0.45730629563331604
66, 20, 261, 236, -1.77974534034729
66, 21, 494, 625, -0.3363768458366394
66, 22, 261, 246, -1.6301387548446655
66, 23, 442, 624, 0.03772918879985809
66, 24, 275, 629, -0.03547768294811249
66, 25, 430, 926, -0.08915310353040695
66, 26, 259, 923, -0.13578863441944122
66, 27, 431, 1216, 0.39539965987205505
66, 28, 278, 1209, 0.14301066100597382
66, 29, 430, 1256, 0.40729767084121704
66, 30, 276, 1243, 0.15111613273620605
66, 31, 424, 1291, -0.17092128098011017
66, 32, 304, 1291, -0.4918959140777588
67, 0, 373, 116, -0.9108002781867981
67, 1, 388, 90, -0.8261545300483704
67, 2, 396, 91, -0.8266499638557434
67, 3, 405, 92, -0.8265676498413086
67, 4, 360, 88, -0.8551300168037415
67, 5, 350, 88, -0.8554261326789856
67, 6, 339, 88, -0.856035053730011
67, 7, 413, 102, -0.32017239928245544
67, 8, 318, 97, -0.45443978905677795
67, 9, 386, 145, -0.7223660349845886
67, 10, 357, 143, -0.7626086473464966
67, 11, 458, 265, 0.019376887008547783
67, 12, 233, 242, -0.28111526370048523
67, 13, 485, 450, 0.11841752380132675
67, 14, 142, 453, -0.7629813551902771
67, 15, 509, 596, -0.2833630442619324
67, 16, 235, 294, -1.618253469467163
67, 17, 519, 647, -0.36237549781799316
67, 18, 255, 257, -1.799830675125122
67, 19, 508, 641, -0.4583139419555664
67, 20, 260, 235, -1.7777833938598633
67, 21, 495, 624, -0.33722227811813354
67, 22, 261, 246, -1.62783944606781
67, 23, 442, 624, 0.038201626390218735
67, 24, 277, 629, -0.03599211573600769
67, 25, 430, 926, -0.09757404029369354
67, 26, 260, 923, -0.1423780769109726
67, 27, 432, 1215, 0.3845981955528259
67, 28, 280, 1208, 0.1289633959531784
67, 29, 431, 1255, 0.39646297693252563
67, 30, 279, 1243, 0.13580827414989471
67, 31, 426, 1290, -0.18160118162631989
67, 32, 306, 1289, -0.5041576623916626
68, 0, 374, 116, -0.8824456930160522
68, 1, 388, 90, -0.7964478135108948
68, 2, 396, 91, -0.7969425916671753
68, 3, 406, 92, -0.796880841255188
68, 4, 361, 88, -0.827541708946228
68, 5, 351, 88, -0.8278190493583679
68, 6, 339, 88, -0.8283953666687012
68, 7, 413, 102, -0.29344549775123596
68, 8, 318, 97, -0.43974584341049194
68, 9, 387, 145, -0.6957542300224304
68, 10, 358, 143, -0.7391171455383301
68, 11, 458, 265, 0.03681492060422897
68, 12, 233, 242, -0.2773439586162567
68, 13, 485, 450, 0.13064247369766235
68, 14, 142, 453, -0.7619491219520569
68, 15, 509, 596, -0.27110788226127625
68, 16, 234, 293, -1.612189531326294
68, 17, 519, 647, -0.34994229674339294
68, 18, 253, 256, -1.7927353382110596
68, 19, 508, 642, -0.44529104232788086
68, 20, 259, 235, -1.768777847290039
68, 21, 495, 624, -0.3254898190498352
68, 22, 260, 246, -1.6209865808486938
68, 23, 443, 623, 0.039102114737033844
68, 24, 278, 628, -0.036883119493722916
68, 25, 430, 926, -0.09701226651668549
68, 26, 261, 923, -0.1459905505180359
68, 27, 433, 1215, 0.3795490562915802
68, 28, 281, 1208, 0.11665242910385132
68, 29, 432, 1255, 0.39117640256881714
68, 30, 278, 1242, 0.12342610210180283
68, 31, 427, 1290, -0.18131092190742493
68, 32, 307, 1288, -0.51228266954422
69, 0, 375, 116, -0.8804339170455933
69, 1, 389, 90, -0.7954139709472656
69, 2, 397, 91, -0.7959043383598328
69, 3, 406, 92, -0.7958621978759766
69, 4, 361, 88, -0.8252191543579102
69, 5, 351, 88, -0.825483500957489
69, 6, 339, 88, -0.8260480165481567
69, 7, 413, 102, -0.29446589946746826
69, 8, 319, 97, -0.4362943172454834
69, 9, 387, 145, -0.6946413516998291
69, 10, 358, 143, -0.7363991141319275
69, 11, 458, 265, 0.03740765154361725
69, 12, 234, 243, -0.27109968662261963
69, 13, 485, 449, 0.1370045244693756
69, 14, 143, 452, -0.746745228767395
69, 15, 510, 595, -0.2634795904159546
69, 16, 232, 293, -1.5989978313446045
69, 17, 520, 645, -0.34307393431663513
69, 18, 248, 256, -1.780063271522522
69, 19, 510, 640, -0.44021278619766235
69, 20, 255, 235, -1.7578624486923218
69, 21, 496, 623, -0.31892552971839905
69, 22, 256, 246, -1.6088829040527344
69, 23, 443, 621, 0.03919728100299835
69, 24, 278, 627, -0.036971647292375565
69, 25, 430, 925, -0.09642104804515839
69, 26, 262, 922, -0.1463988572359085
69, 27, 433, 1213, 0.3816375732421875
69, 28, 281, 1206, 0.11609508097171783
69, 29, 432, 1253, 0.39348334074020386
69, 30, 278, 1241, 0.1231294646859169
69, 31, 427, 1288, -0.17983146011829376
69, 32, 307, 1286, -0.5133336186408997
70, 0, 375, 116, -0.8847360610961914
70, 1, 389, 90, -0.8017169237136841
70, 2, 397, 91, -0.8022066354751587
70, 3, 406, 93, -0.802197277545929
70, 4, 361, 88, -0.8293167352676392
70, 5, 351, 88, -0.8295987844467163
70, 6, 339, 88, -0.830181896686554
70, 7, 413, 103, -0.3010335862636566
70, 8, 319, 97, -0.4380435347557068
70, 9, 387, 145, -0.6998389959335327
70, 10, 358, 143, -0.738780677318573
70, 11, 458, 265, 0.03234955295920372
70, 12, 234, 243, -0.25493180751800537
70, 13, 485, 449, 0.1218039020895958
70, 14, 143, 452, -0.7086911201477051
70, 15, 510, 589, -0.28745296597480774
70, 16, 229, 292, -1.5771013498306274
70, 17, 520, 637, -0.37184616923332214
70, 18, 244, 256, -1.7594270706176758
70, 19, 509, 630, -0.4694822430610657
70, 20, 251, 235, -1.7409582138061523
70, 21, 496, 614, -0.3430594801902771
70, 22, 253, 246, -1.5889859199523926
70, 23, 441, 620, 0.03201291337609291
70, 24, 278, 625, -0.029957497492432594
70, 25, 427, 921, -0.11737040430307388
70, 26, 262, 916, -0.1505146324634552
70, 27, 432, 1208, 0.3609207570552826
70, 28, 280, 1201, 0.10144738107919693
70, 29, 431, 1248, 0.3738171458244324
70, 30, 278, 1237, 0.10726617276668549
70, 31, 425, 1283, -0.19321243464946747
70, 32, 306, 1280, -0.5210913419723511
71, 0, 375, 116, -0.8509992361068726
71, 1, 389, 90, -0.7704380750656128
71, 2, 397, 91, -0.7709453701972961
71, 3, 406, 93, -0.7709642648696899
71, 4, 361, 89, -0.7972375154495239
71, 5, 351, 88, -0.7974878549575806
71, 6, 339, 89, -0.7980489730834961
71, 7, 413, 103, -0.2826407253742218
71, 8, 319, 97, -0.412524551153183
71, 9, 387, 145, -0.6690139770507812
71, 10, 358, 143, -0.7067592144012451
71, 11, 458, 265, 0.04255049303174019
71, 12, 234, 243, -0.23171302676200867
71, 13, 485, 448, 0.12478063255548477
71, 14, 144, 452, -0.6693817377090454
71, 15, 509, 582, -0.2946324050426483
71, 16, 227, 292, -1.5295283794403076
71, 17, 520, 629, -0.38370415568351746
71, 18, 241, 256, -1.7104272842407227
71, 19, 509, 621, -0.48094433546066284
71, 20, 247, 235, -1.695194959640503
71, 21, 496, 605, -0.3509148955345154
71, 22, 249, 246, -1.5424892902374268
71, 23, 441, 619, 0.032064229249954224
71, 24, 278, 624, -0.029997989535331726
71, 25, 427, 920, -0.11924044042825699
71, 26, 261, 915, -0.15662820637226105
71, 27, 431, 1207, 0.3514902591705322
71, 28, 280, 1200, 0.08857883512973785
71, 29, 430, 1247, 0.3637736737728119
71, 30, 278, 1236, 0.09354320168495178
71, 31, 425, 1282, -0.20214799046516418
71, 32, 305, 1279, -0.5373544692993164
72, 0, 375, 116, -0.8535552024841309
72, 1, 389, 91, -0.7739285230636597
72, 2, 397, 91, -0.7744228839874268
72, 3, 406, 93, -0.7744653820991516
72, 4, 361, 89, -0.8009752035140991
72, 5, 351, 88, -0.8012277483940125
72, 6, 339, 89, -0.8017896413803101
72, 7, 413, 103, -0.2863137125968933
72, 8, 319, 97, -0.41631045937538147
72, 9, 387, 145, -0.6711947321891785
72, 10, 358, 143, -0.7090879082679749
72, 11, 458, 265, 0.04018648341298103
72, 12, 234, 243, -0.23047730326652527
72, 13, 485, 448, 0.12711040675640106
72, 14, 145, 452, -0.6676314473152161
72, 15, 509, 570, -0.2944147288799286
72, 16, 226, 292, -1.5238994359970093
72, 17, 520, 616, -0.3829062581062317
72, 18, 239, 256, -1.7023427486419678
72, 19, 509, 607, -0.4799209535121918
72, 20, 245, 235, -1.6869518756866455
72, 21, 496, 591, -0.35070669651031494
72, 22, 248, 246, -1.5364066362380981
72, 23, 441, 618, 0.032111071050167084
72, 24, 278, 623, -0.030037563294172287
72, 25, 427, 919, -0.11788696050643921
72, 26, 261, 914, -0.15860715508460999
72, 27, 431, 1204, 0.3514789044857025
72, 28, 280, 1198, 0.08677046000957489
72, 29, 430, 1244, 0.36379626393318176
72, 30, 277, 1233, 0.09165817499160767
72, 31, 425, 1279, -0.20003218948841095
72, 32, 305, 1276, -0.5376981496810913
73, 0, 375, 116, -0.8625935316085815
73, 1, 389, 91, -0.781875491142273
73, 2, 397, 92, -0.7823691368103027
73, 3, 406, 93, -0.7823864221572876
73, 4, 361, 89, -0.8092858195304871
73, 5, 351, 89, -0.8095461130142212
73, 6, 339, 89, -0.8101197481155396
73, 7, 413, 103, -0.2881408631801605
73, 8, 319, 97, -0.421051025390625
73, 9, 387, 145, -0.6789571642875671
73, 10, 358, 143, -0.7172115445137024
73, 11, 458, 265, 0.03640850633382797
73, 12, 234, 243, -0.2355109006166458
73, 13, 486, 447, 0.12697365880012512
73, 14, 145, 452, -0.679000973701477
73, 15, 510, 562, -0.2948077321052551
73, 16, 225, 292, -1.5426243543624878
73, 17, 520, 607, -0.3830863833427429
73, 18, 237, 258, -1.7224498987197876
73, 19, 510, 597, -0.4799509644508362
73, 20, 243, 235, -1.7058298587799072
73, 21, 498, 582, -0.35084497928619385
73, 22, 245, 246, -1.5547107458114624
73, 23, 441, 617, 0.03212559223175049
73, 24, 278, 622, -0.0300439540296793
73, 25, 427, 918, -0.11440114676952362
73, 26, 261, 914, -0.15773890912532806
73, 27, 432, 1202, 0.35319873690605164
73, 28, 280, 1195, 0.09200745075941086
73, 29, 431, 1241, 0.3655194938182831
73, 30, 278, 1230, 0.09748218953609467
73, 31, 425, 1276, -0.19342173635959625
73, 32, 306, 1274, -0.5356078743934631
74, 0, 375, 116, -0.8641014099121094
74, 1, 389, 91, -0.7827154397964478
74, 2, 397, 92, -0.7832323312759399
74, 3, 406, 93, -0.7832488417625427
74, 4, 361, 89, -0.8113325238227844
74, 5, 351, 89, -0.811621367931366
74, 6, 339, 89, -0.812230110168457
74, 7, 413, 103, -0.2964302897453308
74, 8, 319, 97, -0.4245756268501282
74, 9, 387, 145, -0.682528018951416
74, 10, 358, 143, -0.7192705273628235
74, 11, 458, 265, 0.015289311297237873
74, 12, 234, 243, -0.23779770731925964
74, 13, 486, 447, 0.11150874942541122
74, 14, 145, 452, -0.6858999133110046
74, 15, 512, 567, -0.3061029016971588
74, 16, 224, 293, -1.5484365224838257
74, 17, 522, 613, -0.39366599917411804
74, 18, 236, 260, -1.7284824848175049
74, 19, 512, 604, -0.49164479970932007
74, 20, 242, 238, -1.7080570459365845
74, 21, 499, 589, -0.36208468675613403
74, 22, 244, 248, -1.5587292909622192
74, 23, 441, 616, 0.03195426985621452
74, 24, 279, 622, -0.029854467138648033
74, 25, 428, 918, -0.1073208674788475
74, 26, 262, 914, -0.15507343411445618
74, 27, 432, 1202, 0.35861700773239136
74, 28, 280, 1195, 0.09256786108016968
74, 29, 431, 1241, 0.3713032603263855
74, 30, 278, 1230, 0.09793014079332352
74, 31, 426, 1277, -0.18462085723876953
74, 32, 307, 1274, -0.5301423668861389
75, 0, 375, 116, -0.8686023950576782
75, 1, 389, 91, -0.7871168851852417
75, 2, 397, 92, -0.7876240015029907
75, 3, 406, 93, -0.787638247013092
75, 4, 361, 89, -0.8152815699577332
75, 5, 351, 88, -0.8155723810195923
75, 6, 339, 89, -0.8161821365356445
75, 7, 414, 103, -0.2985682189464569
75, 8, 319, 97, -0.42622265219688416
75, 9, 387, 145, -0.6861551403999329
75, 10, 358, 143, -0.7233476042747498
75, 11, 458, 265, 0.017557911574840546
75, 12, 234, 243, -0.2398625612258911
75, 13, 486, 446, 0.11232195049524307
75, 14, 145, 452, -0.6860746145248413
75, 15, 513, 550, -0.3200519382953644
75, 16, 224, 294, -1.5533462762832642
75, 17, 522, 592, -0.41265445947647095
75, 18, 236, 263, -1.732053518295288
75, 19, 513, 581, -0.5059901475906372
75, 20, 241, 240, -1.714874505996704
75, 21, 500, 566, -0.37469369173049927
75, 22, 244, 250, -1.5648910999298096
75, 23, 441, 614, 0.03440241143107414
75, 24, 279, 621, -0.03218957781791687
75, 25, 429, 917, -0.08707444369792938
75, 26, 263, 914, -0.14959736168384552
75, 27, 432, 1199, 0.3760576546192169
75, 28, 281, 1193, 0.11339684575796127
75, 29, 431, 1237, 0.3878864645957947
75, 30, 278, 1227, 0.1202300414443016
75, 31, 426, 1275, -0.1685539186000824
75, 32, 308, 1272, -0.5107976198196411
76, 0, 375, 116, -0.8699746131896973
76, 1, 389, 91, -0.788700520992279
76, 2, 397, 92, -0.7892070412635803
76, 3, 406, 93, -0.7891981601715088
76, 4, 361, 89, -0.8172205686569214
76, 5, 351, 88, -0.8174874186515808
76, 6, 339, 89, -0.8180718421936035
76, 7, 414, 103, -0.2978631854057312
76, 8, 319, 96, -0.42844048142433167
76, 9, 387, 145, -0.6869186758995056
76, 10, 358, 143, -0.725317656993866
76, 11, 457, 264, 0.022511471062898636
76, 12, 234, 243, -0.24182100594043732
76, 13, 487, 445, 0.12291397899389267
76, 14, 145, 453, -0.6888275146484375
76, 15, 514, 548, -0.3191278576850891
76, 16, 224, 295, -1.5567898750305176
76, 17, 523, 591, -0.40916746854782104
76, 18, 236, 266, -1.7352081537246704
76, 19, 514, 580, -0.5032675266265869
76, 20, 241, 243, -1.7191383838653564
76, 21, 502, 565, -0.37392565608024597
76, 22, 244, 252, -1.5686910152435303
76, 23, 442, 612, 0.03632768243551254
76, 24, 279, 620, -0.034071050584316254
76, 25, 431, 915, -0.07894399017095566
76, 26, 264, 913, -0.14657838642597198
76, 27, 434, 1196, 0.38363879919052124
76, 28, 284, 1191, 0.12093128263950348
76, 29, 433, 1234, 0.39507901668548584
76, 30, 280, 1224, 0.12844839692115784
76, 31, 429, 1272, -0.16041341423988342
76, 32, 312, 1269, -0.5005488991737366
77, 0, 375, 116, -0.8863435983657837
77, 1, 389, 91, -0.8069236874580383
77, 2, 397, 92, -0.8073990941047668
77, 3, 407, 93, -0.807370662689209
77, 4, 361, 89, -0.8350015878677368
77, 5, 351, 88, -0.835217297077179
77, 6, 339, 88, -0.8357373476028442
77, 7, 414, 103, -0.31353500485420227
77, 8, 319, 96, -0.44541072845458984
77, 9, 387, 145, -0.7021165490150452
77, 10, 358, 143, -0.7406692504882812
77, 11, 458, 264, 0.01624225825071335
77, 12, 234, 243, -0.24329090118408203
77, 13, 488, 444, 0.12381719052791595
77, 14, 145, 453, -0.6876610517501831
77, 15, 516, 541, -0.31797707080841064
77, 16, 224, 298, -1.5592560768127441
77, 17, 525, 583, -0.4072374701499939
77, 18, 236, 269, -1.7375253438949585
77, 19, 516, 571, -0.5025993585586548
77, 20, 241, 246, -1.722068428993225
77, 21, 505, 557, -0.37351560592651367
77, 22, 243, 256, -1.5713287591934204
77, 23, 442, 611, 0.03633522614836693
77, 24, 281, 620, -0.03408035635948181
77, 25, 432, 912, -0.07992400974035263
77, 26, 266, 912, -0.14400449395179749
77, 27, 437, 1193, 0.3835182785987854
77, 28, 287, 1189, 0.12234058231115341
77, 29, 436, 1230, 0.39501821994781494
77, 30, 284, 1222, 0.12944252789020538
77, 31, 432, 1269, -0.16106316447257996
77, 32, 316, 1267, -0.49929279088974
78, 0, 375, 116, -0.9005254507064819
78, 1, 389, 91, -0.8209275007247925
78, 2, 398, 92, -0.8213834762573242
78, 3, 407, 93, -0.8213275671005249
78, 4, 361, 88, -0.8489346504211426
78, 5, 351, 88, -0.8491307497024536
78, 6, 340, 88, -0.8496153950691223
78, 7, 414, 103, -0.3243440091609955
78, 8, 319, 96, -0.4576755464076996
78, 9, 387, 145, -0.7150550484657288
78, 10, 358, 142, -0.7539863586425781
78, 11, 458, 263, 0.011929581873118877
78, 12, 234, 243, -0.24804821610450745
78, 13, 488, 442, 0.12741008400917053
78, 14, 145, 453, -0.6893953680992126
78, 15, 518, 542, -0.3074292242527008
78, 16, 224, 299, -1.5644668340682983
78, 17, 527, 585, -0.3954298794269562
78, 18, 236, 270, -1.7417436838150024
78, 19, 518, 574, -0.49195989966392517
78, 20, 241, 247, -1.7280009984970093
78, 21, 507, 560, -0.36286234855651855
78, 22, 243, 257, -1.5769860744476318
78, 23, 442, 610, 0.036392949521541595
78, 24, 281, 619, -0.03413935750722885
78, 25, 433, 911, -0.08269794285297394
78, 26, 267, 911, -0.1421542465686798
78, 27, 438, 1191, 0.3813171684741974
78, 28, 288, 1188, 0.12352383136749268
78, 29, 437, 1229, 0.39298373460769653
78, 30, 285, 1221, 0.13032841682434082
78, 31, 433, 1267, -0.16551603376865387
78, 32, 316, 1265, -0.4987551271915436
79, 0, 375, 116, -0.946806788444519
79, 1, 389, 91, -0.8688618540763855
79, 2, 398, 92, -0.8692775964736938
79, 3, 407, 93, -0.8692396879196167
79, 4, 361, 88, -0.89495450258255
79, 5, 351, 88, -0.8951807022094727
79, 6, 340, 88, -0.8956720232963562
79, 7, 414, 103, -0.37352779507637024
79, 8, 319, 95, -0.5004507303237915
79, 9, 387, 145, -0.7616751790046692
79, 10, 358, 142, -0.7986094951629639
79, 11, 458, 263, -0.03271789103746414
79, 12, 234, 242, -0.27741295099258423
79, 13, 488, 442, 0.11367539316415787
79, 14, 145, 452, -0.7101234197616577
79, 15, 519, 545, -0.30700990557670593
79, 16, 224, 301, -1.5999548435211182
79, 17, 528, 588, -0.39486271142959595
79, 18, 235, 272, -1.7793214321136475
79, 19, 520, 577, -0.4917859435081482
79, 20, 240, 248, -1.7695271968841553
79, 21, 508, 563, -0.36249494552612305
79, 22, 243, 258, -1.61435067653656
79, 23, 442, 610, 0.03535633534193039
79, 24, 281, 618, -0.033181410282850266
79, 25, 433, 909, -0.08339160680770874
79, 26, 267, 908, -0.13611558079719543
79, 27, 438, 1188, 0.38645851612091064
79, 28, 288, 1186, 0.13197818398475647
79, 29, 437, 1226, 0.39935335516929626
79, 30, 285, 1220, 0.1388508379459381
79, 31, 433, 1264, -0.1610395610332489
79, 32, 316, 1262, -0.48925644159317017
80, 0, 375, 116, -0.9414068460464478
80, 1, 389, 91, -0.8632542490959167
80, 2, 398, 92, -0.8636850118637085
80, 3, 407, 93, -0.8636404275894165
80, 4, 361, 88, -0.8902314305305481
80, 5, 351, 88, -0.8904544711112976
80, 6, 340, 88, -0.8909463882446289
80, 7, 414, 103, -0.3683164715766907
80, 8, 319, 95, -0.4986889958381653
80, 9, 387, 145, -0.756415843963623
80, 10, 358, 142, -0.7943631410598755
80, 11, 458, 263, -0.025014538317918777
80, 12, 234, 241, -0.284818559885025
80, 13, 489, 442, 0.12831096351146698
80, 14, 145, 452, -0.7208847999572754
80, 15, 520, 547, -0.27433905005455017
80, 16, 223, 302, -1.6124366521835327
80, 17, 531, 591, -0.35577088594436646
80, 18, 233, 273, -1.7917464971542358
80, 19, 523, 583, -0.459183931350708
80, 20, 238, 248, -1.781264066696167
80, 21, 511, 568, -0.33154505491256714
80, 22, 241, 258, -1.6265535354614258
80, 23, 442, 608, 0.036702461540699005
80, 24, 281, 616, -0.034550197422504425
80, 25, 434, 908, -0.07898450642824173
80, 26, 270, 908, -0.13488154113292694
80, 27, 439, 1187, 0.3942154049873352
80, 28, 289, 1184, 0.13513535261154175
80, 29, 438, 1225, 0.4072583317756653
80, 30, 285, 1218, 0.14235606789588928
80, 31, 434, 1263, -0.15379559993743896
80, 32, 317, 1260, -0.4871792793273926
81, 0, 375, 115, -0.9310814142227173
81, 1, 389, 91, -0.8551931381225586
81, 2, 398, 92, -0.8556356430053711
81, 3, 407, 93, -0.8556146621704102
81, 4, 362, 88, -0.8813366889953613
81, 5, 351, 88, -0.8815404176712036
81, 6, 340, 88, -0.8820300102233887
81, 7, 414, 103, -0.36478495597839355
81, 8, 319, 95, -0.49007803201675415
81, 9, 387, 145, -0.747444212436676
81, 10, 358, 142, -0.7839995622634888
81, 11, 458, 262, -0.015097993426024914
81, 12, 234, 240, -0.27676498889923096
81, 13, 489, 441, 0.14708508551120758
81, 14, 146, 452, -0.7117503881454468
81, 15, 521, 547, -0.26003003120422363
81, 16, 223, 302, -1.610643982887268
81, 17, 532, 591, -0.34255149960517883
81, 18, 233, 273, -1.789659857749939
81, 19, 525, 582, -0.44618529081344604
81, 20, 236, 248, -1.777385950088501
81, 21, 512, 567, -0.3175380229949951
81, 22, 240, 258, -1.6239423751831055
81, 23, 442, 606, 0.03711428493261337
81, 24, 281, 614, -0.03494555503129959
81, 25, 434, 906, -0.07802867889404297
81, 26, 270, 906, -0.1349877268075943
81, 27, 439, 1185, 0.39527422189712524
81, 28, 289, 1181, 0.13479821383953094
81, 29, 437, 1222, 0.40824881196022034
81, 30, 285, 1215, 0.1420036405324936
81, 31, 433, 1261, -0.1516193449497223
81, 32, 316, 1257, -0.4878772795200348
82, 0, 375, 115, -0.9316684007644653
82, 1, 389, 90, -0.8548778295516968
82, 2, 398, 92, -0.8553344011306763
82, 3, 407, 93, -0.8553072214126587
82, 4, 362, 88, -0.8818691968917847
82, 5, 351, 88, -0.8820816874504089
82, 6, 340, 88, -0.8826001286506653
82, 7, 414, 103, -0.36119094491004944
82, 8, 319, 95, -0.49007201194763184
82, 9, 387, 144, -0.7467090487480164
82, 10, 358, 141, -0.7842331528663635
82, 11, 458, 261, -0.012762528844177723
82, 12, 234, 239, -0.28003665804862976
82, 13, 489, 439, 0.14666660130023956
82, 14, 147, 451, -0.7193907499313354
82, 15, 521, 546, -0.26451462507247925
82, 16, 223, 303, -1.6263115406036377
82, 17, 532, 589, -0.34781450033187866
82, 18, 233, 273, -1.8060287237167358
82, 19, 525, 580, -0.4500715732574463
82, 20, 235, 248, -1.7988945245742798
82, 21, 512, 565, -0.32154637575149536
82, 22, 239, 258, -1.6415281295776367
82, 23, 442, 605, 0.03739308565855026
82, 24, 281, 613, -0.035214561969041824
82, 25, 434, 904, -0.0777842253446579
82, 26, 270, 904, -0.13501642644405365
82, 27, 438, 1183, 0.3975042998790741
82, 28, 288, 1179, 0.13647358119487762
82, 29, 437, 1220, 0.4105110168457031
82, 30, 284, 1213, 0.14396986365318298
82, 31, 433, 1259, -0.15000773966312408
82, 32, 316, 1254, -0.48701223731040955
83, 0, 375, 115, -0.9690483212471008
83, 1, 389, 90, -0.8918725252151489
83, 2, 398, 91, -0.8923511505126953
83, 3, 407, 93, -0.8923015594482422
83, 4, 362, 88, -0.919231116771698
83, 5, 351, 88, -0.9194517135620117
83, 6, 340, 88, -0.9199916124343872
83, 7, 414, 103, -0.38853949308395386
83, 8, 319, 95, -0.5185497403144836
83, 9, 387, 144, -0.7801001667976379
83, 10, 358, 141, -0.8179248571395874
83, 11, 458, 261, -0.02443350851535797
83, 12, 235, 238, -0.2980150580406189
83, 13, 489, 437, 0.12761786580085754
83, 14, 148, 451, -0.7422348260879517
83, 15, 521, 537, -0.3105472922325134
83, 16, 223, 303, -1.6654609441757202
83, 17, 532, 579, -0.398661732673645
83, 18, 233, 273, -1.8463125228881836
83, 19, 525, 567, -0.4977233409881592
83, 20, 235, 248, -1.843494176864624
83, 21, 512, 553, -0.3663279712200165
83, 22, 239, 257, -1.682559609413147
83, 23, 442, 602, 0.0383150577545166
83, 24, 280, 610, -0.03612152487039566
83, 25, 434, 901, -0.0668516457080841
83, 26, 269, 901, -0.1282017081975937
83, 27, 438, 1179, 0.4165317416191101
83, 28, 287, 1175, 0.15940040349960327
83, 29, 437, 1216, 0.4296724200248718
83, 30, 283, 1209, 0.1685435175895691
83, 31, 432, 1255, -0.13567779958248138
83, 32, 315, 1252, -0.4691208004951477
84, 0, 375, 114, -0.9936124682426453
84, 1, 389, 90, -0.9187650680541992
84, 2, 398, 91, -0.9192164540290833
84, 3, 407, 93, -0.9191538095474243
84, 4, 362, 88, -0.9461972117424011
84, 5, 351, 88, -0.946426510810852
84, 6, 340, 88, -0.9469708204269409
84, 7, 414, 103, -0.4211964011192322
84, 8, 319, 95, -0.5515161752700806
84, 9, 387, 144, -0.8065625429153442
84, 10, 358, 141, -0.8444328308105469
84, 11, 458, 261, -0.05764995887875557
84, 12, 235, 237, -0.32828760147094727
84, 13, 488, 437, 0.10108938068151474
84, 14, 148, 451, -0.76497483253479
84, 15, 521, 538, -0.3304694890975952
84, 16, 223, 304, -1.6686527729034424
84, 17, 532, 581, -0.41803526878356934
84, 18, 233, 273, -1.8470888137817383
84, 19, 525, 570, -0.5201684236526489
84, 20, 235, 248, -1.844262719154358
84, 21, 513, 555, -0.38732871413230896
84, 22, 239, 257, -1.6853326559066772
84, 23, 441, 601, 0.039759695529937744
84, 24, 279, 609, -0.037594981491565704
84, 25, 434, 900, -0.04849660396575928
84, 26, 269, 901, -0.11890511214733124
84, 27, 437, 1178, 0.44605740904808044
84, 28, 285, 1174, 0.18354852497577667
84, 29, 436, 1214, 0.4600400924682617
84, 30, 281, 1208, 0.19411765038967133
84, 31, 431, 1254, -0.10615380108356476
84, 32, 313, 1251, -0.4462791979312897
85, 0, 375, 114, -1.0534130334854126
85, 1, 389, 90, -0.9832162857055664
85, 2, 398, 91, -0.9836317896842957
85, 3, 407, 92, -0.9835922122001648
85, 4, 361, 88, -1.006817102432251
85, 5, 351, 88, -1.0070260763168335
85, 6, 340, 88, -1.0075112581253052
85, 7, 414, 102, -0.494631826877594
85, 8, 319, 95, -0.6078439950942993
85, 9, 387, 144, -0.8687184453010559
85, 10, 358, 141, -0.901678740978241
85, 11, 459, 261, -0.13396558165550232
85, 12, 236, 237, -0.3651365637779236
85, 13, 488, 437, 0.023320570588111877
85, 14, 148, 451, -0.7754811644554138
85, 15, 521, 539, -0.4013543128967285
85, 16, 222, 306, -1.661821722984314
85, 17, 532, 582, -0.49002012610435486
85, 18, 233, 275, -1.8391567468643188
85, 19, 525, 571, -0.5964048504829407
85, 20, 234, 249, -1.8381246328353882
85, 21, 513, 557, -0.4595533013343811
85, 22, 237, 257, -1.6794531345367432
85, 23, 440, 599, 0.03934992104768753
85, 24, 279, 606, -0.03721392899751663
85, 25, 432, 897, -0.040375664830207825
85, 26, 269, 898, -0.09678621590137482
85, 27, 435, 1175, 0.45698434114456177
85, 28, 283, 1172, 0.20993085205554962
85, 29, 434, 1211, 0.4722820818424225
85, 30, 277, 1206, 0.22085197269916534
85, 31, 427, 1252, -0.09473282098770142
85, 32, 309, 1247, -0.4158693253993988
86, 0, 374, 114, -1.0546414852142334
86, 1, 389, 90, -0.9844897389411926
86, 2, 397, 91, -0.9849100112915039
86, 3, 407, 92, -0.9848309755325317
86, 4, 361, 88, -1.0080419778823853
86, 5, 351, 88, -1.008225679397583
86, 6, 340, 88, -1.0087029933929443
86, 7, 414, 102, -0.493084579706192
86, 8, 319, 96, -0.604864239692688
86, 9, 387, 144, -0.8687114715576172
86, 10, 358, 141, -0.9012566804885864
86, 11, 459, 261, -0.12412253767251968
86, 12, 236, 237, -0.3629469871520996
86, 13, 487, 437, 0.017521817237138748
86, 14, 148, 451, -0.772451639175415
86, 15, 521, 531, -0.43258509039878845
86, 16, 221, 307, -1.6549122333526611
86, 17, 532, 571, -0.5257776379585266
86, 18, 232, 276, -1.8325512409210205
86, 19, 525, 560, -0.6265722513198853
86, 20, 233, 249, -1.8297593593597412
86, 21, 513, 546, -0.48974156379699707
86, 22, 236, 258, -1.6721622943878174
86, 23, 439, 597, 0.0405622199177742
86, 24, 278, 604, -0.03839826211333275
86, 25, 432, 896, -0.03191744163632393
86, 26, 269, 897, -0.09304429590702057
86, 27, 434, 1173, 0.4633117616176605
86, 28, 282, 1170, 0.21811620891094208
86, 29, 433, 1209, 0.4781172275543213
86, 30, 276, 1204, 0.2290002554655075
86, 31, 426, 1250, -0.0910494476556778
86, 32, 308, 1245, -0.41143959760665894
87, 0, 374, 114, -1.0789663791656494
87, 1, 388, 90, -1.0058741569519043
87, 2, 397, 91, -1.006291389465332
87, 3, 406, 92, -1.0062047243118286
87, 4, 361, 88, -1.0278403759002686
87, 5, 351, 88, -1.028021216392517
87, 6, 340, 88, -1.0284998416900635
87, 7, 414, 102, -0.5048526525497437
87, 8, 319, 96, -0.6100661158561707
87, 9, 387, 144, -0.8902839422225952
87, 10, 358, 141, -0.9208276867866516
87, 11, 459, 261, -0.13051240146160126
87, 12, 236, 237, -0.3625316619873047
87, 13, 486, 437, 0.004359582904726267
87, 14, 148, 451, -0.7791479825973511
87, 15, 520, 529, -0.4523394703865051
87, 16, 220, 308, -1.6831729412078857
87, 17, 532, 568, -0.5458640456199646
87, 18, 232, 277, -1.8618274927139282
87, 19, 525, 556, -0.6450210809707642
87, 20, 233, 249, -1.8631925582885742
87, 21, 513, 542, -0.5085848569869995
87, 22, 236, 258, -1.7023048400878906
87, 23, 438, 597, 0.0400426983833313
87, 24, 277, 604, -0.037847552448511124
87, 25, 431, 895, -0.03126402571797371
87, 26, 268, 896, -0.08535609394311905
87, 27, 433, 1172, 0.4643688201904297
87, 28, 281, 1169, 0.2275795191526413
87, 29, 432, 1208, 0.4788963794708252
87, 30, 275, 1202, 0.23875579237937927
87, 31, 424, 1249, -0.09115631133317947
87, 32, 307, 1244, -0.4012264311313629
88, 0, 373, 114, -1.0582811832427979
88, 1, 388, 90, -0.984380841255188
88, 2, 397, 91, -0.9847761988639832
88, 3, 406, 92, -0.984704852104187
88, 4, 361, 88, -1.0066889524459839
88, 5, 350, 88, -1.0068690776824951
88, 6, 339, 88, -1.0073643922805786
88, 7, 414, 102, -0.48562103509902954
88, 8, 319, 96, -0.5931121110916138
88, 9, 386, 144, -0.8708192706108093
88, 10, 358, 142, -0.9019327163696289
88, 11, 459, 261, -0.11646236479282379
88, 12, 236, 236, -0.3552553653717041
88, 13, 486, 436, 0.024291539564728737
88, 14, 148, 451, -0.7773191332817078
88, 15, 520, 530, -0.41895508766174316
88, 16, 220, 307, -1.6794980764389038
88, 17, 532, 571, -0.5098058581352234
88, 18, 232, 276, -1.8589099645614624
88, 19, 525, 559, -0.6096557974815369
88, 20, 233, 249, -1.8584884405136108
88, 21, 513, 544, -0.47533053159713745
88, 22, 236, 257, -1.6979284286499023
88, 23, 438, 597, 0.03955389931797981
88, 24, 277, 604, -0.03734765201807022
88, 25, 431, 895, -0.03250366449356079
88, 26, 267, 896, -0.08965203166007996
88, 27, 431, 1172, 0.4644692540168762
88, 28, 279, 1168, 0.2168917953968048
88, 29, 430, 1208, 0.479253351688385
88, 30, 273, 1202, 0.22758440673351288
88, 31, 422, 1249, -0.08824270218610764
88, 32, 304, 1244, -0.41140633821487427
89, 0, 372, 114, -1.049547791481018
89, 1, 388, 90, -0.9726907014846802
89, 2, 396, 91, -0.9730104207992554
89, 3, 405, 92, -0.9729108810424805
89, 4, 360, 88, -0.9939373731613159
89, 5, 350, 88, -0.9940711259841919
89, 6, 339, 88, -0.9946009516716003
89, 7, 414, 102, -0.4671439230442047
89, 8, 319, 96, -0.5722121000289917
89, 9, 386, 144, -0.8604256510734558
89, 10, 357, 142, -0.8896613121032715
89, 11, 459, 261, -0.09194344282150269
89, 12, 236, 236, -0.3456082344055176
89, 13, 486, 436, 0.042781684547662735
89, 14, 148, 450, -0.7764713168144226
89, 15, 519, 529, -0.41617655754089355
89, 16, 220, 306, -1.673354148864746
89, 17, 531, 569, -0.5083028078079224
89, 18, 232, 275, -1.852516770362854
89, 19, 524, 557, -0.601528525352478
89, 20, 233, 248, -1.850862741470337
89, 21, 512, 543, -0.4702311158180237
89, 22, 236, 256, -1.6912648677825928
89, 23, 437, 598, 0.03957100212574005
89, 24, 276, 604, -0.037362437695264816
89, 25, 429, 895, -0.03466957435011864
89, 26, 264, 896, -0.09325840324163437
89, 27, 429, 1172, 0.4605276584625244
89, 28, 276, 1169, 0.21247538924217224
89, 29, 428, 1208, 0.47504034638404846
89, 30, 271, 1202, 0.22257840633392334
89, 31, 420, 1248, -0.08999986201524734
89, 32, 301, 1244, -0.41647523641586304
90, 0, 372, 114, -1.0412355661392212
90, 1, 388, 90, -0.9632019996643066
90, 2, 396, 90, -0.9634642601013184
90, 3, 405, 92, -0.9633027911186218
90, 4, 360, 88, -0.9860682487487793
90, 5, 350, 88, -0.986197292804718
90, 6, 339, 88, -0.9867534637451172
90, 7, 414, 102, -0.4633271098136902
90, 8, 319, 96, -0.5714303851127625
90, 9, 386, 143, -0.855591893196106
90, 10, 357, 141, -0.8864827156066895
90, 11, 459, 261, -0.08916907012462616
90, 12, 236, 236, -0.344077467918396
90, 13, 486, 435, 0.04715553671121597
90, 14, 148, 450, -0.7739108204841614
90, 15, 517, 539, -0.41508251428604126
90, 16, 221, 306, -1.6638011932373047
90, 17, 528, 583, -0.5074170827865601
90, 18, 232, 275, -1.8429603576660156
90, 19, 520, 573, -0.6007466316223145
90, 20, 233, 247, -1.8398363590240479
90, 21, 508, 557, -0.4692816138267517
90, 22, 236, 256, -1.6805431842803955
90, 23, 437, 598, 0.03981442004442215
90, 24, 276, 604, -0.03760920837521553
90, 25, 429, 896, -0.03261386975646019
90, 26, 264, 896, -0.09511197358369827
90, 27, 429, 1172, 0.46604329347610474
90, 28, 276, 1169, 0.21012914180755615
90, 29, 428, 1208, 0.4809148907661438
90, 30, 271, 1202, 0.22051052749156952
90, 31, 420, 1249, -0.08369377255439758
90, 32, 301, 1244, -0.41798314452171326
91, 0, 372, 114, -0.9869373440742493
91, 1, 387, 90, -0.9067443609237671
91, 2, 396, 90, -0.9070862531661987
91, 3, 405, 92, -0.9069370031356812
91, 4, 360, 88, -0.9294816255569458
91, 5, 350, 88, -0.9296778440475464
91, 6, 339, 88, -0.9302496910095215
91, 7, 414, 102, -0.41962718963623047
91, 8, 319, 96, -0.5278317928314209
91, 9, 386, 143, -0.8075562715530396
91, 10, 357, 141, -0.8390094637870789
91, 11, 459, 261, -0.07595624029636383
91, 12, 236, 236, -0.3344278931617737
91, 13, 485, 436, 0.048265185207128525
91, 14, 148, 450, -0.7735044360160828
91, 15, 515, 567, -0.3514331877231598
91, 16, 221, 304, -1.643014907836914
91, 17, 527, 614, -0.429770290851593
91, 18, 232, 270, -1.8239648342132568
91, 19, 518, 607, -0.5233074426651001
91, 20, 233, 244, -1.812975287437439
91, 21, 504, 590, -0.4042050242424011
91, 22, 236, 254, -1.6576964855194092
91, 23, 436, 601, 0.038720376789569855
91, 24, 275, 606, -0.03653285279870033
91, 25, 428, 897, -0.0423106886446476
91, 26, 263, 896, -0.10085664689540863
91, 27, 429, 1174, 0.4488188624382019
91, 28, 276, 1169, 0.1957763433456421
91, 29, 428, 1211, 0.46287599205970764
91, 30, 271, 1203, 0.2057771235704422
91, 31, 420, 1249, -0.1001967191696167
91, 32, 301, 1244, -0.42392754554748535
92, 0, 372, 114, -0.9635874629020691
92, 1, 387, 90, -0.8837221264839172
92, 2, 396, 90, -0.8841020464897156
92, 3, 405, 92, -0.8839791417121887
92, 4, 360, 88, -0.9072180986404419
92, 5, 350, 88, -0.9074034690856934
92, 6, 339, 88, -0.907931923866272
92, 7, 413, 102, -0.3987666964530945
92, 8, 319, 96, -0.5106750130653381
92, 9, 386, 143, -0.7847023606300354
92, 10, 357, 141, -0.8175632357597351
92, 11, 459, 261, -0.06599511951208115
92, 12, 236, 237, -0.32469442486763
92, 13, 485, 436, 0.048608019948005676
92, 14, 148, 450, -0.766547679901123
92, 15, 514, 575, -0.33923569321632385
92, 16, 221, 301, -1.6239992380142212
92, 17, 526, 623, -0.41874051094055176
92, 18, 232, 267, -1.8052232265472412
92, 19, 516, 617, -0.5140309929847717
92, 20, 234, 243, -1.7922074794769287
92, 21, 502, 599, -0.3928060829639435
92, 22, 237, 253, -1.6385414600372314
92, 23, 436, 601, 0.0390007384121418
92, 24, 275, 606, -0.03681078925728798
92, 25, 428, 898, -0.04028477519750595
92, 26, 263, 897, -0.10128258168697357
92, 27, 429, 1174, 0.44943252205848694
92, 28, 276, 1169, 0.19684895873069763
92, 29, 428, 1211, 0.46337708830833435
92, 30, 272, 1203, 0.20718403160572052
92, 31, 421, 1249, -0.10006318986415863
92, 32, 301, 1245, -0.4236466884613037
93, 0, 372, 114, -0.975202202796936
93, 1, 387, 90, -0.8931902647018433
93, 2, 396, 90, -0.8935772180557251
93, 3, 404, 92, -0.8934375643730164
93, 4, 360, 88, -0.9169794321060181
93, 5, 350, 88, -0.9171978235244751
93, 6, 339, 88, -0.9177239537239075
93, 7, 413, 102, -0.4061306118965149
93, 8, 319, 96, -0.5199369192123413
93, 9, 386, 143, -0.7957034707069397
93, 10, 357, 141, -0.829487681388855
93, 11, 459, 261, -0.0746830627322197
93, 12, 236, 237, -0.33260756731033325
93, 13, 485, 437, 0.04372189939022064
93, 14, 148, 450, -0.7727190256118774
93, 15, 514, 582, -0.34069687128067017
93, 16, 221, 300, -1.6266828775405884
93, 17, 525, 631, -0.42156481742858887
93, 18, 234, 266, -1.80978262424469
93, 19, 515, 624, -0.5178707838058472
93, 20, 235, 242, -1.7927970886230469
93, 21, 501, 606, -0.3947395086288452
93, 22, 237, 252, -1.6401736736297607
93, 23, 436, 601, 0.03869019076228142
93, 24, 275, 606, -0.03650470823049545
93, 25, 428, 898, -0.04022075980901718
93, 26, 263, 897, -0.10050599277019501
93, 27, 429, 1174, 0.4492270052433014
93, 28, 276, 1170, 0.19996941089630127
93, 29, 428, 1211, 0.46315351128578186
93, 30, 272, 1203, 0.21064075827598572
93, 31, 421, 1249, -0.10041540861129761
93, 32, 301, 1245, -0.41855138540267944
94, 0, 372, 114, -0.9854480028152466
94, 1, 387, 90, -0.9014803767204285
94, 2, 395, 90, -0.9018532037734985
94, 3, 404, 92, -0.9016952514648438
94, 4, 360, 88, -0.9245651364326477
94, 5, 350, 88, -0.9247983694076538
94, 6, 339, 88, -0.9252911806106567
94, 7, 413, 102, -0.41212430596351624
94, 8, 319, 96, -0.5235593318939209
94, 9, 386, 143, -0.8057256937026978
94, 10, 357, 140, -0.8390259742736816
94, 11, 459, 261, -0.08209709078073502
94, 12, 236, 238, -0.3353146016597748
94, 13, 484, 439, 0.03518078476190567
94, 14, 148, 450, -0.7755364179611206
94, 15, 514, 588, -0.3413526713848114
94, 16, 220, 298, -1.6271483898162842
94, 17, 524, 637, -0.42345675826072693
94, 18, 234, 264, -1.8113796710968018
94, 19, 513, 632, -0.5202149152755737
94, 20, 236, 241, -1.7945938110351562
94, 21, 500, 614, -0.39583534002304077
94, 22, 238, 251, -1.6411144733428955
94, 23, 436, 601, 0.03760319948196411
94, 24, 275, 606, -0.03543046861886978
94, 25, 428, 898, -0.0466945543885231
94, 26, 263, 897, -0.09825616329908371
94, 27, 429, 1174, 0.4392163157463074
94, 28, 276, 1170, 0.20011746883392334
94, 29, 428, 1212, 0.4525679051876068
94, 30, 273, 1204, 0.210615873336792
94, 31, 421, 1249, -0.11852395534515381
94, 32, 301, 1245, -0.4191702902317047
95, 0, 372, 113, -0.9851751327514648
95, 1, 386, 90, -0.9018804430961609
95, 2, 395, 90, -0.9022595286369324
95, 3, 403, 92, -0.9021148681640625
95, 4, 360, 88, -0.9250286817550659
95, 5, 350, 88, -0.9252597093582153
95, 6, 339, 88, -0.9257450103759766
95, 7, 412, 102, -0.4113791882991791
95, 8, 319, 96, -0.5226021409034729
95, 9, 385, 143, -0.8051058650016785
95, 10, 356, 140, -0.8381996154785156
95, 11, 459, 261, -0.08168954402208328
95, 12, 236, 240, -0.32955998182296753
95, 13, 484, 439, 0.03853632137179375
95, 14, 148, 451, -0.7699463367462158
95, 15, 512, 584, -0.33535486459732056
95, 16, 220, 296, -1.6182283163070679
95, 17, 522, 633, -0.4154187738895416
95, 18, 235, 263, -1.8022524118423462
95, 19, 511, 627, -0.5111478567123413
95, 20, 238, 241, -1.783196210861206
95, 21, 498, 610, -0.38913172483444214
95, 22, 238, 251, -1.6312239170074463
95, 23, 436, 602, 0.035290420055389404
95, 24, 276, 606, -0.033156417310237885
95, 25, 427, 898, -0.05595702677965164
95, 26, 264, 896, -0.0976441353559494
95, 27, 429, 1174, 0.4276110529899597
95, 28, 277, 1169, 0.1992216557264328
95, 29, 428, 1211, 0.4405829906463623
95, 30, 274, 1203, 0.20934350788593292
95, 31, 421, 1248, -0.12961779534816742
95, 32, 301, 1245, -0.4201388955116272
96, 0, 372, 113, -0.9870067834854126
96, 1, 386, 90, -0.9035509824752808
96, 2, 394, 90, -0.9039203524589539
96, 3, 403, 92, -0.903770923614502
96, 4, 360, 88, -0.9271568059921265
96, 5, 349, 88, -0.9273884892463684
96, 6, 339, 88, -0.9278488159179688
96, 7, 411, 102, -0.41221123933792114
96, 8, 319, 96, -0.5256648659706116
96, 9, 385, 143, -0.8066189885139465
96, 10, 356, 140, -0.840288519859314
96, 11, 459, 261, -0.08179700374603271
96, 12, 236, 241, -0.32996222376823425
96, 13, 485, 439, 0.04064825177192688
96, 14, 148, 451, -0.7703020572662354
96, 15, 511, 582, -0.33313411474227905
96, 16, 218, 295, -1.6198230981826782
96, 17, 520, 630, -0.41262516379356384
96, 18, 235, 264, -1.8032732009887695
96, 19, 508, 624, -0.5085697770118713
96, 20, 239, 241, -1.7863056659698486
96, 21, 496, 606, -0.3867124021053314
96, 22, 238, 251, -1.6334642171859741
96, 23, 436, 602, 0.03530152887105942
96, 24, 276, 606, -0.033167749643325806
96, 25, 427, 898, -0.05320776253938675
96, 26, 263, 896, -0.09614052623510361
96, 27, 428, 1174, 0.42812085151672363
96, 28, 277, 1169, 0.19962623715400696
96, 29, 427, 1211, 0.4408389925956726
96, 30, 274, 1203, 0.2097303867340088
96, 31, 420, 1248, -0.12907536327838898
96, 32, 301, 1245, -0.41935473680496216
97, 0, 371, 113, -0.9924434423446655
97, 1, 386, 90, -0.9083806872367859
97, 2, 394, 90, -0.9087268114089966
97, 3, 402, 92, -0.9086017608642578
97, 4, 360, 88, -0.9312905073165894
97, 5, 349, 88, -0.9315210580825806
97, 6, 339, 88, -0.9320055246353149
97, 7, 411, 102, -0.413919597864151
97, 8, 319, 96, -0.5259285569190979
97, 9, 384, 143, -0.8117648959159851
97, 10, 355, 140, -0.8447531461715698
97, 11, 459, 261, -0.0887698084115982
97, 12, 235, 242, -0.3305654227733612
97, 13, 485, 440, 0.03204856067895889
97, 14, 148, 451, -0.783427357673645
97, 15, 510, 587, -0.33997005224227905
97, 16, 218, 295, -1.6555019617080688
97, 17, 519, 637, -0.42046576738357544
97, 18, 235, 264, -1.8432363271713257
97, 19, 508, 631, -0.514302670955658
97, 20, 241, 242, -1.8276888132095337
97, 21, 495, 613, -0.3927457332611084
97, 22, 240, 251, -1.6709792613983154
97, 23, 436, 602, 0.0334320142865181
97, 24, 274, 607, -0.031237121671438217
97, 25, 425, 899, -0.04742666706442833
97, 26, 261, 896, -0.09020169824361801
97, 27, 424, 1174, 0.4459114968776703
97, 28, 273, 1169, 0.2166324406862259
97, 29, 424, 1212, 0.45930466055870056
97, 30, 270, 1203, 0.22852003574371338
97, 31, 414, 1248, -0.11862440407276154
97, 32, 297, 1245, -0.4100251793861389
98, 0, 371, 113, -0.987730860710144
98, 1, 386, 90, -0.9024870991706848
98, 2, 394, 90, -0.9028273820877075
98, 3, 402, 92, -0.902696430683136
98, 4, 360, 88, -0.9271968007087708
98, 5, 349, 88, -0.9274123907089233
98, 6, 339, 88, -0.9279017448425293
98, 7, 411, 102, -0.4039612412452698
98, 8, 319, 96, -0.5243362188339233
98, 9, 384, 143, -0.8064801096916199
98, 10, 355, 140, -0.8416326642036438
98, 11, 459, 262, -0.08214183151721954
98, 12, 235, 243, -0.3309757709503174
98, 13, 485, 440, 0.038127098232507706
98, 14, 148, 451, -0.7859881520271301
98, 15, 510, 589, -0.3357522189617157
98, 16, 218, 295, -1.6537010669708252
98, 17, 520, 639, -0.4166671633720398
98, 18, 235, 264, -1.840065598487854
98, 19, 508, 633, -0.5111581683158875
98, 20, 241, 242, -1.8253533840179443
98, 21, 495, 616, -0.38923537731170654
98, 22, 240, 252, -1.6690313816070557
98, 23, 436, 603, 0.033452991396188736
98, 24, 274, 607, -0.03125854209065437
98, 25, 426, 900, -0.044615138322114944
98, 26, 261, 897, -0.0906587690114975
98, 27, 424, 1175, 0.44871383905410767
98, 28, 273, 1169, 0.21604342758655548
98, 29, 424, 1212, 0.4621507227420807
98, 30, 270, 1203, 0.2276538908481598
98, 31, 415, 1248, -0.11411762237548828
98, 32, 297, 1245, -0.411609947681427
99, 0, 371, 114, -0.9501367807388306
99, 1, 386, 90, -0.8645482063293457
99, 2, 394, 91, -0.8649080991744995
99, 3, 403, 92, -0.8647822141647339
99, 4, 360, 88, -0.8920793533325195
99, 5, 349, 88, -0.8922680020332336
99, 6, 339, 88, -0.8927685618400574
99, 7, 411, 103, -0.3665110468864441
99, 8, 319, 97, -0.4993631839752197
99, 9, 384, 143, -0.7689112424850464
99, 10, 355, 140, -0.8077303767204285
99, 11, 459, 262, -0.04096750169992447
99, 12, 235, 244, -0.3221147060394287
99, 13, 485, 441, 0.08984729647636414
99, 14, 149, 451, -0.7825080156326294
99, 15, 511, 587, -0.2932213246822357
99, 16, 218, 295, -1.641607642173767
99, 17, 520, 636, -0.37209782004356384
99, 18, 235, 268, -1.8239415884017944
99, 19, 508, 630, -0.46727675199508667
99, 20, 241, 246, -1.8084065914154053
99, 21, 496, 613, -0.34736916422843933
99, 22, 241, 254, -1.6555559635162354
99, 23, 436, 604, 0.03475001081824303
99, 24, 275, 609, -0.0324784591794014
99, 25, 426, 900, -0.047128915786743164
99, 26, 261, 898, -0.10191414505243301
99, 27, 424, 1175, 0.4384482800960541
99, 28, 273, 1169, 0.18429061770439148
99, 29, 424, 1212, 0.4512878954410553
99, 30, 270, 1203, 0.19395527243614197
99, 31, 415, 1248, -0.11638470739126205
99, 32, 298, 1245, -0.43814224004745483
100, 0, 371, 114, -0.9527997970581055
100, 1, 386, 90, -0.8695384860038757
100, 2, 394, 91, -0.8698940277099609
100, 3, 403, 92, -0.8697682619094849
100, 4, 359, 88, -0.8961890339851379
100, 5, 349, 88, -0.8963757753372192
100, 6, 339, 88, -0.8968836665153503
100, 7, 412, 103, -0.3739204406738281
100, 8, 319, 97, -0.5028567910194397
100, 9, 384, 143, -0.771818995475769
100, 10, 355, 140, -0.8094781637191772
100, 11, 459, 263, -0.043843723833560944
100, 12, 234, 245, -0.3222752511501312
100, 13, 485, 441, 0.09132557362318039
100, 14, 150, 451, -0.7798300981521606
100, 15, 510, 586, -0.2987915277481079
100, 16, 218, 300, -1.6350771188735962
100, 17, 520, 635, -0.37871110439300537
100, 18, 235, 274, -1.8150298595428467
100, 19, 509, 628, -0.4745407998561859
100, 20, 241, 251, -1.801609754562378
100, 21, 496, 611, -0.3530814051628113
100, 22, 241, 259, -1.6489166021347046
100, 23, 436, 605, 0.03507869690656662
100, 24, 274, 609, -0.03278987482190132
100, 25, 425, 900, -0.04696143791079521
100, 26, 260, 898, -0.10190973430871964
100, 27, 423, 1175, 0.4373958110809326
100, 28, 272, 1169, 0.1836560070514679
100, 29, 423, 1212, 0.4502197206020355
100, 30, 268, 1203, 0.1932823210954666
100, 31, 413, 1248, -0.11587949097156525
100, 32, 297, 1245, -0.4375454783439636
101, 0, 371, 114, -0.9517858624458313
101, 1, 386, 90, -0.8692134022712708
101, 2, 394, 91, -0.869572639465332
101, 3, 403, 92, -0.8694466352462769
101, 4, 359, 88, -0.8960744142532349
101, 5, 349, 88, -0.8962489366531372
101, 6, 338, 88, -0.8967949748039246
101, 7, 412, 103, -0.3721030056476593
101, 8, 319, 97, -0.501549243927002
101, 9, 384, 143, -0.7700579762458801
101, 10, 354, 140, -0.8076741099357605
101, 11, 459, 263, -0.04012472555041313
101, 12, 233, 245, -0.3223879635334015
101, 13, 485, 442, 0.0880996510386467
101, 14, 152, 452, -0.7790719270706177
101, 15, 510, 585, -0.32523342967033386
101, 16, 218, 307, -1.6533838510513306
101, 17, 520, 634, -0.4128900468349457
101, 18, 235, 282, -1.8352117538452148
101, 19, 509, 626, -0.508557915687561
101, 20, 241, 256, -1.8338613510131836
101, 21, 496, 609, -0.38068798184394836
101, 22, 240, 264, -1.6717411279678345
101, 23, 435, 608, 0.036877647042274475
101, 24, 271, 610, -0.03449723497033119
101, 25, 422, 902, -0.02125970833003521
101, 26, 253, 899, -0.10200973600149155
101, 27, 418, 1176, 0.48425689339637756
101, 28, 264, 1169, 0.20553335547447205
101, 29, 417, 1213, 0.49882644414901733
101, 30, 259, 1202, 0.21814891695976257
101, 31, 407, 1249, -0.06467501074075699
101, 32, 291, 1245, -0.42414966225624084
102, 0, 371, 114, -0.9537428021430969
102, 1, 386, 90, -0.8720499277114868
102, 2, 394, 91, -0.8724133372306824
102, 3, 403, 92, -0.872287929058075
102, 4, 359, 88, -0.8989653587341309
102, 5, 349, 88, -0.8991384506225586
102, 6, 338, 88, -0.8996752500534058
102, 7, 412, 103, -0.37593936920166016
102, 8, 319, 96, -0.503363847732544
102, 9, 384, 142, -0.772371768951416
102, 10, 354, 140, -0.8099815249443054
102, 11, 459, 264, -0.041809000074863434
102, 12, 233, 245, -0.3288361728191376
102, 13, 485, 443, 0.08637267351150513
102, 14, 153, 453, -0.7645304203033447
102, 15, 509, 584, -0.3412790596485138
102, 16, 218, 314, -1.6183557510375977
102, 17, 519, 633, -0.43242913484573364
102, 18, 234, 288, -1.795602798461914
102, 19, 508, 625, -0.529068112373352
102, 20, 239, 262, -1.8023771047592163
102, 21, 495, 608, -0.3975462317466736
102, 22, 239, 269, -1.6391410827636719
102, 23, 434, 608, 0.040219906717538834
102, 24, 269, 610, -0.03781728819012642
102, 25, 418, 902, 0.01342199556529522
102, 26, 250, 899, -0.09789563715457916
102, 27, 413, 1176, 0.5267163515090942
102, 28, 260, 1169, 0.24354977905750275
102, 29, 413, 1213, 0.5423167943954468
102, 30, 254, 1202, 0.258770614862442
102, 31, 403, 1250, -0.0176488496363163
102, 32, 287, 1245, -0.3882216215133667
103, 0, 370, 114, -0.954840362071991
103, 1, 386, 90, -0.873160183429718
103, 2, 394, 91, -0.8735259175300598
103, 3, 403, 92, -0.8733827471733093
103, 4, 359, 88, -0.900465190410614
103, 5, 349, 88, -0.900628924369812
103, 6, 338, 88, -0.9011631011962891
103, 7, 412, 103, -0.3760499060153961
103, 8, 319, 96, -0.5051095485687256
103, 9, 384, 142, -0.7732176780700684
103, 10, 353, 140, -0.8112120628356934
103, 11, 459, 264, -0.042418722063302994
103, 12, 232, 245, -0.32894229888916016
103, 13, 484, 443, 0.08549793064594269
103, 14, 153, 453, -0.7629404664039612
103, 15, 509, 576, -0.35494130849838257
103, 16, 216, 321, -1.6330722570419312
103, 17, 519, 622, -0.4499034285545349
103, 18, 231, 295, -1.8127820491790771
103, 19, 508, 613, -0.5466659069061279
103, 20, 237, 268, -1.826459527015686
103, 21, 495, 596, -0.41170400381088257
103, 22, 237, 275, -1.6574043035507202
103, 23, 432, 608, 0.042537935078144073
103, 24, 266, 610, -0.040037114173173904
103, 25, 415, 902, 0.02015801891684532
103, 26, 246, 899, -0.09749037027359009
103, 27, 409, 1176, 0.537339448928833
103, 28, 256, 1168, 0.25217071175575256
103, 29, 409, 1213, 0.5525118112564087
103, 30, 250, 1200, 0.26778751611709595
103, 31, 399, 1250, -0.010355246253311634
103, 32, 284, 1245, -0.3844541907310486
104, 0, 370, 114, -0.9560445547103882
104, 1, 385, 90, -0.8747142553329468
104, 2, 394, 91, -0.8750895261764526
104, 3, 402, 92, -0.8749055862426758
104, 4, 359, 88, -0.901620090007782
104, 5, 348, 88, -0.9017585515975952
104, 6, 338, 88, -0.9023137092590332
104, 7, 412, 104, -0.3766782283782959
104, 8, 319, 96, -0.5062707662582397
104, 9, 383, 142, -0.774251401424408
104, 10, 352, 140, -0.8116210103034973
104, 11, 459, 264, -0.045087724924087524
104, 12, 232, 246, -0.32471147179603577
104, 13, 484, 443, 0.0704534500837326
104, 14, 153, 453, -0.756309986114502
104, 15, 508, 561, -0.40890464186668396
104, 16, 216, 326, -1.6464208364486694
104, 17, 519, 605, -0.5121092200279236
104, 18, 231, 298, -1.8295434713363647
104, 19, 508, 592, -0.6081133484840393
104, 20, 236, 272, -1.8435347080230713
104, 21, 495, 576, -0.4662252962589264
104, 22, 237, 279, -1.6720412969589233
104, 23, 431, 608, 0.04217030853033066
104, 24, 262, 610, -0.039600472897291183
104, 25, 413, 902, 0.020230600610375404
104, 26, 243, 899, -0.09140345454216003
104, 27, 406, 1176, 0.5439134836196899
104, 28, 252, 1167, 0.2711660861968994
104, 29, 405, 1212, 0.5592697262763977
104, 30, 246, 1199, 0.28776413202285767
104, 31, 395, 1250, -0.007532309740781784
104, 32, 281, 1244, -0.3685542643070221
105, 0, 370, 114, -0.9623249769210815
105, 1, 385, 90, -0.883265495300293
105, 2, 394, 91, -0.8836696743965149
105, 3, 402, 92, -0.8834962844848633
105, 4, 358, 88, -0.9091359972953796
105, 5, 348, 87, -0.9092701077461243
105, 6, 338, 87, -0.9098242521286011
105, 7, 412, 104, -0.38871654868125916
105, 8, 319, 96, -0.5142887830734253
105, 9, 383, 142, -0.780256986618042
105, 10, 352, 140, -0.816480278968811
105, 11, 459, 264, -0.05977398902177811
105, 12, 231, 246, -0.3196929097175598
105, 13, 484, 443, 0.030192125588655472
105, 14, 153, 454, -0.7168399691581726
105, 15, 508, 549, -0.48189011216163635
105, 16, 213, 329, -1.607343316078186
105, 17, 519, 591, -0.5909050107002258
105, 18, 228, 302, -1.788710355758667
105, 19, 508, 575, -0.687592625617981
105, 20, 234, 276, -1.8034369945526123
105, 21, 495, 560, -0.5399036407470703
105, 22, 234, 283, -1.6321160793304443
105, 23, 429, 609, 0.04095350578427315
105, 24, 261, 611, -0.0383693166077137
105, 25, 411, 902, 0.015934443101286888
105, 26, 241, 898, -0.0908355638384819
105, 27, 406, 1175, 0.5421193838119507
105, 28, 251, 1165, 0.267295777797699
105, 29, 405, 1212, 0.5587737560272217
105, 30, 246, 1198, 0.2827076315879822
105, 31, 395, 1249, -0.0018655573949217796
105, 32, 280, 1243, -0.36048242449760437
106, 0, 369, 114, -0.9771395921707153
106, 1, 385, 90, -0.9030402302742004
106, 2, 394, 91, -0.9034432172775269
106, 3, 402, 92, -0.9032992124557495
106, 4, 358, 87, -0.9283674955368042
106, 5, 348, 87, -0.9285019636154175
106, 6, 338, 87, -0.9290374517440796
106, 7, 412, 104, -0.41653767228126526
106, 8, 319, 96, -0.5398916006088257
106, 9, 383, 142, -0.7955999970436096
106, 10, 351, 140, -0.8310302495956421
106, 11, 459, 265, -0.08378294855356216
106, 12, 231, 246, -0.32425254583358765
106, 13, 483, 443, 0.009384242817759514
106, 14, 154, 454, -0.7094825506210327
106, 15, 508, 547, -0.5139886140823364
106, 16, 210, 339, -1.5957810878753662
106, 17, 519, 588, -0.6262249946594238
106, 18, 224, 313, -1.7759729623794556
106, 19, 508, 573, -0.7270796298980713
106, 20, 229, 287, -1.7941906452178955
106, 21, 495, 557, -0.5738314390182495
106, 22, 230, 295, -1.6210578680038452
106, 23, 427, 609, 0.040928907692432404
106, 24, 260, 611, -0.03835239261388779
106, 25, 410, 902, 0.0301530659198761
106, 26, 241, 897, -0.08779771625995636
106, 27, 406, 1173, 0.5665930509567261
106, 28, 251, 1164, 0.2785067856311798
106, 29, 406, 1211, 0.5852420330047607
106, 30, 246, 1197, 0.29429879784584045
106, 31, 396, 1249, 0.02908133529126644
106, 32, 279, 1241, -0.3445371091365814
107, 0, 369, 114, -0.9539052844047546
107, 1, 385, 90, -0.8815962076187134
107, 2, 394, 91, -0.8820047378540039
107, 3, 402, 92, -0.8818327188491821
107, 4, 358, 87, -0.9109735488891602
107, 5, 347, 86, -0.911080002784729
107, 6, 337, 86, -0.9115970730781555
107, 7, 412, 103, -0.399617999792099
107, 8, 319, 96, -0.5376304388046265
107, 9, 382, 142, -0.772182822227478
107, 10, 351, 140, -0.8119437098503113
107, 11, 459, 265, -0.05350346118211746
107, 12, 229, 246, -0.3253541588783264
107, 13, 482, 444, 0.04010444134473801
107, 14, 157, 454, -0.6853529214859009
107, 15, 506, 542, -0.4808736741542816
107, 16, 209, 363, -1.5302637815475464
107, 17, 517, 583, -0.5940508842468262
107, 18, 222, 340, -1.7021958827972412
107, 19, 507, 568, -0.6938862204551697
107, 20, 226, 314, -1.727684736251831
107, 21, 494, 552, -0.5407896637916565
107, 22, 227, 319, -1.5563504695892334
107, 23, 425, 610, 0.05845601111650467
107, 24, 259, 611, -0.05587194114923477
107, 25, 407, 902, 0.049109093844890594
107, 26, 241, 896, -0.08780119568109512
107, 27, 402, 1172, 0.568142831325531
107, 28, 247, 1164, 0.27395474910736084
107, 29, 401, 1210, 0.5856394171714783
107, 30, 239, 1197, 0.2888702154159546
107, 31, 395, 1247, 0.047568291425704956
107, 32, 278, 1239, -0.34160614013671875
108, 0, 369, 114, -0.9003896713256836
108, 1, 385, 90, -0.8269829750061035
108, 2, 394, 91, -0.8273682594299316
108, 3, 402, 92, -0.8271862864494324
108, 4, 358, 87, -0.8598364591598511
108, 5, 347, 86, -0.8599724769592285
108, 6, 337, 86, -0.8604958653450012
108, 7, 412, 103, -0.34077271819114685
108, 8, 319, 96, -0.4950171113014221
108, 9, 382, 143, -0.7157074213027954
108, 10, 351, 140, -0.7596738934516907
108, 11, 459, 265, 0.026929980143904686
108, 12, 228, 245, -0.31207603216171265
108, 13, 481, 444, 0.1370372325181961
108, 14, 159, 454, -0.6765623092651367
108, 15, 506, 537, -0.43434256315231323
108, 16, 209, 379, -1.5395872592926025
108, 17, 517, 578, -0.5720230340957642
108, 18, 222, 362, -1.7147605419158936
108, 19, 490, 533, -0.6817896366119385
108, 20, 226, 337, -1.7362582683563232
108, 21, 478, 513, -0.49953922629356384
108, 22, 228, 340, -1.5637526512145996
108, 23, 425, 612, 0.07651130855083466
108, 24, 259, 612, -0.07392273843288422
108, 25, 407, 902, 0.04253113269805908
108, 26, 241, 896, -0.0997837707400322
108, 27, 403, 1172, 0.5617817044258118
108, 28, 248, 1164, 0.23016373813152313
108, 29, 401, 1209, 0.5801535248756409
108, 30, 240, 1198, 0.24011702835559845
108, 31, 397, 1246, 0.029020627960562706
108, 32, 285, 1239, -0.37149757146835327
109, 0, 369, 114, -0.9791604280471802
109, 1, 384, 90, -0.9061983227729797
109, 2, 393, 91, -0.9065561294555664
109, 3, 402, 92, -0.9064769744873047
109, 4, 358, 87, -0.9409497976303101
109, 5, 347, 86, -0.9411996006965637
109, 6, 337, 86, -0.9418692588806152
109, 7, 412, 103, -0.4112815856933594
109, 8, 319, 96, -0.5723667144775391
109, 9, 382, 143, -0.790090799331665
109, 10, 351, 140, -0.8366090655326843
109, 11, 459, 265, 0.004788811784237623
109, 12, 227, 245, -0.37780627608299255
109, 13, 480, 444, 0.13240709900856018
109, 14, 159, 451, -0.6859565377235413
109, 15, 506, 535, -0.4025694727897644
109, 16, 210, 408, -1.5264705419540405
109, 17, 518, 576, -0.5328568816184998
109, 18, 230, 403, -1.6992582082748413
109, 19, 484, 529, -0.6515625715255737
109, 20, 236, 374, -1.7305291891098022
109, 21, 488, 530, -0.4690019190311432
109, 22, 237, 372, -1.5525257587432861
109, 23, 425, 613, 0.07507486641407013
109, 24, 259, 613, -0.07264313846826553
109, 25, 408, 901, 0.06323830783367157
109, 26, 242, 896, -0.09967569261789322
109, 27, 404, 1171, 0.6104384660720825
109, 28, 249, 1164, 0.2551090121269226
109, 29, 402, 1209, 0.6309790015220642
109, 30, 241, 1200, 0.2689463794231415
109, 31, 397, 1246, 0.09046691656112671
109, 32, 286, 1239, -0.3566739559173584
110, 0, 369, 114, -1.0298373699188232
110, 1, 384, 90, -0.9519220590591431
110, 2, 393, 91, -0.952271580696106
110, 3, 402, 92, -0.9521962404251099
110, 4, 358, 87, -0.985251247882843
110, 5, 347, 86, -0.985531210899353
110, 6, 337, 86, -0.9862042665481567
110, 7, 412, 103, -0.4449133276939392
110, 8, 319, 96, -0.6005605459213257
110, 9, 382, 143, -0.8369392156600952
110, 10, 351, 140, -0.8819195628166199
110, 11, 462, 266, -0.034397371113300323
110, 12, 227, 245, -0.3853025436401367
110, 13, 480, 445, 0.11890413612127304
110, 14, 160, 439, -0.6087195873260498
110, 15, 506, 545, -0.4217148423194885
110, 16, 215, 442, -1.3126535415649414
110, 17, 518, 588, -0.5527006983757019
110, 18, 236, 469, -1.48039710521698
110, 19, 494, 567, -0.6673171520233154
110, 20, 252, 438, -1.5259885787963867
110, 21, 490, 553, -0.48994746804237366
110, 22, 250, 427, -1.340956687927246
110, 23, 427, 616, 0.07200362533330917
110, 24, 267, 616, -0.06990040838718414
110, 25, 409, 900, 0.054899949580430984
110, 26, 247, 896, -0.08605780452489853
110, 27, 415, 1170, 0.6028643846511841
110, 28, 265, 1164, 0.28379809856414795
110, 29, 416, 1209, 0.6241568326950073
110, 30, 260, 1201, 0.29724377393722534
110, 31, 408, 1245, 0.07534031569957733
110, 32, 304, 1240, -0.3322945833206177
111, 0, 369, 114, -1.0908328294754028
111, 1, 384, 90, -1.0133635997772217
111, 2, 393, 91, -1.0136723518371582
111, 3, 402, 92, -1.0136317014694214
111, 4, 357, 87, -1.0469483137130737
111, 5, 347, 86, -1.0471950769424438
111, 6, 336, 86, -1.0478328466415405
111, 7, 412, 103, -0.5117942094802856
111, 8, 318, 95, -0.6659892797470093
111, 9, 382, 143, -0.8994464874267578
111, 10, 351, 140, -0.9437341690063477
111, 11, 463, 268, -0.10974331200122833
111, 12, 226, 246, -0.4157645106315613
111, 13, 480, 445, 0.09939242899417877
111, 14, 173, 437, -0.4003652036190033
111, 15, 492, 558, -0.4319664537906647
111, 16, 236, 513, -0.8760102987289429
111, 17, 499, 603, -0.5600625872612
111, 18, 259, 568, -1.019519329071045
111, 19, 488, 592, -0.6782399415969849
111, 20, 273, 545, -1.0885554552078247
111, 21, 480, 572, -0.5010765790939331
111, 22, 267, 494, -0.9109834432601929
111, 23, 427, 619, 0.05929015204310417
111, 24, 273, 619, -0.056986600160598755
111, 25, 408, 896, -0.004782803822308779
111, 26, 247, 890, -0.09728388488292694
111, 27, 415, 1164, 0.5264692306518555
111, 28, 266, 1163, 0.23633387684822083
111, 29, 416, 1204, 0.5480936169624329
111, 30, 261, 1201, 0.24327540397644043
111, 31, 408, 1241, 0.019736986607313156
111, 32, 303, 1239, -0.3611816167831421
112, 0, 369, 113, -1.1305437088012695
112, 1, 385, 89, -1.0557334423065186
112, 2, 394, 90, -1.0560722351074219
112, 3, 402, 92, -1.0561937093734741
112, 4, 357, 86, -1.090664029121399
112, 5, 347, 85, -1.090907335281372
112, 6, 336, 85, -1.0914639234542847
112, 7, 412, 103, -0.5574009418487549
112, 8, 318, 95, -0.7170565128326416
112, 9, 383, 142, -0.9395220875740051
112, 10, 351, 139, -0.9853744506835938
112, 11, 464, 269, -0.167196124792099
112, 12, 225, 247, -0.4479180872440338
112, 13, 480, 445, 0.048348210752010345
112, 14, 178, 438, -0.3602226972579956
112, 15, 481, 564, -0.43532657623291016
112, 16, 235, 564, -0.793022096157074
112, 17, 486, 608, -0.5568846464157104
112, 18, 243, 614, -0.9267619252204895
112, 19, 478, 600, -0.6749154925346375
112, 20, 263, 602, -1.006740689277649
112, 21, 469, 580, -0.5032738447189331
112, 22, 264, 581, -0.8333064317703247
112, 23, 424, 620, 0.050637632608413696
112, 24, 273, 619, -0.048178426921367645
112, 25, 405, 897, -0.024178193882107735
112, 26, 246, 890, -0.09826847165822983
112, 27, 413, 1164, 0.49646204710006714
112, 28, 264, 1165, 0.2210775911808014
112, 29, 413, 1204, 0.5177594423294067
112, 30, 258, 1205, 0.22651460766792297
112, 31, 405, 1242, -0.0063223750330507755
112, 32, 302, 1242, -0.3777132034301758
113, 0, 369, 112, -1.1191574335098267
113, 1, 385, 88, -1.0444175004959106
113, 2, 394, 89, -1.0447454452514648
113, 3, 402, 91, -1.0448458194732666
113, 4, 357, 85, -1.0782136917114258
113, 5, 347, 84, -1.0784275531768799
113, 6, 336, 84, -1.0789839029312134
113, 7, 413, 102, -0.5521038770675659
113, 8, 319, 95, -0.7072533965110779
113, 9, 383, 142, -0.9313753247261047
113, 10, 351, 138, -0.9757969975471497
113, 11, 465, 269, -0.16564391553401947
113, 12, 225, 247, -0.45373135805130005
113, 13, 480, 445, 0.0385483056306839
113, 14, 179, 438, -0.36165347695350647
113, 15, 481, 575, -0.43484219908714294
113, 16, 221, 574, -0.7828624248504639
113, 17, 487, 619, -0.5563099384307861
113, 18, 220, 624, -0.9121432304382324
113, 19, 479, 613, -0.667098879814148
113, 20, 239, 615, -0.9948347806930542
113, 21, 469, 594, -0.5006335973739624
113, 22, 245, 595, -0.82505863904953
113, 23, 421, 622, 0.05047662928700447
113, 24, 271, 620, -0.04797852411866188
113, 25, 399, 898, -0.024046510457992554
113, 26, 242, 891, -0.09997910261154175
113, 27, 406, 1165, 0.4916784167289734
113, 28, 255, 1167, 0.2115720808506012
113, 29, 406, 1205, 0.5118665099143982
113, 30, 247, 1209, 0.216317817568779
113, 31, 399, 1243, -0.00904762465506792
113, 32, 295, 1244, -0.38808473944664
114, 0, 369, 111, -1.0922662019729614
114, 1, 385, 85, -1.0171473026275635
114, 2, 394, 86, -1.0174847841262817
114, 3, 402, 88, -1.0175378322601318
114, 4, 357, 83, -1.051487684249878
114, 5, 347, 82, -1.0517042875289917
114, 6, 336, 83, -1.0522741079330444
114, 7, 413, 101, -0.525780200958252
114, 8, 319, 95, -0.6879876852035522
114, 9, 384, 140, -0.9050936698913574
114, 10, 351, 137, -0.9499416351318359
114, 11, 466, 270, -0.15453451871871948
114, 12, 225, 247, -0.45459842681884766
114, 13, 479, 445, 0.08812429010868073
114, 14, 181, 438, -0.35915762186050415
114, 15, 481, 579, -0.35814815759658813
114, 16, 213, 585, -0.759540319442749
114, 17, 490, 622, -0.46606940031051636
114, 18, 208, 636, -0.884942889213562
114, 19, 481, 617, -0.5835602283477783
114, 20, 227, 628, -0.968077540397644
114, 21, 471, 599, -0.42581063508987427
114, 22, 234, 609, -0.8009332418441772
114, 23, 420, 622, 0.05685348063707352
114, 24, 271, 620, -0.05430128425359726
114, 25, 398, 900, -0.019748568534851074
114, 26, 242, 893, -0.1094442829489708
114, 27, 404, 1167, 0.4981568455696106
114, 28, 254, 1173, 0.19888724386692047
114, 29, 405, 1208, 0.5177940130233765
114, 30, 244, 1216, 0.20342297852039337
114, 31, 399, 1244, -0.004274948034435511
114, 32, 295, 1249, -0.4057486653327942
115, 0, 369, 110, -1.0915316343307495
115, 1, 385, 84, -1.015671968460083
115, 2, 394, 86, -1.0160459280014038
115, 3, 402, 88, -1.0161361694335938
115, 4, 357, 82, -1.0524754524230957
115, 5, 346, 82, -1.0526832342147827
115, 6, 336, 82, -1.0532429218292236
115, 7, 413, 101, -0.5219501256942749
115, 8, 318, 95, -0.6914310455322266
115, 9, 384, 140, -0.903619647026062
115, 10, 350, 137, -0.9514360427856445
115, 11, 466, 270, -0.14151200652122498
115, 12, 224, 248, -0.4489029347896576
115, 13, 478, 443, 0.08786877244710922
115, 14, 184, 439, -0.3416512608528137
115, 15, 481, 580, -0.36849403381347656
115, 16, 213, 585, -0.7523741126060486
115, 17, 490, 623, -0.4766218066215515
115, 18, 211, 636, -0.8764858245849609
115, 19, 482, 619, -0.5918912291526794
115, 20, 228, 628, -0.9628386497497559
115, 21, 471, 600, -0.434785932302475
115, 22, 235, 608, -0.7949919104576111
115, 23, 420, 622, 0.04798545688390732
115, 24, 271, 620, -0.04531775414943695
115, 25, 398, 899, -0.0679393857717514
115, 26, 242, 892, -0.11499185860157013
115, 27, 403, 1167, 0.4392355978488922
115, 28, 253, 1172, 0.1877674013376236
115, 29, 404, 1208, 0.4572280943393707
115, 30, 244, 1216, 0.19262263178825378
115, 31, 394, 1244, -0.07616385072469711
115, 32, 290, 1248, -0.42149487137794495
116, 0, 368, 110, -1.0946080684661865
116, 1, 384, 83, -1.0175578594207764
116, 2, 394, 84, -1.0179417133331299
116, 3, 402, 86, -1.0180168151855469
116, 4, 356, 81, -1.0557310581207275
116, 5, 346, 81, -1.0559303760528564
116, 6, 335, 81, -1.056483507156372
116, 7, 413, 101, -0.5190942883491516
116, 8, 318, 94, -0.6930267214775085
116, 9, 383, 139, -0.9048266410827637
116, 10, 350, 136, -0.9543290138244629
116, 11, 466, 270, -0.13369491696357727
116, 12, 224, 248, -0.4463876187801361
116, 13, 478, 442, 0.08542799949645996
116, 14, 184, 439, -0.33476197719573975
116, 15, 482, 579, -0.3786909580230713
116, 16, 212, 590, -0.7478328347206116
116, 17, 491, 623, -0.4916585385799408
116, 18, 209, 643, -0.8720958828926086
116, 19, 483, 618, -0.6104128956794739
116, 20, 226, 636, -0.9616137742996216
116, 21, 472, 599, -0.44748130440711975
116, 22, 233, 615, -0.7919076085090637
116, 23, 421, 622, 0.046125076711177826
116, 24, 271, 620, -0.04337843134999275
116, 25, 398, 896, -0.06453412771224976
116, 26, 242, 888, -0.1154046505689621
116, 27, 403, 1163, 0.4488687515258789
116, 28, 252, 1167, 0.19345715641975403
116, 29, 404, 1204, 0.4669765532016754
116, 30, 244, 1211, 0.19923587143421173
116, 31, 393, 1241, -0.06599950790405273
116, 32, 288, 1244, -0.41617709398269653
117, 0, 367, 110, -1.1042860746383667
117, 1, 384, 83, -1.0276050567626953
117, 2, 393, 84, -1.0280170440673828
117, 3, 402, 86, -1.0280932188034058
117, 4, 355, 81, -1.0655484199523926
117, 5, 344, 80, -1.065751075744629
117, 6, 334, 81, -1.066298246383667
117, 7, 413, 101, -0.528804361820221
117, 8, 317, 94, -0.7009415626525879
117, 9, 383, 139, -0.914374828338623
117, 10, 348, 136, -0.9632393717765808
117, 11, 466, 270, -0.14160962402820587
117, 12, 223, 248, -0.44860902428627014
117, 13, 477, 440, 0.04596344754099846
117, 14, 185, 439, -0.33688169717788696
117, 15, 482, 578, -0.456826776266098
117, 16, 207, 607, -0.7577947378158569
117, 17, 492, 621, -0.5785015225410461
117, 18, 200, 651, -0.8823192715644836
117, 19, 483, 618, -0.6946429014205933
117, 20, 216, 645, -0.9761093854904175
117, 21, 472, 598, -0.5251885056495667
117, 22, 225, 623, -0.8041326403617859
117, 23, 421, 622, 0.04364502802491188
117, 24, 271, 620, -0.04079825058579445
117, 25, 398, 894, -0.07114960998296738
117, 26, 242, 886, -0.11548954248428345
117, 27, 403, 1162, 0.43624910712242126
117, 28, 252, 1165, 0.19077302515506744
117, 29, 404, 1202, 0.45386558771133423
117, 30, 243, 1208, 0.19598744809627533
117, 31, 392, 1240, -0.07421430945396423
117, 32, 286, 1242, -0.41577762365341187
118, 0, 366, 109, -1.1355600357055664
118, 1, 383, 83, -1.059478998184204
118, 2, 393, 84, -1.059901237487793
118, 3, 401, 86, -1.05997633934021
118, 4, 353, 81, -1.0951387882232666
118, 5, 343, 80, -1.0953646898269653
118, 6, 332, 81, -1.0959112644195557
118, 7, 413, 101, -0.5606281161308289
118, 8, 315, 93, -0.7234832644462585
118, 9, 382, 139, -0.9454313516616821
118, 10, 347, 136, -0.991608738899231
118, 11, 466, 270, -0.17603975534439087
118, 12, 222, 248, -0.45099472999572754
118, 13, 477, 439, 0.009143965318799019
118, 14, 185, 438, -0.32365506887435913
118, 15, 481, 577, -0.4638341963291168
118, 16, 204, 595, -0.7255265712738037
118, 17, 491, 619, -0.5774741768836975
118, 18, 198, 646, -0.8433547019958496
118, 19, 483, 617, -0.6901748776435852
118, 20, 212, 640, -0.9365012049674988
118, 21, 472, 598, -0.5291966795921326
118, 22, 220, 618, -0.7719137072563171
118, 23, 420, 621, 0.033261094242334366
118, 24, 269, 619, -0.030413269996643066
118, 25, 394, 886, -0.09991596639156342
118, 26, 239, 876, -0.14084157347679138
118, 27, 400, 1154, 0.3929390013217926
118, 28, 249, 1154, 0.1544674038887024
118, 29, 402, 1193, 0.4088559150695801
118, 30, 242, 1196, 0.15860749781131744
118, 31, 385, 1234, -0.1189449280500412
118, 32, 278, 1233, -0.44708865880966187
119, 0, 366, 109, -1.1481599807739258
119, 1, 382, 82, -1.0756926536560059
119, 2, 393, 83, -1.0760705471038818
119, 3, 401, 85, -1.0761964321136475
119, 4, 353, 80, -1.1120150089263916
119, 5, 342, 79, -1.1122537851333618
119, 6, 331, 80, -1.1128056049346924
119, 7, 413, 100, -0.5864185690879822
119, 8, 314, 93, -0.7520221471786499
119, 9, 382, 139, -0.9604012370109558
119, 10, 346, 136, -1.0073715448379517
119, 11, 466, 270, -0.19588832557201385
119, 12, 222, 248, -0.4805717468261719
119, 13, 477, 439, 0.014265196397900581
119, 14, 186, 438, -0.348135769367218
119, 15, 481, 578, -0.417706161737442
119, 16, 204, 590, -0.7208131551742554
119, 17, 490, 620, -0.512526273727417
119, 18, 200, 640, -0.8325899839401245
119, 19, 483, 617, -0.6260310411453247
119, 20, 214, 633, -0.9200589060783386
119, 21, 472, 598, -0.4809351861476898
119, 22, 222, 612, -0.7639723420143127
119, 23, 420, 620, 0.03175126388669014
119, 24, 269, 617, -0.029082026332616806
119, 25, 393, 885, -0.08490315079689026
119, 26, 238, 874, -0.13737896084785461
119, 27, 398, 1152, 0.4127174913883209
119, 28, 247, 1151, 0.16441993415355682
119, 29, 401, 1191, 0.42935052514076233
119, 30, 241, 1192, 0.16954927146434784
119, 31, 383, 1233, -0.09925612062215805
119, 32, 272, 1231, -0.4385271668434143
120, 0, 366, 109, -1.145456075668335
120, 1, 382, 82, -1.073559045791626
120, 2, 392, 83, -1.0739234685897827
120, 3, 401, 84, -1.0740338563919067
120, 4, 352, 80, -1.111913800239563
120, 5, 342, 79, -1.1121636629104614
120, 6, 330, 79, -1.112715482711792
120, 7, 413, 100, -0.5836157202720642
120, 8, 313, 92, -0.7579427361488342
120, 9, 382, 139, -0.9569489359855652
120, 10, 345, 136, -1.006003737449646
120, 11, 466, 270, -0.1805347055196762
120, 12, 221, 249, -0.5088270902633667
120, 13, 477, 438, 0.02118138037621975
120, 14, 183, 438, -0.3517919182777405
120, 15, 481, 580, -0.4195617735385895
120, 16, 194, 610, -0.7809044122695923
120, 17, 493, 623, -0.5156127214431763
120, 18, 181, 657, -0.9002518653869629
120, 19, 487, 620, -0.6326797604560852
120, 20, 197, 653, -0.9887726902961731
120, 21, 474, 602, -0.4846462607383728
120, 22, 207, 632, -0.8249915838241577
120, 23, 420, 620, 0.04033108055591583
120, 24, 268, 617, -0.03765708580613136
120, 25, 392, 885, -0.08238978683948517
120, 26, 237, 875, -0.14399701356887817
120, 27, 397, 1152, 0.4249021112918854
120, 28, 245, 1151, 0.15774711966514587
120, 29, 399, 1191, 0.4418999254703522
120, 30, 238, 1193, 0.161966934800148
120, 31, 383, 1233, -0.08950192481279373
120, 32, 273, 1232, -0.4502292275428772
121, 0, 365, 109, -1.1003249883651733
121, 1, 380, 81, -1.0296351909637451
121, 2, 391, 82, -1.0300248861312866
121, 3, 400, 84, -1.0301939249038696
121, 4, 350, 79, -1.0698379278182983
121, 5, 339, 79, -1.0700666904449463
121, 6, 328, 79, -1.0706357955932617
121, 7, 413, 99, -0.548930823802948
121, 8, 311, 92, -0.7316216826438904
121, 9, 381, 139, -0.9139568209648132
121, 10, 344, 136, -0.9641744494438171
121, 11, 465, 269, -0.12448012828826904
121, 12, 220, 249, -0.4919741749763489
121, 13, 477, 438, 0.07308144867420197
121, 14, 179, 438, -0.3670644462108612
121, 15, 482, 584, -0.355646014213562
121, 16, 182, 618, -0.7706372737884521
121, 17, 496, 627, -0.45193034410476685
121, 18, 162, 664, -0.8888209462165833
121, 19, 491, 626, -0.5653511881828308
121, 20, 180, 662, -0.9796605110168457
121, 21, 476, 609, -0.4213215410709381
121, 22, 190, 641, -0.8164099454879761
121, 23, 420, 621, 0.05242577940225601
121, 24, 265, 618, -0.049524202942848206
121, 25, 392, 893, -0.07563383877277374
121, 26, 236, 884, -0.17531931400299072
121, 27, 395, 1161, 0.4197390675544739
121, 28, 241, 1161, 0.11642835289239883
121, 29, 397, 1202, 0.43455058336257935
121, 30, 231, 1203, 0.11917702108621597
121, 31, 383, 1239, -0.09550876170396805
121, 32, 274, 1240, -0.5041517019271851
122, 0, 363, 109, -1.0397738218307495
122, 1, 378, 81, -0.9731125831604004
122, 2, 389, 82, -0.9735190272331238
122, 3, 398, 83, -0.9737218618392944
122, 4, 348, 79, -1.0061630010604858
122, 5, 336, 79, -1.0063467025756836
122, 6, 324, 79, -1.006955623626709
122, 7, 412, 97, -0.515881359577179
122, 8, 307, 91, -0.6638673543930054
122, 9, 380, 139, -0.8628910779953003
122, 10, 342, 136, -0.9039281010627747
122, 11, 465, 268, -0.11950600147247314
122, 12, 217, 250, -0.46792635321617126
122, 13, 477, 438, 0.07325666397809982
122, 14, 175, 442, -0.36772921681404114
122, 15, 483, 589, -0.3319692015647888
122, 16, 171, 620, -0.776183545589447
122, 17, 498, 631, -0.4246109127998352
122, 18, 144, 669, -0.8943411111831665
122, 19, 493, 631, -0.534908652305603
122, 20, 161, 666, -0.9880367517471313
122, 21, 477, 614, -0.3961585760116577
122, 22, 173, 646, -0.8242917060852051
122, 23, 419, 625, 0.05210345238447189
122, 24, 261, 622, -0.0492115393280983
122, 25, 392, 915, -0.012383045628666878
122, 26, 236, 908, -0.13998287916183472
122, 27, 395, 1183, 0.50124591588974
122, 28, 241, 1182, 0.18515853583812714
122, 29, 396, 1225, 0.5198876261711121
122, 30, 230, 1224, 0.1941131204366684
122, 31, 383, 1260, 0.007714325096458197
122, 32, 276, 1261, -0.42112916707992554
123, 0, 361, 108, -1.0016686916351318
123, 1, 376, 80, -0.9288641214370728
123, 2, 387, 80, -0.9293119311332703
123, 3, 397, 81, -0.9295109510421753
123, 4, 346, 78, -0.9650593996047974
123, 5, 333, 78, -0.9652541279792786
123, 6, 322, 78, -0.9659066200256348
123, 7, 410, 95, -0.45772218704223633
123, 8, 304, 89, -0.6175478100776672
123, 9, 378, 138, -0.821881115436554
123, 10, 340, 135, -0.8665666580200195
123, 11, 465, 268, -0.05977313965559006
123, 12, 214, 250, -0.45913165807724
123, 13, 476, 441, 0.12251994758844376
123, 14, 172, 447, -0.3708735704421997
123, 15, 483, 596, -0.2910764515399933
123, 16, 162, 620, -0.7961760759353638
123, 17, 498, 638, -0.3822917640209198
123, 18, 147, 672, -0.9185584783554077
123, 19, 493, 638, -0.49638304114341736
123, 20, 164, 668, -1.0078227519989014
123, 21, 477, 622, -0.3569590151309967
123, 22, 175, 648, -0.8425188064575195
123, 23, 417, 631, 0.06805450469255447
123, 24, 256, 628, -0.06521953642368317
123, 25, 392, 926, 0.06341762095689774
123, 26, 235, 923, -0.1257093846797943
123, 27, 394, 1195, 0.6013785004615784
123, 28, 239, 1197, 0.23180098831653595
123, 29, 394, 1237, 0.621252179145813
123, 30, 226, 1238, 0.2431981861591339
123, 31, 383, 1272, 0.10777590423822403
123, 32, 276, 1277, -0.3768598437309265
124, 0, 359, 108, -1.0912525653839111
124, 1, 374, 79, -1.019836664199829
124, 2, 385, 80, -1.020233154296875
124, 3, 395, 81, -1.0203737020492554
124, 4, 344, 78, -1.0542466640472412
124, 5, 331, 77, -1.0544686317443848
124, 6, 320, 77, -1.0551097393035889
124, 7, 408, 94, -0.5405579209327698
124, 8, 302, 88, -0.6942741870880127
124, 9, 376, 138, -0.9085783958435059
124, 10, 338, 135, -0.9513098001480103
124, 11, 465, 268, -0.13486698269844055
124, 12, 211, 251, -0.49681487679481506
124, 13, 476, 442, 0.04903777316212654
124, 14, 170, 452, -0.399509459733963
124, 15, 483, 598, -0.39206454157829285
124, 16, 168, 623, -0.8049343228340149
124, 17, 498, 640, -0.49337998032569885
124, 18, 154, 671, -0.9252110719680786
124, 19, 493, 638, -0.6091997623443604
124, 20, 169, 666, -1.0289207696914673
124, 21, 477, 622, -0.45935630798339844
124, 22, 179, 646, -0.8569847345352173
124, 23, 417, 632, 0.06650517880916595
124, 24, 254, 629, -0.06371491402387619
124, 25, 392, 933, 0.051660291850566864
124, 26, 233, 928, -0.12252923101186752
124, 27, 392, 1202, 0.5879534482955933
124, 28, 235, 1202, 0.2386976182460785
124, 29, 391, 1244, 0.6069505214691162
124, 30, 223, 1244, 0.24999158084392548
124, 31, 384, 1280, 0.07556747645139694
124, 32, 276, 1284, -0.38231807947158813
125, 0, 358, 108, -1.0908030271530151
125, 1, 373, 79, -1.018737554550171
125, 2, 384, 79, -1.0191373825073242
125, 3, 394, 80, -1.0192936658859253
125, 4, 342, 77, -1.0534582138061523
125, 5, 329, 77, -1.0536777973175049
125, 6, 317, 76, -1.0543076992034912
125, 7, 407, 93, -0.538204550743103
125, 8, 298, 87, -0.6934069395065308
125, 9, 375, 138, -0.9067192077636719
125, 10, 336, 135, -0.9500099420547485
125, 11, 463, 268, -0.1347208321094513
125, 12, 207, 251, -0.5017963647842407
125, 13, 475, 444, 0.03407280147075653
125, 14, 162, 453, -0.4195987582206726
125, 15, 483, 603, -0.40428370237350464
125, 16, 141, 629, -0.8058264851570129
125, 17, 498, 646, -0.5047631859779358
125, 18, 125, 681, -0.9301331639289856
125, 19, 494, 645, -0.6158856153488159
125, 20, 143, 678, -1.0366865396499634
125, 21, 477, 628, -0.4704877436161041
125, 22, 156, 658, -0.8638061285018921
125, 23, 413, 633, 0.07191018760204315
125, 24, 248, 631, -0.0689476728439331
125, 25, 390, 933, 0.04298994690179825
125, 26, 230, 930, -0.13809160888195038
125, 27, 390, 1204, 0.5625828504562378
125, 28, 233, 1206, 0.208108589053154
125, 29, 389, 1247, 0.580059289932251
125, 30, 219, 1247, 0.2169032096862793
125, 31, 384, 1280, 0.05323656648397446
125, 32, 277, 1286, -0.42028045654296875
126, 0, 355, 107, -1.0288242101669312
126, 1, 371, 77, -0.9595592617988586
126, 2, 381, 77, -0.9599124193191528
126, 3, 392, 78, -0.9599979519844055
126, 4, 339, 76, -0.9911627769470215
126, 5, 325, 75, -0.9912974238395691
126, 6, 314, 75, -0.9919144511222839
126, 7, 405, 92, -0.5050171613693237
126, 8, 294, 86, -0.6479601860046387
126, 9, 372, 137, -0.8558415174484253
126, 10, 332, 135, -0.8957618474960327
126, 11, 462, 268, -0.12853989005088806
126, 12, 203, 252, -0.48851531744003296
126, 13, 474, 444, 0.036426231265068054
126, 14, 155, 455, -0.4185142517089844
126, 15, 483, 606, -0.3863237500190735
126, 16, 127, 628, -0.8076125383377075
126, 17, 500, 649, -0.4806175231933594
126, 18, 108, 680, -0.9286632537841797
126, 19, 495, 649, -0.5892212986946106
126, 20, 127, 678, -1.031270980834961
126, 21, 478, 633, -0.45168551802635193
126, 22, 141, 658, -0.862707257270813
126, 23, 412, 633, 0.07041636109352112
126, 24, 245, 632, -0.06744685024023056
126, 25, 390, 934, 0.037132054567337036
126, 26, 230, 932, -0.13665160536766052
126, 27, 390, 1205, 0.5509561896324158
126, 28, 233, 1207, 0.20746693015098572
126, 29, 390, 1250, 0.5682619214057922
126, 30, 219, 1248, 0.2160300314426422
126, 31, 384, 1283, 0.046585820615291595
126, 32, 277, 1288, -0.4184533953666687
127, 0, 353, 105, -0.9290246963500977
127, 1, 369, 76, -0.8634108304977417
127, 2, 379, 76, -0.8637782335281372
127, 3, 389, 77, -0.8639318346977234
127, 4, 337, 75, -0.8927424550056458
127, 5, 323, 75, -0.8928537368774414
127, 6, 311, 74, -0.8934911489486694
127, 7, 402, 90, -0.4417612552642822
127, 8, 292, 86, -0.5743744373321533
127, 9, 370, 136, -0.7691511511802673
127, 10, 330, 134, -0.8061801791191101
127, 11, 460, 268, -0.11448268592357635
127, 12, 200, 252, -0.43225687742233276
127, 13, 472, 444, 0.037846796214580536
127, 14, 148, 454, -0.38815659284591675
127, 15, 483, 607, -0.3499544560909271
127, 16, 122, 623, -0.7624763250350952
127, 17, 502, 648, -0.43714985251426697
127, 18, 105, 674, -0.8710762858390808
127, 19, 497, 648, -0.5391764640808105
127, 20, 123, 672, -0.9636964797973633
127, 21, 479, 632, -0.4115087389945984
127, 22, 137, 652, -0.8126689791679382
127, 23, 411, 633, 0.0636821836233139
127, 24, 242, 632, -0.06063326075673103
127, 25, 389, 933, 0.032364048063755035
127, 26, 227, 931, -0.12638527154922485
127, 27, 389, 1205, 0.5155804753303528
127, 28, 230, 1204, 0.20347118377685547
127, 29, 388, 1248, 0.5323451161384583
127, 30, 217, 1246, 0.21208086609840393
127, 31, 383, 1282, 0.04537361115217209
127, 32, 274, 1285, -0.4071016311645508
128, 0, 349, 101, -0.931694507598877
128, 1, 366, 71, -0.8641946911811829
128, 2, 375, 71, -0.8645731210708618
128, 3, 386, 72, -0.8646870851516724
128, 4, 332, 71, -0.8940838575363159
128, 5, 318, 71, -0.894204318523407
128, 6, 307, 71, -0.8948724865913391
128, 7, 398, 85, -0.43207183480262756
128, 8, 288, 83, -0.5663241147994995
128, 9, 367, 132, -0.7675563097000122
128, 10, 324, 131, -0.8051673173904419
128, 11, 458, 268, -0.1001296266913414
128, 12, 197, 252, -0.4268771708011627
128, 13, 469, 444, 0.03746659681200981
128, 14, 143, 454, -0.38910549879074097
128, 15, 483, 610, -0.3524351119995117
128, 16, 116, 622, -0.7762933373451233
128, 17, 502, 652, -0.4424317479133606
128, 18, 99, 674, -0.8911987543106079
128, 19, 497, 651, -0.5487765073776245
128, 20, 118, 671, -0.9785626530647278
128, 21, 479, 635, -0.4147668480873108
128, 22, 132, 652, -0.8221025466918945
128, 23, 408, 634, 0.06567632406949997
128, 24, 237, 633, -0.06259245425462723
128, 25, 386, 936, 0.055372316390275955
128, 26, 221, 936, -0.11213760077953339
128, 27, 384, 1208, 0.5612094402313232
128, 28, 224, 1208, 0.2240973711013794
128, 29, 383, 1252, 0.5795125961303711
128, 30, 209, 1250, 0.2342900037765503
128, 31, 381, 1285, 0.0842897966504097
128, 32, 272, 1289, -0.37301406264305115
129, 0, 344, 100, -0.9721013903617859
129, 1, 361, 70, -0.908150851726532
129, 2, 370, 71, -0.9084901809692383
129, 3, 380, 71, -0.9085569381713867
129, 4, 326, 70, -0.9330013394355774
129, 5, 314, 71, -0.9331133961677551
129, 6, 303, 70, -0.9338380098342896
129, 7, 392, 83, -0.47892776131629944
129, 8, 285, 82, -0.5987067818641663
129, 9, 363, 131, -0.8107792139053345
129, 10, 320, 131, -0.8425846099853516
129, 11, 456, 267, -0.13341090083122253
129, 12, 193, 253, -0.45438718795776367
129, 13, 467, 446, 0.0021351445466279984
129, 14, 137, 455, -0.3992484509944916
129, 15, 478, 617, -0.39518073201179504
129, 16, 106, 625, -0.7862154245376587
129, 17, 498, 657, -0.48686128854751587
129, 18, 89, 677, -0.90325528383255
129, 19, 492, 656, -0.5927404165267944
129, 20, 107, 675, -0.990679144859314
129, 21, 474, 640, -0.45770174264907837
129, 22, 121, 655, -0.8309363126754761
129, 23, 403, 636, 0.06777192652225494
129, 24, 232, 635, -0.06465025991201401
129, 25, 381, 938, 0.0505639985203743
129, 26, 216, 936, -0.12329365313053131
129, 27, 379, 1211, 0.5558057427406311
129, 28, 217, 1210, 0.2127618044614792
129, 29, 378, 1256, 0.5732671618461609
129, 30, 203, 1252, 0.22269360721111298
129, 31, 377, 1288, 0.06889104098081589
129, 32, 266, 1291, -0.3874146342277527
130, 0, 340, 98, -1.048580527305603
130, 1, 357, 68, -0.981922447681427
130, 2, 366, 68, -0.9822461009025574
130, 3, 375, 69, -0.982319712638855
130, 4, 322, 67, -1.008701205253601
130, 5, 309, 68, -1.0088988542556763
130, 6, 299, 68, -1.0096144676208496
130, 7, 387, 81, -0.5400046110153198
130, 8, 281, 80, -0.6650069355964661
130, 9, 360, 129, -0.8812859654426575
130, 10, 316, 128, -0.9155302047729492
130, 11, 453, 267, -0.18534550070762634
130, 12, 188, 253, -0.49240642786026
130, 13, 465, 446, -0.03791450709104538
130, 14, 131, 455, -0.42397594451904297
130, 15, 474, 616, -0.4208768308162689
130, 16, 112, 630, -0.7866922616958618
130, 17, 491, 657, -0.5103964805603027
130, 18, 98, 684, -0.9086874723434448
130, 19, 486, 656, -0.6133018732070923
130, 20, 117, 681, -0.9981096982955933
130, 21, 468, 639, -0.4812726378440857
130, 22, 129, 661, -0.8318106532096863
130, 23, 403, 637, 0.06761147826910019
130, 24, 231, 636, -0.06450890004634857
130, 25, 380, 938, 0.05726516246795654
130, 26, 214, 935, -0.12345149368047714
130, 27, 379, 1211, 0.5836939215660095
130, 28, 216, 1210, 0.22240114212036133
130, 29, 378, 1256, 0.6026138663291931
130, 30, 203, 1252, 0.23366084694862366
130, 31, 377, 1289, 0.09084352105855942
130, 32, 265, 1291, -0.38046279549598694
131, 0, 335, 95, -1.0455948114395142
131, 1, 353, 66, -0.9793370366096497
131, 2, 363, 66, -0.9796425104141235
131, 3, 371, 67, -0.9796785116195679
131, 4, 317, 66, -1.0058016777038574
131, 5, 305, 66, -1.0059878826141357
131, 6, 293, 67, -1.006710410118103
131, 7, 384, 79, -0.5329302549362183
131, 8, 277, 79, -0.6636911630630493
131, 9, 355, 127, -0.8806346654891968
131, 10, 311, 127, -0.914431095123291
131, 11, 450, 266, -0.17238062620162964
131, 12, 182, 253, -0.4956778883934021
131, 13, 463, 446, -0.025974104180932045
131, 14, 123, 455, -0.4404815137386322
131, 15, 472, 618, -0.4178886413574219
131, 16, 101, 633, -0.8066035509109497
131, 17, 491, 659, -0.5079530477523804
131, 18, 86, 687, -0.9249973297119141
131, 19, 484, 658, -0.6118522882461548
131, 20, 106, 685, -1.0132250785827637
131, 21, 467, 641, -0.4790153503417969
131, 22, 119, 664, -0.8534549474716187
131, 23, 402, 638, 0.07124932110309601
131, 24, 228, 639, -0.06811795383691788
131, 25, 380, 943, 0.09967534244060516
131, 26, 212, 943, -0.12039166688919067
131, 27, 378, 1216, 0.6530910730361938
131, 28, 215, 1215, 0.25479769706726074
131, 29, 377, 1261, 0.6752372980117798
131, 30, 202, 1256, 0.2702423632144928
131, 31, 377, 1295, 0.16812750697135925
131, 32, 264, 1298, -0.3431781232357025
132, 0, 330, 94, -1.0508555173873901
132, 1, 348, 64, -0.9816579818725586
132, 2, 358, 65, -0.981982409954071
132, 3, 367, 65, -0.9820480346679688
132, 4, 311, 64, -1.0089504718780518
132, 5, 299, 65, -1.009075403213501
132, 6, 286, 66, -1.0097544193267822
132, 7, 380, 77, -0.5283747911453247
132, 8, 272, 78, -0.6629120111465454
132, 9, 351, 125, -0.8805263638496399
132, 10, 305, 126, -0.9152261018753052
132, 11, 447, 265, -0.170204296708107
132, 12, 175, 253, -0.4921737313270569
132, 13, 461, 447, -0.05345090106129646
132, 14, 112, 455, -0.438305526971817
132, 15, 471, 619, -0.5047711730003357
132, 16, 90, 633, -0.8136605024337769
132, 17, 491, 660, -0.6078256368637085
132, 18, 75, 687, -0.9331457018852234
132, 19, 484, 658, -0.7170900702476501
132, 20, 96, 685, -1.0238234996795654
132, 21, 468, 641, -0.5702305436134338
132, 22, 108, 664, -0.8631079792976379
132, 23, 402, 641, 0.07106142491102219
132, 24, 226, 642, -0.06801308691501617
132, 25, 380, 950, 0.09716931730508804
132, 26, 210, 952, -0.10355637967586517
132, 27, 378, 1224, 0.67420893907547
132, 28, 214, 1223, 0.2986984848976135
132, 29, 377, 1270, 0.6978999376296997
132, 30, 202, 1264, 0.3158634305000305
132, 31, 377, 1303, 0.16658955812454224
132, 32, 263, 1308, -0.3151565194129944
133, 0, 326, 91, -1.1012115478515625
133, 1, 344, 62, -1.0239388942718506
133, 2, 355, 62, -1.0242805480957031
133, 3, 363, 63, -1.0243421792984009
133, 4, 307, 62, -1.055092215538025
133, 5, 294, 62, -1.055145502090454
133, 6, 281, 63, -1.055808663368225
133, 7, 377, 75, -0.5385067462921143
133, 8, 266, 76, -0.678671658039093
133, 9, 348, 122, -0.9172085523605347
133, 10, 301, 124, -0.9559364318847656
133, 11, 445, 265, -0.16725338995456696
133, 12, 168, 254, -0.5031150579452515
133, 13, 457, 447, -0.04099302366375923
133, 14, 109, 455, -0.4521501660346985
133, 15, 470, 618, -0.5133153200149536
133, 16, 95, 632, -0.8879883885383606
133, 17, 489, 659, -0.6208246350288391
133, 18, 83, 686, -1.0206289291381836
133, 19, 483, 657, -0.7350629568099976
133, 20, 103, 682, -1.1146212816238403
133, 21, 466, 640, -0.5818169116973877
133, 22, 114, 662, -0.939984917640686
133, 23, 400, 644, 0.07122837752103806
133, 24, 221, 646, -0.06805495917797089
133, 25, 380, 955, 0.1243031844496727
133, 26, 208, 958, -0.08482024073600769
133, 27, 378, 1229, 0.7567068934440613
133, 28, 212, 1230, 0.36498796939849854
133, 29, 376, 1275, 0.7838449478149414
133, 30, 200, 1271, 0.38629692792892456
133, 31, 378, 1309, 0.2262800633907318
133, 32, 262, 1315, -0.2711641192436218
134, 0, 321, 87, -1.0047744512557983
134, 1, 341, 59, -0.9293328523635864
134, 2, 352, 59, -0.9295992851257324
134, 3, 360, 60, -0.9296848177909851
134, 4, 303, 58, -0.9609818458557129
134, 5, 289, 59, -0.9608975648880005
134, 6, 276, 59, -0.9615159034729004
134, 7, 374, 73, -0.47297921776771545
134, 8, 262, 72, -0.6109453439712524
134, 9, 344, 118, -0.8337806463241577
134, 10, 296, 120, -0.8719121813774109
134, 11, 441, 264, -0.14095062017440796
134, 12, 161, 255, -0.5021075010299683
134, 13, 454, 447, -0.03254174813628197
134, 14, 104, 455, -0.46900811791419983
134, 15, 471, 623, -0.49083465337753296
134, 16, 87, 636, -0.894376277923584
134, 17, 492, 666, -0.5939427614212036
134, 18, 75, 689, -1.0185788869857788
134, 19, 484, 664, -0.7149330973625183
134, 20, 98, 686, -1.1088697910308838
134, 21, 467, 648, -0.5584812760353088
134, 22, 110, 666, -0.9442957639694214
134, 23, 398, 645, 0.0709516853094101
134, 24, 215, 649, -0.06779494136571884
134, 25, 379, 958, 0.13558420538902283
134, 26, 205, 965, -0.03549829497933388
134, 27, 375, 1235, 0.7861849069595337
134, 28, 209, 1236, 0.4319283366203308
134, 29, 372, 1282, 0.8173583745956421
134, 30, 197, 1278, 0.45786580443382263
134, 31, 377, 1316, 0.2849719226360321
134, 32, 259, 1321, -0.18005819618701935
135, 0, 318, 83, -1.0110759735107422
135, 1, 336, 55, -0.9366019368171692
135, 2, 348, 55, -0.9369072914123535
135, 3, 356, 56, -0.9369958639144897
135, 4, 298, 55, -0.968650221824646
135, 5, 284, 55, -0.9686330556869507
135, 6, 271, 55, -0.9692603349685669
135, 7, 370, 69, -0.4686826765537262
135, 8, 256, 68, -0.6145773530006409
135, 9, 341, 115, -0.8385669589042664
135, 10, 292, 117, -0.877532958984375
135, 11, 437, 264, -0.10895241796970367
135, 12, 155, 255, -0.4988110065460205
135, 13, 450, 447, 0.01516791246831417
135, 14, 98, 455, -0.47794309258461
135, 15, 469, 625, -0.4390867352485657
135, 16, 88, 637, -0.9067746996879578
135, 17, 491, 672, -0.5394574403762817
135, 18, 78, 692, -1.0327203273773193
135, 19, 484, 670, -0.6505187153816223
135, 20, 101, 688, -1.1199851036071777
135, 21, 467, 653, -0.5058667063713074
135, 22, 112, 668, -0.9548689723014832
135, 23, 394, 648, 0.07443425059318542
135, 24, 210, 652, -0.07107950747013092
135, 25, 377, 961, 0.1401989459991455
135, 26, 202, 968, -0.03497178107500076
135, 27, 373, 1237, 0.80877286195755
135, 28, 206, 1239, 0.44308194518089294
135, 29, 371, 1284, 0.8398342132568359
135, 30, 192, 1282, 0.4686739444732666
135, 31, 376, 1318, 0.2931523621082306
135, 32, 258, 1324, -0.17840366065502167
136, 0, 311, 79, -1.0466941595077515
136, 1, 330, 51, -0.9613299369812012
136, 2, 342, 51, -0.9617641568183899
136, 3, 351, 52, -0.9618685841560364
136, 4, 290, 51, -0.9961708188056946
136, 5, 277, 52, -0.9961217641830444
136, 6, 265, 52, -0.9968401789665222
136, 7, 365, 64, -0.4728470742702484
136, 8, 250, 64, -0.6160463690757751
136, 9, 336, 113, -0.8632143139839172
136, 10, 286, 114, -0.9047417640686035
136, 11, 431, 264, -0.11271332204341888
136, 12, 149, 256, -0.5012351274490356
136, 13, 446, 447, 0.000886705529410392
136, 14, 95, 455, -0.48766595125198364
136, 15, 465, 629, -0.4892147183418274
136, 16, 87, 641, -0.9434614181518555
136, 17, 491, 675, -0.5987344980239868
136, 18, 78, 698, -1.07968270778656
136, 19, 482, 674, -0.7076042890548706
136, 20, 101, 695, -1.1701643466949463
136, 21, 465, 656, -0.5573892593383789
136, 22, 111, 673, -0.9939535856246948
136, 23, 392, 649, 0.07296636700630188
136, 24, 205, 654, -0.06937136501073837
136, 25, 376, 963, 0.13572373986244202
136, 26, 198, 970, -0.019619077444076538
136, 27, 372, 1239, 0.8357206583023071
136, 28, 203, 1240, 0.4947310984134674
136, 29, 370, 1286, 0.8689292073249817
136, 30, 190, 1283, 0.5233665108680725
136, 31, 373, 1320, 0.2991676330566406
136, 32, 254, 1324, -0.13938097655773163
137, 0, 307, 79, -1.0235207080841064
137, 1, 326, 51, -0.9398123621940613
137, 2, 338, 51, -0.9402023553848267
137, 3, 346, 51, -0.9402832984924316
137, 4, 287, 50, -0.9763442277908325
137, 5, 273, 51, -0.9762786626815796
137, 6, 261, 51, -0.976972758769989
137, 7, 359, 64, -0.4595329165458679
137, 8, 245, 63, -0.613426923751831
137, 9, 331, 112, -0.8436270952224731
137, 10, 282, 113, -0.8878971338272095
137, 11, 424, 262, -0.10657809674739838
137, 12, 143, 256, -0.49929437041282654
137, 13, 442, 447, -5.2121544285910204e-05
137, 14, 89, 455, -0.4908689856529236
137, 15, 462, 629, -0.4796965718269348
137, 16, 72, 641, -0.9338075518608093
137, 17, 489, 674, -0.585696280002594
137, 18, 60, 697, -1.0638524293899536
137, 19, 480, 672, -0.6929970979690552
137, 20, 84, 694, -1.1543645858764648
137, 21, 462, 655, -0.5464640855789185
137, 22, 95, 673, -0.9838018417358398
137, 23, 389, 649, 0.07576479017734528
137, 24, 202, 654, -0.07214406132698059
137, 25, 373, 962, 0.14681628346443176
137, 26, 194, 970, -0.028373828157782555
137, 27, 368, 1238, 0.8134704828262329
137, 28, 198, 1241, 0.4431244730949402
137, 29, 366, 1285, 0.8439607620239258
137, 30, 185, 1283, 0.4671199917793274
137, 31, 372, 1320, 0.2986465096473694
137, 32, 252, 1325, -0.177555114030838
138, 0, 303, 76, -1.0215526819229126
138, 1, 321, 47, -0.9396278262138367
138, 2, 333, 47, -0.9400184750556946
138, 3, 341, 48, -0.9401121139526367
138, 4, 281, 47, -0.9749533534049988
138, 5, 268, 47, -0.9749142527580261
138, 6, 255, 47, -0.9755933880805969
138, 7, 354, 60, -0.4640074372291565
138, 8, 238, 59, -0.6141401529312134
138, 9, 327, 111, -0.8435975909233093
138, 10, 278, 112, -0.8862968683242798
138, 11, 418, 260, -0.10792442411184311
138, 12, 138, 257, -0.4984716773033142
138, 13, 435, 445, -0.026412358507514
138, 14, 82, 455, -0.49977773427963257
138, 15, 462, 620, -0.5111271739006042
138, 16, 63, 648, -0.9590033292770386
138, 17, 489, 664, -0.6224433183670044
138, 18, 48, 705, -1.0909018516540527
138, 19, 480, 661, -0.7255748510360718
138, 20, 74, 703, -1.1830203533172607
138, 21, 463, 646, -0.5776404142379761
138, 22, 87, 681, -1.0107449293136597
138, 23, 387, 649, 0.07351423054933548
138, 24, 200, 654, -0.06982658803462982
138, 25, 372, 962, 0.16171063482761383
138, 26, 193, 970, 0.017882220447063446
138, 27, 368, 1240, 0.8635241389274597
138, 28, 199, 1242, 0.5257986783981323
138, 29, 367, 1288, 0.8983616828918457
138, 30, 185, 1285, 0.5557898879051208
138, 31, 372, 1321, 0.35461148619651794
138, 32, 252, 1328, -0.09147430211305618
139, 0, 296, 73, -1.010188102722168
139, 1, 314, 45, -0.9281746745109558
139, 2, 327, 45, -0.9285909533500671
139, 3, 335, 46, -0.9287234544754028
139, 4, 274, 44, -0.9638400077819824
139, 5, 261, 45, -0.963843822479248
139, 6, 248, 45, -0.9645410776138306
139, 7, 348, 58, -0.4593925476074219
139, 8, 231, 57, -0.6098638772964478
139, 9, 321, 109, -0.8351356387138367
139, 10, 271, 110, -0.8776823878288269
139, 11, 415, 260, -0.11039489507675171
139, 12, 131, 259, -0.5061508417129517
139, 13, 433, 445, -0.04287039116024971
139, 14, 79, 457, -0.5166880488395691
139, 15, 463, 623, -0.5277647376060486
139, 16, 70, 657, -0.9539180994033813
139, 17, 488, 668, -0.6394889950752258
139, 18, 56, 716, -1.0846498012542725
139, 19, 478, 667, -0.7394558191299438
139, 20, 80, 716, -1.172048568725586
139, 21, 461, 650, -0.5932880640029907
139, 22, 92, 693, -1.0030686855316162
139, 23, 386, 650, 0.0734410285949707
139, 24, 197, 658, -0.0697530135512352
139, 25, 372, 966, 0.16956369578838348
139, 26, 193, 978, 0.018863936886191368
139, 27, 369, 1245, 0.8863994479179382
139, 28, 200, 1250, 0.5352347493171692
139, 29, 367, 1294, 0.9237169027328491
139, 30, 187, 1295, 0.5666541457176208
139, 31, 373, 1328, 0.38511013984680176
139, 32, 253, 1335, -0.07029911875724792
140, 0, 291, 70, -0.9796627759933472
140, 1, 309, 42, -0.8968418836593628
140, 2, 321, 43, -0.8971767425537109
140, 3, 329, 44, -0.8973039388656616
140, 4, 269, 41, -0.9363528490066528
140, 5, 256, 41, -0.9363319277763367
140, 6, 243, 42, -0.9369832873344421
140, 7, 343, 57, -0.434624046087265
140, 8, 226, 55, -0.6019838452339172
140, 9, 316, 107, -0.8077412843704224
140, 10, 267, 108, -0.8552533388137817
140, 11, 409, 259, -0.09602676331996918
140, 12, 125, 260, -0.5213526487350464
140, 13, 429, 446, -0.024801673367619514
140, 14, 75, 460, -0.5495285391807556
140, 15, 458, 626, -0.48053979873657227
140, 16, 71, 664, -0.9593677520751953
140, 17, 485, 669, -0.5803152322769165
140, 18, 59, 723, -1.0867266654968262
140, 19, 474, 669, -0.6755754351615906
140, 20, 84, 724, -1.1667041778564453
140, 21, 457, 653, -0.5442324280738831
140, 22, 96, 700, -1.0041102170944214
140, 23, 384, 651, 0.08285370469093323
140, 24, 196, 662, -0.07910598069429398
140, 25, 373, 968, 0.17135968804359436
140, 26, 194, 983, 0.004160310607403517
140, 27, 370, 1249, 0.8716967701911926
140, 28, 201, 1256, 0.4883987009525299
140, 29, 368, 1298, 0.9070672988891602
140, 30, 188, 1301, 0.5157929062843323
140, 31, 378, 1333, 0.37778905034065247
140, 32, 258, 1341, -0.1183810606598854
141, 0, 290, 69, -0.9273702502250671
141, 1, 308, 41, -0.846097469329834
141, 2, 318, 42, -0.8463215827941895
141, 3, 328, 42, -0.8465154767036438
141, 4, 268, 40, -0.8881212472915649
141, 5, 255, 41, -0.8880961537361145
141, 6, 241, 41, -0.8886458277702332
141, 7, 340, 56, -0.3981579840183258
141, 8, 223, 54, -0.5774927735328674
141, 9, 312, 106, -0.761304497718811
141, 10, 265, 108, -0.8118529319763184
141, 11, 404, 257, -0.09126551449298859
141, 12, 121, 262, -0.5207985639572144
141, 13, 427, 447, -0.012937474064528942
141, 14, 67, 465, -0.5635510087013245
141, 15, 459, 627, -0.4180988669395447
141, 16, 68, 675, -0.9567214250564575
141, 17, 485, 673, -0.5084565877914429
141, 18, 57, 733, -1.0785523653030396
141, 19, 474, 675, -0.5960089564323425
141, 20, 85, 736, -1.15885591506958
141, 21, 457, 658, -0.4763723909854889
141, 22, 96, 712, -0.999285876750946
141, 23, 385, 651, 0.08227477967739105
141, 24, 197, 664, -0.07863161712884903
141, 25, 378, 970, 0.17531979084014893
141, 26, 202, 990, 0.013955846428871155
141, 27, 382, 1254, 0.8887492418289185
141, 28, 220, 1266, 0.5094621181488037
141, 29, 381, 1303, 0.9262253046035767
141, 30, 208, 1311, 0.5400480628013611
141, 31, 395, 1339, 0.40798550844192505
141, 32, 280, 1352, -0.08418963849544525
142, 0, 289, 66, -0.927412211894989
142, 1, 306, 38, -0.8451001048088074
142, 2, 317, 38, -0.8452571034431458
142, 3, 328, 39, -0.8454777002334595
142, 4, 267, 37, -0.8864372968673706
142, 5, 251, 37, -0.8863899111747742
142, 6, 238, 37, -0.8869407773017883
142, 7, 339, 53, -0.3978100121021271
142, 8, 217, 52, -0.573150634765625
142, 9, 310, 104, -0.7622293829917908
142, 10, 261, 106, -0.8115847706794739
142, 11, 399, 256, -0.10652800649404526
142, 12, 115, 263, -0.5188047289848328
142, 13, 422, 452, -0.019435111433267593
142, 14, 63, 474, -0.5582450032234192
142, 15, 458, 637, -0.4171046316623688
142, 16, 63, 687, -0.955489993095398
142, 17, 485, 685, -0.5070921182632446
142, 18, 51, 747, -1.0743448734283447
142, 19, 472, 689, -0.5919457674026489
142, 20, 82, 751, -1.1555073261260986
142, 21, 456, 670, -0.4738433361053467
142, 22, 91, 727, -0.9991719126701355
142, 23, 383, 658, 0.05988321453332901
142, 24, 191, 674, -0.05617284029722214
142, 25, 384, 984, 0.17858314514160156
142, 26, 207, 1008, 0.11768349260091782
142, 27, 396, 1274, 0.9771472811698914
142, 28, 231, 1291, 0.6842499375343323
142, 29, 397, 1326, 1.0244284868240356
142, 30, 219, 1342, 0.7220659852027893
142, 31, 408, 1361, 0.48876482248306274
142, 32, 297, 1377, 0.07703696191310883
143, 0, 288, 66, -0.9446483850479126
143, 1, 304, 37, -0.8630169034004211
143, 2, 316, 37, -0.8632280230522156
143, 3, 327, 38, -0.8634296655654907
143, 4, 265, 36, -0.901971697807312
143, 5, 249, 36, -0.9019023180007935
143, 6, 236, 36, -0.9024704694747925
143, 7, 338, 52, -0.4091377854347229
143, 8, 212, 50, -0.5739685893058777
143, 9, 308, 104, -0.7764028310775757
143, 10, 259, 105, -0.8236986994743347
143, 11, 396, 256, -0.13942095637321472
143, 12, 109, 264, -0.5037851929664612
143, 13, 418, 452, -0.025012770667672157
143, 14, 59, 476, -0.5515431761741638
143, 15, 454, 637, -0.39456048607826233
143, 16, 37, 682, -0.9506069421768188
143, 17, 485, 685, -0.4764248728752136
143, 18, 21, 740, -1.0722100734710693
143, 19, 471, 690, -0.5583168864250183
143, 20, 51, 744, -1.1527096033096313
143, 21, 456, 670, -0.44833293557167053
143, 22, 61, 720, -0.9956784248352051
143, 23, 381, 659, 0.026288744062185287
143, 24, 185, 676, -0.022443823516368866
143, 25, 386, 986, 0.1594952642917633
143, 26, 209, 1010, 0.14326554536819458
143, 27, 403, 1276, 0.9522005319595337
143, 28, 236, 1293, 0.7250871062278748
143, 29, 406, 1327, 0.9978691935539246
143, 30, 225, 1342, 0.7645653486251831
143, 31, 411, 1364, 0.44161272048950195
143, 32, 298, 1379, 0.09810253977775574
144, 0, 284, 66, -0.8891040086746216
144, 1, 300, 38, -0.8104817271232605
144, 2, 313, 38, -0.8106918334960938
144, 3, 323, 39, -0.8109663724899292
144, 4, 262, 36, -0.8440713882446289
144, 5, 246, 36, -0.8438623547554016
144, 6, 231, 36, -0.8444131016731262
144, 7, 336, 52, -0.3845209777355194
144, 8, 207, 50, -0.5290277004241943
144, 9, 303, 104, -0.7336177229881287
144, 10, 255, 106, -0.7745057344436646
144, 11, 393, 256, -0.1445968747138977
144, 12, 105, 265, -0.44430026412010193
144, 13, 416, 453, -0.03852855786681175
144, 14, 55, 475, -0.4647853374481201
144, 15, 450, 637, -0.37875720858573914
144, 16, 15, 679, -0.8547693490982056
144, 17, 468, 692, -0.4546068608760834
144, 18, -6, 736, -0.9567137956619263
144, 19, 468, 689, -0.5336381196975708
144, 20, 22, 739, -1.0536352396011353
144, 21, 452, 669, -0.43063297867774963
144, 22, 35, 716, -0.9080795049667358
144, 23, 373, 659, 0.011037496849894524
144, 24, 179, 674, -0.007188127376139164
144, 25, 383, 984, 0.06311161816120148
144, 26, 208, 1005, 0.09792619198560715
144, 27, 402, 1273, 0.7869930863380432
144, 28, 234, 1287, 0.7221359610557556
144, 29, 404, 1323, 0.8250994682312012
144, 30, 222, 1335, 0.756115734577179
144, 31, 402, 1361, 0.28631293773651123
144, 32, 291, 1373, 0.06361957639455795
145, 0, 282, 66, -0.8857711553573608
145, 1, 298, 38, -0.8070799112319946
145, 2, 311, 38, -0.8073039054870605
145, 3, 321, 39, -0.8076151609420776
145, 4, 260, 36, -0.8381876945495605
145, 5, 244, 35, -0.8379536867141724
145, 6, 229, 35, -0.8385387659072876
145, 7, 334, 52, -0.38124799728393555
145, 8, 205, 49, -0.5128965973854065
145, 9, 300, 104, -0.7301712036132812
145, 10, 252, 105, -0.7674899697303772
145, 11, 392, 256, -0.14324256777763367
145, 12, 104, 265, -0.41810351610183716
145, 13, 412, 454, -0.0034384187310934067
145, 14, 50, 472, -0.4107391834259033
145, 15, 444, 638, -0.2734820246696472
145, 16, -17, 654, -0.8029853701591492
145, 17, 458, 693, -0.3349319398403168
145, 18, -44, 702, -0.9015091061592102
145, 19, 461, 688, -0.41338008642196655
145, 20, -22, 705, -1.0051813125610352
145, 21, 446, 668, -0.32364621758461
145, 22, -7, 686, -0.8605348467826843
145, 23, 368, 660, 0.016718553379178047
145, 24, 173, 674, -0.012877513654530048
145, 25, 381, 986, 0.050319015979766846
145, 26, 205, 1005, 0.08169727027416229
145, 27, 401, 1275, 0.7764019966125488
145, 28, 232, 1287, 0.6977248787879944
145, 29, 401, 1324, 0.8133605718612671
145, 30, 221, 1335, 0.7341394424438477
145, 31, 401, 1360, 0.2666904926300049
145, 32, 289, 1371, 0.02364792674779892
146, 0, 279, 66, -0.8829337954521179
146, 1, 295, 37, -0.8039248585700989
146, 2, 308, 38, -0.8041384816169739
146, 3, 318, 39, -0.8044503927230835
146, 4, 257, 35, -0.8335143327713013
146, 5, 240, 35, -0.8332861065864563
146, 6, 225, 34, -0.8338708877563477
146, 7, 331, 52, -0.37861406803131104
146, 8, 201, 49, -0.5020914077758789
146, 9, 297, 103, -0.7278321981430054
146, 10, 249, 105, -0.7627303600311279
146, 11, 391, 256, -0.14150914549827576
146, 12, 101, 266, -0.4091506898403168
146, 13, 410, 455, -0.013787413947284222
146, 14, 47, 470, -0.4028467535972595
146, 15, 440, 638, -0.3240836262702942
146, 16, -24, 646, -0.8056132197380066
146, 17, 453, 694, -0.40026387572288513
146, 18, -51, 693, -0.9081459045410156
146, 19, 452, 687, -0.4831593930721283
146, 20, -29, 695, -1.0096262693405151
146, 21, 437, 667, -0.37849560379981995
146, 22, -14, 676, -0.8626686930656433
146, 23, 364, 662, 0.019133808091282845
146, 24, 168, 674, -0.015226393938064575
146, 25, 378, 988, 0.04739309102296829
146, 26, 201, 1006, 0.07359867542982101
146, 27, 399, 1276, 0.7722164392471313
146, 28, 228, 1288, 0.6687389612197876
146, 29, 401, 1326, 0.808979868888855
146, 30, 218, 1336, 0.6989015340805054
146, 31, 398, 1362, 0.2604519724845886
146, 32, 282, 1372, -0.02297023870050907
