0, 0, 335, 232, -0.7056262493133545
0, 1, 353, 204, -0.6742327809333801
0, 2, 365, 204, -0.6738507151603699
0, 3, 374, 204, -0.6739216446876526
0, 4, 320, 206, -0.6596544981002808
0, 5, 311, 207, -0.6590209603309631
0, 6, 302, 208, -0.6594167351722717
0, 7, 397, 219, -0.4219067692756653
0, 8, 297, 224, -0.34098926186561584
0, 9, 361, 264, -0.6082061529159546
0, 10, 321, 265, -0.5844095945358276
0, 11, 510, 381, -0.3028899133205414
0, 12, 216, 386, -0.24402542412281036
0, 13, 582, 508, -0.3796718120574951
0, 14, 99, 491, -0.23880358040332794
0, 15, 598, 721, -0.6380298137664795
0, 16, 25, 686, -0.6113036870956421
0, 17, 620, 768, -0.7213978171348572
0, 18, -12, 732, -0.6974162459373474
0, 19, 588, 769, -0.7586178779602051
0, 20, 16, 735, -0.792931318283081
0, 21, 573, 754, -0.6705536842346191
0, 22, 37, 723, -0.6733235120773315
0, 23, 442, 751, -0.05003754422068596
0, 24, 250, 751, 0.055814195424318314
0, 25, 431, 1041, 0.021251078695058823
0, 26, 243, 1031, 0.01530950516462326
0, 27, 430, 1295, 0.6245716214179993
0, 28, 248, 1286, 0.44353294372558594
0, 29, 435, 1339, 0.6556412577629089
0, 30, 247, 1331, 0.47465211153030396
0, 31, 400, 1381, 0.16095378994941711
0, 32, 277, 1369, -0.078530453145504
1, 0, 335, 232, -0.7589432597160339
1, 1, 353, 205, -0.7336763739585876
1, 2, 365, 204, -0.7333730459213257
1, 3, 375, 204, -0.7334715723991394
1, 4, 320, 206, -0.709691047668457
1, 5, 311, 207, -0.7088239789009094
1, 6, 303, 208, -0.7091209292411804
1, 7, 397, 219, -0.48779505491256714
1, 8, 298, 224, -0.361305832862854
1, 9, 361, 264, -0.6630798578262329
1, 10, 321, 265, -0.6262463331222534
1, 11, 510, 381, -0.3496049642562866
1, 12, 216, 385, -0.2596321702003479
1, 13, 582, 505, -0.3970009684562683
1, 14, 99, 485, -0.3327362537384033
1, 15, 603, 723, -0.6226664781570435
1, 16, 14, 667, -0.7854337096214294
1, 17, 627, 771, -0.6921697854995728
1, 18, -27, 708, -0.8818635940551758
1, 19, 594, 775, -0.7359123229980469
1, 20, 1, 711, -0.9693737030029297
1, 21, 578, 759, -0.6568964123725891
1, 22, 22, 700, -0.8472020030021667
1, 23, 445, 751, -0.05824398249387741
1, 24, 254, 751, 0.06415168195962906
1, 25, 434, 1042, -0.08872125297784805
1, 26, 249, 1035, 0.040433619171381
1, 27, 440, 1299, 0.471500962972641
1, 28, 261, 1290, 0.4100225865840912
1, 29, 448, 1343, 0.496284157037735
1, 30, 260, 1333, 0.4302894175052643
1, 31, 405, 1382, -0.05602022260427475
1, 32, 287, 1374, -0.14547687768936157
2, 0, 336, 232, -0.7922716736793518
2, 1, 353, 205, -0.7664125561714172
2, 2, 365, 204, -0.7661329507827759
2, 3, 376, 204, -0.7662408351898193
2, 4, 320, 206, -0.74197918176651
2, 5, 312, 207, -0.7411035299301147
2, 6, 304, 208, -0.7414037585258484
2, 7, 398, 219, -0.5133201479911804
2, 8, 299, 223, -0.3829679787158966
2, 9, 361, 264, -0.6935756802558899
2, 10, 321, 264, -0.6559897065162659
2, 11, 510, 381, -0.3653342127799988
2, 12, 216, 384, -0.27657440304756165
2, 13, 582, 504, -0.41222959756851196
2, 14, 99, 483, -0.37008219957351685
2, 15, 605, 725, -0.6315275430679321
2, 16, 9, 660, -0.8451654314994812
2, 17, 630, 776, -0.6956058144569397
2, 18, -32, 699, -0.9462577104568481
2, 19, 596, 781, -0.7461110353469849
2, 20, -4, 703, -1.0334476232528687
2, 21, 580, 763, -0.6677902936935425
2, 22, 16, 693, -0.9072221517562866
2, 23, 448, 751, -0.06030549854040146
2, 24, 256, 751, 0.06625708192586899
2, 25, 436, 1044, -0.10057942569255829
2, 26, 253, 1037, 0.03997965529561043
2, 27, 444, 1303, 0.4577082097530365
2, 28, 265, 1293, 0.390887051820755
2, 29, 453, 1347, 0.4819902777671814
2, 30, 264, 1337, 0.4091596007347107
2, 31, 408, 1384, -0.07822711765766144
2, 32, 291, 1378, -0.17612460255622864
3, 0, 336, 232, -0.7913491129875183
3, 1, 353, 205, -0.7644597291946411
3, 2, 365, 204, -0.7641592025756836
3, 3, 376, 204, -0.7642444372177124
3, 4, 321, 206, -0.7408222556114197
3, 5, 312, 207, -0.7399629354476929
3, 6, 305, 208, -0.7402575612068176
3, 7, 398, 219, -0.5107374787330627
3, 8, 300, 223, -0.3842298090457916
3, 9, 361, 264, -0.692965567111969
3, 10, 321, 264, -0.6564651131629944
3, 11, 510, 381, -0.36951667070388794
3, 12, 217, 383, -0.28049200773239136
3, 13, 582, 503, -0.4224311411380768
3, 14, 100, 481, -0.3758507966995239
3, 15, 606, 726, -0.6449751853942871
3, 16, 9, 660, -0.8569256067276001
3, 17, 632, 777, -0.7131130695343018
3, 18, -32, 700, -0.9605675935745239
3, 19, 598, 782, -0.7635535001754761
3, 20, -4, 704, -1.049067497253418
3, 21, 582, 764, -0.6817995309829712
3, 22, 17, 693, -0.9197059869766235
3, 23, 450, 751, -0.06219959259033203
3, 24, 258, 751, 0.06813694536685944
3, 25, 438, 1044, -0.08971496671438217
3, 26, 255, 1039, 0.04916540905833244
3, 27, 447, 1304, 0.4802720546722412
3, 28, 268, 1295, 0.3980877995491028
3, 29, 455, 1349, 0.5060888528823853
3, 30, 267, 1338, 0.42027050256729126
3, 31, 410, 1385, -0.045814935117959976
3, 32, 294, 1380, -0.1567065268754959
4, 0, 336, 232, -0.7828521132469177
4, 1, 353, 205, -0.7552335262298584
4, 2, 365, 204, -0.7549272775650024
4, 3, 377, 204, -0.7549976706504822
4, 4, 321, 206, -0.7326726317405701
4, 5, 313, 207, -0.7318505048751831
4, 6, 306, 208, -0.7321459054946899
4, 7, 398, 219, -0.5041255950927734
4, 8, 300, 223, -0.3827252686023712
4, 9, 361, 264, -0.6859090924263
4, 10, 321, 264, -0.6509628891944885
4, 11, 510, 381, -0.36855044960975647
4, 12, 217, 383, -0.28096574544906616
4, 13, 591, 554, -0.42107778787612915
4, 14, 100, 481, -0.36830946803092957
4, 15, 607, 727, -0.6447834968566895
4, 16, 8, 660, -0.8483322858810425
4, 17, 632, 778, -0.7135811448097229
4, 18, -33, 701, -0.9539914131164551
4, 19, 598, 783, -0.7645091414451599
4, 20, -4, 704, -1.045039415359497
4, 21, 582, 765, -0.681165874004364
4, 22, 16, 693, -0.9125819206237793
4, 23, 450, 752, -0.06245633214712143
4, 24, 259, 751, 0.06840060651302338
4, 25, 439, 1045, -0.10745493322610855
4, 26, 256, 1040, 0.043572597205638885
4, 27, 448, 1306, 0.44258779287338257
4, 28, 270, 1297, 0.3667430281639099
4, 29, 456, 1351, 0.4660475254058838
4, 30, 269, 1340, 0.38498958945274353
4, 31, 412, 1386, -0.08508079499006271
4, 32, 296, 1381, -0.19407585263252258
5, 0, 336, 232, -0.7973061800003052
5, 1, 353, 205, -0.7664563059806824
5, 2, 365, 204, -0.7661445736885071
5, 3, 377, 204, -0.7662091255187988
5, 4, 321, 206, -0.7474936246871948
5, 5, 313, 207, -0.7466875910758972
5, 6, 307, 208, -0.746989369392395
5, 7, 398, 219, -0.5052870512008667
5, 8, 301, 222, -0.3998261094093323
5, 9, 361, 264, -0.6968414783477783
5, 10, 321, 264, -0.6666335463523865
5, 11, 510, 381, -0.3642544448375702
5, 12, 217, 383, -0.3022882044315338
5, 13, 596, 562, -0.4182165563106537
5, 14, 102, 481, -0.3866269588470459
5, 15, 608, 727, -0.6445956826210022
5, 16, 12, 662, -0.8447696566581726
5, 17, 633, 778, -0.7137199640274048
5, 18, -29, 702, -0.9473549723625183
5, 19, 599, 782, -0.7643232941627502
5, 20, 0, 706, -1.035786509513855
5, 21, 583, 765, -0.6807111501693726
5, 22, 22, 695, -0.9061689376831055
5, 23, 451, 752, -0.062272824347019196
5, 24, 260, 751, 0.06821689754724503
5, 25, 440, 1045, -0.10914270579814911
5, 26, 258, 1041, 0.041946329176425934
5, 27, 449, 1306, 0.43308836221694946
5, 28, 273, 1298, 0.36640995740890503
5, 29, 458, 1351, 0.45609521865844727
5, 30, 272, 1341, 0.38416174054145813
5, 31, 415, 1386, -0.09134075045585632
5, 32, 298, 1382, -0.1903088390827179
6, 0, 337, 232, -0.8758597373962402
6, 1, 354, 205, -0.8390596508979797
6, 2, 366, 204, -0.8387507200241089
6, 3, 378, 204, -0.8388344645500183
6, 4, 322, 206, -0.8228119015693665
6, 5, 314, 207, -0.821998119354248
6, 6, 307, 208, -0.822321891784668
6, 7, 399, 219, -0.545517086982727
6, 8, 301, 222, -0.45214587450027466
6, 9, 362, 264, -0.7637802362442017
6, 10, 322, 264, -0.7367234826087952
6, 11, 510, 382, -0.3664619028568268
6, 12, 217, 383, -0.34263405203819275
6, 13, 597, 566, -0.41637730598449707
6, 14, 102, 481, -0.4200263023376465
6, 15, 608, 727, -0.6736440658569336
6, 16, 16, 668, -0.8794172406196594
6, 17, 634, 778, -0.7479221820831299
6, 18, -25, 710, -0.9842726588249207
6, 19, 599, 783, -0.8012728691101074
6, 20, 5, 717, -1.0734248161315918
6, 21, 583, 765, -0.7126826047897339
6, 22, 26, 705, -0.9395321607589722
6, 23, 451, 752, -0.060346268117427826
6, 24, 260, 751, 0.0662376657128334
6, 25, 440, 1046, -0.09589052945375443
6, 26, 258, 1042, 0.039015866816043854
6, 27, 450, 1308, 0.4608730673789978
6, 28, 272, 1300, 0.37436944246292114
6, 29, 458, 1353, 0.4850585460662842
6, 30, 272, 1343, 0.393290638923645
6, 31, 415, 1388, -0.0770692527294159
6, 32, 298, 1384, -0.19834290444850922
7, 0, 337, 232, -0.8955360651016235
7, 1, 354, 205, -0.8569208383560181
7, 2, 367, 204, -0.8566216230392456
7, 3, 379, 204, -0.8567171096801758
7, 4, 322, 206, -0.843248724937439
7, 5, 314, 207, -0.8424795866012573
7, 6, 308, 208, -0.8428303003311157
7, 7, 399, 219, -0.5582081079483032
7, 8, 302, 222, -0.4771544933319092
7, 9, 362, 264, -0.7817135453224182
7, 10, 322, 264, -0.7581004500389099
7, 11, 510, 382, -0.3697879910469055
7, 12, 217, 383, -0.3699042499065399
7, 13, 596, 568, -0.4152600169181824
7, 14, 104, 483, -0.43463483452796936
7, 15, 608, 727, -0.6853587031364441
7, 16, 36, 685, -0.8776413202285767
7, 17, 634, 778, -0.7649511098861694
7, 18, 0, 731, -0.9832502603530884
7, 19, 599, 784, -0.8194969296455383
7, 20, 32, 741, -1.0716015100479126
7, 21, 583, 766, -0.7254480123519897
7, 22, 51, 726, -0.936077892780304
7, 23, 451, 752, -0.05927933380007744
7, 24, 261, 751, 0.06514397263526917
7, 25, 441, 1046, -0.09451479464769363
7, 26, 260, 1044, 0.038332369178533554
7, 27, 451, 1310, 0.4668710231781006
7, 28, 274, 1303, 0.3785412609577179
7, 29, 459, 1356, 0.49114346504211426
7, 30, 273, 1347, 0.3975815773010254
7, 31, 416, 1389, -0.0762985572218895
7, 32, 299, 1386, -0.19471274316310883
8, 0, 338, 232, -0.9465282559394836
8, 1, 355, 205, -0.904898464679718
8, 2, 367, 204, -0.9046279788017273
8, 3, 379, 204, -0.9047530293464661
8, 4, 323, 206, -0.8949043154716492
8, 5, 315, 207, -0.8941463232040405
8, 6, 308, 208, -0.8945015072822571
8, 7, 399, 219, -0.5872296690940857
8, 8, 302, 222, -0.5232294797897339
8, 9, 362, 264, -0.8250030279159546
8, 10, 322, 264, -0.8062949180603027
8, 11, 510, 383, -0.373004674911499
8, 12, 217, 383, -0.4037468433380127
8, 13, 596, 568, -0.3974621891975403
8, 14, 104, 484, -0.4467221200466156
8, 15, 608, 727, -0.680121898651123
8, 16, 45, 692, -0.8793937563896179
8, 17, 634, 778, -0.7589736580848694
8, 18, 10, 739, -0.9868555068969727
8, 19, 599, 784, -0.8108516931533813
8, 20, 44, 749, -1.0745693445205688
8, 21, 583, 766, -0.7183190584182739
8, 22, 62, 733, -0.9364979863166809
8, 23, 451, 753, -0.057722944766283035
8, 24, 261, 751, 0.06350095570087433
8, 25, 441, 1047, -0.09110824018716812
8, 26, 259, 1045, 0.03931533172726631
8, 27, 450, 1311, 0.49712496995925903
8, 28, 273, 1304, 0.4094415307044983
8, 29, 458, 1357, 0.522341251373291
8, 30, 273, 1347, 0.4291411340236664
8, 31, 416, 1391, -0.05919972062110901
8, 32, 299, 1387, -0.18858158588409424
9, 0, 338, 232, -0.9288625717163086
9, 1, 355, 205, -0.8878148794174194
9, 2, 367, 204, -0.887553870677948
9, 3, 379, 204, -0.8877004384994507
9, 4, 323, 206, -0.8760177493095398
9, 5, 315, 207, -0.875220000743866
9, 6, 309, 208, -0.8755709528923035
9, 7, 399, 219, -0.5742413401603699
9, 8, 302, 222, -0.5025120973587036
9, 9, 363, 264, -0.809077262878418
9, 10, 322, 264, -0.7881328463554382
9, 11, 510, 383, -0.37068185210227966
9, 12, 217, 383, -0.3831126391887665
9, 13, 595, 568, -0.37746402621269226
9, 14, 102, 484, -0.4275384843349457
9, 15, 608, 727, -0.6716707944869995
9, 16, 42, 690, -0.8609834909439087
9, 17, 634, 779, -0.7520297765731812
9, 18, 6, 737, -0.9662762880325317
9, 19, 599, 785, -0.8072541356086731
9, 20, 39, 745, -1.0557948350906372
9, 21, 583, 766, -0.7149633169174194
9, 22, 58, 730, -0.9195472598075867
9, 23, 451, 753, -0.05721498653292656
9, 24, 261, 751, 0.06296847760677338
9, 25, 441, 1047, -0.08669765293598175
9, 26, 259, 1045, 0.04727207496762276
9, 27, 450, 1311, 0.5029974579811096
9, 28, 273, 1304, 0.42909058928489685
9, 29, 458, 1357, 0.5285118818283081
9, 30, 272, 1347, 0.449267715215683
9, 31, 416, 1391, -0.04957461357116699
9, 32, 299, 1387, -0.17718330025672913
10, 0, 338, 232, -0.9337508082389832
10, 1, 355, 205, -0.8940763473510742
10, 2, 367, 205, -0.8938676118850708
10, 3, 379, 205, -0.894056499004364
10, 4, 323, 206, -0.8791333436965942
10, 5, 315, 207, -0.8782835006713867
10, 6, 309, 208, -0.878646731376648
10, 7, 399, 219, -0.5773618221282959
10, 8, 302, 222, -0.4923146665096283
10, 9, 363, 264, -0.8130586743354797
10, 10, 322, 264, -0.7877019643783569
10, 11, 510, 383, -0.3739512860774994
10, 12, 217, 383, -0.36823755502700806
10, 13, 594, 569, -0.3777667284011841
10, 14, 100, 483, -0.4180929660797119
10, 15, 608, 727, -0.6926470994949341
10, 16, 22, 678, -0.87042236328125
10, 17, 634, 779, -0.7766400575637817
10, 18, -16, 721, -0.9768139719963074
10, 19, 599, 785, -0.8382490277290344
10, 20, 12, 728, -1.071770429611206
10, 21, 583, 766, -0.7372111082077026
10, 22, 31, 715, -0.9322803616523743
10, 23, 450, 753, -0.05771346017718315
10, 24, 261, 751, 0.06344921886920929
10, 25, 440, 1047, -0.07361853867769241
10, 26, 259, 1045, 0.11063162237405777
10, 27, 450, 1311, 0.5484102368354797
10, 28, 273, 1303, 0.5198613405227661
10, 29, 458, 1357, 0.5768181085586548
10, 30, 272, 1347, 0.5431254506111145
10, 31, 416, 1391, -0.020420214161276817
10, 32, 299, 1387, -0.07837112247943878
11, 0, 338, 232, -0.910359263420105
11, 1, 355, 205, -0.8730355501174927
11, 2, 367, 205, -0.8728033900260925
11, 3, 379, 205, -0.87297123670578
11, 4, 323, 206, -0.8568458557128906
11, 5, 315, 207, -0.8560175895690918
11, 6, 309, 208, -0.856378436088562
11, 7, 399, 219, -0.5689376592636108
11, 8, 303, 222, -0.4820687770843506
11, 9, 363, 264, -0.7947143316268921
11, 10, 322, 263, -0.7680550813674927
11, 11, 510, 383, -0.3732389509677887
11, 12, 217, 382, -0.36723440885543823
11, 13, 593, 570, -0.3791385889053345
11, 14, 100, 482, -0.4118790030479431
11, 15, 607, 727, -0.6906286478042603
11, 16, 13, 666, -0.8627087473869324
11, 17, 634, 780, -0.7748127579689026
11, 18, -26, 707, -0.9674807786941528
11, 19, 599, 786, -0.8282783627510071
11, 20, 0, 713, -1.062595009803772
11, 21, 583, 767, -0.7316442728042603
11, 22, 20, 701, -0.9251734018325806
11, 23, 450, 753, -0.058022987097501755
11, 24, 261, 751, 0.06374026834964752
11, 25, 439, 1047, -0.07618926465511322
11, 26, 257, 1045, 0.10370106995105743
11, 27, 448, 1310, 0.5407356023788452
11, 28, 271, 1303, 0.49476027488708496
11, 29, 456, 1357, 0.568317174911499
11, 30, 270, 1347, 0.5165021419525146
11, 31, 413, 1390, -0.033237967640161514
11, 32, 296, 1387, -0.0934734046459198
12, 0, 338, 232, -0.883854866027832
12, 1, 355, 205, -0.8433153033256531
12, 2, 367, 205, -0.843182384967804
12, 3, 379, 205, -0.8434508442878723
12, 4, 323, 206, -0.8262106776237488
12, 5, 315, 207, -0.8253606557846069
12, 6, 309, 208, -0.8257678747177124
12, 7, 399, 219, -0.5285993814468384
12, 8, 303, 222, -0.4358311593532562
12, 9, 363, 264, -0.7641986012458801
12, 10, 322, 264, -0.7367775440216064
12, 11, 510, 383, -0.33824729919433594
12, 12, 217, 382, -0.31203192472457886
12, 13, 593, 569, -0.33881598711013794
12, 14, 100, 482, -0.3763601779937744
12, 15, 607, 727, -0.6189066171646118
12, 16, 1, 648, -0.8569914102554321
12, 17, 634, 780, -0.6912989020347595
12, 18, -41, 685, -0.9607222676277161
12, 19, 599, 786, -0.7520213723182678
12, 20, -15, 690, -1.054313063621521
12, 21, 583, 767, -0.6616586446762085
12, 22, 4, 680, -0.9183584451675415
12, 23, 449, 753, -0.05844449996948242
12, 24, 260, 751, 0.06408700346946716
12, 25, 437, 1047, -0.08796713501214981
12, 26, 255, 1045, 0.09315897524356842
12, 27, 445, 1310, 0.495853990316391
12, 28, 268, 1303, 0.4827067255973816
12, 29, 453, 1356, 0.5200876593589783
12, 30, 267, 1346, 0.4978925287723541
12, 31, 411, 1389, -0.0692778080701828
12, 32, 293, 1386, -0.12120983749628067
13, 0, 338, 232, -0.8285045623779297
13, 1, 355, 205, -0.800556480884552
13, 2, 367, 205, -0.8004723787307739
13, 3, 380, 205, -0.8007701635360718
13, 4, 323, 206, -0.7754110097885132
13, 5, 315, 207, -0.7746556401252747
13, 6, 309, 208, -0.7751448154449463
13, 7, 400, 219, -0.5271698236465454
13, 8, 303, 222, -0.4074782431125641
13, 9, 363, 264, -0.7268601655960083
13, 10, 322, 263, -0.6893807649612427
13, 11, 509, 383, -0.34036633372306824
13, 12, 217, 381, -0.29280585050582886
13, 13, 590, 522, -0.34361687302589417
13, 14, 100, 482, -0.3486396372318268
13, 15, 607, 727, -0.6257210969924927
13, 16, -5, 635, -0.8217488527297974
13, 17, 633, 780, -0.7005742192268372
13, 18, -49, 670, -0.9245764017105103
13, 19, 597, 785, -0.7590646743774414
13, 20, -25, 674, -1.0204471349716187
13, 21, 582, 765, -0.6675733327865601
13, 22, -4, 664, -0.88641756772995
13, 23, 448, 753, -0.058574169874191284
13, 24, 259, 749, 0.06419751048088074
13, 25, 433, 1047, -0.09429285675287247
13, 26, 249, 1042, 0.07829024642705917
13, 27, 438, 1310, 0.4672986567020416
13, 28, 257, 1301, 0.4298858046531677
13, 29, 445, 1356, 0.48992720246315
13, 30, 255, 1343, 0.44449400901794434
13, 31, 402, 1389, -0.09188718348741531
13, 32, 281, 1384, -0.16426408290863037
14, 0, 338, 231, -0.8279896974563599
14, 1, 355, 205, -0.7988132238388062
14, 2, 368, 205, -0.7987291812896729
14, 3, 380, 205, -0.7990210652351379
14, 4, 324, 206, -0.7746952176094055
14, 5, 315, 207, -0.7739384770393372
14, 6, 309, 208, -0.7744362354278564
14, 7, 400, 219, -0.5260530710220337
14, 8, 304, 221, -0.404599130153656
14, 9, 363, 263, -0.7243826985359192
14, 10, 323, 263, -0.687965989112854
14, 11, 509, 383, -0.33356183767318726
14, 12, 217, 380, -0.2860985994338989
14, 13, 589, 507, -0.35110777616500854
14, 14, 101, 481, -0.33132821321487427
14, 15, 607, 724, -0.649065375328064
14, 16, -5, 631, -0.8004031181335449
14, 17, 633, 778, -0.7259889245033264
14, 18, -49, 667, -0.9049355387687683
14, 19, 597, 783, -0.788634181022644
14, 20, -25, 671, -1.0016199350357056
14, 21, 582, 762, -0.6935170292854309
14, 22, -5, 661, -0.8657304048538208
14, 23, 447, 752, -0.05847378447651863
14, 24, 258, 747, 0.06409510225057602
14, 25, 430, 1046, -0.09809146821498871
14, 26, 246, 1039, 0.07654525339603424
14, 27, 434, 1309, 0.46413880586624146
14, 28, 253, 1298, 0.4274803698062897
14, 29, 442, 1356, 0.4869205355644226
14, 30, 251, 1341, 0.4423973560333252
14, 31, 398, 1386, -0.10453782230615616
14, 32, 277, 1381, -0.16861864924430847
15, 0, 339, 231, -0.8310419321060181
15, 1, 356, 205, -0.8006206750869751
15, 2, 368, 205, -0.800519585609436
15, 3, 380, 205, -0.8007881045341492
15, 4, 325, 206, -0.7780189514160156
15, 5, 316, 206, -0.7772542238235474
15, 6, 310, 207, -0.7777251601219177
15, 7, 400, 219, -0.5185291171073914
15, 8, 304, 221, -0.40707260370254517
15, 9, 363, 263, -0.7255198359489441
15, 10, 323, 262, -0.6914022564888
15, 11, 509, 383, -0.31453612446784973
15, 12, 218, 379, -0.2863864302635193
15, 13, 588, 503, -0.3362790644168854
15, 14, 102, 481, -0.33036425709724426
15, 15, 607, 722, -0.6473757028579712
15, 16, -3, 631, -0.7958518862724304
15, 17, 632, 776, -0.7246524095535278
15, 18, -46, 668, -0.9016645550727844
15, 19, 597, 780, -0.7868611216545105
15, 20, -21, 673, -0.9966902732849121
15, 21, 582, 759, -0.6918994188308716
15, 22, -1, 662, -0.8598896861076355
15, 23, 445, 752, -0.057843439280986786
15, 24, 256, 745, 0.063441202044487
15, 25, 427, 1044, -0.10434099286794662
15, 26, 244, 1037, 0.06132373958826065
15, 27, 431, 1308, 0.4446357786655426
15, 28, 251, 1296, 0.40076369047164917
15, 29, 438, 1355, 0.46575164794921875
15, 30, 250, 1338, 0.4152030944824219
15, 31, 394, 1384, -0.12947730720043182
15, 32, 276, 1378, -0.2002992182970047
16, 0, 340, 231, -0.8986011743545532
16, 1, 357, 205, -0.8621614575386047
16, 2, 369, 205, -0.8621551394462585
16, 3, 381, 205, -0.8623892068862915
16, 4, 325, 206, -0.8442785143852234
16, 5, 317, 206, -0.843529224395752
16, 6, 310, 207, -0.8440564870834351
16, 7, 401, 219, -0.5510163903236389
16, 8, 305, 221, -0.4538934826850891
16, 9, 364, 263, -0.7792036533355713
16, 10, 323, 262, -0.7509247064590454
16, 11, 508, 382, -0.3282255232334137
16, 12, 218, 378, -0.312656044960022
16, 13, 588, 496, -0.38197654485702515
16, 14, 102, 480, -0.3903866112232208
16, 15, 608, 716, -0.7600085139274597
16, 16, -16, 609, -0.8846660852432251
16, 17, 633, 771, -0.8477574586868286
16, 18, -60, 641, -0.9997652769088745
16, 19, 598, 773, -0.9150081872940063
16, 20, -38, 644, -1.0977234840393066
16, 21, 584, 752, -0.8087143898010254
16, 22, -18, 636, -0.9514824748039246
16, 23, 445, 750, -0.05349817872047424
16, 24, 255, 743, 0.05902978032827377
16, 25, 427, 1042, -0.09097470343112946
16, 26, 245, 1034, 0.029387127608060837
16, 27, 432, 1305, 0.4638362526893616
16, 28, 252, 1294, 0.3908180296421051
16, 29, 439, 1352, 0.48385611176490784
16, 30, 250, 1337, 0.4072372019290924
16, 31, 395, 1382, -0.11140771955251694
16, 32, 277, 1376, -0.22474165260791779
17, 0, 340, 230, -0.8932735323905945
17, 1, 357, 204, -0.8556963205337524
17, 2, 370, 204, -0.8557738065719604
17, 3, 381, 205, -0.8560103178024292
17, 4, 326, 205, -0.8372704386711121
17, 5, 318, 205, -0.8366243243217468
17, 6, 311, 206, -0.8372640609741211
17, 7, 401, 219, -0.5451472997665405
17, 8, 305, 221, -0.44943293929100037
17, 9, 364, 262, -0.7740854620933533
17, 10, 323, 261, -0.7465339303016663
17, 11, 508, 382, -0.3283243775367737
17, 12, 218, 377, -0.3121853470802307
17, 13, 588, 497, -0.3917233347892761
17, 14, 101, 478, -0.40796199440956116
17, 15, 607, 715, -0.7733379602432251
17, 16, -20, 599, -0.9174396395683289
17, 17, 632, 770, -0.8601034879684448
17, 18, -62, 629, -1.031387209892273
17, 19, 598, 772, -0.9226723909378052
17, 20, -40, 630, -1.1215347051620483
17, 21, 584, 751, -0.8196490406990051
17, 22, -21, 623, -0.9807157516479492
17, 23, 444, 749, -0.04817351698875427
17, 24, 255, 743, 0.0536029152572155
17, 25, 427, 1041, -0.0890192985534668
17, 26, 245, 1034, 0.015413319692015648
17, 27, 432, 1305, 0.4673551619052887
17, 28, 253, 1294, 0.36913973093032837
17, 29, 440, 1352, 0.48843058943748474
17, 30, 251, 1336, 0.3849312365055084
17, 31, 396, 1381, -0.10453275591135025
17, 32, 277, 1376, -0.240234375
18, 0, 343, 230, -0.8449331521987915
18, 1, 361, 204, -0.7973985075950623
18, 2, 373, 204, -0.7974395155906677
18, 3, 383, 205, -0.797522246837616
18, 4, 329, 205, -0.7820624113082886
18, 5, 320, 205, -0.7813138365745544
18, 6, 313, 206, -0.7815306186676025
18, 7, 402, 220, -0.44661301374435425
18, 8, 307, 221, -0.3706144392490387
18, 9, 365, 262, -0.7139632701873779
18, 10, 325, 261, -0.6925643682479858
18, 11, 503, 378, -0.27051493525505066
18, 12, 220, 375, -0.19432231783866882
18, 13, 587, 490, -0.37575817108154297
18, 14, 101, 474, -0.5983898043632507
18, 15, 612, 696, -0.7472513914108276
18, 16, -12, 471, -1.5806936025619507
18, 17, 633, 744, -0.8351268768310547
18, 18, -47, 439, -1.7578719854354858
18, 19, 602, 736, -0.8924334645271301
18, 20, 0, 427, -1.7778692245483398
18, 21, 588, 724, -0.7910294532775879
18, 22, 25, 435, -1.6249644756317139
18, 23, 441, 741, -0.05109225958585739
18, 24, 253, 736, 0.056207817047834396
18, 25, 425, 1035, -0.07279438525438309
18, 26, 245, 1030, 0.04119357094168663
18, 27, 428, 1301, 0.4945959448814392
18, 28, 252, 1290, 0.3881840109825134
18, 29, 433, 1343, 0.5151337385177612
18, 30, 251, 1327, 0.4052055776119232
18, 31, 396, 1376, -0.07641527056694031
18, 32, 274, 1371, -0.23471391201019287
19, 0, 345, 229, -0.8338030576705933
19, 1, 364, 204, -0.7804688215255737
19, 2, 375, 204, -0.7805484533309937
19, 3, 385, 205, -0.7803851962089539
19, 4, 333, 204, -0.7686463594436646
19, 5, 323, 204, -0.7679737210273743
19, 6, 314, 205, -0.7681121230125427
19, 7, 403, 221, -0.4065518379211426
19, 8, 308, 220, -0.34475210309028625
19, 9, 367, 261, -0.6965160369873047
19, 10, 326, 260, -0.6793078184127808
19, 11, 495, 374, -0.21093802154064178
19, 12, 220, 374, -0.12728697061538696
19, 13, 585, 490, -0.5071709752082825
19, 14, 85, 523, -0.5770618915557861
19, 15, 574, 603, -1.1444387435913086
19, 16, 37, 463, -1.640016794204712
19, 17, 573, 622, -1.2778949737548828
19, 18, 16, 419, -1.8191083669662476
19, 19, 492, 527, -1.2580626010894775
19, 20, 56, 396, -1.8139228820800781
19, 21, 490, 518, -1.1599730253219604
19, 22, 70, 411, -1.6700191497802734
19, 23, 437, 738, -0.07139966636896133
19, 24, 252, 733, 0.07672803103923798
19, 25, 424, 1031, -0.17322884500026703
19, 26, 245, 1027, 0.049656618386507034
19, 27, 423, 1298, 0.30534446239471436
19, 28, 253, 1285, 0.3672162890434265
19, 29, 427, 1338, 0.3163204789161682
19, 30, 251, 1321, 0.38033542037010193
19, 31, 395, 1372, -0.268890380859375
19, 32, 273, 1365, -0.23232348263263702
20, 0, 347, 226, -0.88421630859375
20, 1, 366, 203, -0.8215799331665039
20, 2, 377, 204, -0.8216422200202942
20, 3, 387, 205, -0.8212867975234985
20, 4, 335, 202, -0.8061712980270386
20, 5, 325, 202, -0.8053984642028809
20, 6, 317, 203, -0.8052384257316589
20, 7, 404, 221, -0.4325917661190033
20, 8, 310, 218, -0.3512328863143921
20, 9, 368, 259, -0.7350245118141174
20, 10, 328, 256, -0.7128220796585083
20, 11, 490, 368, -0.23298826813697815
20, 12, 223, 374, -0.11753617227077484
20, 13, 585, 487, -0.5085132718086243
20, 14, 86, 533, -0.5867565274238586
20, 15, 582, 620, -1.1256592273712158
20, 16, 111, 424, -1.6552835702896118
20, 17, 578, 647, -1.2706085443496704
20, 18, 102, 372, -1.8537794351577759
20, 19, 535, 619, -1.280028223991394
20, 20, 129, 347, -1.8217732906341553
20, 21, 524, 613, -1.155367136001587
20, 22, 141, 370, -1.6769561767578125
20, 23, 438, 728, -0.0994095653295517
20, 24, 256, 729, 0.10486996173858643
20, 25, 429, 1027, -0.24636439979076385
20, 26, 260, 1027, 0.11165066063404083
20, 27, 434, 1296, 0.23622456192970276
20, 28, 272, 1286, 0.43990015983581543
20, 29, 439, 1336, 0.24419072270393372
20, 30, 270, 1322, 0.45672646164894104
20, 31, 408, 1367, -0.3910426199436188
20, 32, 288, 1365, -0.18646696209907532
21, 0, 350, 224, -0.9369635581970215
21, 1, 370, 201, -0.8722384572029114
21, 2, 381, 203, -0.8722884058952332
21, 3, 390, 204, -0.87212073802948
21, 4, 339, 200, -0.8575681447982788
21, 5, 329, 201, -0.8570785522460938
21, 6, 319, 201, -0.8570225834846497
21, 7, 409, 221, -0.4472437798976898
21, 8, 313, 217, -0.3576352298259735
21, 9, 370, 257, -0.7840253114700317
21, 10, 329, 254, -0.762629508972168
21, 11, 491, 364, -0.24262186884880066
21, 12, 227, 371, -0.11601649224758148
21, 13, 587, 488, -0.47778159379959106
21, 14, 89, 522, -0.5664469003677368
21, 15, 585, 619, -0.9824396371841431
21, 16, 159, 409, -1.5658745765686035
21, 17, 589, 647, -1.1144222021102905
21, 18, 151, 349, -1.7638660669326782
21, 19, 550, 628, -1.1287341117858887
21, 20, 172, 327, -1.7117149829864502
21, 21, 538, 623, -1.0117489099502563
21, 22, 192, 358, -1.5765656232833862
21, 23, 438, 720, -0.11890894174575806
21, 24, 259, 719, 0.12389644235372543
21, 25, 430, 1025, -0.30264362692832947
21, 26, 262, 1023, 0.05818775296211243
21, 27, 433, 1296, 0.17883113026618958
21, 28, 272, 1285, 0.29711687564849854
21, 29, 439, 1336, 0.18478555977344513
21, 30, 270, 1321, 0.3036929965019226
21, 31, 407, 1367, -0.46289825439453125
21, 32, 288, 1364, -0.3588641285896301
22, 0, 355, 222, -0.9040254354476929
22, 1, 374, 200, -0.8261693716049194
22, 2, 384, 201, -0.8263635635375977
22, 3, 393, 203, -0.8261154890060425
22, 4, 343, 199, -0.8224779367446899
22, 5, 333, 199, -0.8223398923873901
22, 6, 324, 200, -0.8224716186523438
22, 7, 412, 220, -0.3985854983329773
22, 8, 315, 216, -0.34996306896209717
22, 9, 374, 254, -0.7366811037063599
22, 10, 334, 252, -0.7309691905975342
22, 11, 492, 361, -0.17932716012001038
22, 12, 229, 368, -0.10352809727191925
22, 13, 588, 491, -0.625392735004425
22, 14, 89, 517, -0.6073437929153442
22, 15, 507, 512, -1.354259729385376
22, 16, 177, 407, -1.5566651821136475
22, 17, 483, 500, -1.5083190202713013
22, 18, 181, 345, -1.7348676919937134
22, 19, 463, 464, -1.4241410493850708
22, 20, 195, 322, -1.6666374206542969
22, 21, 458, 477, -1.3418450355529785
22, 22, 210, 356, -1.5539655685424805
22, 23, 436, 714, -0.10949667543172836
22, 24, 257, 712, 0.11472584307193756
22, 25, 429, 1014, -0.3744845986366272
22, 26, 261, 1009, -0.09442510455846786
22, 27, 433, 1288, -0.02167796716094017
22, 28, 272, 1274, 0.016156043857336044
22, 29, 439, 1329, -0.023438505828380585
22, 30, 270, 1311, 0.009240984916687012
22, 31, 408, 1360, -0.6535731554031372
22, 32, 291, 1354, -0.6200836300849915
23, 0, 361, 222, -1.0951577425003052
23, 1, 378, 200, -1.018850564956665
23, 2, 388, 201, -1.019162893295288
23, 3, 396, 202, -1.0188946723937988
23, 4, 348, 198, -1.0130083560943604
23, 5, 338, 199, -1.0128942728042603
23, 6, 329, 199, -1.013222098350525
23, 7, 415, 220, -0.5387374758720398
23, 8, 319, 216, -0.4975830614566803
23, 9, 377, 253, -0.9220415949821472
23, 10, 340, 252, -0.9133772850036621
23, 11, 492, 362, -0.2936149835586548
23, 12, 238, 368, -0.161299929022789
23, 13, 593, 491, -0.9179692268371582
23, 14, 90, 514, -0.7891074419021606
23, 15, 487, 483, -1.7434335947036743
23, 16, 202, 387, -1.7712411880493164
23, 17, 453, 459, -1.9203695058822632
23, 18, 216, 328, -1.9525724649429321
23, 19, 432, 437, -1.804491639137268
23, 20, 226, 303, -1.8639904260635376
23, 21, 437, 443, -1.7196674346923828
23, 22, 236, 334, -1.7612155675888062
23, 23, 436, 711, -0.1319151222705841
23, 24, 257, 710, 0.13607951998710632
23, 25, 430, 1010, -0.44430819153785706
23, 26, 262, 1008, 0.12482123076915741
23, 27, 434, 1285, -0.06489957869052887
23, 28, 276, 1271, 0.3693161904811859
23, 29, 440, 1325, -0.06676213443279266
23, 30, 274, 1309, 0.3782983124256134
23, 31, 409, 1356, -0.7367472052574158
23, 32, 294, 1350, -0.2635408043861389
24, 0, 366, 222, -1.0045324563980103
24, 1, 382, 200, -0.9664414525032043
24, 2, 391, 201, -0.965823769569397
24, 3, 400, 203, -0.9664205312728882
24, 4, 353, 198, -0.9507009387016296
24, 5, 343, 199, -0.9495139122009277
24, 6, 334, 199, -0.9494892954826355
24, 7, 418, 221, -0.45504945516586304
24, 8, 323, 216, -0.41096797585487366
24, 9, 381, 254, -0.8604739308357239
24, 10, 345, 253, -0.840368390083313
24, 11, 492, 366, -0.28898587822914124
24, 12, 243, 372, -0.10000555217266083
24, 13, 594, 502, -0.8698590397834778
24, 14, 93, 513, -0.7244786024093628
24, 15, 463, 473, -1.5565236806869507
24, 16, 221, 363, -1.6435577869415283
24, 17, 416, 434, -1.711962103843689
24, 18, 235, 298, -1.818450927734375
24, 19, 407, 413, -1.5889842510223389
24, 20, 243, 281, -1.7193266153335571
24, 21, 412, 423, -1.5254788398742676
24, 22, 252, 309, -1.6309770345687866
24, 23, 436, 716, -0.1482805758714676
24, 24, 258, 714, 0.15230686962604523
24, 25, 430, 1011, -0.5000666379928589
24, 26, 262, 1012, 0.15960893034934998
24, 27, 432, 1289, -0.13532598316669464
24, 28, 275, 1276, 0.41242796182632446
24, 29, 437, 1330, -0.1384667307138443
24, 30, 273, 1314, 0.42203158140182495
24, 31, 409, 1360, -0.7959877252578735
24, 32, 293, 1354, -0.19815540313720703
25, 0, 368, 224, -0.8380653262138367
25, 1, 384, 201, -0.7584201693534851
25, 2, 393, 202, -0.7587384581565857
25, 3, 402, 203, -0.7584293484687805
25, 4, 355, 199, -0.748935878276825
25, 5, 345, 199, -0.7486914396286011
25, 6, 335, 200, -0.749071478843689
25, 7, 419, 221, -0.3140452802181244
25, 8, 323, 216, -0.2628469169139862
25, 9, 382, 255, -0.6876779794692993
25, 10, 346, 255, -0.6763988137245178
25, 11, 492, 366, -0.19045236706733704
25, 12, 243, 373, -0.01364309061318636
25, 13, 592, 508, -0.7575733065605164
25, 14, 101, 512, -0.662424623966217
25, 15, 449, 462, -1.3758999109268188
25, 16, 228, 347, -1.5414615869522095
25, 17, 394, 428, -1.5163710117340088
25, 18, 239, 285, -1.7104847431182861
25, 19, 392, 401, -1.4107669591903687
25, 20, 247, 269, -1.7129818201065063
25, 21, 398, 406, -1.3486111164093018
25, 22, 255, 293, -1.5421191453933716
25, 23, 435, 718, -0.13826145231723785
25, 24, 257, 715, 0.14255085587501526
25, 25, 426, 1012, -0.4466622769832611
25, 26, 260, 1013, 0.04563870280981064
25, 27, 423, 1289, -0.08630789071321487
25, 28, 269, 1276, 0.2084200382232666
25, 29, 427, 1331, -0.08802806586027145
25, 30, 267, 1315, 0.20926442742347717
25, 31, 400, 1360, -0.7138014435768127
25, 32, 284, 1355, -0.39442139863967896
26, 0, 369, 225, -0.874749481678009
26, 1, 386, 202, -0.7848439812660217
26, 2, 394, 203, -0.7854832410812378
26, 3, 403, 205, -0.7848978638648987
26, 4, 356, 200, -0.7735098004341125
26, 5, 345, 200, -0.7735937237739563
26, 6, 335, 200, -0.7740942239761353
26, 7, 421, 223, -0.3607977330684662
26, 8, 323, 216, -0.3026922941207886
26, 9, 383, 258, -0.7106049656867981
26, 10, 346, 258, -0.700143575668335
26, 11, 493, 366, -0.2196584939956665
26, 12, 243, 373, -0.061034005135297775
26, 13, 590, 580, -0.8186302185058594
26, 14, 111, 511, -0.6922628283500671
26, 15, 441, 464, -1.43415105342865
26, 16, 235, 333, -1.5742204189300537
26, 17, 382, 428, -1.5758335590362549
26, 18, 247, 274, -1.7399237155914307
26, 19, 383, 397, -1.4493683576583862
26, 20, 254, 257, -1.6574941873550415
26, 21, 390, 402, -1.398859977722168
26, 22, 260, 278, -1.5596009492874146
26, 23, 434, 719, -0.13903655111789703
26, 24, 255, 716, 0.143431156873703
26, 25, 416, 1014, -0.49794095754623413
26, 26, 251, 1010, -0.020509570837020874
26, 27, 405, 1289, -0.15096129477024078
26, 28, 251, 1274, 0.11775416135787964
26, 29, 408, 1331, -0.15336200594902039
26, 30, 248, 1314, 0.11467883735895157
26, 31, 380, 1361, -0.7833315134048462
26, 32, 263, 1352, -0.49286025762557983
27, 0, 368, 226, -0.8752428293228149
27, 1, 386, 203, -0.7962867021560669
27, 2, 394, 204, -0.7967644333839417
27, 3, 403, 205, -0.796370804309845
27, 4, 355, 200, -0.7827388048171997
27, 5, 344, 200, -0.7825941443443298
27, 6, 334, 200, -0.7830154895782471
27, 7, 421, 223, -0.37592002749443054
27, 8, 323, 216, -0.29791224002838135
27, 9, 383, 258, -0.7182744741439819
27, 10, 346, 258, -0.7021511197090149
27, 11, 492, 362, -0.22703787684440613
27, 12, 245, 372, -0.02188560739159584
27, 13, 587, 587, -0.7994323968887329
27, 14, 117, 507, -0.6645709276199341
27, 15, 433, 458, -1.3747704029083252
27, 16, 238, 325, -1.5597156286239624
27, 17, 373, 422, -1.5124365091323853
27, 18, 254, 268, -1.7312774658203125
27, 19, 375, 390, -1.3963936567306519
27, 20, 260, 250, -1.6349223852157593
27, 21, 383, 395, -1.3421299457550049
27, 22, 264, 269, -1.5466339588165283
27, 23, 434, 720, -0.1524992734193802
27, 24, 256, 716, 0.1569398194551468
27, 25, 416, 1015, -0.43936261534690857
27, 26, 253, 1010, 0.10688052326440811
27, 27, 409, 1288, -0.059145428240299225
27, 28, 252, 1273, 0.33915433287620544
27, 29, 413, 1329, -0.05853090435266495
27, 30, 250, 1312, 0.34794196486473083
27, 31, 383, 1361, -0.6836347579956055
27, 32, 265, 1353, -0.24141967296600342
28, 0, 367, 226, -0.878335177898407
28, 1, 385, 203, -0.8039682507514954
28, 2, 394, 204, -0.8043424487113953
28, 3, 403, 206, -0.8040253520011902
28, 4, 355, 200, -0.7907355427742004
28, 5, 343, 200, -0.7905116081237793
28, 6, 333, 200, -0.7909001111984253
28, 7, 420, 224, -0.38508474826812744
28, 8, 322, 215, -0.3091573417186737
28, 9, 382, 259, -0.7249918580055237
28, 10, 341, 259, -0.7082698941230774
28, 11, 492, 361, -0.2321689873933792
28, 12, 244, 371, -0.03966635465621948
28, 13, 580, 588, -0.8062707781791687
28, 14, 120, 504, -0.669364333152771
28, 15, 422, 453, -1.392607569694519
28, 16, 244, 330, -1.5673863887786865
28, 17, 365, 414, -1.5294438600540161
28, 18, 261, 276, -1.737184762954712
28, 19, 369, 381, -1.402883529663086
28, 20, 266, 256, -1.6325891017913818
28, 21, 375, 390, -1.3566615581512451
28, 22, 268, 276, -1.5519548654556274
28, 23, 434, 720, -0.1485053449869156
28, 24, 255, 715, 0.15303656458854675
28, 25, 417, 1014, -0.43759313225746155
28, 26, 252, 1007, 0.10891549289226532
28, 27, 411, 1284, -0.06959353387355804
28, 28, 254, 1268, 0.34226125478744507
28, 29, 415, 1325, -0.06999700516462326
28, 30, 251, 1308, 0.35006770491600037
28, 31, 384, 1359, -0.7022339105606079
28, 32, 267, 1350, -0.2473079413175583
29, 0, 366, 226, -0.9091848134994507
29, 1, 385, 204, -0.839286208152771
29, 2, 394, 206, -0.8395950198173523
29, 3, 403, 208, -0.8392486572265625
29, 4, 354, 200, -0.8238712549209595
29, 5, 343, 200, -0.8234923481941223
29, 6, 333, 200, -0.8238259553909302
29, 7, 420, 226, -0.40921443700790405
29, 8, 321, 215, -0.3184337615966797
29, 9, 382, 260, -0.7519522905349731
29, 10, 338, 260, -0.7322149872779846
29, 11, 490, 359, -0.26820820569992065
29, 12, 242, 370, -0.04732003062963486
29, 13, 576, 590, -0.872852623462677
29, 14, 121, 503, -0.7291918992996216
29, 15, 410, 447, -1.4530938863754272
29, 16, 249, 331, -1.6113048791885376
29, 17, 357, 405, -1.5879275798797607
29, 18, 269, 276, -1.7774784564971924
29, 19, 364, 371, -1.4502981901168823
29, 20, 274, 255, -1.6593151092529297
29, 21, 369, 380, -1.4127709865570068
29, 22, 273, 276, -1.590462327003479
29, 23, 434, 721, -0.14522221684455872
29, 24, 255, 716, 0.14982342720031738
29, 25, 417, 1014, -0.4170807898044586
29, 26, 252, 1007, 0.195366770029068
29, 27, 412, 1282, -0.02774447202682495
29, 28, 254, 1268, 0.5132306218147278
29, 29, 416, 1322, -0.025931337848305702
29, 30, 251, 1307, 0.5300758481025696
29, 31, 385, 1359, -0.6583285331726074
29, 32, 270, 1351, -0.07446442544460297
30, 0, 366, 226, -0.7938812375068665
30, 1, 384, 204, -0.7201664447784424
30, 2, 394, 206, -0.7205373048782349
30, 3, 403, 208, -0.7201594710350037
30, 4, 353, 200, -0.7069339156150818
30, 5, 343, 200, -0.7066235542297363
30, 6, 333, 200, -0.7070552110671997
30, 7, 420, 225, -0.30410540103912354
30, 8, 321, 215, -0.23025155067443848
30, 9, 382, 259, -0.6437007784843445
30, 10, 339, 259, -0.6269840002059937
30, 11, 490, 359, -0.19528432190418243
30, 12, 243, 366, -0.02731759287416935
30, 13, 558, 583, -0.8326393961906433
30, 14, 120, 493, -0.707820475101471
30, 15, 387, 424, -1.4169729948043823
30, 16, 255, 334, -1.5873308181762695
30, 17, 345, 382, -1.5547010898590088
30, 18, 278, 284, -1.7621467113494873
30, 19, 351, 351, -1.4241079092025757
30, 20, 287, 265, -1.5860402584075928
30, 21, 356, 365, -1.3815014362335205
30, 22, 285, 287, -1.533759593963623
30, 23, 434, 720, -0.13194121420383453
30, 24, 255, 715, 0.13618406653404236
30, 25, 417, 1012, -0.3354731798171997
30, 26, 254, 1001, -0.026075109839439392
30, 27, 416, 1276, 0.061323679983615875
30, 28, 260, 1261, 0.15130899846553802
30, 29, 420, 1316, 0.06519752740859985
30, 30, 256, 1300, 0.15461231768131256
30, 31, 389, 1355, -0.543739378452301
30, 32, 281, 1342, -0.4489442706108093
31, 0, 365, 226, -0.6922092437744141
31, 1, 384, 204, -0.6152976751327515
31, 2, 393, 206, -0.615644097328186
31, 3, 402, 208, -0.6152575016021729
31, 4, 353, 201, -0.6098628044128418
31, 5, 342, 200, -0.6095223426818848
31, 6, 332, 200, -0.6100066900253296
31, 7, 420, 225, -0.19861087203025818
31, 8, 320, 215, -0.16081345081329346
31, 9, 381, 259, -0.5411571264266968
31, 10, 338, 259, -0.5342249870300293
31, 11, 489, 359, -0.1180974617600441
31, 12, 243, 361, -0.024444926530122757
31, 13, 548, 577, -0.802630603313446
31, 14, 119, 483, -0.742764949798584
31, 15, 374, 408, -1.372258186340332
31, 16, 263, 346, -1.5654633045196533
31, 17, 328, 369, -1.497535228729248
31, 18, 291, 296, -1.7365248203277588
31, 19, 335, 339, -1.3409212827682495
31, 20, 298, 278, -1.5795480012893677
31, 21, 344, 351, -1.319775938987732
31, 22, 291, 297, -1.531917691230774
31, 23, 434, 719, -0.09725069254636765
31, 24, 254, 714, 0.10167370736598969
31, 25, 417, 1011, -0.2245233952999115
31, 26, 254, 994, -0.08750602602958679
31, 27, 418, 1271, 0.16336296498775482
31, 28, 260, 1256, 0.09120137989521027
31, 29, 423, 1310, 0.16729982197284698
31, 30, 257, 1296, 0.09319327026605606
31, 31, 390, 1352, -0.43695682287216187
31, 32, 283, 1338, -0.5132256746292114
32, 0, 365, 227, -0.564093828201294
32, 1, 384, 205, -0.48529744148254395
32, 2, 393, 208, -0.48561984300613403
32, 3, 402, 210, -0.48524826765060425
32, 4, 353, 201, -0.47948750853538513
32, 5, 342, 200, -0.47914713621139526
32, 6, 332, 200, -0.4797249734401703
32, 7, 420, 227, -0.08966012299060822
32, 8, 321, 215, -0.05093905329704285
32, 9, 381, 259, -0.4229988157749176
32, 10, 338, 259, -0.41594821214675903
32, 11, 488, 358, -0.04702414572238922
32, 12, 244, 357, 0.02883368358016014
32, 13, 546, 576, -0.7418276071548462
32, 14, 120, 480, -0.7027223706245422
32, 15, 374, 398, -1.2520654201507568
32, 16, 291, 350, -1.3582028150558472
32, 17, 327, 358, -1.36948561668396
32, 18, 311, 301, -1.5110385417938232
32, 19, 334, 330, -1.2267186641693115
32, 20, 317, 286, -1.3700063228607178
32, 21, 344, 343, -1.2084606885910034
32, 22, 312, 305, -1.3265135288238525
32, 23, 433, 712, -0.08273260295391083
32, 24, 253, 707, 0.08713588863611221
32, 25, 418, 1002, -0.22678819298744202
32, 26, 253, 983, -0.09372632950544357
32, 27, 419, 1259, 0.13956567645072937
32, 28, 260, 1243, 0.057552289217710495
32, 29, 424, 1297, 0.14307984709739685
32, 30, 256, 1282, 0.05719193071126938
32, 31, 391, 1341, -0.4525136947631836
32, 32, 283, 1326, -0.5346351265907288
33, 0, 365, 227, -0.5431265234947205
33, 1, 384, 206, -0.46592313051223755
33, 2, 393, 209, -0.4661222994327545
33, 3, 402, 211, -0.4657069146633148
33, 4, 353, 201, -0.45794472098350525
33, 5, 342, 200, -0.4575478434562683
33, 6, 333, 200, -0.4580368399620056
33, 7, 420, 228, -0.08005383610725403
33, 8, 322, 215, -0.03577284887433052
33, 9, 381, 259, -0.4063195586204529
33, 10, 338, 259, -0.3972230851650238
33, 11, 488, 358, -0.05530385300517082
33, 12, 244, 355, 0.05990856885910034
33, 13, 544, 573, -0.7388842701911926
33, 14, 119, 479, -0.6327042579650879
33, 15, 372, 396, -1.2616649866104126
33, 16, 269, 377, -1.3511319160461426
33, 17, 325, 364, -1.379387378692627
33, 18, 295, 328, -1.5017849206924438
33, 19, 332, 332, -1.2461721897125244
33, 20, 301, 306, -1.3749680519104004
33, 21, 343, 344, -1.222692847251892
33, 22, 294, 344, -1.3267452716827393
33, 23, 432, 709, -0.0788068175315857
33, 24, 251, 703, 0.08336007595062256
33, 25, 416, 1000, -0.24309119582176208
33, 26, 249, 981, -0.12825395166873932
33, 27, 415, 1258, 0.12300989776849747
33, 28, 251, 1242, -0.0096654137596488
33, 29, 420, 1296, 0.1286686360836029
33, 30, 247, 1281, -0.014442277140915394
33, 31, 383, 1339, -0.4823964238166809
33, 32, 273, 1325, -0.6112359762191772
34, 0, 365, 228, -0.5791709423065186
34, 1, 384, 207, -0.5045570135116577
34, 2, 393, 210, -0.5048067569732666
34, 3, 402, 213, -0.5043774843215942
34, 4, 353, 201, -0.49523425102233887
34, 5, 343, 200, -0.49490195512771606
34, 6, 334, 200, -0.4953792989253998
34, 7, 419, 229, -0.12127113342285156
34, 8, 324, 215, -0.07079391181468964
34, 9, 381, 259, -0.44273075461387634
34, 10, 338, 259, -0.4318511486053467
34, 11, 488, 359, -0.08715750277042389
34, 12, 247, 353, 0.03786040097475052
34, 13, 541, 571, -0.7680401802062988
34, 14, 120, 479, -0.6382092833518982
34, 15, 371, 397, -1.2924668788909912
34, 16, 262, 382, -1.3961896896362305
34, 17, 325, 366, -1.4075034856796265
34, 18, 294, 333, -1.5524177551269531
34, 19, 333, 334, -1.2518689632415771
34, 20, 296, 310, -1.4315602779388428
34, 21, 344, 346, -1.2468373775482178
34, 22, 297, 348, -1.3753021955490112
34, 23, 432, 707, -0.0798770934343338
34, 24, 252, 701, 0.08436379581689835
34, 25, 416, 997, -0.25629258155822754
34, 26, 249, 978, -0.1129486933350563
34, 27, 415, 1256, 0.11678358167409897
34, 28, 252, 1240, 0.01686965487897396
34, 29, 420, 1294, 0.12335442006587982
34, 30, 248, 1279, 0.01379819680005312
34, 31, 384, 1336, -0.49503445625305176
34, 32, 273, 1322, -0.5797353982925415
35, 0, 364, 228, -0.5583603978157043
35, 1, 383, 208, -0.4840768277645111
35, 2, 393, 210, -0.48431500792503357
35, 3, 402, 213, -0.4839172959327698
35, 4, 353, 202, -0.47433218359947205
35, 5, 343, 201, -0.4740518033504486
35, 6, 334, 200, -0.47455692291259766
35, 7, 419, 230, -0.10554605722427368
35, 8, 324, 215, -0.05320741608738899
35, 9, 380, 259, -0.4236723482608795
35, 10, 338, 259, -0.41219258308410645
35, 11, 488, 359, -0.07320018112659454
35, 12, 248, 350, 0.05420888587832451
35, 13, 541, 569, -0.7485300898551941
35, 14, 121, 479, -0.6141350269317627
35, 15, 374, 404, -1.2696466445922852
35, 16, 257, 384, -1.3711225986480713
35, 17, 328, 372, -1.3845264911651611
35, 18, 287, 337, -1.525252103805542
35, 19, 335, 340, -1.2494969367980957
35, 20, 288, 315, -1.401853322982788
35, 21, 346, 351, -1.2298321723937988
35, 22, 289, 346, -1.3488490581512451
35, 23, 431, 705, -0.07845710963010788
35, 24, 251, 699, 0.0828903317451477
35, 25, 416, 997, -0.25928765535354614
35, 26, 248, 976, -0.14563721418380737
35, 27, 415, 1256, 0.0969923809170723
35, 28, 252, 1239, -0.03519941866397858
35, 29, 421, 1295, 0.09897025674581528
35, 30, 248, 1278, -0.04026962071657181
35, 31, 384, 1336, -0.49888426065444946
35, 32, 274, 1321, -0.6340477466583252
36, 0, 362, 229, -0.5976038575172424
36, 1, 383, 208, -0.5244691371917725
36, 2, 392, 211, -0.5246933102607727
36, 3, 402, 213, -0.5242659449577332
36, 4, 353, 202, -0.5148411989212036
36, 5, 343, 201, -0.5145257711410522
36, 6, 334, 200, -0.5150690674781799
36, 7, 419, 230, -0.1447843611240387
36, 8, 324, 215, -0.09107543528079987
36, 9, 379, 259, -0.46312040090560913
36, 10, 337, 259, -0.4510668218135834
36, 11, 488, 361, -0.08664851635694504
36, 12, 248, 351, 0.03701634332537651
36, 13, 543, 570, -0.7384848594665527
36, 14, 115, 480, -0.6391187906265259
36, 15, 377, 412, -1.2635999917984009
36, 16, 255, 386, -1.3837186098098755
36, 17, 330, 381, -1.3812758922576904
36, 18, 291, 340, -1.534078598022461
36, 19, 338, 348, -1.2456045150756836
36, 20, 292, 316, -1.407691240310669
36, 21, 349, 359, -1.223982572555542
36, 22, 290, 345, -1.3579814434051514
36, 23, 430, 706, -0.0754966139793396
36, 24, 249, 699, 0.07991690933704376
36, 25, 415, 995, -0.2605054974555969
36, 26, 246, 975, -0.11003410816192627
36, 27, 414, 1254, 0.09651907533407211
36, 28, 249, 1234, 0.020358407869935036
36, 29, 420, 1292, 0.09755808860063553
36, 30, 244, 1272, 0.01732979342341423
36, 31, 382, 1333, -0.5015226006507874
36, 32, 272, 1316, -0.5681309700012207
37, 0, 362, 229, -0.5983933806419373
37, 1, 383, 208, -0.5279310345649719
37, 2, 392, 211, -0.5281625986099243
37, 3, 401, 213, -0.5277776718139648
37, 4, 353, 202, -0.5194655656814575
37, 5, 342, 201, -0.5191571712493896
37, 6, 333, 200, -0.5196675062179565
37, 7, 419, 230, -0.15273727476596832
37, 8, 324, 215, -0.1040930300951004
37, 9, 379, 259, -0.46398839354515076
37, 10, 337, 259, -0.4535323977470398
37, 11, 488, 361, -0.09012037515640259
37, 12, 248, 351, 0.026301482692360878
37, 13, 540, 570, -0.7235292196273804
37, 14, 115, 481, -0.656887948513031
37, 15, 380, 416, -1.2373125553131104
37, 16, 254, 386, -1.3954346179962158
37, 17, 331, 385, -1.3549319505691528
37, 18, 295, 341, -1.5501229763031006
37, 19, 338, 353, -1.2234317064285278
37, 20, 296, 316, -1.4290024042129517
37, 21, 349, 363, -1.1995433568954468
37, 22, 292, 344, -1.3736488819122314
37, 23, 430, 705, -0.07553933560848236
37, 24, 249, 698, 0.07995002716779709
37, 25, 414, 994, -0.2651806175708771
37, 26, 245, 974, -0.1274651437997818
37, 27, 412, 1254, 0.07516458630561829
37, 28, 248, 1233, -0.014842784032225609
37, 29, 418, 1292, 0.07471994310617447
37, 30, 244, 1271, -0.019154973328113556
37, 31, 380, 1333, -0.50816810131073
37, 32, 271, 1316, -0.6033449769020081
38, 0, 362, 229, -0.5579224824905396
38, 1, 383, 208, -0.48795145750045776
38, 2, 392, 211, -0.4881812036037445
38, 3, 401, 213, -0.4877293109893799
38, 4, 353, 202, -0.4761127531528473
38, 5, 342, 201, -0.47582101821899414
38, 6, 333, 200, -0.47640401124954224
38, 7, 419, 230, -0.1257944405078888
38, 8, 324, 215, -0.06295852363109589
38, 9, 379, 259, -0.42945700883865356
38, 10, 337, 259, -0.4146818220615387
38, 11, 488, 362, -0.06724850833415985
38, 12, 249, 349, 0.05219366028904915
38, 13, 541, 571, -0.6790337562561035
38, 14, 115, 481, -0.583869457244873
38, 15, 380, 418, -1.2166004180908203
38, 16, 252, 386, -1.3095824718475342
38, 17, 331, 388, -1.3346922397613525
38, 18, 290, 341, -1.4566932916641235
38, 19, 338, 353, -1.2072439193725586
38, 20, 292, 316, -1.3341566324234009
38, 21, 350, 364, -1.1803430318832397
38, 22, 289, 343, -1.2836421728134155
38, 23, 430, 703, -0.07406128942966461
38, 24, 249, 695, 0.07842717319726944
38, 25, 414, 987, -0.26338255405426025
38, 26, 245, 968, -0.11844906955957413
38, 27, 414, 1245, 0.07001829147338867
38, 28, 250, 1224, -0.007479249499738216
38, 29, 419, 1283, 0.06952963024377823
38, 30, 245, 1262, -0.011322155594825745
38, 31, 381, 1324, -0.5089505314826965
38, 32, 274, 1306, -0.5834648013114929
39, 0, 361, 229, -0.5494788289070129
39, 1, 382, 208, -0.4778361916542053
39, 2, 392, 211, -0.47810298204421997
39, 3, 401, 213, -0.4776875972747803
39, 4, 352, 202, -0.4634949266910553
39, 5, 342, 201, -0.46319085359573364
39, 6, 333, 200, -0.46374234557151794
39, 7, 419, 230, -0.109952412545681
39, 8, 324, 215, -0.03563617169857025
39, 9, 379, 259, -0.41946926712989807
39, 10, 336, 259, -0.4017718732357025
39, 11, 488, 361, -0.07838224619626999
39, 12, 252, 348, 0.07361800968647003
39, 13, 537, 571, -0.7327385544776917
39, 14, 125, 479, -0.587231457233429
39, 15, 374, 405, -1.277488112449646
39, 16, 253, 386, -1.3436799049377441
39, 17, 327, 369, -1.3973759412765503
39, 18, 288, 341, -1.4947023391723633
39, 19, 335, 339, -1.2679333686828613
39, 20, 291, 317, -1.3748801946640015
39, 21, 347, 350, -1.2402912378311157
39, 22, 289, 350, -1.3211514949798584
39, 23, 433, 703, -0.07839652895927429
39, 24, 253, 696, 0.08273445814847946
39, 25, 414, 989, -0.2655845284461975
39, 26, 246, 970, -0.0863737240433693
39, 27, 414, 1247, 0.07054039090871811
39, 28, 250, 1227, 0.0020629928912967443
39, 29, 419, 1285, 0.07075905799865723
39, 30, 246, 1265, -0.008237314410507679
39, 31, 381, 1326, -0.5091336369514465
39, 32, 274, 1309, -0.5698128938674927
40, 0, 360, 230, -0.5678762793540955
40, 1, 382, 209, -0.49823611974716187
40, 2, 391, 211, -0.49847108125686646
40, 3, 400, 214, -0.49805331230163574
40, 4, 352, 203, -0.4827297329902649
40, 5, 342, 202, -0.4824059009552002
40, 6, 333, 201, -0.48291754722595215
40, 7, 419, 231, -0.12944534420967102
40, 8, 324, 216, -0.05161774158477783
40, 9, 378, 260, -0.4375459551811218
40, 10, 336, 259, -0.4179120659828186
40, 11, 488, 361, -0.08968043327331543
40, 12, 252, 348, 0.06497520208358765
40, 13, 538, 570, -0.7661157846450806
40, 14, 126, 479, -0.5973790287971497
40, 15, 374, 403, -1.2833222150802612
40, 16, 253, 386, -1.359215497970581
40, 17, 326, 367, -1.4003244638442993
40, 18, 288, 341, -1.510528326034546
40, 19, 334, 337, -1.2681572437286377
40, 20, 290, 318, -1.3877618312835693
40, 21, 346, 347, -1.2429674863815308
40, 22, 290, 350, -1.3365050554275513
40, 23, 433, 703, -0.08750270307064056
40, 24, 253, 696, 0.09189456701278687
40, 25, 415, 990, -0.27075329422950745
40, 26, 246, 971, -0.07593979686498642
40, 27, 414, 1248, 0.06860391795635223
40, 28, 250, 1229, 0.0029143590945750475
40, 29, 420, 1287, 0.06953077018260956
40, 30, 246, 1267, -0.0025365364272147417
40, 31, 382, 1328, -0.5105056762695312
40, 32, 274, 1311, -0.5616167783737183
41, 0, 360, 230, -0.5444028973579407
41, 1, 382, 209, -0.47757068276405334
41, 2, 391, 211, -0.4777906537055969
41, 3, 400, 214, -0.47741609811782837
41, 4, 352, 203, -0.4611080288887024
41, 5, 342, 202, -0.46070361137390137
41, 6, 333, 201, -0.46117931604385376
41, 7, 418, 231, -0.1218123808503151
41, 8, 324, 216, -0.038716115057468414
41, 9, 378, 260, -0.41754961013793945
41, 10, 336, 259, -0.3967220187187195
41, 11, 488, 361, -0.09160324931144714
41, 12, 253, 343, 0.0785842090845108
41, 13, 538, 570, -0.7462970018386841
41, 14, 130, 477, -0.5731532573699951
41, 15, 374, 404, -1.2248610258102417
41, 16, 252, 388, -1.344659447669983
41, 17, 327, 368, -1.333979845046997
41, 18, 288, 345, -1.4902334213256836
41, 19, 335, 337, -1.1995291709899902
41, 20, 290, 320, -1.371863842010498
41, 21, 347, 347, -1.1830880641937256
41, 22, 290, 355, -1.3234056234359741
41, 23, 433, 700, -0.0905422568321228
41, 24, 254, 693, 0.09498358517885208
41, 25, 414, 988, -0.28092867136001587
41, 26, 246, 969, -0.07634883373975754
41, 27, 414, 1247, 0.04499143734574318
41, 28, 250, 1228, 0.021380484104156494
41, 29, 420, 1285, 0.04545342177152634
41, 30, 246, 1266, 0.016966674476861954
41, 31, 380, 1326, -0.5338269472122192
41, 32, 273, 1310, -0.554696261882782
42, 0, 360, 230, -0.5396815538406372
42, 1, 382, 209, -0.4744422435760498
42, 2, 391, 211, -0.47464728355407715
42, 3, 400, 214, -0.47426462173461914
42, 4, 352, 203, -0.45772379636764526
42, 5, 342, 202, -0.45730772614479065
42, 6, 333, 201, -0.4577755928039551
42, 7, 418, 231, -0.12202813476324081
42, 8, 324, 216, -0.03773587569594383
42, 9, 378, 259, -0.4132167398929596
42, 10, 336, 259, -0.39217180013656616
42, 11, 488, 360, -0.09247659146785736
42, 12, 256, 339, 0.08719652146100998
42, 13, 538, 570, -0.7170901894569397
42, 14, 132, 475, -0.5525348782539368
42, 15, 375, 405, -1.180230736732483
42, 16, 249, 389, -1.330341100692749
42, 17, 328, 371, -1.2891944646835327
42, 18, 286, 346, -1.4754825830459595
42, 19, 335, 339, -1.1577937602996826
42, 20, 289, 320, -1.3611259460449219
42, 21, 347, 349, -1.1395864486694336
42, 22, 289, 356, -1.3103872537612915
42, 23, 433, 700, -0.09246421605348587
42, 24, 255, 693, 0.09697133302688599
42, 25, 415, 987, -0.28714537620544434
42, 26, 248, 969, -0.08811748027801514
42, 27, 414, 1247, 0.029015501961112022
42, 28, 252, 1229, 0.0069960253313183784
42, 29, 420, 1285, 0.028781672939658165
42, 30, 248, 1267, 0.0016042416682466865
42, 31, 380, 1326, -0.5471522212028503
42, 32, 273, 1311, -0.5712984204292297
43, 0, 360, 230, -0.5711527466773987
43, 1, 382, 209, -0.5132229328155518
43, 2, 391, 211, -0.5133228302001953
43, 3, 400, 214, -0.5129427313804626
43, 4, 352, 203, -0.5015348196029663
43, 5, 342, 202, -0.5010605454444885
43, 6, 333, 201, -0.5015199780464172
43, 7, 419, 231, -0.16686660051345825
43, 8, 324, 216, -0.10470268875360489
43, 9, 378, 259, -0.44557657837867737
43, 10, 336, 259, -0.4305815100669861
43, 11, 487, 360, -0.11844346672296524
43, 12, 256, 340, 0.02954215183854103
43, 13, 539, 570, -0.7187590003013611
43, 14, 132, 475, -0.6233736872673035
43, 15, 375, 406, -1.1808550357818604
43, 16, 249, 389, -1.3807753324508667
43, 17, 327, 374, -1.2872726917266846
43, 18, 286, 346, -1.5185692310333252
43, 19, 334, 339, -1.1503961086273193
43, 20, 289, 321, -1.4011427164077759
43, 21, 346, 349, -1.13811457157135
43, 22, 289, 352, -1.3571217060089111
43, 23, 433, 699, -0.09064224362373352
43, 24, 254, 692, 0.09514511376619339
43, 25, 415, 984, -0.2808612883090973
43, 26, 247, 967, -0.09707532078027725
43, 27, 412, 1244, 0.03414704278111458
43, 28, 249, 1227, 0.01258560549467802
43, 29, 418, 1281, 0.03381919115781784
43, 30, 244, 1265, 0.00823703221976757
43, 31, 377, 1325, -0.5324779748916626
43, 32, 269, 1309, -0.5667612552642822
44, 0, 360, 230, -0.6521205902099609
44, 1, 382, 208, -0.594355046749115
44, 2, 392, 211, -0.5944700241088867
44, 3, 401, 213, -0.5939870476722717
44, 4, 352, 203, -0.5822489261627197
44, 5, 342, 202, -0.5817967057228088
44, 6, 333, 201, -0.5822200179100037
44, 7, 420, 230, -0.24587897956371307
44, 8, 324, 216, -0.18046261370182037
44, 9, 378, 259, -0.5246778130531311
44, 10, 336, 259, -0.5091767311096191
44, 11, 488, 360, -0.16733911633491516
44, 12, 256, 341, -0.025067687034606934
44, 13, 539, 572, -0.7257184386253357
44, 14, 125, 476, -0.6809168457984924
44, 15, 375, 413, -1.1859376430511475
44, 16, 249, 388, -1.4521992206573486
44, 17, 328, 386, -1.2946540117263794
44, 18, 285, 346, -1.5950427055358887
44, 19, 334, 347, -1.1568171977996826
44, 20, 289, 320, -1.4762483835220337
44, 21, 347, 355, -1.1434335708618164
44, 22, 288, 344, -1.427779197692871
44, 23, 433, 698, -0.09055520594120026
44, 24, 254, 691, 0.09506833553314209
44, 25, 415, 981, -0.2849816679954529
44, 26, 249, 966, -0.09961284697055817
44, 27, 413, 1241, 0.03574325889348984
44, 28, 251, 1224, 0.014083703979849815
44, 29, 419, 1279, 0.03532092645764351
44, 30, 247, 1262, 0.010193198919296265
44, 31, 377, 1323, -0.5356066226959229
44, 32, 272, 1306, -0.56305330991745
45, 0, 360, 230, -0.6522257924079895
45, 1, 382, 208, -0.5931318402290344
45, 2, 392, 210, -0.593329131603241
45, 3, 401, 212, -0.5929023623466492
45, 4, 352, 203, -0.5813032984733582
45, 5, 342, 202, -0.5809391736984253
45, 6, 333, 201, -0.5813825726509094
45, 7, 420, 230, -0.24384739995002747
45, 8, 324, 216, -0.18136709928512573
45, 9, 378, 259, -0.5237705707550049
45, 10, 336, 259, -0.509060800075531
45, 11, 488, 360, -0.16430966556072235
45, 12, 256, 341, -0.024340461939573288
45, 13, 539, 572, -0.7189536690711975
45, 14, 125, 476, -0.6850169897079468
45, 15, 379, 424, -1.1709438562393188
45, 16, 248, 387, -1.4697939157485962
45, 17, 328, 400, -1.2829906940460205
45, 18, 284, 346, -1.6187031269073486
45, 19, 335, 363, -1.150815486907959
45, 20, 288, 320, -1.507267951965332
45, 21, 347, 367, -1.130610704421997
45, 22, 283, 341, -1.4492608308792114
45, 23, 431, 696, -0.08954057842493057
45, 24, 254, 689, 0.09399797767400742
45, 25, 414, 976, -0.32241290807724
45, 26, 249, 960, -0.14401105046272278
45, 27, 412, 1237, -0.034322578459978104
45, 28, 253, 1221, -0.06850025802850723
45, 29, 418, 1275, -0.03815073147416115
45, 30, 250, 1259, -0.0769074410200119
45, 31, 377, 1318, -0.6123815774917603
45, 32, 274, 1301, -0.6457933187484741
46, 0, 360, 230, -0.613646388053894
46, 1, 382, 208, -0.5543943047523499
46, 2, 392, 210, -0.5546661615371704
46, 3, 401, 212, -0.5542502403259277
46, 4, 352, 203, -0.5399534106254578
46, 5, 342, 202, -0.5396590232849121
46, 6, 333, 201, -0.5401159524917603
46, 7, 420, 229, -0.21968722343444824
46, 8, 323, 216, -0.14174339175224304
46, 9, 378, 259, -0.48915329575538635
46, 10, 336, 259, -0.4707416594028473
46, 11, 488, 360, -0.13993585109710693
46, 12, 256, 340, 0.009689412079751492
46, 13, 539, 572, -0.6753472089767456
46, 14, 125, 478, -0.6146011352539062
46, 15, 379, 424, -1.131150484085083
46, 16, 248, 386, -1.4011234045028687
46, 17, 328, 399, -1.2449291944503784
46, 18, 284, 345, -1.556169033050537
46, 19, 335, 361, -1.1172025203704834
46, 20, 287, 318, -1.448897361755371
46, 21, 348, 367, -1.0931270122528076
46, 22, 283, 337, -1.3822696208953857
46, 23, 432, 694, -0.08918358385562897
46, 24, 255, 688, 0.09363922476768494
46, 25, 416, 975, -0.3312436044216156
46, 26, 254, 959, -0.16137024760246277
46, 27, 415, 1236, -0.04065890610218048
46, 28, 261, 1220, -0.08856042474508286
46, 29, 421, 1274, -0.04409077391028404
46, 30, 259, 1258, -0.09644198417663574
46, 31, 381, 1316, -0.6193020343780518
46, 32, 283, 1300, -0.6682612299919128
47, 0, 360, 230, -0.5835121870040894
47, 1, 382, 208, -0.5252252817153931
47, 2, 392, 210, -0.5254154205322266
47, 3, 401, 212, -0.5249755382537842
47, 4, 352, 203, -0.5070732235908508
47, 5, 342, 202, -0.5066314935684204
47, 6, 333, 201, -0.5070523023605347
47, 7, 420, 229, -0.19418326020240784
47, 8, 323, 216, -0.0966765433549881
47, 9, 378, 259, -0.4613407254219055
47, 10, 336, 259, -0.4378288686275482
47, 11, 488, 358, -0.13033120334148407
47, 12, 258, 338, 0.03941170126199722
47, 13, 539, 573, -0.6846551299095154
47, 14, 125, 478, -0.5920450091362
47, 15, 379, 421, -1.1489218473434448
47, 16, 248, 386, -1.3854923248291016
47, 17, 329, 396, -1.2601398229599
47, 18, 283, 345, -1.534287691116333
47, 19, 335, 356, -1.1274129152297974
47, 20, 287, 318, -1.4200750589370728
47, 21, 348, 363, -1.1088811159133911
47, 22, 284, 336, -1.3646376132965088
47, 23, 432, 694, -0.09011346846818924
47, 24, 255, 688, 0.09465312212705612
47, 25, 417, 976, -0.3095479905605316
47, 26, 255, 960, -0.1153583973646164
47, 27, 416, 1237, 0.009658739902079105
47, 28, 261, 1221, -0.010969060473144054
47, 29, 422, 1274, 0.009313448332250118
47, 30, 258, 1259, -0.014697426930069923
47, 31, 381, 1317, -0.5609197020530701
47, 32, 283, 1301, -0.583633303642273
48, 0, 361, 230, -0.5545526742935181
48, 1, 382, 208, -0.49535617232322693
48, 2, 392, 210, -0.49557846784591675
48, 3, 401, 212, -0.49522361159324646
48, 4, 352, 203, -0.47868990898132324
48, 5, 342, 202, -0.47823625802993774
48, 6, 333, 202, -0.4786565899848938
48, 7, 420, 229, -0.15929731726646423
48, 8, 323, 216, -0.07163340598344803
48, 9, 379, 259, -0.4308764338493347
48, 10, 337, 259, -0.4096371531486511
48, 11, 488, 357, -0.11426268517971039
48, 12, 260, 336, 0.054785799235105515
48, 13, 540, 573, -0.6804388761520386
48, 14, 129, 477, -0.5827853679656982
48, 15, 378, 419, -1.1258927583694458
48, 16, 248, 389, -1.3808711767196655
48, 17, 328, 395, -1.2303593158721924
48, 18, 282, 348, -1.5277215242385864
48, 19, 335, 354, -1.0988893508911133
48, 20, 282, 321, -1.4169790744781494
48, 21, 347, 362, -1.0845730304718018
48, 22, 280, 342, -1.361937403678894
48, 23, 432, 693, -0.08969970792531967
48, 24, 256, 687, 0.09423598647117615
48, 25, 417, 976, -0.29654020071029663
48, 26, 255, 960, -0.11432866752147675
48, 27, 416, 1237, 0.011670914478600025
48, 28, 261, 1221, -0.009347634389996529
48, 29, 422, 1274, 0.01128066424280405
48, 30, 258, 1259, -0.013626880943775177
48, 31, 381, 1317, -0.5523154735565186
48, 32, 283, 1302, -0.5830155611038208
49, 0, 361, 230, -0.5634235739707947
49, 1, 382, 208, -0.5014809370040894
49, 2, 392, 210, -0.5017041563987732
49, 3, 401, 212, -0.5013371706008911
49, 4, 352, 203, -0.4858425557613373
49, 5, 342, 202, -0.4854164123535156
49, 6, 333, 202, -0.48588070273399353
49, 7, 420, 229, -0.16343346238136292
49, 8, 324, 217, -0.07274599373340607
49, 9, 379, 259, -0.4374464452266693
49, 10, 337, 259, -0.4177529811859131
49, 11, 487, 356, -0.12223192304372787
49, 12, 261, 337, 0.04747792333364487
49, 13, 540, 571, -0.688372790813446
49, 14, 130, 476, -0.603515625
49, 15, 376, 418, -1.1399139165878296
49, 16, 248, 389, -1.413878083229065
49, 17, 327, 393, -1.2471730709075928
49, 18, 282, 347, -1.562173843383789
49, 19, 334, 352, -1.1138339042663574
49, 20, 282, 321, -1.452128291130066
49, 21, 347, 361, -1.0983669757843018
49, 22, 281, 341, -1.3953981399536133
49, 23, 433, 693, -0.09064678847789764
49, 24, 258, 687, 0.09517088532447815
49, 25, 419, 977, -0.29343387484550476
49, 26, 260, 960, -0.10943160206079483
49, 27, 420, 1237, 0.026744505390524864
49, 28, 266, 1221, 0.005160058848559856
49, 29, 427, 1274, 0.027180243283510208
49, 30, 264, 1259, 0.0018717749044299126
49, 31, 385, 1317, -0.5357450246810913
49, 32, 286, 1302, -0.5646310448646545
50, 0, 360, 231, -0.5666344165802002
50, 1, 382, 208, -0.5042750239372253
50, 2, 391, 210, -0.5043967962265015
50, 3, 401, 212, -0.503982424736023
50, 4, 352, 204, -0.48751387000083923
50, 5, 342, 203, -0.4869658350944519
50, 6, 333, 202, -0.4873134195804596
50, 7, 419, 229, -0.17370210587978363
50, 8, 324, 217, -0.08327842503786087
50, 9, 379, 259, -0.4378708004951477
50, 10, 337, 260, -0.41992631554603577
50, 11, 487, 355, -0.12315674126148224
50, 12, 261, 337, 0.03418649360537529
50, 13, 540, 571, -0.6913622617721558
50, 14, 130, 476, -0.6219074130058289
50, 15, 376, 417, -1.1460561752319336
50, 16, 248, 390, -1.442232608795166
50, 17, 327, 392, -1.2545992136001587
50, 18, 281, 348, -1.5926406383514404
50, 19, 334, 352, -1.1213432550430298
50, 20, 282, 322, -1.4811738729476929
50, 21, 347, 360, -1.1047154664993286
50, 22, 282, 343, -1.4230679273605347
50, 23, 433, 693, -0.08977924287319183
50, 24, 258, 687, 0.0943661630153656
50, 25, 419, 977, -0.28293320536613464
50, 26, 259, 961, -0.09178636223077774
50, 27, 418, 1237, 0.0480901375412941
50, 28, 265, 1221, 0.02436678484082222
50, 29, 425, 1274, 0.04908051714301109
50, 30, 262, 1260, 0.020848305895924568
50, 31, 383, 1317, -0.514952540397644
50, 32, 282, 1302, -0.5426890254020691
51, 0, 360, 231, -0.5915478467941284
51, 1, 382, 208, -0.5338992476463318
51, 2, 391, 210, -0.5340068340301514
51, 3, 401, 212, -0.5335885882377625
51, 4, 352, 204, -0.5193935632705688
51, 5, 342, 203, -0.5188621282577515
51, 6, 333, 203, -0.5191894173622131
51, 7, 419, 229, -0.19648022949695587
51, 8, 324, 217, -0.11830258369445801
51, 9, 379, 260, -0.46358412504196167
51, 10, 337, 260, -0.44589319825172424
51, 11, 487, 355, -0.13187821209430695
51, 12, 261, 337, 0.007413778454065323
51, 13, 540, 571, -0.7026990652084351
51, 14, 130, 476, -0.6521947979927063
51, 15, 374, 416, -1.1466608047485352
51, 16, 248, 391, -1.4645801782608032
51, 17, 326, 390, -1.2579529285430908
51, 18, 281, 348, -1.6151103973388672
51, 19, 334, 350, -1.1265721321105957
51, 20, 282, 322, -1.5003832578659058
51, 21, 346, 359, -1.1074330806732178
51, 22, 282, 343, -1.4435534477233887
51, 23, 432, 693, -0.0882004052400589
51, 24, 257, 687, 0.09276793897151947
51, 25, 418, 977, -0.26779302954673767
51, 26, 259, 961, -0.09201598167419434
51, 27, 417, 1237, 0.07246288657188416
51, 28, 262, 1222, 0.027732839807868004
51, 29, 423, 1274, 0.07410115748643875
51, 30, 259, 1260, 0.024977944791316986
51, 31, 381, 1317, -0.4910031259059906
51, 32, 280, 1303, -0.5407742261886597
52, 0, 360, 231, -0.6044131517410278
52, 1, 382, 209, -0.5476336479187012
52, 2, 391, 210, -0.5477374196052551
52, 3, 401, 213, -0.5473140478134155
52, 4, 352, 205, -0.5342066287994385
52, 5, 342, 203, -0.5336986184120178
52, 6, 333, 203, -0.5340438485145569
52, 7, 419, 229, -0.20705004036426544
52, 8, 324, 217, -0.1340874582529068
52, 9, 379, 260, -0.47694700956344604
52, 10, 337, 260, -0.4596094489097595
52, 11, 487, 355, -0.14068575203418732
52, 12, 261, 337, -0.004588444251567125
52, 13, 540, 570, -0.7105945944786072
52, 14, 129, 476, -0.6618348956108093
52, 15, 372, 414, -1.1510493755340576
52, 16, 248, 391, -1.4648984670639038
52, 17, 324, 387, -1.2619869709014893
52, 18, 281, 348, -1.6142902374267578
52, 19, 332, 348, -1.1290838718414307
52, 20, 282, 322, -1.49944007396698
52, 21, 343, 357, -1.1113901138305664
52, 22, 282, 344, -1.4433910846710205
52, 23, 432, 693, -0.08780279010534286
52, 24, 256, 687, 0.09235875308513641
52, 25, 417, 977, -0.26325148344039917
52, 26, 258, 961, -0.09220145642757416
52, 27, 415, 1237, 0.07814197242259979
52, 28, 260, 1222, 0.03117094561457634
52, 29, 422, 1274, 0.07969267666339874
52, 30, 257, 1260, 0.028879106044769287
52, 31, 379, 1317, -0.4867623448371887
52, 32, 277, 1303, -0.5375674962997437
53, 0, 361, 231, -0.6078883409500122
53, 1, 382, 209, -0.550847053527832
53, 2, 391, 210, -0.5509665608406067
53, 3, 401, 212, -0.5505701899528503
53, 4, 352, 205, -0.5387294292449951
53, 5, 342, 203, -0.5382509231567383
53, 6, 333, 203, -0.5386014580726624
53, 7, 419, 229, -0.20735648274421692
53, 8, 324, 217, -0.1422305554151535
53, 9, 379, 259, -0.4796440005302429
53, 10, 337, 260, -0.4639102816581726
53, 11, 487, 354, -0.13976451754570007
53, 12, 261, 336, -0.013735530897974968
53, 13, 540, 570, -0.7092078924179077
53, 14, 130, 476, -0.6689466238021851
53, 15, 372, 413, -1.1505295038223267
53, 16, 247, 392, -1.4820513725280762
53, 17, 324, 387, -1.2588964700698853
53, 18, 280, 349, -1.6333281993865967
53, 19, 331, 348, -1.1265950202941895
53, 20, 281, 323, -1.524344563484192
53, 21, 343, 357, -1.1098688840866089
53, 22, 282, 345, -1.4629533290863037
53, 23, 430, 693, -0.08216924220323563
53, 24, 256, 687, 0.08666056394577026
53, 25, 415, 977, -0.25211602449417114
53, 26, 256, 960, -0.11339268833398819
53, 27, 413, 1235, 0.07810608297586441
53, 28, 257, 1220, 0.010118270292878151
53, 29, 419, 1272, 0.07920964062213898
53, 30, 254, 1258, 0.007033288478851318
53, 31, 377, 1315, -0.48362845182418823
53, 32, 274, 1300, -0.5537073612213135
54, 0, 361, 231, -0.6093851923942566
54, 1, 382, 208, -0.5532174706459045
54, 2, 392, 210, -0.5533472299575806
54, 3, 401, 212, -0.5529772043228149
54, 4, 352, 204, -0.5407009720802307
54, 5, 342, 203, -0.5402085781097412
54, 6, 333, 203, -0.5405537486076355
54, 7, 419, 228, -0.21188676357269287
54, 8, 324, 217, -0.14533287286758423
54, 9, 379, 259, -0.4821464419364929
54, 10, 337, 260, -0.4659964442253113
54, 11, 487, 354, -0.14602887630462646
54, 12, 261, 335, -0.013149936683475971
54, 13, 540, 570, -0.7163292169570923
54, 14, 132, 476, -0.6683943271636963
54, 15, 372, 413, -1.1544146537780762
54, 16, 247, 394, -1.5112069845199585
54, 17, 324, 387, -1.2595264911651611
54, 18, 274, 357, -1.6619226932525635
54, 19, 331, 348, -1.1274420022964478
54, 20, 280, 329, -1.5610500574111938
54, 21, 343, 357, -1.112368106842041
54, 22, 281, 367, -1.4964796304702759
54, 23, 429, 693, -0.0821714848279953
54, 24, 255, 686, 0.0866580456495285
54, 25, 413, 976, -0.25278910994529724
54, 26, 254, 960, -0.10308589786291122
54, 27, 410, 1234, 0.0762815847992897
54, 28, 253, 1219, 0.025207608938217163
54, 29, 416, 1271, 0.0773034542798996
54, 30, 250, 1257, 0.022120529785752296
54, 31, 373, 1314, -0.4858788549900055
54, 32, 269, 1300, -0.5360751748085022
55, 0, 361, 231, -0.614475429058075
55, 1, 382, 208, -0.5590614080429077
55, 2, 392, 210, -0.5591722726821899
55, 3, 401, 212, -0.5588088631629944
55, 4, 352, 204, -0.5464581847190857
55, 5, 342, 203, -0.5459323525428772
55, 6, 333, 203, -0.5462634563446045
55, 7, 419, 228, -0.21807162463665009
55, 8, 324, 217, -0.15116743743419647
55, 9, 379, 259, -0.4876857399940491
55, 10, 337, 260, -0.4713003635406494
55, 11, 487, 353, -0.1511484682559967
55, 12, 261, 335, -0.018131548538804054
55, 13, 540, 569, -0.724506139755249
55, 14, 133, 476, -0.6771474480628967
55, 15, 372, 413, -1.1639841794967651
55, 16, 247, 396, -1.5212801694869995
55, 17, 323, 388, -1.2673113346099854
55, 18, 275, 357, -1.6721229553222656
55, 19, 331, 348, -1.1330420970916748
55, 20, 279, 331, -1.5687750577926636
55, 21, 343, 357, -1.1204259395599365
55, 22, 282, 370, -1.5054242610931396
55, 23, 428, 693, -0.08215735107660294
55, 24, 254, 685, 0.08665455132722855
55, 25, 411, 976, -0.24971556663513184
55, 26, 251, 960, -0.09662263095378876
55, 27, 407, 1232, 0.08217720687389374
55, 28, 249, 1218, 0.036839164793491364
55, 29, 414, 1269, 0.08350507915019989
55, 30, 246, 1256, 0.03393176943063736
55, 31, 370, 1312, -0.4810366630554199
55, 32, 265, 1299, -0.5262022614479065
56, 0, 361, 231, -0.6200531125068665
56, 1, 383, 208, -0.5635955333709717
56, 2, 392, 210, -0.563713788986206
56, 3, 401, 212, -0.563355565071106
56, 4, 352, 204, -0.5521988272666931
56, 5, 342, 203, -0.5516765713691711
56, 6, 333, 203, -0.551997721195221
56, 7, 419, 228, -0.21831750869750977
56, 8, 324, 217, -0.15591099858283997
56, 9, 379, 259, -0.4918631613254547
56, 10, 337, 260, -0.47681164741516113
56, 11, 486, 353, -0.15065617859363556
56, 12, 261, 335, -0.022631559520959854
56, 13, 540, 568, -0.7285629510879517
56, 14, 133, 476, -0.6843553781509399
56, 15, 371, 413, -1.1785261631011963
56, 16, 247, 397, -1.516366720199585
56, 17, 323, 388, -1.2839512825012207
56, 18, 276, 357, -1.6668792963027954
56, 19, 330, 348, -1.1470037698745728
56, 20, 280, 331, -1.558864951133728
56, 21, 342, 357, -1.1345473527908325
56, 22, 287, 368, -1.4979708194732666
56, 23, 427, 692, -0.08220241218805313
56, 24, 253, 685, 0.08669762313365936
56, 25, 410, 976, -0.24833066761493683
56, 26, 249, 960, -0.08963643014431
56, 27, 406, 1232, 0.09043745696544647
56, 28, 248, 1218, 0.050235550850629807
56, 29, 412, 1268, 0.09238667041063309
56, 30, 244, 1255, 0.04834960773587227
56, 31, 369, 1312, -0.4746737480163574
56, 32, 264, 1299, -0.5174940228462219
57, 0, 361, 231, -0.6175941228866577
57, 1, 383, 208, -0.5613011717796326
57, 2, 392, 210, -0.5613970160484314
57, 3, 401, 212, -0.5610600709915161
57, 4, 352, 204, -0.5510997772216797
57, 5, 342, 203, -0.5505290627479553
57, 6, 333, 203, -0.5508195161819458
57, 7, 419, 228, -0.21539850533008575
57, 8, 324, 217, -0.15323950350284576
57, 9, 379, 259, -0.4893152713775635
57, 10, 337, 260, -0.47534218430519104
57, 11, 486, 353, -0.1475532352924347
57, 12, 261, 335, -0.019733648747205734
57, 13, 540, 567, -0.7252553701400757
57, 14, 134, 476, -0.6795740723609924
57, 15, 371, 413, -1.1731913089752197
57, 16, 247, 397, -1.505374789237976
57, 17, 322, 388, -1.2776343822479248
57, 18, 276, 357, -1.6558313369750977
57, 19, 329, 348, -1.1393160820007324
57, 20, 281, 330, -1.5469987392425537
57, 21, 341, 357, -1.128730058670044
57, 22, 288, 367, -1.4867637157440186
57, 23, 426, 692, -0.0821988582611084
57, 24, 252, 685, 0.08670234680175781
57, 25, 407, 976, -0.250072717666626
57, 26, 245, 960, -0.08264196664094925
57, 27, 401, 1232, 0.08704046159982681
57, 28, 241, 1218, 0.05127473548054695
57, 29, 407, 1268, 0.08873731642961502
57, 30, 237, 1255, 0.04873081296682358
57, 31, 363, 1312, -0.47858768701553345
57, 32, 258, 1299, -0.5192452669143677
58, 0, 362, 231, -0.6077545285224915
58, 1, 383, 208, -0.5515919923782349
58, 2, 392, 210, -0.5516990423202515
58, 3, 401, 212, -0.5513754487037659
58, 4, 352, 204, -0.5415065884590149
58, 5, 342, 203, -0.5409343838691711
58, 6, 333, 203, -0.5412114858627319
58, 7, 419, 228, -0.20535394549369812
58, 8, 324, 217, -0.1474969983100891
58, 9, 379, 259, -0.47992920875549316
58, 10, 337, 260, -0.4663531184196472
58, 11, 486, 353, -0.1374969184398651
58, 12, 261, 335, -0.008025448769330978
58, 13, 540, 566, -0.714067816734314
58, 14, 135, 475, -0.6608573198318481
58, 15, 371, 413, -1.1714874505996704
58, 16, 241, 399, -1.5031453371047974
58, 17, 322, 388, -1.2754547595977783
58, 18, 274, 357, -1.653145432472229
58, 19, 329, 348, -1.1381173133850098
58, 20, 279, 331, -1.5427534580230713
58, 21, 341, 357, -1.1271979808807373
58, 22, 281, 368, -1.4826385974884033
58, 23, 426, 692, -0.0818060040473938
58, 24, 252, 684, 0.08629284799098969
58, 25, 406, 976, -0.25121983885765076
58, 26, 243, 960, -0.0727047547698021
58, 27, 399, 1232, 0.08216816931962967
58, 28, 240, 1218, 0.04986109584569931
58, 29, 405, 1268, 0.08320127427577972
58, 30, 235, 1255, 0.04666047543287277
58, 31, 362, 1312, -0.4817582070827484
58, 32, 256, 1299, -0.5209685564041138
59, 0, 362, 231, -0.5831380486488342
59, 1, 383, 208, -0.5292898416519165
59, 2, 393, 210, -0.5294288992881775
59, 3, 402, 212, -0.5291270017623901
59, 4, 353, 204, -0.5154702067375183
59, 5, 343, 203, -0.5148308873176575
59, 6, 334, 203, -0.515099048614502
59, 7, 419, 228, -0.19209082424640656
59, 8, 324, 217, -0.12183539569377899
59, 9, 379, 259, -0.4590536952018738
59, 10, 337, 260, -0.4416723847389221
59, 11, 486, 353, -0.13622884452342987
59, 12, 261, 334, 0.03705304488539696
59, 13, 540, 565, -0.6987534761428833
59, 14, 137, 473, -0.5841132402420044
59, 15, 371, 413, -1.1343780755996704
59, 16, 199, 402, -1.479083776473999
59, 17, 322, 388, -1.2333285808563232
59, 18, 210, 377, -1.626487135887146
59, 19, 329, 348, -1.1030826568603516
59, 20, 263, 332, -1.5417875051498413
59, 21, 341, 357, -1.09122896194458
59, 22, 234, 378, -1.4730736017227173
59, 23, 426, 692, -0.08202215284109116
59, 24, 252, 684, 0.08650956302881241
59, 25, 406, 976, -0.2505897879600525
59, 26, 243, 960, -0.06634315848350525
59, 27, 399, 1232, 0.07506649196147919
59, 28, 239, 1218, 0.04928193986415863
59, 29, 405, 1269, 0.07446657121181488
59, 30, 234, 1255, 0.045404352247714996
59, 31, 361, 1312, -0.49078798294067383
59, 32, 255, 1299, -0.5220545530319214
60, 0, 362, 231, -0.5796191096305847
60, 1, 383, 208, -0.5274066925048828
60, 2, 393, 210, -0.5275214314460754
60, 3, 402, 212, -0.5271685719490051
60, 4, 353, 204, -0.5117784738540649
60, 5, 343, 203, -0.5111216902732849
60, 6, 334, 203, -0.5114010572433472
60, 7, 419, 228, -0.19239379465579987
60, 8, 324, 217, -0.11687183380126953
60, 9, 379, 259, -0.4572366178035736
60, 10, 337, 260, -0.43757057189941406
60, 11, 486, 353, -0.13805417716503143
60, 12, 261, 333, 0.042876146733760834
60, 13, 540, 566, -0.6965634822845459
60, 14, 137, 473, -0.5773862600326538
60, 15, 371, 413, -1.1276030540466309
60, 16, 207, 407, -1.4556180238723755
60, 17, 322, 388, -1.2250115871429443
60, 18, 213, 381, -1.5980769395828247
60, 19, 329, 348, -1.0957545042037964
60, 20, 258, 332, -1.5154287815093994
60, 21, 341, 357, -1.0850661993026733
60, 22, 236, 379, -1.4513239860534668
60, 23, 426, 693, -0.08204664289951324
60, 24, 252, 684, 0.08652394264936447
60, 25, 406, 976, -0.24653823673725128
60, 26, 243, 962, -0.05041224882006645
60, 27, 399, 1232, 0.07561890780925751
60, 28, 239, 1218, 0.062374554574489594
60, 29, 405, 1269, 0.07518761605024338
60, 30, 235, 1255, 0.05761300399899483
60, 31, 362, 1312, -0.48794135451316833
60, 32, 256, 1299, -0.501849353313446
61, 0, 362, 231, -0.6474188566207886
61, 1, 384, 208, -0.6025847792625427
61, 2, 393, 210, -0.6027963161468506
61, 3, 402, 212, -0.6024848222732544
61, 4, 353, 204, -0.5782740116119385
61, 5, 343, 203, -0.5775622129440308
61, 6, 334, 203, -0.5778273344039917
61, 7, 420, 228, -0.27822694182395935
61, 8, 324, 217, -0.16456367075443268
61, 9, 380, 259, -0.526806652545929
61, 10, 337, 260, -0.4970532953739166
61, 11, 486, 352, -0.229251891374588
61, 12, 262, 332, 0.07385831326246262
61, 13, 540, 566, -0.785465657711029
61, 14, 137, 472, -0.41050806641578674
61, 15, 371, 413, -1.2871636152267456
61, 16, 107, 433, -1.3919217586517334
61, 17, 322, 388, -1.3957245349884033
61, 18, 91, 426, -1.5372586250305176
61, 19, 330, 348, -1.2809370756149292
61, 20, 113, 406, -1.5005018711090088
61, 21, 342, 357, -1.2505791187286377
61, 22, 126, 418, -1.4134247303009033
61, 23, 428, 695, -0.09501680731773376
61, 24, 253, 686, 0.09978633373975754
61, 25, 409, 977, -0.24833357334136963
61, 26, 247, 964, -0.05317796394228935
61, 27, 405, 1234, 0.07529783248901367
61, 28, 244, 1220, 0.0792667344212532
61, 29, 412, 1270, 0.07500194758176804
61, 30, 239, 1257, 0.07615424692630768
61, 31, 365, 1312, -0.49255651235580444
61, 32, 261, 1300, -0.49540892243385315
62, 0, 362, 231, -0.6404872536659241
62, 1, 384, 208, -0.5924211144447327
62, 2, 393, 210, -0.5926336050033569
62, 3, 402, 212, -0.5923174619674683
62, 4, 353, 204, -0.571090579032898
62, 5, 343, 203, -0.5704314112663269
62, 6, 334, 203, -0.5707255601882935
62, 7, 419, 228, -0.2623060345649719
62, 8, 324, 217, -0.16050276160240173
62, 9, 380, 259, -0.5183652639389038
62, 10, 337, 259, -0.49194949865341187
62, 11, 486, 352, -0.20536592602729797
62, 12, 262, 332, 0.06555215269327164
62, 13, 541, 568, -0.7746345400810242
62, 14, 137, 472, -0.47717398405075073
62, 15, 374, 418, -1.2580187320709229
62, 16, 145, 429, -1.4092304706573486
62, 17, 326, 392, -1.369728922843933
62, 18, 147, 417, -1.5550522804260254
62, 19, 335, 355, -1.235106110572815
62, 20, 177, 383, -1.5009428262710571
62, 21, 346, 361, -1.2164396047592163
62, 22, 173, 410, -1.4191793203353882
62, 23, 428, 694, -0.09484278410673141
62, 24, 253, 685, 0.09957768023014069
62, 25, 409, 977, -0.258963018655777
62, 26, 247, 964, -0.048828642815351486
62, 27, 405, 1234, 0.06267823278903961
62, 28, 245, 1220, 0.07949329167604446
62, 29, 413, 1271, 0.062304843217134476
62, 30, 241, 1257, 0.07568442821502686
62, 31, 366, 1312, -0.5158900618553162
62, 32, 263, 1300, -0.49812665581703186
63, 0, 362, 231, -0.693368136882782
63, 1, 384, 208, -0.6452264189720154
63, 2, 393, 210, -0.6454550623893738
63, 3, 402, 211, -0.6450876593589783
63, 4, 353, 204, -0.6229360699653625
63, 5, 343, 203, -0.6222637295722961
63, 6, 334, 203, -0.6225447058677673
63, 7, 419, 226, -0.3008839786052704
63, 8, 324, 217, -0.19482482969760895
63, 9, 380, 259, -0.5652894973754883
63, 10, 339, 258, -0.5379250645637512
63, 11, 487, 352, -0.22326195240020752
63, 12, 262, 332, 0.07130451500415802
63, 13, 544, 568, -0.7979282140731812
63, 14, 136, 472, -0.36709481477737427
63, 15, 380, 422, -1.4053574800491333
63, 16, 97, 450, -1.3276968002319336
63, 17, 330, 397, -1.533055305480957
63, 18, 83, 448, -1.4762203693389893
63, 19, 338, 362, -1.4229271411895752
63, 20, 105, 428, -1.4517637491226196
63, 21, 350, 366, -1.3743919134140015
63, 22, 118, 436, -1.3526092767715454
63, 23, 429, 694, -0.09922460466623306
63, 24, 254, 685, 0.10412231832742691
63, 25, 413, 977, -0.264064222574234
63, 26, 251, 965, -0.058949507772922516
63, 27, 413, 1234, 0.07296101748943329
63, 28, 254, 1222, 0.08191920816898346
63, 29, 420, 1271, 0.07390544563531876
63, 30, 251, 1259, 0.07971092313528061
63, 31, 376, 1312, -0.5151852369308472
63, 32, 274, 1302, -0.5073579549789429
64, 0, 363, 231, -0.834823727607727
64, 1, 384, 208, -0.777103066444397
64, 2, 393, 209, -0.7773046493530273
64, 3, 402, 211, -0.7769120931625366
64, 4, 353, 204, -0.7605068683624268
64, 5, 343, 203, -0.7599359750747681
64, 6, 334, 203, -0.7602532505989075
64, 7, 419, 226, -0.38430386781692505
64, 8, 324, 217, -0.2971707880496979
64, 9, 380, 258, -0.6899906396865845
64, 10, 340, 258, -0.6685296297073364
64, 11, 488, 353, -0.25179022550582886
64, 12, 260, 334, -0.03158574551343918
64, 13, 562, 568, -0.8415511250495911
64, 14, 120, 473, -0.609197735786438
64, 15, 389, 431, -1.4523165225982666
64, 16, 203, 427, -1.5514976978302002
64, 17, 338, 404, -1.5845152139663696
64, 18, 245, 402, -1.715032935142517
64, 19, 346, 372, -1.4601026773452759
64, 20, 245, 380, -1.6200015544891357
64, 21, 357, 377, -1.415891408920288
64, 22, 241, 382, -1.5421500205993652
64, 23, 430, 694, -0.10422776639461517
64, 24, 254, 686, 0.10898325592279434
64, 25, 418, 978, -0.2637562155723572
64, 26, 252, 968, 0.057357072830200195
64, 27, 419, 1236, 0.13939224183559418
64, 28, 260, 1225, 0.33254557847976685
64, 29, 426, 1272, 0.1436745822429657
64, 30, 257, 1261, 0.34316349029541016
64, 31, 387, 1315, -0.491159588098526
64, 32, 279, 1305, -0.2823270261287689
65, 0, 363, 231, -0.862034797668457
65, 1, 384, 207, -0.8111737370491028
65, 2, 393, 208, -0.8113008737564087
65, 3, 402, 210, -0.8110452890396118
65, 4, 353, 204, -0.79301917552948
65, 5, 343, 203, -0.7924132943153381
65, 6, 334, 203, -0.7927510142326355
65, 7, 420, 225, -0.4360806345939636
65, 8, 323, 217, -0.3441038727760315
65, 9, 380, 258, -0.7204495072364807
65, 10, 341, 258, -0.6971578598022461
65, 11, 491, 354, -0.28996580839157104
65, 12, 257, 338, -0.05843644589185715
65, 13, 575, 522, -0.8248799443244934
65, 14, 114, 473, -0.597409725189209
65, 15, 396, 448, -1.3689044713974
65, 16, 176, 435, -1.5365352630615234
65, 17, 338, 416, -1.4908009767532349
65, 18, 174, 433, -1.6981617212295532
65, 19, 345, 386, -1.367870807647705
65, 20, 217, 382, -1.63982355594635
65, 21, 356, 393, -1.3310844898223877
65, 22, 209, 393, -1.5417065620422363
65, 23, 429, 696, -0.10645522177219391
65, 24, 252, 687, 0.11127249151468277
65, 25, 416, 982, -0.2637128233909607
65, 26, 246, 970, 0.030616670846939087
65, 27, 417, 1241, 0.14448918402194977
65, 28, 251, 1228, 0.21622660756111145
65, 29, 424, 1278, 0.14882151782512665
65, 30, 249, 1265, 0.21930015087127686
65, 31, 385, 1320, -0.483894407749176
65, 32, 269, 1308, -0.3742007613182068
66, 0, 365, 231, -0.8257788419723511
66, 1, 384, 207, -0.7838220000267029
66, 2, 393, 208, -0.7852808833122253
66, 3, 402, 209, -0.785848081111908
66, 4, 354, 204, -0.7443548440933228
66, 5, 343, 203, -0.7441281676292419
66, 6, 335, 203, -0.7449018955230713
66, 7, 420, 225, -0.38865792751312256
66, 8, 323, 218, -0.2835402190685272
66, 9, 381, 259, -0.6744340062141418
66, 10, 342, 259, -0.640513002872467
66, 11, 493, 357, -0.20461180806159973
66, 12, 249, 348, -0.05369165539741516
66, 13, 586, 514, -0.639613151550293
66, 14, 96, 485, -0.5901181697845459
66, 15, 423, 469, -1.0829226970672607
66, 16, 184, 434, -1.36899733543396
66, 17, 373, 438, -1.183768630027771
66, 18, 202, 402, -1.5082857608795166
66, 19, 352, 407, -1.0399152040481567
66, 20, 223, 377, -1.4096633195877075
66, 21, 364, 412, -1.0393134355545044
66, 22, 220, 389, -1.3536523580551147
66, 23, 431, 698, -0.10450522601604462
66, 24, 253, 692, 0.10987363755702972
66, 25, 417, 985, -0.30812734365463257
66, 26, 247, 978, -0.018821412697434425
66, 27, 419, 1246, 0.06781233102083206
66, 28, 256, 1234, 0.10994462668895721
66, 29, 425, 1285, 0.06972788274288177
66, 30, 254, 1271, 0.10738348960876465
66, 31, 389, 1323, -0.5401349663734436
66, 32, 275, 1314, -0.48392659425735474
67, 0, 364, 230, -0.8334020376205444
67, 1, 384, 205, -0.7817301750183105
67, 2, 393, 205, -0.7817594408988953
67, 3, 402, 206, -0.7811651229858398
67, 4, 353, 203, -0.7649990916252136
67, 5, 343, 202, -0.76434725522995
67, 6, 334, 202, -0.7645336985588074
67, 7, 420, 223, -0.43873023986816406
67, 8, 323, 218, -0.36510151624679565
67, 9, 381, 258, -0.7062267065048218
67, 10, 342, 258, -0.6864523887634277
67, 11, 501, 362, -0.257004052400589
67, 12, 238, 366, -0.13460062444210052
67, 13, 597, 516, -0.6787176132202148
67, 14, 98, 559, -0.608782172203064
67, 15, 446, 484, -1.145265817642212
67, 16, 171, 454, -1.3964272737503052
67, 17, 398, 456, -1.2444179058074951
67, 18, 168, 406, -1.525817632675171
67, 19, 386, 427, -1.1120524406433105
67, 20, 187, 385, -1.4165390729904175
67, 21, 395, 433, -1.1057006120681763
67, 22, 205, 399, -1.3823431730270386
67, 23, 445, 714, -0.0954565554857254
67, 24, 258, 712, 0.1018577441573143
67, 25, 426, 1004, -0.3200751543045044
67, 26, 255, 998, -0.15075460076332092
67, 27, 431, 1267, 0.041279278695583344
67, 28, 267, 1253, -0.017828941345214844
67, 29, 437, 1308, 0.04003404453396797
67, 30, 266, 1292, -0.022885523736476898
67, 31, 401, 1340, -0.5668615698814392
67, 32, 287, 1332, -0.6198710203170776
68, 0, 363, 228, -0.826047420501709
68, 1, 382, 203, -0.7689589858055115
68, 2, 392, 204, -0.7688806056976318
68, 3, 400, 205, -0.7683085799217224
68, 4, 351, 202, -0.7588427066802979
68, 5, 341, 202, -0.7581632733345032
68, 6, 333, 202, -0.7582928538322449
68, 7, 418, 223, -0.4197385311126709
68, 8, 322, 218, -0.36694425344467163
68, 9, 381, 257, -0.6988541483879089
68, 10, 342, 256, -0.6855918169021606
68, 11, 501, 367, -0.2600390613079071
68, 12, 232, 374, -0.1345682293176651
68, 13, 601, 513, -0.6927862167358398
68, 14, 94, 554, -0.59776771068573
68, 15, 464, 497, -1.2776572704315186
68, 16, 113, 463, -1.4709843397140503
68, 17, 421, 468, -1.387700080871582
68, 18, 106, 428, -1.6152820587158203
68, 19, 414, 445, -1.2776997089385986
68, 20, 132, 398, -1.572864294052124
68, 21, 420, 449, -1.2502323389053345
68, 22, 138, 426, -1.4860020875930786
68, 23, 446, 726, -0.09219839423894882
68, 24, 260, 725, 0.09876787662506104
68, 25, 426, 1017, -0.32289940118789673
68, 26, 255, 1007, -0.20905408263206482
68, 27, 429, 1282, 0.022030789405107498
68, 28, 266, 1264, -0.07780086994171143
68, 29, 435, 1324, 0.018490798771381378
68, 30, 264, 1304, -0.08412148803472519
68, 31, 399, 1353, -0.5850380063056946
68, 32, 286, 1341, -0.6880859136581421
69, 0, 359, 227, -0.7986193895339966
69, 1, 377, 203, -0.7413310408592224
69, 2, 387, 203, -0.7413369417190552
69, 3, 396, 204, -0.7406236529350281
69, 4, 346, 202, -0.7287185192108154
69, 5, 337, 201, -0.7281512022018433
69, 6, 329, 202, -0.7283890247344971
69, 7, 415, 222, -0.3929782807826996
69, 8, 322, 218, -0.3287121653556824
69, 9, 379, 257, -0.6673406362533569
69, 10, 341, 256, -0.6511814594268799
69, 11, 502, 369, -0.25936782360076904
69, 12, 230, 377, -0.1522182822227478
69, 13, 597, 495, -0.3954596519470215
69, 14, 97, 499, -0.5076782703399658
69, 15, 602, 639, -0.8089085817337036
69, 16, 60, 485, -1.3707973957061768
69, 17, 621, 675, -0.9063040018081665
69, 18, 47, 493, -1.5258591175079346
69, 19, 591, 666, -0.9469764828681946
69, 20, 67, 438, -1.5702202320098877
69, 21, 577, 656, -0.845943808555603
69, 22, 79, 439, -1.417286992073059
69, 23, 447, 729, -0.06959181278944016
69, 24, 263, 725, 0.07615392655134201
69, 25, 427, 1016, -0.2550545632839203
69, 26, 255, 1009, -0.0768314078450203
69, 27, 427, 1277, 0.13088208436965942
69, 28, 263, 1262, 0.06363572925329208
69, 29, 433, 1319, 0.1339663565158844
69, 30, 261, 1300, 0.05484013631939888
69, 31, 397, 1348, -0.4274614751338959
69, 32, 279, 1339, -0.5124752521514893
70, 0, 357, 227, -0.8028688430786133
70, 1, 374, 202, -0.7504467368125916
70, 2, 385, 202, -0.7504697442054749
70, 3, 394, 203, -0.7503721117973328
70, 4, 344, 201, -0.7411364912986755
70, 5, 335, 201, -0.7404664158821106
70, 6, 327, 202, -0.7406927347183228
70, 7, 413, 221, -0.4170535206794739
70, 8, 321, 218, -0.36865782737731934
70, 9, 378, 257, -0.6809474229812622
70, 10, 341, 256, -0.6675177812576294
70, 11, 504, 369, -0.2805349826812744
70, 12, 229, 380, -0.21771159768104553
70, 13, 596, 484, -0.43693405389785767
70, 14, 99, 481, -0.5454777479171753
70, 15, 626, 661, -0.8373503684997559
70, 16, 12, 500, -1.3917878866195679
70, 17, 648, 708, -0.9337978363037109
70, 18, -23, 506, -1.5438146591186523
70, 19, 620, 705, -0.9771116375923157
70, 20, -5, 488, -1.620256781578064
70, 21, 606, 692, -0.8770700693130493
70, 22, 31, 441, -1.452998399734497
70, 23, 453, 726, -0.058303236961364746
70, 24, 271, 725, 0.06375347822904587
70, 25, 445, 1012, -0.0444556400179863
70, 26, 272, 1008, 0.08165206015110016
70, 27, 451, 1274, 0.5121868252754211
70, 28, 283, 1260, 0.40964657068252563
70, 29, 456, 1315, 0.534672200679779
70, 30, 280, 1298, 0.42526134848594666
70, 31, 427, 1347, -0.015021661296486855
70, 32, 310, 1338, -0.15717598795890808
71, 0, 355, 227, -0.7971657514572144
71, 1, 370, 202, -0.750702977180481
71, 2, 382, 202, -0.750818133354187
71, 3, 392, 203, -0.7508492469787598
71, 4, 341, 202, -0.7380384206771851
71, 5, 332, 202, -0.7373613119125366
71, 6, 324, 202, -0.7376399040222168
71, 7, 412, 221, -0.43074193596839905
71, 8, 320, 219, -0.362232506275177
71, 9, 377, 257, -0.6783766746520996
71, 10, 340, 256, -0.6601060032844543
71, 11, 506, 369, -0.30328792333602905
71, 12, 231, 379, -0.20453055202960968
71, 13, 597, 484, -0.4648849368095398
71, 14, 96, 471, -0.54686439037323
71, 15, 644, 658, -0.8342190980911255
71, 16, -31, 487, -1.3450777530670166
71, 17, 669, 705, -0.9202640652656555
71, 18, -69, 488, -1.4838948249816895
71, 19, 646, 699, -0.9734574556350708
71, 20, -55, 470, -1.5775090456008911
71, 21, 632, 688, -0.8768916130065918
71, 22, -7, 446, -1.4092260599136353
71, 23, 462, 724, -0.05583217740058899
71, 24, 276, 727, 0.060902200639247894
71, 25, 457, 1010, -0.04393016919493675
71, 26, 278, 1009, 0.04109480232000351
71, 27, 470, 1271, 0.5028721690177917
71, 28, 295, 1264, 0.3459336757659912
71, 29, 476, 1311, 0.5245908498764038
71, 30, 294, 1301, 0.36095499992370605
71, 31, 449, 1345, -0.04103009030222893
71, 32, 326, 1345, -0.2427459955215454
72, 0, 350, 227, -0.9250345230102539
72, 1, 365, 202, -0.8874763250350952
72, 2, 378, 202, -0.8875100016593933
72, 3, 389, 203, -0.8875845074653625
72, 4, 336, 202, -0.8720191717147827
72, 5, 328, 202, -0.8713787794113159
72, 6, 321, 203, -0.8717943429946899
72, 7, 410, 220, -0.5818983316421509
72, 8, 318, 220, -0.49316316843032837
72, 9, 375, 258, -0.8090763092041016
72, 10, 337, 257, -0.7840464115142822
72, 11, 510, 371, -0.3938637375831604
72, 12, 230, 380, -0.32659000158309937
72, 13, 596, 483, -0.5145183205604553
72, 14, 97, 470, -0.4835273325443268
72, 15, 644, 662, -0.8984051942825317
72, 16, -33, 562, -0.9694831967353821
72, 17, 673, 708, -0.9718236923217773
72, 18, -76, 589, -1.0590503215789795
72, 19, 645, 708, -1.0194381475448608
72, 20, -57, 589, -1.1452901363372803
72, 21, 631, 694, -0.9362376928329468
72, 22, -36, 582, -1.0284298658370972
72, 23, 462, 730, -0.053063828498125076
72, 24, 276, 732, 0.058229900896549225
72, 25, 459, 1014, -0.07672597467899323
72, 26, 283, 1014, 0.021637720987200737
72, 27, 474, 1272, 0.47197622060775757
72, 28, 299, 1270, 0.34115248918533325
72, 29, 482, 1314, 0.4951944351196289
72, 30, 298, 1310, 0.35709014534950256
72, 31, 445, 1349, -0.07591810822486877
72, 32, 329, 1352, -0.24387988448143005
73, 0, 348, 227, -1.0704880952835083
73, 1, 363, 202, -1.0348844528198242
73, 2, 375, 202, -1.034936785697937
73, 3, 387, 202, -1.0348923206329346
73, 4, 333, 202, -1.0192039012908936
73, 5, 325, 202, -1.0187127590179443
73, 6, 320, 203, -1.0192646980285645
73, 7, 409, 219, -0.7090285420417786
73, 8, 316, 220, -0.6200541853904724
73, 9, 374, 258, -0.9451195597648621
73, 10, 335, 257, -0.9198280572891235
73, 11, 512, 372, -0.477536141872406
73, 12, 230, 380, -0.41968974471092224
73, 13, 596, 483, -0.5782412886619568
73, 14, 98, 469, -0.49030882120132446
73, 15, 647, 660, -1.0547832250595093
73, 16, -32, 571, -1.0237295627593994
73, 17, 676, 707, -1.1347519159317017
73, 18, -73, 600, -1.1205146312713623
73, 19, 648, 706, -1.2334274053573608
73, 20, -55, 597, -1.2069525718688965
73, 21, 633, 692, -1.117509365081787
73, 22, -36, 592, -1.0825263261795044
73, 23, 465, 732, -0.05031493306159973
73, 24, 277, 734, 0.055316537618637085
73, 25, 463, 1017, -0.032907720655202866
73, 26, 285, 1018, 0.04294523596763611
73, 27, 478, 1275, 0.5717883110046387
73, 28, 302, 1273, 0.44169777631759644
73, 29, 486, 1318, 0.5987234115600586
73, 30, 301, 1313, 0.4644837975502014
73, 31, 448, 1353, 0.0022096550092101097
73, 32, 332, 1356, -0.16231295466423035
74, 0, 346, 226, -1.010736107826233
74, 1, 361, 201, -0.9799340963363647
74, 2, 374, 201, -0.9800241589546204
74, 3, 386, 201, -0.9800649881362915
74, 4, 332, 202, -0.9595649838447571
74, 5, 324, 202, -0.9590705037117004
74, 6, 318, 203, -0.9596084356307983
74, 7, 407, 218, -0.6906841993331909
74, 8, 314, 220, -0.5801652669906616
74, 9, 372, 257, -0.8989283442497253
74, 10, 333, 257, -0.8679178953170776
74, 11, 512, 372, -0.4966617524623871
74, 12, 230, 379, -0.4126822352409363
74, 13, 596, 486, -0.5808318257331848
74, 14, 97, 467, -0.5017656087875366
74, 15, 644, 674, -0.9651097059249878
74, 16, -39, 567, -1.0080931186676025
74, 17, 674, 723, -1.0357002019882202
74, 18, -81, 594, -1.1007765531539917
74, 19, 644, 723, -1.1384682655334473
74, 20, -61, 592, -1.1834046840667725
74, 21, 629, 707, -1.0217316150665283
74, 22, -43, 588, -1.0665361881256104
74, 23, 466, 733, -0.051333196461200714
74, 24, 277, 734, 0.05633944272994995
74, 25, 462, 1019, -0.04223452880978584
74, 26, 283, 1020, 0.05280028656125069
74, 27, 477, 1278, 0.5664096474647522
74, 28, 301, 1275, 0.4530547261238098
74, 29, 486, 1323, 0.5951029062271118
74, 30, 301, 1315, 0.4771769046783447
74, 31, 447, 1358, 0.006806203629821539
74, 32, 330, 1359, -0.13946163654327393
75, 0, 342, 226, -0.9588193893432617
75, 1, 358, 201, -0.9328057169914246
75, 2, 371, 201, -0.9328707456588745
75, 3, 383, 201, -0.9329025149345398
75, 4, 329, 202, -0.9095843434333801
75, 5, 321, 202, -0.9090521931648254
75, 6, 316, 203, -0.9095681309700012
75, 7, 405, 217, -0.6720300912857056
75, 8, 313, 221, -0.5450401306152344
75, 9, 369, 257, -0.8549849390983582
75, 10, 330, 257, -0.8201591372489929
75, 11, 512, 373, -0.5008668303489685
75, 12, 230, 378, -0.3915976583957672
75, 13, 597, 489, -0.5831189155578613
75, 14, 95, 466, -0.48417434096336365
75, 15, 635, 679, -0.9175752401351929
75, 16, -49, 566, -0.9101327657699585
75, 17, 663, 730, -0.9893107414245605
75, 18, -93, 593, -0.9926433563232422
75, 19, 632, 729, -1.069161057472229
75, 20, -74, 592, -1.0814486742019653
75, 21, 617, 713, -0.9651095271110535
75, 22, -54, 588, -0.9707393646240234
75, 23, 464, 735, -0.05287638306617737
75, 24, 277, 735, 0.05790746212005615
75, 25, 460, 1022, -0.022561652585864067
75, 26, 280, 1021, 0.08924215286970139
75, 27, 472, 1281, 0.5916885137557983
75, 28, 300, 1275, 0.5003129243850708
75, 29, 479, 1325, 0.6216801404953003
75, 30, 300, 1314, 0.5265836119651794
75, 31, 442, 1360, 0.05774209648370743
75, 32, 330, 1359, -0.06758183985948563
76, 0, 339, 227, -0.969733715057373
76, 1, 356, 201, -0.9507258534431458
76, 2, 368, 201, -0.9507792592048645
76, 3, 381, 201, -0.9508740305900574
76, 4, 327, 202, -0.9260537028312683
76, 5, 320, 203, -0.9256011247634888
76, 6, 315, 204, -0.9261759519577026
76, 7, 404, 217, -0.6981519460678101
76, 8, 312, 221, -0.5684667229652405
76, 9, 366, 258, -0.8684256672859192
76, 10, 328, 258, -0.8314820528030396
76, 11, 512, 374, -0.5063760876655579
76, 12, 231, 377, -0.4079127907752991
76, 13, 598, 490, -0.5841726064682007
76, 14, 95, 467, -0.47874704003334045
76, 15, 631, 677, -0.8953943252563477
76, 16, -45, 573, -0.8725943565368652
76, 17, 658, 727, -0.9620015025138855
76, 18, -90, 602, -0.9522477388381958
76, 19, 626, 726, -1.032140851020813
76, 20, -70, 604, -1.0425995588302612
76, 21, 611, 710, -0.9383108019828796
76, 22, -50, 599, -0.9330066442489624
76, 23, 463, 735, -0.052767831832170486
76, 24, 276, 735, 0.05773622542619705
76, 25, 458, 1023, -0.05364227294921875
76, 26, 279, 1020, 0.08153679966926575
76, 27, 468, 1283, 0.5145267248153687
76, 28, 299, 1276, 0.4121111333370209
76, 29, 476, 1328, 0.5400463342666626
76, 30, 298, 1316, 0.4317142367362976
76, 31, 440, 1363, -0.028864499181509018
76, 32, 329, 1360, -0.16574938595294952
77, 0, 336, 227, -0.8681346774101257
77, 1, 354, 201, -0.8624690771102905
77, 2, 366, 201, -0.8626781702041626
77, 3, 378, 201, -0.8629603385925293
77, 4, 325, 202, -0.8268176317214966
77, 5, 319, 203, -0.8263177871704102
77, 6, 313, 204, -0.8269680738449097
77, 7, 402, 217, -0.6386343240737915
77, 8, 310, 221, -0.497373104095459
77, 9, 364, 258, -0.7866729497909546
77, 10, 325, 258, -0.7356415390968323
77, 11, 512, 374, -0.46089300513267517
77, 12, 231, 377, -0.37308499217033386
77, 13, 597, 491, -0.503000795841217
77, 14, 96, 467, -0.3897395730018616
77, 15, 618, 691, -0.7440162897109985
77, 16, -44, 558, -0.8530028462409973
77, 17, 640, 745, -0.8121075630187988
77, 18, -90, 578, -0.9483057260513306
77, 19, 609, 741, -0.8770164251327515
77, 20, -74, 574, -1.0428345203399658
77, 21, 597, 723, -0.7859519720077515
77, 22, -53, 571, -0.9199389219284058
77, 23, 462, 735, -0.05326662212610245
77, 24, 273, 734, 0.05826801806688309
77, 25, 450, 1022, -0.06720386445522308
77, 26, 269, 1019, 0.02329058013856411
77, 27, 459, 1283, 0.4824201464653015
77, 28, 283, 1275, 0.4069178104400635
77, 29, 467, 1327, 0.505637526512146
77, 30, 283, 1315, 0.413959264755249
77, 31, 428, 1363, -0.05651434510946274
77, 32, 308, 1358, -0.19162659347057343
78, 0, 334, 227, -0.8537050485610962
78, 1, 352, 201, -0.8475273847579956
78, 2, 364, 201, -0.8477098345756531
78, 3, 376, 201, -0.8479920625686646
78, 4, 323, 202, -0.8113592863082886
78, 5, 317, 203, -0.8108316659927368
78, 6, 311, 204, -0.8114582300186157
78, 7, 401, 217, -0.6169660687446594
78, 8, 308, 221, -0.4820132851600647
78, 9, 362, 258, -0.7711564302444458
78, 10, 323, 258, -0.7195544242858887
78, 11, 512, 374, -0.44490471482276917
78, 12, 230, 377, -0.343455970287323
78, 13, 597, 492, -0.48104363679885864
78, 14, 99, 468, -0.39461660385131836
78, 15, 614, 696, -0.7275973558425903
78, 16, -31, 563, -0.8847978711128235
78, 17, 636, 749, -0.7941176295280457
78, 18, -74, 586, -0.9836492538452148
78, 19, 606, 747, -0.8575490117073059
78, 20, -58, 584, -1.0742473602294922
78, 21, 593, 729, -0.7685784101486206
78, 22, -37, 580, -0.9498263597488403
78, 23, 462, 735, -0.05429453402757645
78, 24, 272, 733, 0.05921046808362007
78, 25, 447, 1022, -0.07412806153297424
78, 26, 265, 1018, 0.026075690984725952
78, 27, 456, 1283, 0.47614726424217224
78, 28, 278, 1274, 0.3913211226463318
78, 29, 464, 1326, 0.4998632073402405
78, 30, 278, 1314, 0.4073282778263092
78, 31, 423, 1362, -0.0625162422657013
78, 32, 300, 1357, -0.18818475306034088
79, 0, 334, 227, -0.8548969030380249
79, 1, 351, 201, -0.8382595181465149
79, 2, 364, 201, -0.838333249092102
79, 3, 376, 201, -0.8385722041130066
79, 4, 323, 202, -0.808575451374054
79, 5, 317, 203, -0.8080172538757324
79, 6, 310, 204, -0.8085905313491821
79, 7, 400, 216, -0.5928729176521301
79, 8, 307, 221, -0.46019330620765686
79, 9, 361, 258, -0.7609911561012268
79, 10, 323, 258, -0.7174092531204224
79, 11, 512, 374, -0.3886134922504425
79, 12, 229, 376, -0.3353345990180969
79, 13, 597, 492, -0.4034261107444763
79, 14, 113, 474, -0.3563116490840912
79, 15, 611, 701, -0.6792927384376526
79, 16, 2, 623, -0.8279687762260437
79, 17, 633, 753, -0.7523902654647827
79, 18, -39, 660, -0.9312185049057007
79, 19, 602, 755, -0.8115581274032593
79, 20, -16, 661, -1.0207197666168213
79, 21, 589, 736, -0.7194951176643372
79, 22, 3, 651, -0.8893841505050659
79, 23, 461, 736, -0.055861085653305054
79, 24, 272, 733, 0.060839664191007614
79, 25, 447, 1024, -0.09836051613092422
79, 26, 265, 1020, 0.045120835304260254
79, 27, 455, 1285, 0.4448882043361664
79, 28, 277, 1276, 0.38879185914993286
79, 29, 463, 1330, 0.4680425226688385
79, 30, 277, 1317, 0.404838502407074
79, 31, 420, 1364, -0.09720469266176224
79, 32, 300, 1360, -0.18635593354701996
80, 0, 333, 227, -0.8285004496574402
80, 1, 350, 201, -0.8044404983520508
80, 2, 362, 201, -0.8044134974479675
80, 3, 374, 201, -0.8046255111694336
80, 4, 321, 202, -0.778481125831604
80, 5, 315, 203, -0.7778598070144653
80, 6, 308, 204, -0.7783136367797852
80, 7, 399, 216, -0.5503177046775818
80, 8, 304, 222, -0.4185245931148529
80, 9, 359, 259, -0.7297906875610352
80, 10, 321, 260, -0.6905800700187683
80, 11, 511, 374, -0.3641207814216614
80, 12, 229, 376, -0.3009563982486725
80, 13, 596, 540, -0.36206164956092834
80, 14, 115, 474, -0.32564446330070496
80, 15, 609, 707, -0.5834487080574036
80, 16, 9, 625, -0.7895129919052124
80, 17, 630, 760, -0.6495984792709351
80, 18, -32, 661, -0.8897092938423157
80, 19, 599, 762, -0.7095788717269897
80, 20, -8, 663, -0.9799739122390747
80, 21, 586, 742, -0.6230553984642029
80, 22, 11, 653, -0.8515552282333374
80, 23, 459, 736, -0.05887652188539505
80, 24, 271, 734, 0.06392049789428711
80, 25, 445, 1024, -0.14305932819843292
80, 26, 264, 1021, 0.05568661540746689
80, 27, 452, 1286, 0.3710605204105377
80, 28, 276, 1277, 0.38331863284111023
80, 29, 461, 1331, 0.3913421034812927
80, 30, 276, 1319, 0.40270042419433594
80, 31, 417, 1365, -0.16806980967521667
80, 32, 299, 1361, -0.1993815004825592
81, 0, 332, 229, -0.8368285894393921
81, 1, 349, 202, -0.8109768629074097
81, 2, 361, 201, -0.8109686970710754
81, 3, 373, 201, -0.8111335039138794
81, 4, 321, 203, -0.785896360874176
81, 5, 314, 204, -0.7852936387062073
81, 6, 306, 206, -0.7857514023780823
81, 7, 397, 216, -0.5425714254379272
81, 8, 302, 224, -0.42253559827804565
81, 9, 359, 260, -0.7344114780426025
81, 10, 321, 262, -0.6983811855316162
81, 11, 511, 375, -0.3434622585773468
81, 12, 228, 376, -0.3007698953151703
81, 13, 596, 553, -0.33047395944595337
81, 14, 115, 475, -0.3424379229545593
81, 15, 607, 712, -0.5383633375167847
81, 16, 14, 637, -0.7694798707962036
81, 17, 630, 764, -0.597837507724762
81, 18, -25, 676, -0.8650797009468079
81, 19, 597, 768, -0.6584471464157104
81, 20, 1, 680, -0.950702965259552
81, 21, 585, 748, -0.5773985981941223
81, 22, 20, 669, -0.8275203704833984
81, 23, 454, 741, -0.05799853056669235
81, 24, 268, 737, 0.06309399753808975
81, 25, 442, 1029, -0.15176138281822205
81, 26, 261, 1024, 0.0173342302441597
81, 27, 450, 1291, 0.3335178792476654
81, 28, 273, 1282, 0.2880965769290924
81, 29, 458, 1336, 0.3509386479854584
81, 30, 273, 1325, 0.29879602789878845
81, 31, 413, 1371, -0.20599624514579773
81, 32, 296, 1366, -0.2777334451675415
82, 0, 331, 231, -0.8397663831710815
82, 1, 347, 203, -0.814553439617157
82, 2, 360, 202, -0.8145564198493958
82, 3, 371, 202, -0.8146960139274597
82, 4, 319, 205, -0.7896966934204102
82, 5, 313, 206, -0.7890766859054565
82, 6, 305, 208, -0.7895362377166748
82, 7, 396, 217, -0.5468068718910217
82, 8, 301, 226, -0.4236171245574951
82, 9, 358, 262, -0.7367441058158875
82, 10, 320, 265, -0.6995576024055481
82, 11, 511, 376, -0.35144683718681335
82, 12, 227, 376, -0.2926059067249298
82, 13, 595, 557, -0.3524288833141327
82, 14, 114, 476, -0.32775333523750305
82, 15, 607, 713, -0.5570135712623596
82, 16, 11, 623, -0.7730592489242554
82, 17, 629, 765, -0.6123090386390686
82, 18, -29, 658, -0.8665012121200562
82, 19, 597, 768, -0.6703965067863464
82, 20, -2, 660, -0.9525138735771179
82, 21, 584, 749, -0.5944570302963257
82, 22, 16, 650, -0.8328245878219604
82, 23, 452, 742, -0.05914734676480293
82, 24, 266, 737, 0.06424979865550995
82, 25, 440, 1031, -0.14601632952690125
82, 26, 260, 1025, 0.017547909170389175
82, 27, 447, 1292, 0.354450523853302
82, 28, 271, 1283, 0.29627132415771484
82, 29, 455, 1337, 0.3731720745563507
82, 30, 271, 1325, 0.30853182077407837
82, 31, 409, 1373, -0.18932956457138062
82, 32, 293, 1367, -0.2723076641559601
83, 0, 330, 233, -0.8490973711013794
83, 1, 346, 204, -0.8285406827926636
83, 2, 359, 203, -0.8284519910812378
83, 3, 370, 202, -0.828576922416687
83, 4, 318, 206, -0.801020622253418
83, 5, 312, 207, -0.8002969026565552
83, 6, 303, 209, -0.8007341623306274
83, 7, 396, 217, -0.5758790969848633
83, 8, 299, 227, -0.43499550223350525
83, 9, 357, 263, -0.7495995759963989
83, 10, 319, 267, -0.7074288129806519
83, 11, 511, 376, -0.3632879853248596
83, 12, 227, 376, -0.30517998337745667
83, 13, 592, 517, -0.3811463713645935
83, 14, 114, 478, -0.31669002771377563
83, 15, 607, 711, -0.6097038984298706
83, 16, 14, 648, -0.6963156461715698
83, 17, 632, 762, -0.6729317903518677
83, 18, -25, 689, -0.7855392694473267
83, 19, 598, 766, -0.7302619218826294
83, 20, 1, 694, -0.875828742980957
83, 21, 584, 747, -0.6481504440307617
83, 22, 21, 682, -0.7557560205459595
83, 23, 451, 743, -0.06040332466363907
83, 24, 265, 739, 0.06570117175579071
83, 25, 439, 1033, -0.15420910716056824
83, 26, 260, 1027, 0.017612528055906296
83, 27, 447, 1295, 0.3502356708049774
83, 28, 271, 1286, 0.30362099409103394
83, 29, 455, 1340, 0.36911091208457947
83, 30, 271, 1329, 0.31648552417755127
83, 31, 408, 1375, -0.20072627067565918
83, 32, 292, 1369, -0.2672049403190613
84, 0, 329, 234, -0.9089013338088989
84, 1, 346, 204, -0.8845135569572449
84, 2, 358, 203, -0.8844989538192749
84, 3, 370, 203, -0.8846226930618286
84, 4, 318, 207, -0.8606998324394226
84, 5, 311, 208, -0.8600183725357056
84, 6, 302, 210, -0.8604976534843445
84, 7, 395, 217, -0.6081651449203491
84, 8, 299, 227, -0.4784375727176666
84, 9, 356, 265, -0.7973941564559937
84, 10, 318, 268, -0.7597890496253967
84, 11, 511, 376, -0.3643679618835449
84, 12, 226, 377, -0.3243176341056824
84, 13, 591, 504, -0.37450674176216125
84, 14, 114, 480, -0.30985188484191895
84, 15, 608, 708, -0.6271136403083801
84, 16, 18, 654, -0.6793662309646606
84, 17, 633, 759, -0.6919859647750854
84, 18, -19, 696, -0.770663321018219
84, 19, 599, 763, -0.7535721659660339
84, 20, 7, 702, -0.8624874353408813
84, 21, 585, 744, -0.6672800779342651
84, 22, 26, 689, -0.7385154366493225
84, 23, 451, 744, -0.06045813113451004
84, 24, 265, 739, 0.0657721683382988
84, 25, 439, 1034, -0.15635932981967926
84, 26, 261, 1028, 0.0033320575021207333
84, 27, 448, 1296, 0.34464892745018005
84, 28, 273, 1288, 0.29002952575683594
84, 29, 457, 1341, 0.3628285527229309
84, 30, 274, 1331, 0.3011971116065979
84, 31, 409, 1376, -0.21680887043476105
84, 32, 295, 1371, -0.2880532145500183
85, 0, 328, 236, -0.9114335775375366
85, 1, 345, 205, -0.8854527473449707
85, 2, 358, 204, -0.8854467272758484
85, 3, 370, 203, -0.8855817914009094
85, 4, 317, 208, -0.8616631627082825
85, 5, 310, 209, -0.8609921336174011
85, 6, 301, 211, -0.861466109752655
85, 7, 395, 217, -0.6038572788238525
85, 8, 298, 228, -0.4752311706542969
85, 9, 356, 266, -0.7982102632522583
85, 10, 318, 270, -0.7609889507293701
85, 11, 511, 376, -0.3633686900138855
85, 12, 226, 377, -0.32076284289360046
85, 13, 591, 498, -0.362912118434906
85, 14, 115, 480, -0.3024493455886841
85, 15, 608, 706, -0.6327661871910095
85, 16, 20, 648, -0.7122746109962463
85, 17, 633, 756, -0.7006546258926392
85, 18, -17, 687, -0.8098823428153992
85, 19, 600, 759, -0.762830376625061
85, 20, 7, 691, -0.9008369445800781
85, 21, 585, 741, -0.6737756729125977
85, 22, 26, 679, -0.772399365901947
85, 23, 451, 744, -0.06062176078557968
85, 24, 265, 740, 0.06595863401889801
85, 25, 440, 1034, -0.15962445735931396
85, 26, 262, 1029, 0.0038802295457571745
85, 27, 450, 1295, 0.34352052211761475
85, 28, 276, 1288, 0.2959849238395691
85, 29, 459, 1341, 0.361833781003952
85, 30, 277, 1331, 0.307968407869339
85, 31, 411, 1376, -0.22071042656898499
85, 32, 297, 1371, -0.2818707525730133
86, 0, 328, 238, -0.9061518907546997
86, 1, 345, 206, -0.878703236579895
86, 2, 358, 205, -0.8787020444869995
86, 3, 370, 205, -0.8788228034973145
86, 4, 317, 209, -0.8552645444869995
86, 5, 310, 211, -0.8545944094657898
86, 6, 301, 213, -0.8550602793693542
86, 7, 395, 218, -0.5835050940513611
86, 8, 298, 229, -0.4661562442779541
86, 9, 356, 268, -0.7936185598373413
86, 10, 317, 273, -0.7567329406738281
86, 11, 511, 376, -0.3451133966445923
86, 12, 225, 378, -0.3013625144958496
86, 13, 590, 495, -0.3494104743003845
86, 14, 116, 480, -0.30652913451194763
86, 15, 609, 706, -0.6355722546577454
86, 16, 21, 643, -0.7510250210762024
86, 17, 634, 757, -0.7060345411300659
86, 18, -17, 681, -0.850724995136261
86, 19, 600, 760, -0.767115592956543
86, 20, 7, 684, -0.93657386302948
86, 21, 585, 742, -0.6769075393676758
86, 22, 27, 673, -0.8106130361557007
86, 23, 451, 744, -0.06169744208455086
86, 24, 266, 740, 0.06709512323141098
86, 25, 443, 1034, -0.1761016547679901
86, 26, 265, 1029, 0.017587855458259583
86, 27, 455, 1295, 0.32292938232421875
86, 28, 280, 1288, 0.2994902431964874
86, 29, 464, 1340, 0.34034445881843567
86, 30, 281, 1331, 0.31180843710899353
86, 31, 416, 1375, -0.24967005848884583
86, 32, 304, 1371, -0.2800610661506653
87, 0, 328, 240, -0.9024307131767273
87, 1, 345, 208, -0.8755691647529602
87, 2, 358, 206, -0.8755759000778198
87, 3, 370, 206, -0.8756757974624634
87, 4, 317, 211, -0.8515623211860657
87, 5, 310, 212, -0.8509011268615723
87, 6, 301, 214, -0.8513684272766113
87, 7, 395, 219, -0.571790337562561
87, 8, 298, 230, -0.46276935935020447
87, 9, 356, 270, -0.7919638752937317
87, 10, 317, 274, -0.7542161345481873
87, 11, 511, 376, -0.340929239988327
87, 12, 225, 379, -0.2970696687698364
87, 13, 589, 494, -0.3505309224128723
87, 14, 116, 481, -0.31478601694107056
87, 15, 609, 705, -0.6360812783241272
87, 16, 23, 644, -0.7670857906341553
87, 17, 634, 756, -0.7080434560775757
87, 18, -15, 682, -0.8675440549850464
87, 19, 600, 759, -0.7673093676567078
87, 20, 9, 685, -0.9518033266067505
87, 21, 585, 740, -0.676935076713562
87, 22, 28, 674, -0.8264340162277222
87, 23, 451, 744, -0.06190706044435501
87, 24, 267, 740, 0.06731215119361877
87, 25, 445, 1033, -0.17873872816562653
87, 26, 268, 1029, 0.017888614907860756
87, 27, 459, 1295, 0.31585586071014404
87, 28, 285, 1288, 0.29721373319625854
87, 29, 468, 1340, 0.333098828792572
87, 30, 285, 1331, 0.30792516469955444
87, 31, 421, 1375, -0.2522065043449402
87, 32, 310, 1371, -0.2857639193534851
88, 0, 328, 240, -0.9001103639602661
88, 1, 345, 208, -0.8736985921859741
88, 2, 358, 207, -0.8737349510192871
88, 3, 370, 206, -0.8738220930099487
88, 4, 317, 211, -0.8493825793266296
88, 5, 310, 212, -0.848732590675354
88, 6, 301, 214, -0.8492110967636108
88, 7, 395, 219, -0.5655867457389832
88, 8, 298, 230, -0.4579319357872009
88, 9, 355, 270, -0.7913573384284973
88, 10, 317, 274, -0.752909779548645
88, 11, 511, 376, -0.3366237282752991
88, 12, 224, 380, -0.2941026985645294
88, 13, 589, 492, -0.3484084904193878
88, 14, 116, 481, -0.3212793171405792
88, 15, 610, 704, -0.6307991743087769
88, 16, 24, 642, -0.8265811204910278
88, 17, 634, 755, -0.7027082443237305
88, 18, -13, 680, -0.9372258186340332
88, 19, 600, 757, -0.7598646283149719
88, 20, 11, 681, -1.0215452909469604
88, 21, 586, 739, -0.6709820032119751
88, 22, 31, 671, -0.885982871055603
88, 23, 452, 744, -0.06196284294128418
88, 24, 267, 740, 0.0673636794090271
88, 25, 447, 1033, -0.17523333430290222
88, 26, 270, 1029, 0.0262905303388834
88, 27, 460, 1295, 0.3224928379058838
88, 28, 287, 1288, 0.3088051378726959
88, 29, 470, 1340, 0.3400258719921112
88, 30, 287, 1330, 0.31915706396102905
88, 31, 424, 1375, -0.24161867797374725
88, 32, 313, 1371, -0.2779691219329834
89, 0, 327, 240, -0.87297123670578
89, 1, 344, 208, -0.8438237309455872
89, 2, 357, 207, -0.8436752557754517
89, 3, 369, 206, -0.8438107371330261
89, 4, 317, 211, -0.8216743469238281
89, 5, 310, 212, -0.8209373354911804
89, 6, 301, 214, -0.8212816119194031
89, 7, 395, 219, -0.551287055015564
89, 8, 298, 230, -0.4402857720851898
89, 9, 355, 270, -0.7641456127166748
89, 10, 317, 274, -0.728889524936676
89, 11, 510, 376, -0.3368312120437622
89, 12, 223, 380, -0.29252952337265015
89, 13, 588, 491, -0.347875714302063
89, 14, 116, 481, -0.32580989599227905
89, 15, 609, 703, -0.5921196341514587
89, 16, 32, 652, -0.8244470357894897
89, 17, 634, 754, -0.6611902713775635
89, 18, -5, 691, -0.9357869029045105
89, 19, 600, 756, -0.7135430574417114
89, 20, 22, 695, -1.020865559577942
89, 21, 586, 738, -0.6299538016319275
89, 22, 42, 682, -0.8835927844047546
89, 23, 452, 743, -0.06198754906654358
89, 24, 267, 740, 0.06740298122167587
89, 25, 447, 1033, -0.17192062735557556
89, 26, 270, 1029, 0.02754811942577362
89, 27, 460, 1294, 0.3275115191936493
89, 28, 287, 1288, 0.3091070353984833
89, 29, 470, 1339, 0.3456580340862274
89, 30, 287, 1330, 0.31948214769363403
89, 31, 424, 1374, -0.2355337142944336
89, 32, 312, 1370, -0.27593567967414856
90, 0, 327, 240, -0.9068678021430969
90, 1, 344, 208, -0.8696990013122559
90, 2, 357, 207, -0.8695173263549805
90, 3, 369, 206, -0.8696562647819519
90, 4, 317, 211, -0.8552023768424988
90, 5, 310, 212, -0.8544604182243347
90, 6, 301, 213, -0.8547787666320801
90, 7, 395, 219, -0.5529511570930481
90, 8, 298, 230, -0.4686436057090759
90, 9, 355, 270, -0.7855397462844849
90, 10, 317, 274, -0.760394275188446
90, 11, 510, 376, -0.33857959508895874
90, 12, 222, 382, -0.3139027953147888
90, 13, 587, 491, -0.3454177677631378
90, 14, 116, 482, -0.33829015493392944
90, 15, 608, 704, -0.6091973781585693
90, 16, 37, 658, -0.8334000706672668
90, 17, 632, 754, -0.6770646572113037
90, 18, 1, 698, -0.9457189440727234
90, 19, 598, 756, -0.7306000590324402
90, 20, 29, 702, -1.0337656736373901
90, 21, 584, 738, -0.647304356098175
90, 22, 47, 689, -0.8929048776626587
90, 23, 452, 743, -0.062035392969846725
90, 24, 267, 740, 0.06744221597909927
90, 25, 447, 1033, -0.12488456070423126
90, 26, 270, 1029, 0.06200621277093887
90, 27, 460, 1294, 0.4264547824859619
90, 28, 288, 1287, 0.3991032540798187
90, 29, 470, 1339, 0.45068293809890747
90, 30, 288, 1330, 0.4150450825691223
90, 31, 425, 1373, -0.12107674032449722
90, 32, 313, 1370, -0.1812829077243805
91, 0, 328, 240, -0.9915040135383606
91, 1, 345, 208, -0.9505899548530579
91, 2, 358, 207, -0.9503987431526184
91, 3, 370, 206, -0.9504963159561157
91, 4, 317, 211, -0.9406369924545288
91, 5, 310, 212, -0.9398747682571411
91, 6, 301, 213, -0.9401833415031433
91, 7, 395, 220, -0.6074172258377075
91, 8, 298, 230, -0.5442026853561401
91, 9, 355, 270, -0.8591464161872864
91, 10, 317, 274, -0.8405534625053406
91, 11, 509, 376, -0.3578781187534332
91, 12, 221, 382, -0.3668050765991211
91, 13, 586, 491, -0.3492984473705292
91, 14, 116, 483, -0.3601699471473694
91, 15, 607, 704, -0.6118490099906921
91, 16, 39, 663, -0.8336470723152161
91, 17, 630, 754, -0.6907841563224792
91, 18, 4, 705, -0.9448620080947876
91, 19, 596, 757, -0.7492913007736206
91, 20, 32, 709, -1.0361948013305664
91, 21, 582, 738, -0.6538575887680054
91, 22, 50, 695, -0.8934842944145203
91, 23, 451, 743, -0.06201524659991264
91, 24, 267, 740, 0.06741396337747574
91, 25, 448, 1032, -0.10643923282623291
91, 26, 271, 1029, 0.07876010239124298
91, 27, 461, 1293, 0.4653194546699524
91, 28, 289, 1287, 0.4383932948112488
91, 29, 470, 1337, 0.49040350317955017
91, 30, 289, 1330, 0.4559265673160553
91, 31, 426, 1373, -0.09526023268699646
91, 32, 314, 1370, -0.1545749455690384
92, 0, 328, 240, -0.9632218480110168
92, 1, 345, 208, -0.9257637858390808
92, 2, 358, 207, -0.9256188273429871
92, 3, 370, 207, -0.9257301092147827
92, 4, 317, 211, -0.9120648503303528
92, 5, 310, 212, -0.9113236665725708
92, 6, 301, 213, -0.9116614460945129
92, 7, 395, 221, -0.6016798615455627
92, 8, 298, 230, -0.5215831995010376
92, 9, 355, 270, -0.8377410769462585
92, 10, 317, 274, -0.8146266937255859
92, 11, 509, 376, -0.3574693202972412
92, 12, 220, 382, -0.3548915982246399
92, 13, 586, 491, -0.3431418836116791
92, 14, 115, 483, -0.37110623717308044
92, 15, 607, 704, -0.6007174849510193
92, 16, 37, 658, -0.8521611094474792
92, 17, 630, 754, -0.6732999086380005
92, 18, 1, 698, -0.9620122909545898
92, 19, 596, 757, -0.7292086482048035
92, 20, 31, 702, -1.0532890558242798
92, 21, 582, 739, -0.640810489654541
92, 22, 49, 689, -0.9127634167671204
92, 23, 450, 743, -0.06162445619702339
92, 24, 265, 740, 0.06698884069919586
92, 25, 447, 1032, -0.10913839191198349
92, 26, 270, 1029, 0.07100839167833328
92, 27, 459, 1292, 0.4434918463230133
92, 28, 287, 1287, 0.4109446108341217
92, 29, 468, 1337, 0.4663950502872467
92, 30, 288, 1330, 0.42647141218185425
92, 31, 425, 1373, -0.11453739553689957
92, 32, 313, 1370, -0.17791315913200378
93, 0, 328, 240, -0.9643969535827637
93, 1, 345, 208, -0.9277263879776001
93, 2, 358, 207, -0.9275299906730652
93, 3, 370, 207, -0.9276247024536133
93, 4, 317, 211, -0.9141138792037964
93, 5, 310, 211, -0.9133747220039368
93, 6, 302, 213, -0.9137045741081238
93, 7, 395, 221, -0.6089852452278137
93, 8, 298, 230, -0.5294389724731445
93, 9, 355, 270, -0.8408166766166687
93, 10, 317, 273, -0.8177798986434937
93, 11, 509, 377, -0.3710803985595703
93, 12, 219, 383, -0.36801642179489136
93, 13, 586, 492, -0.3453977108001709
93, 14, 114, 483, -0.3726128935813904
93, 15, 607, 707, -0.603732705116272
93, 16, 37, 660, -0.8264158368110657
93, 17, 630, 757, -0.6730912923812866
93, 18, 1, 702, -0.9268110990524292
93, 19, 596, 761, -0.7275300025939941
93, 20, 29, 707, -1.0202586650848389
93, 21, 582, 742, -0.6426326036453247
93, 22, 47, 694, -0.8866880536079407
93, 23, 450, 744, -0.061377912759780884
93, 24, 264, 742, 0.06675740331411362
93, 25, 447, 1033, -0.10710827261209488
93, 26, 267, 1031, 0.06700138002634048
93, 27, 458, 1294, 0.45522189140319824
93, 28, 284, 1289, 0.41533297300338745
93, 29, 467, 1339, 0.4796923100948334
93, 30, 284, 1332, 0.4327605366706848
93, 31, 424, 1375, -0.09759754687547684
93, 32, 310, 1371, -0.1707141399383545
94, 0, 328, 240, -0.961186408996582
94, 1, 346, 208, -0.9249755144119263
94, 2, 358, 208, -0.9247621297836304
94, 3, 371, 207, -0.9248396158218384
94, 4, 317, 211, -0.9104971885681152
94, 5, 310, 211, -0.9097390174865723
94, 6, 302, 213, -0.9100631475448608
94, 7, 395, 222, -0.6103644967079163
94, 8, 298, 230, -0.5266871452331543
94, 9, 355, 270, -0.8391956090927124
94, 10, 317, 273, -0.8150976300239563
94, 11, 509, 378, -0.3759838938713074
94, 12, 218, 383, -0.3666519522666931
94, 13, 586, 492, -0.34809792041778564
94, 14, 111, 483, -0.37672409415245056
94, 15, 608, 707, -0.6011916399002075
94, 16, 33, 659, -0.8250176310539246
94, 17, 631, 757, -0.667397141456604
94, 18, -2, 700, -0.9242569804191589
94, 19, 597, 762, -0.7183413505554199
94, 20, 27, 705, -1.0161356925964355
94, 21, 583, 744, -0.6387509107589722
94, 22, 45, 692, -0.8849141001701355
94, 23, 450, 744, -0.06133580952882767
94, 24, 263, 742, 0.06673181056976318
94, 25, 446, 1035, -0.1086706891655922
94, 26, 266, 1032, 0.06644023209810257
94, 27, 457, 1295, 0.453927218914032
94, 28, 282, 1290, 0.4073614478111267
94, 29, 466, 1340, 0.47812309861183167
94, 30, 282, 1333, 0.42455998063087463
94, 31, 423, 1376, -0.10256747901439667
94, 32, 308, 1372, -0.1802360564470291
95, 0, 328, 240, -0.9264413714408875
95, 1, 346, 208, -0.8916101455688477
95, 2, 358, 208, -0.8913936614990234
95, 3, 371, 207, -0.8914421796798706
95, 4, 317, 211, -0.8770216107368469
95, 5, 310, 211, -0.8762482404708862
95, 6, 302, 213, -0.8766196966171265
95, 7, 395, 222, -0.5953037738800049
95, 8, 298, 230, -0.5110371112823486
95, 9, 355, 271, -0.81110018491745
95, 10, 317, 274, -0.7867540121078491
95, 11, 509, 378, -0.36343616247177124
95, 12, 218, 382, -0.3607085049152374
95, 13, 587, 492, -0.347525030374527
95, 14, 110, 483, -0.36044207215309143
95, 15, 609, 707, -0.5810921788215637
95, 16, 33, 665, -0.7545875310897827
95, 17, 633, 757, -0.6428412795066833
95, 18, -2, 709, -0.8500897288322449
95, 19, 598, 761, -0.6906543374061584
95, 20, 28, 715, -0.9339461326599121
95, 21, 584, 743, -0.6172863245010376
95, 22, 46, 701, -0.8108006715774536
95, 23, 450, 745, -0.05970967561006546
95, 24, 262, 743, 0.06531339883804321
95, 25, 446, 1036, -0.1455848217010498
95, 26, 265, 1032, -0.03733787685632706
95, 27, 457, 1297, 0.3565079867839813
95, 28, 280, 1291, 0.25237610936164856
95, 29, 465, 1342, 0.3740781247615814
95, 30, 280, 1335, 0.26299357414245605
95, 31, 421, 1379, -0.2079085409641266
95, 32, 306, 1373, -0.3405565619468689
96, 0, 328, 240, -0.867719829082489
96, 1, 346, 208, -0.8407211303710938
96, 2, 358, 208, -0.8404889106750488
96, 3, 371, 208, -0.8405394554138184
96, 4, 317, 211, -0.8198099136352539
96, 5, 310, 211, -0.8189916610717773
96, 6, 302, 213, -0.8193603754043579
96, 7, 395, 222, -0.5770999193191528
96, 8, 298, 230, -0.4646705687046051
96, 9, 355, 271, -0.7636541128158569
96, 10, 317, 274, -0.7310477495193481
96, 11, 509, 379, -0.3546210527420044
96, 12, 218, 382, -0.3416185975074768
96, 13, 587, 492, -0.34283000230789185
96, 14, 109, 483, -0.3292006850242615
96, 15, 610, 709, -0.5464843511581421
96, 16, 33, 667, -0.7095985412597656
96, 17, 634, 757, -0.6049115657806396
96, 18, -2, 712, -0.8042892217636108
96, 19, 599, 762, -0.6527606248855591
96, 20, 28, 718, -0.8859487771987915
96, 21, 585, 745, -0.5824146866798401
96, 22, 46, 703, -0.7658866047859192
96, 23, 449, 745, -0.059190236032009125
96, 24, 260, 743, 0.06492286920547485
96, 25, 444, 1036, -0.16241446137428284
96, 26, 263, 1032, -0.05550803989171982
96, 27, 455, 1298, 0.3234812319278717
96, 28, 276, 1292, 0.2227473258972168
96, 29, 464, 1344, 0.33992597460746765
96, 30, 277, 1336, 0.23222053050994873
96, 31, 418, 1379, -0.2384958267211914
96, 32, 302, 1373, -0.36589565873146057
97, 0, 328, 240, -0.8588647842407227
97, 1, 346, 209, -0.8321631550788879
97, 2, 358, 208, -0.831942081451416
97, 3, 371, 208, -0.8320439457893372
97, 4, 317, 211, -0.8101115226745605
97, 5, 310, 211, -0.8093021512031555
97, 6, 302, 213, -0.809686541557312
97, 7, 395, 222, -0.5705597996711731
97, 8, 298, 230, -0.4504595398902893
97, 9, 355, 271, -0.7546082735061646
97, 10, 317, 274, -0.7203214168548584
97, 11, 509, 379, -0.3480389416217804
97, 12, 218, 382, -0.331875741481781
97, 13, 587, 492, -0.33307886123657227
97, 14, 109, 483, -0.32447803020477295
97, 15, 612, 710, -0.5363020300865173
97, 16, 33, 668, -0.718907356262207
97, 17, 638, 758, -0.594036340713501
97, 18, -2, 713, -0.8156934976577759
97, 19, 604, 764, -0.6472815275192261
97, 20, 27, 718, -0.8998235464096069
97, 21, 588, 746, -0.5742892026901245
97, 22, 45, 704, -0.7764977812767029
97, 23, 449, 746, -0.058684419840574265
97, 24, 259, 743, 0.06451262533664703
97, 25, 441, 1037, -0.17570427060127258
97, 26, 261, 1032, -0.06619744747877121
97, 27, 452, 1300, 0.307503879070282
97, 28, 272, 1292, 0.20790600776672363
97, 29, 461, 1346, 0.32335364818573
97, 30, 272, 1337, 0.21636533737182617
97, 31, 414, 1381, -0.2604849934577942
97, 32, 296, 1374, -0.38766777515411377
98, 0, 328, 240, -0.8526622653007507
98, 1, 346, 209, -0.8264822959899902
98, 2, 359, 208, -0.8262513875961304
98, 3, 371, 208, -0.8263762593269348
98, 4, 317, 211, -0.8051931262016296
98, 5, 310, 211, -0.8044154047966003
98, 6, 302, 213, -0.8047791719436646
98, 7, 396, 222, -0.566403329372406
98, 8, 298, 230, -0.44896697998046875
98, 9, 355, 271, -0.7488340735435486
98, 10, 317, 274, -0.7155194878578186
98, 11, 509, 379, -0.3484724462032318
98, 12, 218, 382, -0.33045563101768494
98, 13, 587, 492, -0.335872083902359
98, 14, 109, 483, -0.3265683650970459
98, 15, 613, 710, -0.5361427068710327
98, 16, 33, 669, -0.7200009226799011
98, 17, 640, 759, -0.596671462059021
98, 18, -2, 714, -0.8167504072189331
98, 19, 605, 764, -0.6499578952789307
98, 20, 28, 719, -0.9013699293136597
98, 21, 589, 746, -0.5742052793502808
98, 22, 46, 705, -0.7779119610786438
98, 23, 449, 746, -0.05829060077667236
98, 24, 259, 743, 0.06414517760276794
98, 25, 441, 1038, -0.17216451466083527
98, 26, 261, 1032, -0.05972724407911301
98, 27, 452, 1300, 0.314433217048645
98, 28, 271, 1293, 0.2185634821653366
98, 29, 460, 1346, 0.33127361536026
98, 30, 271, 1337, 0.2280278205871582
98, 31, 413, 1381, -0.244180828332901
98, 32, 296, 1374, -0.36772188544273376
99, 0, 329, 240, -0.8620890378952026
99, 1, 346, 209, -0.8339382410049438
99, 2, 359, 208, -0.8337265253067017
99, 3, 372, 208, -0.8338545560836792
99, 4, 317, 210, -0.8138001561164856
99, 5, 310, 211, -0.8130303621292114
99, 6, 302, 213, -0.8133944272994995
99, 7, 396, 222, -0.5651892423629761
99, 8, 298, 229, -0.4523955285549164
99, 9, 356, 271, -0.7549161314964294
99, 10, 317, 274, -0.7230431437492371
99, 11, 509, 379, -0.34791550040245056
99, 12, 218, 381, -0.32990097999572754
99, 13, 587, 492, -0.33723655343055725
99, 14, 109, 483, -0.32804161310195923
99, 15, 614, 710, -0.5474950075149536
99, 16, 35, 670, -0.7271860241889954
99, 17, 642, 758, -0.6099244952201843
99, 18, 0, 715, -0.8249295949935913
99, 19, 607, 764, -0.6631641387939453
99, 20, 29, 720, -0.9097744822502136
99, 21, 591, 746, -0.5857027173042297
99, 22, 47, 706, -0.7848830223083496
99, 23, 449, 746, -0.058268655091524124
99, 24, 259, 743, 0.06412256509065628
99, 25, 441, 1038, -0.17038926482200623
99, 26, 261, 1032, -0.04726564511656761
99, 27, 452, 1300, 0.32251259684562683
99, 28, 272, 1292, 0.23915791511535645
99, 29, 460, 1346, 0.3400781452655792
99, 30, 272, 1337, 0.24930429458618164
99, 31, 414, 1381, -0.23611870408058167
99, 32, 296, 1374, -0.347634881734848
100, 0, 330, 240, -0.8809480667114258
100, 1, 347, 209, -0.845332145690918
100, 2, 360, 208, -0.8450828790664673
100, 3, 372, 208, -0.8451833724975586
100, 4, 317, 210, -0.8272353410720825
100, 5, 310, 211, -0.8263273239135742
100, 6, 302, 213, -0.8266125917434692
100, 7, 396, 222, -0.5642305612564087
100, 8, 298, 229, -0.45423999428749084
100, 9, 357, 271, -0.7655223608016968
100, 10, 317, 274, -0.7361215353012085
100, 11, 509, 379, -0.3478338122367859
100, 12, 218, 381, -0.3280673623085022
100, 13, 587, 492, -0.34257519245147705
100, 14, 109, 482, -0.3375754952430725
100, 15, 615, 710, -0.587983250617981
100, 16, 35, 669, -0.7753814458847046
100, 17, 642, 758, -0.6608374118804932
100, 18, 0, 713, -0.8814590573310852
100, 19, 607, 764, -0.7131953239440918
100, 20, 29, 719, -0.968110203742981
100, 21, 591, 746, -0.627922773361206
100, 22, 47, 705, -0.8354746103286743
100, 23, 449, 746, -0.059065043926239014
100, 24, 259, 743, 0.06500861048698425
100, 25, 441, 1037, -0.1689595878124237
100, 26, 261, 1032, -0.017766866832971573
100, 27, 452, 1300, 0.34806740283966064
100, 28, 272, 1292, 0.2953670620918274
100, 29, 460, 1345, 0.3681410849094391
100, 30, 272, 1337, 0.30808618664741516
100, 31, 414, 1380, -0.22408244013786316
100, 32, 296, 1374, -0.30649760365486145
101, 0, 331, 240, -0.8993271589279175
101, 1, 348, 209, -0.8610855937004089
101, 2, 361, 208, -0.8608309626579285
101, 3, 373, 208, -0.8609203100204468
101, 4, 318, 210, -0.8439510464668274
101, 5, 310, 211, -0.8429949879646301
101, 6, 303, 213, -0.8432679176330566
101, 7, 396, 222, -0.5643771290779114
101, 8, 298, 229, -0.4578080177307129
101, 9, 357, 271, -0.7795528173446655
101, 10, 318, 274, -0.7513261437416077
101, 11, 509, 379, -0.3479616940021515
101, 12, 218, 381, -0.3281739354133606
101, 13, 587, 492, -0.3438551425933838
101, 14, 109, 482, -0.33953291177749634
101, 15, 614, 710, -0.6005674004554749
101, 16, 35, 669, -0.7764113545417786
101, 17, 642, 758, -0.6749315857887268
101, 18, 0, 713, -0.8823407292366028
101, 19, 607, 763, -0.728657603263855
101, 20, 29, 718, -0.9699987173080444
101, 21, 591, 746, -0.6412513256072998
101, 22, 47, 704, -0.8366673588752747
101, 23, 449, 746, -0.05950886756181717
101, 24, 259, 742, 0.0654950961470604
101, 25, 441, 1037, -0.16837731003761292
101, 26, 261, 1032, -0.007280517369508743
101, 27, 452, 1299, 0.3613862693309784
101, 28, 272, 1292, 0.3121846318244934
101, 29, 460, 1345, 0.3821914792060852
101, 30, 272, 1337, 0.3254207968711853
101, 31, 414, 1379, -0.21765728294849396
101, 32, 297, 1374, -0.29337531328201294
102, 0, 331, 240, -0.926851749420166
102, 1, 348, 209, -0.8877354860305786
102, 2, 361, 208, -0.8875163793563843
102, 3, 373, 208, -0.8876286745071411
102, 4, 318, 211, -0.8722507357597351
102, 5, 311, 211, -0.8713372945785522
102, 6, 303, 213, -0.8716459274291992
102, 7, 396, 222, -0.5747479200363159
102, 8, 298, 229, -0.4798647463321686
102, 9, 358, 271, -0.8036020398139954
102, 10, 318, 274, -0.7775513529777527
102, 11, 509, 379, -0.349220335483551
102, 12, 218, 381, -0.33741071820259094
102, 13, 587, 492, -0.3485589921474457
102, 14, 110, 482, -0.34569740295410156
102, 15, 615, 709, -0.6263288259506226
102, 16, 36, 670, -0.7765697240829468
102, 17, 642, 757, -0.7032004594802856
102, 18, 0, 714, -0.8825167417526245
102, 19, 607, 763, -0.7586629986763
102, 20, 29, 720, -0.9706899523735046
102, 21, 591, 746, -0.6680342555046082
102, 22, 47, 706, -0.8366920351982117
102, 23, 449, 745, -0.05949876829981804
102, 24, 259, 742, 0.06548874825239182
102, 25, 441, 1037, -0.16719722747802734
102, 26, 261, 1032, -0.00641839113086462
102, 27, 452, 1299, 0.3678347170352936
102, 28, 273, 1292, 0.31392794847488403
102, 29, 460, 1345, 0.38862305879592896
102, 30, 272, 1337, 0.3269479274749756
102, 31, 414, 1379, -0.21595501899719238
102, 32, 297, 1374, -0.2921929359436035
103, 0, 332, 240, -0.945473849773407
103, 1, 349, 209, -0.9054303169250488
103, 2, 362, 208, -0.9052362442016602
103, 3, 374, 208, -0.9053535461425781
103, 4, 318, 211, -0.8917022943496704
103, 5, 311, 211, -0.8908169865608215
103, 6, 304, 213, -0.8911417126655579
103, 7, 397, 222, -0.580617368221283
103, 8, 298, 229, -0.496324360370636
103, 9, 358, 271, -0.8190126419067383
103, 10, 318, 274, -0.795345664024353
103, 11, 509, 379, -0.34840965270996094
103, 12, 218, 380, -0.3426104784011841
103, 13, 587, 492, -0.3487296998500824
103, 14, 110, 482, -0.3473815321922302
103, 15, 615, 707, -0.6494959592819214
103, 16, 36, 669, -0.7790690064430237
103, 17, 642, 755, -0.7298081517219543
103, 18, 0, 713, -0.8860381841659546
103, 19, 607, 761, -0.7861915230751038
103, 20, 30, 719, -0.9753573536872864
103, 21, 591, 743, -0.6921194791793823
103, 22, 48, 705, -0.8390840291976929
103, 23, 449, 744, -0.05954164266586304
103, 24, 259, 741, 0.0655311718583107
103, 25, 441, 1035, -0.16550420224666595
103, 26, 262, 1032, 0.020056655630469322
103, 27, 452, 1298, 0.3730580806732178
103, 28, 273, 1291, 0.3409697413444519
103, 29, 460, 1344, 0.39373883605003357
103, 30, 273, 1336, 0.35331517457962036
103, 31, 414, 1377, -0.2136380970478058
103, 32, 297, 1373, -0.2644149661064148
104, 0, 332, 240, -0.9395192861557007
104, 1, 349, 209, -0.9008072018623352
104, 2, 362, 208, -0.9006198048591614
104, 3, 374, 208, -0.9007358551025391
104, 4, 318, 211, -0.8862377405166626
104, 5, 311, 211, -0.8853659629821777
104, 6, 304, 213, -0.8856964111328125
104, 7, 397, 222, -0.579463005065918
104, 8, 298, 230, -0.49428993463516235
104, 9, 358, 271, -0.8151529431343079
104, 10, 318, 274, -0.7904212474822998
104, 11, 508, 379, -0.34059861302375793
104, 12, 218, 380, -0.3399844765663147
104, 13, 587, 492, -0.34437623620033264
104, 14, 110, 482, -0.3400503396987915
104, 15, 615, 706, -0.6419740319252014
104, 16, 37, 670, -0.7732016444206238
104, 17, 642, 754, -0.7208196520805359
104, 18, 1, 714, -0.8819772005081177
104, 19, 607, 760, -0.7761343717575073
104, 20, 32, 720, -0.972002387046814
104, 21, 591, 742, -0.6838076114654541
104, 22, 50, 706, -0.8332093358039856
104, 23, 448, 744, -0.059800468385219574
104, 24, 259, 741, 0.06581057608127594
104, 25, 440, 1035, -0.16439148783683777
104, 26, 261, 1032, 0.02314753085374832
104, 27, 451, 1297, 0.37295761704444885
104, 28, 273, 1291, 0.3423302173614502
104, 29, 460, 1344, 0.39350810647010803
104, 30, 272, 1335, 0.3546842932701111
104, 31, 413, 1377, -0.21216890215873718
104, 32, 297, 1373, -0.2606050372123718
105, 0, 332, 240, -0.9509504437446594
105, 1, 349, 209, -0.9112265706062317
105, 2, 362, 208, -0.9110466241836548
105, 3, 375, 208, -0.9111515879631042
105, 4, 318, 211, -0.8976008296012878
105, 5, 311, 211, -0.8967329263687134
105, 6, 304, 213, -0.8970649838447571
105, 7, 397, 223, -0.5841672420501709
105, 8, 298, 230, -0.5029693841934204
105, 9, 359, 271, -0.8244665265083313
105, 10, 318, 273, -0.8009602427482605
105, 11, 508, 379, -0.34111911058425903
105, 12, 218, 380, -0.3433458209037781
105, 13, 587, 492, -0.34451931715011597
105, 14, 111, 482, -0.34026554226875305
105, 15, 615, 705, -0.647341251373291
105, 16, 38, 670, -0.7731732130050659
105, 17, 642, 753, -0.7275845408439636
105, 18, 2, 714, -0.8816813230514526
105, 19, 607, 758, -0.783648669719696
105, 20, 32, 721, -0.9716569185256958
105, 21, 592, 740, -0.6896262764930725
105, 22, 50, 706, -0.8331424593925476
105, 23, 448, 744, -0.05994929000735283
105, 24, 259, 741, 0.06595224142074585
105, 25, 440, 1035, -0.15229551494121552
105, 26, 261, 1032, 0.04021086543798447
105, 27, 450, 1297, 0.39786481857299805
105, 28, 273, 1291, 0.37565040588378906
105, 29, 459, 1343, 0.41945257782936096
105, 30, 272, 1335, 0.38968247175216675
105, 31, 412, 1376, -0.1842566579580307
105, 32, 297, 1372, -0.22627489268779755
106, 0, 332, 240, -0.9559208750724792
106, 1, 349, 209, -0.9171361923217773
106, 2, 362, 208, -0.9169575572013855
106, 3, 375, 208, -0.9170454144477844
106, 4, 318, 211, -0.9023653268814087
106, 5, 311, 211, -0.9014977216720581
106, 6, 304, 213, -0.9018303155899048
106, 7, 397, 223, -0.5911575555801392
106, 8, 298, 230, -0.5056057572364807
106, 9, 359, 271, -0.8298938870429993
106, 10, 318, 273, -0.8049405813217163
106, 11, 508, 379, -0.3436049818992615
106, 12, 218, 380, -0.3435095548629761
106, 13, 587, 492, -0.3476713299751282
106, 14, 112, 482, -0.33958154916763306
106, 15, 615, 705, -0.6533617973327637
106, 16, 40, 672, -0.7713252902030945
106, 17, 642, 753, -0.7336814403533936
106, 18, 5, 717, -0.8799542188644409
106, 19, 607, 758, -0.7891455292701721
106, 20, 35, 723, -0.969855785369873
106, 21, 591, 740, -0.6950461268424988
106, 22, 53, 708, -0.8309473991394043
106, 23, 448, 744, -0.060661930590867996
106, 24, 259, 741, 0.06665022671222687
106, 25, 440, 1035, -0.14682646095752716
106, 26, 261, 1032, 0.050017498433589935
106, 27, 450, 1297, 0.40698370337486267
106, 28, 272, 1291, 0.3910937011241913
106, 29, 458, 1343, 0.42900004982948303
106, 30, 272, 1334, 0.40584859251976013
106, 31, 412, 1376, -0.1724521815776825
106, 32, 297, 1372, -0.2089138776063919
107, 0, 332, 240, -0.9527688026428223
107, 1, 349, 209, -0.9142824411392212
107, 2, 362, 208, -0.914112389087677
107, 3, 375, 208, -0.9142098426818848
107, 4, 318, 211, -0.8992440104484558
107, 5, 311, 211, -0.8983837962150574
107, 6, 304, 213, -0.8987213373184204
107, 7, 397, 223, -0.590421199798584
107, 8, 298, 230, -0.5036217570304871
107, 9, 359, 271, -0.8273685574531555
107, 10, 318, 273, -0.8020651936531067
107, 11, 508, 379, -0.34276577830314636
107, 12, 219, 380, -0.34104466438293457
107, 13, 587, 492, -0.34774601459503174
107, 14, 112, 482, -0.33800366520881653
107, 15, 615, 703, -0.6551252603530884
107, 16, 40, 672, -0.7716357111930847
107, 17, 642, 751, -0.7358921766281128
107, 18, 5, 716, -0.8805981874465942
107, 19, 607, 755, -0.7917158603668213
107, 20, 35, 722, -0.9705902338027954
107, 21, 592, 738, -0.6970781683921814
107, 22, 53, 708, -0.8313841819763184
107, 23, 448, 744, -0.06098444014787674
107, 24, 259, 740, 0.06694723665714264
107, 25, 440, 1034, -0.14589828252792358
107, 26, 261, 1031, 0.04864971339702606
107, 27, 449, 1296, 0.4031846523284912
107, 28, 272, 1289, 0.38262712955474854
107, 29, 458, 1343, 0.42464479804039
107, 30, 272, 1333, 0.3965633511543274
107, 31, 411, 1375, -0.17467227578163147
107, 32, 297, 1371, -0.21834754943847656
108, 0, 332, 240, -0.9498997926712036
108, 1, 349, 209, -0.9119302034378052
108, 2, 362, 208, -0.9117603302001953
108, 3, 375, 208, -0.9118610620498657
108, 4, 318, 211, -0.8966814875602722
108, 5, 311, 211, -0.89582759141922
108, 6, 304, 213, -0.8961672782897949
108, 7, 398, 223, -0.589978814125061
108, 8, 298, 230, -0.503150999546051
108, 9, 359, 271, -0.8254795074462891
108, 10, 318, 273, -0.7999318838119507
108, 11, 508, 379, -0.3419964015483856
108, 12, 219, 380, -0.33919090032577515
108, 13, 587, 491, -0.3471706807613373
108, 14, 112, 482, -0.3362913727760315
108, 15, 615, 702, -0.6510223150253296
108, 16, 40, 671, -0.7700933814048767
108, 17, 642, 750, -0.7302486896514893
108, 18, 4, 716, -0.8789701461791992
108, 19, 607, 755, -0.7857815623283386
108, 20, 35, 722, -0.9688711166381836
108, 21, 592, 737, -0.6926522254943848
108, 22, 53, 708, -0.829871654510498
108, 23, 448, 743, -0.06109776347875595
108, 24, 259, 739, 0.06705400347709656
108, 25, 440, 1034, -0.14589177072048187
108, 26, 260, 1030, 0.04549986869096756
108, 27, 449, 1296, 0.4008672833442688
108, 28, 272, 1288, 0.3747788071632385
108, 29, 457, 1342, 0.4221515655517578
108, 30, 272, 1332, 0.38830649852752686
108, 31, 411, 1374, -0.17542502284049988
108, 32, 297, 1370, -0.22546303272247314
109, 0, 332, 240, -0.9479276537895203
109, 1, 349, 209, -0.9102436900138855
109, 2, 362, 208, -0.9100696444511414
109, 3, 375, 208, -0.9101727604866028
109, 4, 318, 211, -0.8951135873794556
109, 5, 311, 211, -0.8942651748657227
109, 6, 304, 213, -0.8945995569229126
109, 7, 398, 223, -0.5895763635635376
109, 8, 298, 230, -0.499494731426239
109, 9, 359, 271, -0.824049174785614
109, 10, 318, 273, -0.7986858487129211
109, 11, 508, 379, -0.3419884741306305
109, 12, 219, 380, -0.3338411748409271
109, 13, 587, 491, -0.3499620854854584
109, 14, 112, 482, -0.3354959189891815
109, 15, 615, 702, -0.6616806983947754
109, 16, 35, 667, -0.770850658416748
109, 17, 642, 749, -0.7414730787277222
109, 18, -1, 710, -0.8797527551651001
109, 19, 607, 754, -0.7970953583717346
109, 20, 27, 715, -0.9697816967964172
109, 21, 592, 737, -0.7036386728286743
109, 22, 45, 702, -0.8309898376464844
109, 23, 448, 743, -0.061352480202913284
109, 24, 259, 739, 0.0672985315322876
109, 25, 439, 1034, -0.14554455876350403
109, 26, 260, 1030, 0.04516206309199333
109, 27, 448, 1296, 0.39931172132492065
109, 28, 272, 1288, 0.3738023340702057
109, 29, 457, 1342, 0.4203662872314453
109, 30, 271, 1331, 0.38728636503219604
109, 31, 411, 1374, -0.17631886899471283
109, 32, 296, 1370, -0.22807738184928894
110, 0, 332, 240, -0.9111967086791992
110, 1, 349, 209, -0.8741992115974426
110, 2, 362, 208, -0.8739801645278931
110, 3, 375, 208, -0.8740703463554382
110, 4, 318, 211, -0.8593465685844421
110, 5, 311, 211, -0.8584977388381958
110, 6, 304, 213, -0.8587988018989563
110, 7, 398, 223, -0.5671013593673706
110, 8, 298, 230, -0.4792982041835785
110, 9, 359, 271, -0.7924253940582275
110, 10, 318, 273, -0.7673419713973999
110, 11, 507, 379, -0.3403913080692291
110, 12, 219, 380, -0.32911965250968933
110, 13, 587, 491, -0.34948423504829407
110, 14, 112, 483, -0.3267899453639984
110, 15, 615, 704, -0.6287716627120972
110, 16, 37, 674, -0.7367532849311829
110, 17, 641, 752, -0.7063260674476624
110, 18, 1, 718, -0.8407241702079773
110, 19, 606, 757, -0.7560924291610718
110, 20, 30, 724, -0.929707407951355
110, 21, 590, 740, -0.6678619384765625
110, 22, 49, 710, -0.7960151433944702
110, 23, 448, 743, -0.061504703015089035
110, 24, 259, 739, 0.06745602935552597
110, 25, 439, 1034, -0.14559754729270935
110, 26, 260, 1031, 0.022650135681033134
110, 27, 448, 1296, 0.39579206705093384
110, 28, 272, 1289, 0.3454611599445343
110, 29, 457, 1342, 0.41712188720703125
110, 30, 272, 1332, 0.3597523272037506
110, 31, 411, 1375, -0.17623113095760345
110, 32, 297, 1370, -0.24508163332939148
111, 0, 332, 239, -0.9121330976486206
111, 1, 349, 209, -0.8750289678573608
111, 2, 363, 208, -0.8748112916946411
111, 3, 375, 208, -0.8749057650566101
111, 4, 318, 211, -0.8601449728012085
111, 5, 311, 211, -0.8593064546585083
111, 6, 304, 213, -0.8596113920211792
111, 7, 398, 223, -0.567190945148468
111, 8, 298, 230, -0.47953301668167114
111, 9, 359, 271, -0.7929456830024719
111, 10, 318, 273, -0.7678309679031372
111, 11, 507, 379, -0.341560423374176
111, 12, 219, 381, -0.3296428918838501
111, 13, 587, 491, -0.351412296295166
111, 14, 112, 484, -0.32979312539100647
111, 15, 614, 705, -0.627801775932312
111, 16, 37, 674, -0.7372320294380188
111, 17, 640, 753, -0.7053060531616211
111, 18, 1, 719, -0.8419234156608582
111, 19, 604, 758, -0.7552710771560669
111, 20, 31, 725, -0.9305661916732788
111, 21, 589, 741, -0.6668196320533752
111, 22, 49, 711, -0.7964097261428833
111, 23, 448, 743, -0.06152798607945442
111, 24, 260, 740, 0.06747349351644516
111, 25, 439, 1034, -0.13924981653690338
111, 26, 260, 1031, 0.02386409416794777
111, 27, 448, 1296, 0.4050871729850769
111, 28, 272, 1289, 0.35446155071258545
111, 29, 457, 1342, 0.42744573950767517
111, 30, 272, 1333, 0.3699541687965393
111, 31, 411, 1375, -0.15640391409397125
111, 32, 297, 1370, -0.2330910712480545
112, 0, 332, 239, -0.9058173894882202
112, 1, 349, 209, -0.8683603405952454
112, 2, 363, 208, -0.8681343793869019
112, 3, 375, 208, -0.868226170539856
112, 4, 318, 210, -0.8536349534988403
112, 5, 311, 211, -0.8527989387512207
112, 6, 304, 212, -0.8530972599983215
112, 7, 398, 223, -0.5610696077346802
112, 8, 298, 230, -0.4747602939605713
112, 9, 359, 271, -0.7870486378669739
112, 10, 318, 273, -0.7621904015541077
112, 11, 507, 379, -0.3398347496986389
112, 12, 219, 381, -0.3295476734638214
112, 13, 587, 491, -0.35114604234695435
112, 14, 106, 527, -0.33959078788757324
112, 15, 614, 706, -0.6260995864868164
112, 16, 38, 675, -0.7586773633956909
112, 17, 640, 754, -0.7033389210700989
112, 18, 2, 719, -0.8634090423583984
112, 19, 604, 760, -0.7535969018936157
112, 20, 32, 726, -0.9488289952278137
112, 21, 589, 742, -0.6651319265365601
112, 22, 51, 711, -0.8165842890739441
112, 23, 448, 743, -0.061468612402677536
112, 24, 260, 740, 0.06740380078554153
112, 25, 439, 1035, -0.13894787430763245
112, 26, 260, 1031, 0.030959898605942726
112, 27, 448, 1297, 0.4034977853298187
112, 28, 272, 1289, 0.35866299271583557
112, 29, 457, 1343, 0.4255434572696686
112, 30, 272, 1333, 0.3736421465873718
112, 31, 411, 1375, -0.15874159336090088
112, 32, 297, 1371, -0.22650131583213806
113, 0, 332, 239, -0.9077838063240051
113, 1, 350, 209, -0.8690811991691589
113, 2, 363, 208, -0.8688459396362305
113, 3, 375, 208, -0.8689348101615906
113, 4, 318, 210, -0.855133056640625
113, 5, 311, 211, -0.8543102145195007
113, 6, 304, 212, -0.8546029925346375
113, 7, 398, 223, -0.5619717836380005
113, 8, 298, 230, -0.4759913384914398
113, 9, 359, 271, -0.7883752584457397
113, 10, 318, 273, -0.7644381523132324
113, 11, 507, 379, -0.3399757742881775
113, 12, 219, 381, -0.33325937390327454
113, 13, 587, 492, -0.35172489285469055
113, 14, 102, 536, -0.3586283326148987
113, 15, 614, 706, -0.6334230899810791
113, 16, 38, 675, -0.7959445118904114
113, 17, 640, 755, -0.7118765711784363
113, 18, 2, 719, -0.9032243490219116
113, 19, 604, 761, -0.764372706413269
113, 20, 32, 725, -0.9891290664672852
113, 21, 589, 743, -0.6733466386795044
113, 22, 51, 711, -0.8542763590812683
113, 23, 448, 743, -0.06124644726514816
113, 24, 260, 740, 0.06715808808803558
113, 25, 439, 1035, -0.1319836676120758
113, 26, 260, 1031, 0.04699481278657913
113, 27, 448, 1297, 0.4158383011817932
113, 28, 272, 1289, 0.3847925066947937
113, 29, 457, 1343, 0.4383560121059418
113, 30, 272, 1333, 0.40004053711891174
113, 31, 411, 1375, -0.14827416837215424
113, 32, 298, 1371, -0.20415623486042023
114, 0, 332, 239, -0.908912181854248
114, 1, 350, 209, -0.870527446269989
114, 2, 363, 208, -0.8702976107597351
114, 3, 375, 208, -0.8703889846801758
114, 4, 318, 210, -0.856168270111084
114, 5, 311, 211, -0.8553369641304016
114, 6, 304, 212, -0.855631947517395
114, 7, 398, 223, -0.5627405643463135
114, 8, 298, 230, -0.47634395956993103
114, 9, 359, 271, -0.7893348336219788
114, 10, 318, 273, -0.7649228572845459
114, 11, 507, 379, -0.3399575352668762
114, 12, 219, 381, -0.33445772528648376
114, 13, 587, 492, -0.3516175448894501
114, 14, 101, 538, -0.3593096137046814
114, 15, 614, 706, -0.6338790059089661
114, 16, 39, 675, -0.7943956255912781
114, 17, 640, 755, -0.7125743627548218
114, 18, 4, 719, -0.9016605615615845
114, 19, 604, 761, -0.7655543684959412
114, 20, 34, 725, -0.9877896308898926
114, 21, 589, 743, -0.6739964485168457
114, 22, 52, 711, -0.8527296185493469
114, 23, 448, 743, -0.06102057173848152
114, 24, 260, 740, 0.06691266596317291
114, 25, 439, 1035, -0.13165676593780518
114, 26, 260, 1032, 0.04567524418234825
114, 27, 448, 1297, 0.4132842421531677
114, 28, 272, 1290, 0.38107162714004517
114, 29, 457, 1343, 0.4354707598686218
114, 30, 272, 1333, 0.3960369825363159
114, 31, 411, 1375, -0.1516236662864685
114, 32, 298, 1371, -0.20951811969280243
115, 0, 332, 239, -0.9117767214775085
115, 1, 350, 209, -0.8720755577087402
115, 2, 363, 208, -0.871872067451477
115, 3, 375, 208, -0.8719772100448608
115, 4, 318, 210, -0.8586115837097168
115, 5, 311, 211, -0.8578041195869446
115, 6, 304, 212, -0.8581167459487915
115, 7, 398, 223, -0.5632010698318481
115, 8, 298, 230, -0.4771180748939514
115, 9, 359, 271, -0.7905113697052002
115, 10, 318, 273, -0.767150342464447
115, 11, 507, 379, -0.3381975591182709
115, 12, 219, 381, -0.334689199924469
115, 13, 587, 492, -0.35138392448425293
115, 14, 100, 538, -0.35997822880744934
115, 15, 614, 706, -0.6438693404197693
115, 16, 39, 674, -0.7992857098579407
115, 17, 640, 755, -0.7243598103523254
115, 18, 4, 719, -0.9080410003662109
115, 19, 604, 761, -0.780278205871582
115, 20, 34, 725, -0.9948872327804565
115, 21, 588, 743, -0.6854538917541504
115, 22, 52, 711, -0.8579466938972473
115, 23, 448, 744, -0.060521651059389114
115, 24, 261, 740, 0.0663902759552002
115, 25, 439, 1035, -0.13439306616783142
115, 26, 260, 1032, 0.04026820510625839
115, 27, 449, 1297, 0.3992508053779602
115, 28, 273, 1290, 0.3626117408275604
115, 29, 457, 1343, 0.41966429352760315
115, 30, 273, 1333, 0.37523993849754333
115, 31, 412, 1375, -0.17237751185894012
115, 32, 298, 1371, -0.23329775035381317
116, 0, 333, 239, -0.9253784418106079
116, 1, 350, 209, -0.8849039077758789
116, 2, 363, 208, -0.884713351726532
116, 3, 376, 208, -0.8848193883895874
116, 4, 319, 210, -0.8720792531967163
116, 5, 311, 211, -0.8712854385375977
116, 6, 305, 212, -0.8716025352478027
116, 7, 398, 223, -0.5664924383163452
116, 8, 298, 230, -0.4844396114349365
116, 9, 359, 271, -0.8007593154907227
116, 10, 318, 273, -0.7782270908355713
116, 11, 507, 379, -0.3382317125797272
116, 12, 219, 381, -0.33914631605148315
116, 13, 587, 492, -0.3525402843952179
116, 14, 100, 539, -0.3729564845561981
116, 15, 614, 706, -0.6617501378059387
116, 16, 41, 675, -0.8296476602554321
116, 17, 640, 755, -0.7447324395179749
116, 18, 6, 719, -0.9416598081588745
116, 19, 604, 761, -0.8004727363586426
116, 20, 37, 725, -1.0281108617782593
116, 21, 588, 743, -0.7036091089248657
116, 22, 55, 711, -0.8881112933158875
116, 23, 448, 744, -0.06028971076011658
116, 24, 261, 740, 0.06614412367343903
116, 25, 439, 1035, -0.12248338758945465
116, 26, 260, 1032, 0.052028678357601166
116, 27, 449, 1297, 0.4288473129272461
116, 28, 273, 1290, 0.39697104692459106
116, 29, 457, 1343, 0.45136475563049316
116, 30, 273, 1333, 0.41232505440711975
116, 31, 412, 1375, -0.14204315841197968
116, 32, 299, 1371, -0.19902463257312775
117, 0, 333, 239, -0.9291623830795288
117, 1, 350, 209, -0.8884949684143066
117, 2, 363, 208, -0.8883116841316223
117, 3, 376, 208, -0.888414204120636
117, 4, 319, 210, -0.875232994556427
117, 5, 311, 211, -0.8744462728500366
117, 6, 305, 212, -0.8747774958610535
117, 7, 398, 223, -0.5676521062850952
117, 8, 298, 230, -0.48535212874412537
117, 9, 359, 271, -0.8041861653327942
117, 10, 318, 273, -0.7811716794967651
117, 11, 507, 379, -0.3382660746574402
117, 12, 219, 381, -0.3399273753166199
117, 13, 587, 492, -0.35990259051322937
117, 14, 100, 538, -0.3809051513671875
117, 15, 614, 706, -0.6836687922477722
117, 16, 41, 673, -0.8441177606582642
117, 17, 640, 755, -0.7668939828872681
117, 18, 6, 718, -0.9566826820373535
117, 19, 604, 761, -0.8226205110549927
117, 20, 36, 724, -1.0427290201187134
117, 21, 588, 743, -0.7257224321365356
117, 22, 54, 710, -0.9029520750045776
117, 23, 449, 744, -0.05969943478703499
117, 24, 261, 741, 0.06554274260997772
117, 25, 440, 1035, -0.1202186793088913
117, 26, 261, 1032, 0.05096731334924698
117, 27, 449, 1297, 0.4292718470096588
117, 28, 273, 1290, 0.39157769083976746
117, 29, 458, 1343, 0.45144742727279663
117, 30, 273, 1333, 0.4065335690975189
117, 31, 413, 1375, -0.14288336038589478
117, 32, 300, 1371, -0.2040674388408661
118, 0, 333, 239, -0.9331957101821899
118, 1, 350, 209, -0.8924030065536499
118, 2, 363, 208, -0.8922263383865356
118, 3, 376, 208, -0.8923174142837524
118, 4, 319, 210, -0.8790075182914734
118, 5, 311, 211, -0.8782128095626831
118, 6, 305, 212, -0.8785518407821655
118, 7, 398, 223, -0.5688728094100952
118, 8, 298, 230, -0.48692697286605835
118, 9, 359, 271, -0.8075686693191528
118, 10, 318, 273, -0.784422755241394
118, 11, 507, 379, -0.33799880743026733
118, 12, 219, 382, -0.34053725004196167
118, 13, 587, 492, -0.3598245680332184
118, 14, 100, 538, -0.3809391260147095
118, 15, 613, 706, -0.6828169822692871
118, 16, 41, 673, -0.842019259929657
118, 17, 640, 755, -0.7655171155929565
118, 18, 6, 717, -0.9544712901115417
118, 19, 604, 761, -0.8211343884468079
118, 20, 36, 724, -1.0414867401123047
118, 21, 588, 743, -0.7248380184173584
118, 22, 54, 709, -0.9011698961257935
118, 23, 449, 744, -0.05913491174578667
118, 24, 261, 741, 0.06497331708669662
118, 25, 440, 1035, -0.12039043754339218
118, 26, 261, 1032, 0.0473426952958107
118, 27, 450, 1297, 0.4267950654029846
118, 28, 274, 1290, 0.39133331179618835
118, 29, 458, 1343, 0.44861292839050293
118, 30, 274, 1334, 0.40621718764305115
118, 31, 413, 1375, -0.14533236622810364
118, 32, 301, 1372, -0.21063247323036194
119, 0, 333, 239, -0.9353125691413879
119, 1, 350, 209, -0.8949145078659058
119, 2, 363, 208, -0.8947340250015259
119, 3, 376, 208, -0.8948227167129517
119, 4, 319, 210, -0.881031334400177
119, 5, 311, 211, -0.8802272081375122
119, 6, 305, 212, -0.8805670738220215
119, 7, 398, 223, -0.5712224245071411
119, 8, 299, 230, -0.48788928985595703
119, 9, 359, 271, -0.8099312782287598
119, 10, 318, 273, -0.7862007021903992
119, 11, 507, 379, -0.3388867676258087
119, 12, 219, 382, -0.34163063764572144
119, 13, 587, 492, -0.3602256178855896
119, 14, 100, 539, -0.3857566714286804
119, 15, 613, 706, -0.6785306930541992
119, 16, 42, 673, -0.8510304689407349
119, 17, 640, 756, -0.7604163885116577
119, 18, 7, 717, -0.9641192555427551
119, 19, 604, 762, -0.8159664273262024
119, 20, 37, 724, -1.0502198934555054
119, 21, 588, 744, -0.7203438878059387
119, 22, 55, 709, -0.9098827242851257
119, 23, 449, 744, -0.058964453637599945
119, 24, 262, 741, 0.06480459868907928
119, 25, 440, 1035, -0.12081219255924225
119, 26, 261, 1032, 0.04674645885825157
119, 27, 450, 1297, 0.42617201805114746
119, 28, 274, 1290, 0.3883940577507019
119, 29, 459, 1344, 0.44787564873695374
119, 30, 274, 1334, 0.4031605124473572
119, 31, 414, 1375, -0.14690829813480377
119, 32, 301, 1372, -0.21247227489948273
120, 0, 333, 239, -0.9356039762496948
120, 1, 350, 209, -0.8954198956489563
120, 2, 363, 208, -0.8952335119247437
120, 3, 376, 208, -0.8953126072883606
120, 4, 319, 210, -0.8819483518600464
120, 5, 311, 211, -0.8811478614807129
120, 6, 305, 212, -0.8814864158630371
120, 7, 398, 223, -0.572199285030365
120, 8, 299, 230, -0.49231117963790894
120, 9, 360, 271, -0.8103914260864258
120, 10, 319, 273, -0.7872026562690735
120, 11, 508, 379, -0.3379180133342743
120, 12, 219, 382, -0.3460069000720978
120, 13, 587, 492, -0.3542655110359192
120, 14, 100, 542, -0.3839170038700104
120, 15, 613, 706, -0.6631638407707214
120, 16, 47, 678, -0.844163715839386
120, 17, 640, 755, -0.7433531880378723
120, 18, 14, 723, -0.9561178088188171
120, 19, 604, 761, -0.7960100173950195
120, 20, 46, 729, -1.0447884798049927
120, 21, 588, 743, -0.7036919593811035
120, 22, 63, 714, -0.9042590856552124
120, 23, 449, 744, -0.058642782270908356
120, 24, 262, 741, 0.06448248028755188
120, 25, 440, 1035, -0.1197444349527359
120, 26, 261, 1033, 0.04372052103281021
120, 27, 451, 1297, 0.42752915620803833
120, 28, 275, 1290, 0.3865388035774231
120, 29, 459, 1344, 0.4493738114833832
120, 30, 274, 1334, 0.4010915756225586
120, 31, 414, 1375, -0.1421884447336197
120, 32, 301, 1372, -0.21312837302684784
121, 0, 333, 239, -0.9332956075668335
121, 1, 350, 209, -0.8935880661010742
121, 2, 363, 208, -0.8933848142623901
121, 3, 376, 208, -0.8934480547904968
121, 4, 319, 210, -0.880332350730896
121, 5, 311, 211, -0.8795289993286133
121, 6, 305, 212, -0.8798543214797974
121, 7, 398, 223, -0.5717543959617615
121, 8, 299, 230, -0.4922427237033844
121, 9, 360, 271, -0.8086302876472473
121, 10, 319, 273, -0.7857263088226318
121, 11, 508, 379, -0.3361475467681885
121, 12, 219, 383, -0.3458583950996399
121, 13, 587, 492, -0.34810489416122437
121, 14, 100, 542, -0.38272497057914734
121, 15, 613, 706, -0.6400027275085449
121, 16, 49, 680, -0.8424067497253418
121, 17, 640, 755, -0.717810869216919
121, 18, 16, 725, -0.9541559219360352
121, 19, 604, 761, -0.7689178586006165
121, 20, 48, 731, -1.0402297973632812
121, 21, 589, 743, -0.6796936988830566
121, 22, 65, 716, -0.901070773601532
121, 23, 449, 745, -0.05862549692392349
121, 24, 262, 742, 0.06446615606546402
121, 25, 441, 1035, -0.12016166746616364
121, 26, 261, 1033, 0.04032166302204132
121, 27, 451, 1297, 0.4265424609184265
121, 28, 275, 1290, 0.38362646102905273
121, 29, 460, 1344, 0.4483211040496826
121, 30, 275, 1334, 0.3986535966396332
121, 31, 415, 1376, -0.14301533997058868
121, 32, 302, 1372, -0.21340462565422058
122, 0, 333, 240, -0.9337172508239746
122, 1, 350, 209, -0.8940677642822266
122, 2, 363, 209, -0.8938624262809753
122, 3, 376, 208, -0.8939270973205566
122, 4, 319, 211, -0.881086528301239
122, 5, 311, 211, -0.8802803754806519
122, 6, 305, 213, -0.8806034922599792
122, 7, 398, 223, -0.5720632672309875
122, 8, 299, 230, -0.49424633383750916
122, 9, 360, 271, -0.8089388012886047
122, 10, 319, 273, -0.7863649725914001
122, 11, 508, 379, -0.3348005712032318
122, 12, 219, 383, -0.34672167897224426
122, 13, 587, 492, -0.3445717394351959
122, 14, 100, 543, -0.3818487226963043
122, 15, 614, 706, -0.6381381750106812
122, 16, 50, 681, -0.8412249684333801
122, 17, 640, 755, -0.7161409854888916
122, 18, 16, 727, -0.9530695676803589
122, 19, 604, 761, -0.7682616710662842
122, 20, 48, 732, -1.0371042490005493
122, 21, 589, 743, -0.6783140301704407
122, 22, 65, 717, -0.8985838890075684
122, 23, 449, 745, -0.05809857323765755
122, 24, 262, 742, 0.0639539435505867
122, 25, 441, 1035, -0.12139122188091278
122, 26, 262, 1033, 0.028156686574220657
122, 27, 451, 1297, 0.4207262396812439
122, 28, 275, 1291, 0.36489173769950867
122, 29, 460, 1344, 0.4418344497680664
122, 30, 275, 1334, 0.3790718913078308
122, 31, 415, 1376, -0.1492881029844284
122, 32, 302, 1372, -0.2334335595369339
123, 0, 333, 240, -0.9278475046157837
123, 1, 350, 209, -0.8886408805847168
123, 2, 363, 209, -0.8884280323982239
123, 3, 376, 208, -0.8884984850883484
123, 4, 319, 211, -0.8760261535644531
123, 5, 311, 211, -0.8752163648605347
123, 6, 305, 213, -0.8755399584770203
123, 7, 398, 223, -0.5697234272956848
123, 8, 299, 230, -0.4933106303215027
123, 9, 360, 271, -0.8042455911636353
123, 10, 319, 273, -0.7822638750076294
123, 11, 508, 380, -0.3311449885368347
123, 12, 219, 383, -0.34663161635398865
123, 13, 587, 492, -0.3387259840965271
123, 14, 100, 542, -0.38110366463661194
123, 15, 614, 706, -0.6253458261489868
123, 16, 49, 680, -0.8387322425842285
123, 17, 640, 754, -0.7013184428215027
123, 18, 16, 726, -0.95025235414505
123, 19, 605, 760, -0.7546089887619019
123, 20, 48, 732, -1.0355087518692017
123, 21, 589, 743, -0.665988564491272
123, 22, 65, 717, -0.8964346051216125
123, 23, 449, 745, -0.05682535842061043
123, 24, 261, 742, 0.06271147727966309
123, 25, 440, 1035, -0.13265979290008545
123, 26, 261, 1033, 0.0007663553697057068
123, 27, 451, 1297, 0.38605791330337524
123, 28, 275, 1290, 0.31455540657043457
123, 29, 459, 1344, 0.40466365218162537
123, 30, 275, 1334, 0.32614678144454956
123, 31, 415, 1376, -0.1835823357105255
123, 32, 302, 1372, -0.2830266058444977
124, 0, 333, 239, -0.9264296293258667
124, 1, 350, 209, -0.8870691061019897
124, 2, 364, 209, -0.8868595957756042
124, 3, 376, 208, -0.8869348764419556
124, 4, 319, 211, -0.8745579719543457
124, 5, 312, 211, -0.8737457394599915
124, 6, 305, 213, -0.8740742802619934
124, 7, 398, 223, -0.5680767893791199
124, 8, 299, 230, -0.4925481379032135
124, 9, 360, 271, -0.8028514981269836
124, 10, 319, 273, -0.7810851335525513
124, 11, 508, 380, -0.3284544348716736
124, 12, 219, 383, -0.34648939967155457
124, 13, 587, 492, -0.3343885540962219
124, 14, 99, 542, -0.3816325068473816
124, 15, 614, 706, -0.6200291514396667
124, 16, 47, 678, -0.8381565809249878
124, 17, 641, 754, -0.694665789604187
124, 18, 12, 724, -0.9491698145866394
124, 19, 605, 760, -0.7495061159133911
124, 20, 44, 729, -1.0335146188735962
124, 21, 590, 742, -0.6611524224281311
124, 22, 62, 714, -0.8956159353256226
124, 23, 449, 745, -0.05602201819419861
124, 24, 261, 742, 0.06190521642565727
124, 25, 440, 1035, -0.13679078221321106
124, 26, 261, 1033, -0.0011391444131731987
124, 27, 450, 1297, 0.37794917821884155
124, 28, 274, 1290, 0.31064480543136597
124, 29, 459, 1344, 0.39625635743141174
124, 30, 274, 1334, 0.32201725244522095
124, 31, 414, 1376, -0.1937323957681656
124, 32, 301, 1372, -0.2875741124153137
125, 0, 334, 240, -0.9291771650314331
125, 1, 351, 209, -0.8897563219070435
125, 2, 364, 209, -0.889541745185852
125, 3, 377, 208, -0.8896151781082153
125, 4, 319, 211, -0.8783388137817383
125, 5, 312, 211, -0.8775197863578796
125, 6, 305, 213, -0.8778480291366577
125, 7, 399, 223, -0.5692776441574097
125, 8, 299, 230, -0.49888449907302856
125, 9, 361, 271, -0.8046809434890747
125, 10, 320, 273, -0.7842733263969421
125, 11, 508, 380, -0.32763010263442993
125, 12, 219, 383, -0.3527076840400696
125, 13, 587, 492, -0.32730916142463684
125, 14, 99, 542, -0.3830084204673767
125, 15, 614, 706, -0.612053632736206
125, 16, 48, 680, -0.8362120389938354
125, 17, 641, 754, -0.6872816681861877
125, 18, 14, 726, -0.9468698501586914
125, 19, 606, 760, -0.74272221326828
125, 20, 46, 732, -1.0302218198776245
125, 21, 590, 742, -0.6535190343856812
125, 22, 64, 717, -0.8926704525947571
125, 23, 449, 745, -0.05453997850418091
125, 24, 261, 742, 0.06043056771159172
125, 25, 440, 1035, -0.13335448503494263
125, 26, 261, 1033, -0.0032981361728161573
125, 27, 451, 1297, 0.3817472457885742
125, 28, 274, 1291, 0.3172304034233093
125, 29, 459, 1344, 0.3996157944202423
125, 30, 275, 1334, 0.3296211361885071
125, 31, 415, 1376, -0.18877944350242615
125, 32, 301, 1372, -0.28036537766456604
126, 0, 334, 240, -0.9326117634773254
126, 1, 351, 209, -0.8929093480110168
126, 2, 364, 209, -0.8926835060119629
126, 3, 377, 208, -0.8927570581436157
126, 4, 320, 211, -0.8827745318412781
126, 5, 312, 212, -0.8819648623466492
126, 6, 306, 213, -0.8822845220565796
126, 7, 399, 223, -0.5708907842636108
126, 8, 299, 230, -0.5067880153656006
126, 9, 361, 271, -0.8073452711105347
126, 10, 320, 273, -0.7887049913406372
126, 11, 508, 380, -0.32776978611946106
126, 12, 219, 383, -0.3620702624320984
126, 13, 587, 492, -0.3274765610694885
126, 14, 99, 542, -0.394133985042572
126, 15, 615, 706, -0.613918125629425
126, 16, 51, 683, -0.8448683619499207
126, 17, 642, 754, -0.690252959728241
126, 18, 17, 730, -0.956500232219696
126, 19, 607, 760, -0.7453210949897766
126, 20, 50, 736, -1.0397855043411255
126, 21, 591, 742, -0.6552631855010986
126, 22, 68, 720, -0.9011584520339966
126, 23, 449, 745, -0.053199052810668945
126, 24, 261, 742, 0.059079062193632126
126, 25, 440, 1035, -0.12131424993276596
126, 26, 261, 1033, -0.0006711533642373979
126, 27, 451, 1298, 0.4071717858314514
126, 28, 275, 1291, 0.3213494122028351
126, 29, 459, 1344, 0.4270777702331543
126, 30, 275, 1335, 0.33533939719200134
126, 31, 415, 1376, -0.15510979294776917
126, 32, 302, 1372, -0.27077752351760864
127, 0, 335, 240, -0.9366574287414551
127, 1, 352, 209, -0.896820068359375
127, 2, 365, 209, -0.8965781331062317
127, 3, 377, 208, -0.8966478109359741
127, 4, 320, 211, -0.8873428106307983
127, 5, 312, 212, -0.8865353465080261
127, 6, 306, 213, -0.8868446350097656
127, 7, 399, 223, -0.5735076069831848
127, 8, 299, 230, -0.5124704837799072
127, 9, 362, 271, -0.8109127879142761
127, 10, 321, 273, -0.7932066917419434
127, 11, 508, 380, -0.3286094069480896
127, 12, 219, 383, -0.36767491698265076
127, 13, 587, 492, -0.3282175362110138
127, 14, 99, 542, -0.39959970116615295
127, 15, 615, 705, -0.6152235269546509
127, 16, 52, 684, -0.8471534848213196
127, 17, 642, 753, -0.6920925378799438
127, 18, 18, 731, -0.9585714340209961
127, 19, 607, 759, -0.7469487190246582
127, 20, 52, 737, -1.0421897172927856
127, 21, 591, 742, -0.6565071940422058
127, 22, 69, 722, -0.9034625887870789
127, 23, 449, 745, -0.05276075750589371
127, 24, 261, 742, 0.058623235672712326
127, 25, 440, 1035, -0.11297398805618286
127, 26, 261, 1033, 0.001130525255575776
127, 27, 451, 1298, 0.42539820075035095
127, 28, 276, 1291, 0.338638573884964
127, 29, 459, 1344, 0.44667309522628784
127, 30, 276, 1335, 0.3542082607746124
127, 31, 416, 1376, -0.1340979039669037
127, 32, 302, 1372, -0.2512936592102051
128, 0, 335, 240, -0.9445449113845825
128, 1, 352, 209, -0.9049159288406372
128, 2, 365, 209, -0.9046587944030762
128, 3, 378, 208, -0.9047216176986694
128, 4, 320, 211, -0.8958280682563782
128, 5, 312, 212, -0.8950157165527344
128, 6, 306, 213, -0.8953210115432739
128, 7, 399, 223, -0.579878568649292
128, 8, 299, 230, -0.5207000970840454
128, 9, 362, 271, -0.8179106712341309
128, 10, 321, 274, -0.8007626533508301
128, 11, 508, 380, -0.32978594303131104
128, 12, 219, 383, -0.3747965395450592
128, 13, 587, 492, -0.32719963788986206
128, 14, 99, 542, -0.4033809304237366
128, 15, 615, 705, -0.6118018627166748
128, 16, 52, 686, -0.8470330238342285
128, 17, 642, 753, -0.6880088448524475
128, 18, 19, 733, -0.957999587059021
128, 19, 607, 759, -0.7430516481399536
128, 20, 52, 739, -1.0418144464492798
128, 21, 591, 742, -0.6530969142913818
128, 22, 69, 723, -0.9033536911010742
128, 23, 449, 745, -0.05199936777353287
128, 24, 261, 742, 0.05785772204399109
128, 25, 440, 1036, -0.10967008024454117
128, 26, 261, 1033, 0.0024091897066682577
128, 27, 451, 1298, 0.43129628896713257
128, 28, 276, 1291, 0.34082579612731934
128, 29, 459, 1344, 0.45269909501075745
128, 30, 276, 1335, 0.3568347096443176
128, 31, 416, 1376, -0.1300276219844818
128, 32, 302, 1372, -0.24987563490867615
129, 0, 337, 240, -0.9617249369621277
129, 1, 353, 209, -0.922103762626648
129, 2, 366, 209, -0.9218100309371948
129, 3, 378, 209, -0.9218602180480957
129, 4, 321, 211, -0.9151431322097778
129, 5, 313, 212, -0.9143471717834473
129, 6, 307, 213, -0.914639949798584
129, 7, 399, 223, -0.5966438055038452
129, 8, 300, 230, -0.5478267669677734
129, 9, 363, 271, -0.8346487879753113
129, 10, 322, 274, -0.8203097581863403
129, 11, 508, 380, -0.3414212465286255
129, 12, 218, 383, -0.40499457716941833
129, 13, 587, 492, -0.32838740944862366
129, 14, 99, 543, -0.4177791476249695
129, 15, 615, 706, -0.6129265427589417
129, 16, 56, 691, -0.8459739685058594
129, 17, 643, 753, -0.6895581483840942
129, 18, 23, 739, -0.9567667841911316
129, 19, 608, 759, -0.7445178031921387
129, 20, 57, 746, -1.0407158136367798
129, 21, 592, 742, -0.6542443633079529
129, 22, 75, 729, -0.9023222923278809
129, 23, 449, 745, -0.04956238344311714
129, 24, 261, 743, 0.05541420727968216
129, 25, 440, 1036, -0.09478168934583664
129, 26, 262, 1034, -0.002066550077870488
129, 27, 451, 1298, 0.4545122981071472
129, 28, 276, 1292, 0.3418765366077423
129, 29, 459, 1345, 0.47659340500831604
129, 30, 276, 1336, 0.35883674025535583
129, 31, 417, 1377, -0.10143882036209106
129, 32, 303, 1373, -0.24771597981452942
130, 0, 337, 240, -0.9669731259346008
130, 1, 353, 209, -0.9273950457572937
130, 2, 366, 209, -0.9270968437194824
130, 3, 378, 209, -0.9271596074104309
130, 4, 321, 211, -0.9190443754196167
130, 5, 313, 212, -0.9182530641555786
130, 6, 307, 213, -0.9185377359390259
130, 7, 399, 223, -0.6028399467468262
130, 8, 300, 230, -0.547369122505188
130, 9, 364, 271, -0.8407341241836548
130, 10, 322, 274, -0.8245232701301575
130, 11, 508, 380, -0.3535163998603821
130, 12, 218, 383, -0.4030427038669586
130, 13, 587, 492, -0.34991928935050964
130, 14, 103, 498, -0.42428699135780334
130, 15, 615, 706, -0.639641523361206
130, 16, 55, 691, -0.856683075428009
130, 17, 643, 753, -0.7177344560623169
130, 18, 21, 739, -0.966285228729248
130, 19, 608, 759, -0.7717083692550659
130, 20, 54, 745, -1.0514209270477295
130, 21, 592, 742, -0.6805101633071899
130, 22, 72, 729, -0.9135109782218933
130, 23, 449, 745, -0.04951104894280434
130, 24, 261, 743, 0.05535600334405899
130, 25, 440, 1036, -0.09738187491893768
130, 26, 262, 1034, 0.005864167120307684
130, 27, 451, 1298, 0.44952458143234253
130, 28, 276, 1292, 0.3523186147212982
130, 29, 459, 1345, 0.47146791219711304
130, 30, 276, 1336, 0.3686516284942627
130, 31, 417, 1377, -0.1092250794172287
130, 32, 303, 1373, -0.2386637032032013
131, 0, 337, 240, -0.9665764570236206
131, 1, 353, 209, -0.927326500415802
131, 2, 366, 209, -0.9270229339599609
131, 3, 378, 209, -0.9270811080932617
131, 4, 321, 211, -0.918246865272522
131, 5, 313, 212, -0.9174531698226929
131, 6, 307, 213, -0.9177350997924805
131, 7, 399, 223, -0.6054337620735168
131, 8, 300, 230, -0.5464478135108948
131, 9, 364, 271, -0.8414271473884583
131, 10, 322, 274, -0.8242670297622681
131, 11, 508, 380, -0.36167603731155396
131, 12, 218, 383, -0.4053952693939209
131, 13, 587, 492, -0.3618827164173126
131, 14, 103, 519, -0.43441328406333923
131, 15, 615, 706, -0.6446849703788757
131, 16, 55, 691, -0.8728399276733398
131, 17, 643, 754, -0.7237393856048584
131, 18, 21, 739, -0.9831307530403137
131, 19, 608, 760, -0.7758673429489136
131, 20, 54, 745, -1.0686016082763672
131, 21, 592, 743, -0.684785008430481
131, 22, 72, 729, -0.929943859577179
131, 23, 449, 745, -0.04951938986778259
131, 24, 260, 743, 0.05536444112658501
131, 25, 440, 1036, -0.09351344406604767
131, 26, 262, 1034, 0.015234303660690784
131, 27, 451, 1299, 0.46186360716819763
131, 28, 276, 1292, 0.3754240870475769
131, 29, 459, 1345, 0.48509374260902405
131, 30, 276, 1336, 0.3931487202644348
131, 31, 417, 1378, -0.09257455915212631
131, 32, 303, 1373, -0.21230797469615936
132, 0, 337, 240, -0.9550212025642395
132, 1, 353, 209, -0.9165650606155396
132, 2, 366, 209, -0.9162358045578003
132, 3, 378, 208, -0.9162988662719727
132, 4, 321, 211, -0.9064041972160339
132, 5, 313, 212, -0.9056116342544556
132, 6, 307, 213, -0.9058769345283508
132, 7, 399, 223, -0.6017084717750549
132, 8, 300, 230, -0.5396038293838501
132, 9, 364, 271, -0.8331402540206909
132, 10, 322, 273, -0.8147462010383606
132, 11, 508, 380, -0.3598230183124542
132, 12, 218, 383, -0.4032370448112488
132, 13, 587, 492, -0.3625907003879547
132, 14, 106, 494, -0.42971768975257874
132, 15, 615, 706, -0.6434598565101624
132, 16, 54, 691, -0.8686688542366028
132, 17, 643, 754, -0.7223174571990967
132, 18, 20, 738, -0.9790309071540833
132, 19, 608, 760, -0.7749306559562683
132, 20, 53, 745, -1.0642220973968506
132, 21, 592, 743, -0.6836674809455872
132, 22, 72, 729, -0.9256943464279175
132, 23, 449, 745, -0.04952525347471237
132, 24, 260, 743, 0.05536987632513046
132, 25, 440, 1036, -0.0950540155172348
132, 26, 261, 1034, 0.014882393181324005
132, 27, 451, 1299, 0.4604164659976959
132, 28, 276, 1292, 0.3722878098487854
132, 29, 459, 1345, 0.48332396149635315
132, 30, 275, 1336, 0.38988739252090454
132, 31, 416, 1378, -0.09994666278362274
132, 32, 303, 1373, -0.21402013301849365
133, 0, 337, 240, -0.963339626789093
133, 1, 353, 209, -0.9234989285469055
133, 2, 366, 209, -0.9232022166252136
133, 3, 378, 208, -0.923296332359314
133, 4, 321, 211, -0.9129236340522766
133, 5, 313, 212, -0.9121171236038208
133, 6, 307, 213, -0.9123945236206055
133, 7, 399, 223, -0.601571261882782
133, 8, 300, 230, -0.5379082560539246
133, 9, 364, 271, -0.8383793830871582
133, 10, 322, 273, -0.81939297914505
133, 11, 508, 380, -0.35855093598365784
133, 12, 218, 383, -0.4005357623100281
133, 13, 587, 492, -0.3615935444831848
133, 14, 106, 486, -0.42977505922317505
133, 15, 615, 706, -0.6431180238723755
133, 16, 50, 685, -0.887133002281189
133, 17, 643, 754, -0.7215845584869385
133, 18, 14, 731, -0.9987548589706421
133, 19, 608, 760, -0.7747035026550293
133, 20, 47, 738, -1.0853582620620728
133, 21, 592, 742, -0.6835106015205383
133, 22, 65, 723, -0.9453093409538269
133, 23, 449, 745, -0.049612514674663544
133, 24, 260, 742, 0.055443160235881805
133, 25, 440, 1036, -0.09621018916368484
133, 26, 261, 1034, 0.03524110093712807
133, 27, 450, 1299, 0.458001047372818
133, 28, 275, 1292, 0.39126765727996826
133, 29, 458, 1345, 0.48070257902145386
133, 30, 275, 1336, 0.40773805975914
133, 31, 416, 1377, -0.10442505776882172
133, 32, 303, 1373, -0.20455582439899445
134, 0, 337, 239, -0.9459689855575562
134, 1, 353, 209, -0.9065537452697754
134, 2, 366, 209, -0.9062831997871399
134, 3, 378, 208, -0.9063933491706848
134, 4, 321, 211, -0.8950319290161133
134, 5, 313, 212, -0.8942389488220215
134, 6, 307, 213, -0.8945261240005493
134, 7, 400, 223, -0.5912230014801025
134, 8, 301, 230, -0.5221855640411377
134, 9, 364, 270, -0.8244396448135376
134, 10, 323, 273, -0.8040598630905151
134, 11, 508, 380, -0.35794177651405334
134, 12, 218, 383, -0.38940051198005676
134, 13, 587, 492, -0.36026448011398315
134, 14, 107, 484, -0.4278891682624817
134, 15, 615, 706, -0.6377509832382202
134, 16, 48, 683, -0.8835927844047546
134, 17, 643, 754, -0.714992344379425
134, 18, 12, 728, -0.9947222471237183
134, 19, 608, 759, -0.7673298716545105
134, 20, 44, 735, -1.0805230140686035
134, 21, 592, 742, -0.677521824836731
134, 22, 63, 720, -0.9416342973709106
134, 23, 449, 745, -0.05020309239625931
134, 24, 260, 742, 0.05599169060587883
134, 25, 440, 1036, -0.09704773873090744
134, 26, 261, 1034, 0.04279902204871178
134, 27, 450, 1299, 0.45595288276672363
134, 28, 275, 1292, 0.39217329025268555
134, 29, 458, 1345, 0.47843652963638306
134, 30, 275, 1336, 0.40815719962120056
134, 31, 416, 1377, -0.10713173449039459
134, 32, 303, 1373, -0.19768783450126648
135, 0, 337, 239, -0.9328633546829224
135, 1, 353, 209, -0.8940545320510864
135, 2, 366, 208, -0.8937833905220032
135, 3, 378, 208, -0.8938908576965332
135, 4, 321, 211, -0.8819938898086548
135, 5, 313, 212, -0.8811944723129272
135, 6, 307, 213, -0.881476879119873
135, 7, 400, 223, -0.582563042640686
135, 8, 301, 230, -0.5107028484344482
135, 9, 364, 270, -0.8129636645317078
135, 10, 323, 272, -0.79188472032547
135, 11, 508, 380, -0.35712897777557373
135, 12, 219, 383, -0.3794602155685425
135, 13, 587, 493, -0.359139084815979
135, 14, 108, 484, -0.42464637756347656
135, 15, 615, 706, -0.6209591031074524
135, 16, 47, 682, -0.8811251521110535
135, 17, 643, 753, -0.6958082914352417
135, 18, 11, 728, -0.9926126599311829
135, 19, 608, 759, -0.7468671202659607
135, 20, 43, 734, -1.0782814025878906
135, 21, 592, 742, -0.6598167419433594
135, 22, 62, 719, -0.9387491345405579
135, 23, 448, 745, -0.050525832921266556
135, 24, 260, 742, 0.056288354098796844
135, 25, 440, 1036, -0.09770888835191727
135, 26, 261, 1034, 0.042208824306726456
135, 27, 450, 1299, 0.4543378949165344
135, 28, 275, 1292, 0.38962045311927795
135, 29, 458, 1345, 0.47670865058898926
135, 30, 275, 1335, 0.4054933190345764
135, 31, 416, 1377, -0.10861758142709732
135, 32, 303, 1373, -0.19884000718593597
136, 0, 337, 239, -0.9213329553604126
136, 1, 353, 209, -0.8827873468399048
136, 2, 366, 208, -0.8825298547744751
136, 3, 378, 208, -0.8826470375061035
136, 4, 322, 211, -0.8693965673446655
136, 5, 313, 212, -0.8685792088508606
136, 6, 307, 213, -0.8688691854476929
136, 7, 400, 223, -0.5724257826805115
136, 8, 301, 230, -0.4937485158443451
136, 9, 364, 270, -0.8021639585494995
136, 10, 323, 272, -0.7793205976486206
136, 11, 508, 380, -0.3544379770755768
136, 12, 219, 382, -0.35921159386634827
136, 13, 587, 493, -0.3558979034423828
136, 14, 108, 481, -0.41205984354019165
136, 15, 615, 706, -0.6131426095962524
136, 16, 42, 675, -0.8805820345878601
136, 17, 643, 753, -0.6866896152496338
136, 18, 4, 718, -0.990633487701416
136, 19, 608, 759, -0.7385872602462769
136, 20, 35, 724, -1.0765163898468018
136, 21, 592, 742, -0.6521746516227722
136, 22, 54, 710, -0.9379813075065613
136, 23, 448, 744, -0.051953744143247604
136, 24, 260, 741, 0.05765949934720993
136, 25, 439, 1036, -0.105862095952034
136, 26, 261, 1033, 0.0518488883972168
136, 27, 450, 1298, 0.44015246629714966
136, 28, 275, 1291, 0.3916131854057312
136, 29, 458, 1344, 0.4620131850242615
136, 30, 275, 1334, 0.40691938996315
136, 31, 415, 1377, -0.12155040353536606
136, 32, 302, 1372, -0.19679072499275208
137, 0, 337, 239, -0.9225810170173645
137, 1, 353, 209, -0.8840384483337402
137, 2, 366, 208, -0.8837758302688599
137, 3, 379, 208, -0.8838752508163452
137, 4, 322, 211, -0.8713906407356262
137, 5, 313, 212, -0.8705828785896301
137, 6, 307, 213, -0.8708750009536743
137, 7, 400, 223, -0.5730647444725037
137, 8, 301, 230, -0.496238648891449
137, 9, 364, 270, -0.8029475212097168
137, 10, 323, 272, -0.7809610366821289
137, 11, 508, 380, -0.35403972864151
137, 12, 219, 382, -0.3591212034225464
137, 13, 587, 493, -0.35561811923980713
137, 14, 108, 481, -0.4090980589389801
137, 15, 615, 706, -0.613520085811615
137, 16, 39, 673, -0.8789474368095398
137, 17, 643, 754, -0.6874943971633911
137, 18, 1, 717, -0.9890751838684082
137, 19, 608, 759, -0.7400650978088379
137, 20, 32, 722, -1.0741569995880127
137, 21, 592, 742, -0.6529110074043274
137, 22, 51, 709, -0.935897946357727
137, 23, 448, 744, -0.0525941476225853
137, 24, 260, 741, 0.05828593298792839
137, 25, 439, 1036, -0.10754638910293579
137, 26, 260, 1033, 0.05365070700645447
137, 27, 450, 1298, 0.4397610127925873
137, 28, 275, 1291, 0.39521849155426025
137, 29, 458, 1344, 0.4616529941558838
137, 30, 275, 1334, 0.4105500280857086
137, 31, 415, 1376, -0.12335938215255737
137, 32, 302, 1372, -0.19589009881019592
138, 0, 337, 239, -0.9205302000045776
138, 1, 353, 209, -0.8825353384017944
138, 2, 366, 208, -0.8822757601737976
138, 3, 379, 208, -0.8823837041854858
138, 4, 322, 211, -0.869379997253418
138, 5, 313, 212, -0.8685681223869324
138, 6, 307, 213, -0.8688616752624512
138, 7, 400, 223, -0.57249915599823
138, 8, 301, 229, -0.49415597319602966
138, 9, 364, 270, -0.8012088537216187
138, 10, 323, 272, -0.7785652279853821
138, 11, 508, 380, -0.35378313064575195
138, 12, 219, 382, -0.3562048673629761
138, 13, 587, 493, -0.35550129413604736
138, 14, 108, 481, -0.4014841914176941
138, 15, 615, 706, -0.6117912530899048
138, 16, 39, 673, -0.8639110326766968
138, 17, 643, 754, -0.6857819557189941
138, 18, 2, 717, -0.9718679189682007
138, 19, 608, 759, -0.7383311986923218
138, 20, 33, 722, -1.0571465492248535
138, 21, 592, 742, -0.6510964035987854
138, 22, 52, 708, -0.9216008186340332
138, 23, 448, 744, -0.05339645594358444
138, 24, 260, 741, 0.05907026678323746
138, 25, 439, 1036, -0.11251942068338394
138, 26, 260, 1033, 0.05359148234128952
138, 27, 449, 1298, 0.4291622042655945
138, 28, 275, 1290, 0.39341622591018677
138, 29, 458, 1344, 0.4507053792476654
138, 30, 275, 1333, 0.40881189703941345
138, 31, 415, 1376, -0.13126203417778015
138, 32, 302, 1372, -0.19724780321121216
139, 0, 337, 239, -0.920732319355011
139, 1, 353, 209, -0.8833252787590027
139, 2, 366, 208, -0.8830779194831848
139, 3, 379, 208, -0.8831992149353027
139, 4, 322, 211, -0.8699579238891602
139, 5, 313, 212, -0.8691514730453491
139, 6, 307, 213, -0.8694418668746948
139, 7, 400, 223, -0.5749515295028687
139, 8, 301, 229, -0.49543172121047974
139, 9, 364, 270, -0.8023929595947266
139, 10, 323, 272, -0.7789617776870728
139, 11, 508, 380, -0.35540181398391724
139, 12, 219, 382, -0.3570748567581177
139, 13, 587, 493, -0.35587629675865173
139, 14, 108, 481, -0.4016420245170593
139, 15, 616, 706, -0.6120072603225708
139, 16, 37, 671, -0.8626849055290222
139, 17, 643, 753, -0.6865013837814331
139, 18, 0, 715, -0.9699481725692749
139, 19, 608, 759, -0.7386536002159119
139, 20, 30, 720, -1.0558388233184814
139, 21, 592, 742, -0.6514703035354614
139, 22, 49, 707, -0.9207805395126343
139, 23, 448, 744, -0.05364936590194702
139, 24, 260, 741, 0.0593138262629509
139, 25, 439, 1036, -0.11608598381280899
139, 26, 260, 1033, 0.0520416796207428
139, 27, 449, 1298, 0.4230429530143738
139, 28, 275, 1290, 0.39207935333251953
139, 29, 458, 1344, 0.4440949857234955
139, 30, 275, 1333, 0.4069001078605652
139, 31, 415, 1376, -0.14117202162742615
139, 32, 302, 1372, -0.2008405476808548
140, 0, 337, 238, -0.8759943246841431
140, 1, 353, 209, -0.8383095860481262
140, 2, 366, 208, -0.8380691409111023
140, 3, 379, 208, -0.8381856679916382
140, 4, 322, 210, -0.8245521783828735
140, 5, 313, 211, -0.8237637281417847
140, 6, 307, 213, -0.8240938186645508
140, 7, 400, 223, -0.5430036783218384
140, 8, 301, 229, -0.46251314878463745
140, 9, 364, 269, -0.7627657055854797
140, 10, 323, 271, -0.7394862174987793
140, 11, 508, 380, -0.34490159153938293
140, 12, 219, 382, -0.33959874510765076
140, 13, 595, 546, -0.35555267333984375
140, 14, 108, 481, -0.388580322265625
140, 15, 616, 706, -0.6108173727989197
140, 16, 38, 671, -0.8281272053718567
140, 17, 644, 754, -0.6838518381118774
140, 18, 0, 715, -0.9312348365783691
140, 19, 609, 760, -0.7356096506118774
140, 20, 31, 721, -1.0131844282150269
140, 21, 592, 742, -0.6498723030090332
140, 22, 50, 707, -0.8851219415664673
140, 23, 448, 745, -0.05355639010667801
140, 24, 260, 741, 0.05924982950091362
140, 25, 439, 1038, -0.14498989284038544
140, 26, 260, 1034, -0.0057284352369606495
140, 27, 449, 1300, 0.350848913192749
140, 28, 275, 1292, 0.28018614649772644
140, 29, 458, 1347, 0.3677666187286377
140, 30, 274, 1336, 0.2898656129837036
140, 31, 415, 1379, -0.20818392932415009
140, 32, 301, 1374, -0.3052254915237427
141, 0, 337, 238, -0.8554313778877258
141, 1, 353, 209, -0.8172815442085266
141, 2, 366, 208, -0.8170541524887085
141, 3, 379, 208, -0.8171768188476562
141, 4, 322, 210, -0.8029252886772156
141, 5, 313, 211, -0.8021356463432312
141, 6, 307, 212, -0.8024798631668091
141, 7, 400, 222, -0.5241285562515259
141, 8, 301, 229, -0.4410073161125183
141, 9, 364, 269, -0.7434136867523193
141, 10, 323, 271, -0.7194890379905701
141, 11, 508, 380, -0.3344021737575531
141, 12, 219, 382, -0.32438233494758606
141, 13, 598, 556, -0.35381460189819336
141, 14, 108, 480, -0.37863197922706604
141, 15, 617, 707, -0.6068796515464783
141, 16, 35, 670, -0.816759467124939
141, 17, 645, 755, -0.6772975325584412
141, 18, -1, 714, -0.9187682271003723
141, 19, 610, 760, -0.7296551465988159
141, 20, 28, 720, -1.000736951828003
141, 21, 593, 743, -0.6459143161773682
141, 22, 47, 706, -0.8741222620010376
141, 23, 448, 746, -0.05354311317205429
141, 24, 260, 742, 0.059243619441986084
141, 25, 439, 1039, -0.15836238861083984
141, 26, 260, 1034, -0.014510008506476879
141, 27, 449, 1302, 0.3289608061313629
141, 28, 274, 1293, 0.26157447695732117
141, 29, 458, 1348, 0.3451189696788788
141, 30, 274, 1337, 0.27023375034332275
141, 31, 415, 1381, -0.23156872391700745
141, 32, 301, 1376, -0.32499006390571594
142, 0, 337, 238, -0.8542822599411011
142, 1, 353, 209, -0.8157068490982056
142, 2, 366, 208, -0.8154855966567993
142, 3, 379, 208, -0.8156174421310425
142, 4, 322, 210, -0.8015693426132202
142, 5, 313, 211, -0.8007747530937195
142, 6, 307, 212, -0.8011172413825989
142, 7, 400, 222, -0.518843948841095
142, 8, 301, 229, -0.43659669160842896
142, 9, 364, 269, -0.7407106161117554
142, 10, 323, 271, -0.7170809507369995
142, 11, 508, 381, -0.32571834325790405
142, 12, 219, 382, -0.31717726588249207
142, 13, 596, 522, -0.3503851294517517
142, 14, 108, 480, -0.37436729669570923
142, 15, 618, 707, -0.6064843535423279
142, 16, 34, 670, -0.8195279240608215
142, 17, 646, 755, -0.6765438318252563
142, 18, -3, 713, -0.9227592349052429
142, 19, 611, 760, -0.7288479804992676
142, 20, 27, 719, -1.005033254623413
142, 21, 594, 743, -0.6455788612365723
142, 22, 46, 705, -0.877103328704834
142, 23, 448, 746, -0.053542859852313995
142, 24, 260, 742, 0.059246428310871124
142, 25, 439, 1039, -0.16275864839553833
142, 26, 260, 1035, -0.015396256931126118
142, 27, 450, 1303, 0.32580164074897766
142, 28, 274, 1294, 0.26162686944007874
142, 29, 458, 1349, 0.34206297993659973
142, 30, 273, 1337, 0.2702797055244446
142, 31, 415, 1381, -0.2370380461215973
142, 32, 301, 1376, -0.3276107609272003
143, 0, 337, 238, -0.8426985740661621
143, 1, 353, 208, -0.8045839071273804
143, 2, 366, 208, -0.8043551445007324
143, 3, 379, 208, -0.8044798970222473
143, 4, 322, 210, -0.7895605564117432
143, 5, 313, 211, -0.7887669205665588
143, 6, 307, 212, -0.7891162633895874
143, 7, 400, 222, -0.5125890970230103
143, 8, 301, 229, -0.4270729422569275
143, 9, 364, 269, -0.7313440442085266
143, 10, 323, 271, -0.7067106366157532
143, 11, 508, 381, -0.323646605014801
143, 12, 219, 382, -0.3119094669818878
143, 13, 599, 550, -0.3503292202949524
143, 14, 108, 480, -0.36937710642814636
143, 15, 618, 707, -0.6067007184028625
143, 16, 33, 669, -0.812781810760498
143, 17, 647, 755, -0.6765740513801575
143, 18, -4, 713, -0.9153420329093933
143, 19, 611, 760, -0.7288663983345032
143, 20, 25, 718, -0.9976979494094849
143, 21, 595, 743, -0.6458338499069214
143, 22, 44, 704, -0.870815098285675
143, 23, 448, 746, -0.05348813533782959
143, 24, 260, 742, 0.05921028181910515
143, 25, 439, 1040, -0.16776415705680847
143, 26, 260, 1035, -0.03162449225783348
143, 27, 450, 1303, 0.31427890062332153
143, 28, 274, 1294, 0.23680667579174042
143, 29, 458, 1349, 0.32977715134620667
143, 30, 273, 1338, 0.24464252591133118
143, 31, 415, 1382, -0.24859103560447693
143, 32, 300, 1377, -0.3534594178199768
144, 0, 337, 238, -0.8398450016975403
144, 1, 353, 208, -0.8020172119140625
144, 2, 366, 208, -0.801784336566925
144, 3, 379, 208, -0.8019062280654907
144, 4, 322, 210, -0.7869149446487427
144, 5, 313, 211, -0.7861020565032959
144, 6, 308, 212, -0.7864478826522827
144, 7, 400, 222, -0.5113931894302368
144, 8, 301, 229, -0.42537498474121094
144, 9, 364, 269, -0.7290382981300354
144, 10, 323, 270, -0.7042600512504578
144, 11, 508, 381, -0.3241688907146454
144, 12, 219, 382, -0.3124020993709564
144, 13, 600, 559, -0.3515987992286682
144, 14, 108, 480, -0.3700115978717804
144, 15, 618, 709, -0.6069885492324829
144, 16, 32, 669, -0.8113179206848145
144, 17, 647, 757, -0.6769367456436157
144, 18, -6, 712, -0.9136441946029663
144, 19, 611, 762, -0.7288631796836853
144, 20, 24, 717, -0.9961031079292297
144, 21, 595, 745, -0.6460591554641724
144, 22, 43, 704, -0.8694833517074585
144, 23, 448, 747, -0.053488731384277344
144, 24, 260, 742, 0.05921518802642822
144, 25, 439, 1041, -0.16501282155513763
144, 26, 260, 1035, -0.026654746383428574
144, 27, 449, 1304, 0.322323203086853
144, 28, 273, 1295, 0.2484283447265625
144, 29, 458, 1350, 0.3384442925453186
144, 30, 272, 1338, 0.2570600211620331
144, 31, 414, 1383, -0.2394007444381714
144, 32, 299, 1378, -0.34010612964630127
145, 0, 337, 238, -0.8443728685379028
145, 1, 353, 208, -0.8064351081848145
145, 2, 366, 208, -0.8062108755111694
145, 3, 379, 208, -0.8063397407531738
145, 4, 322, 210, -0.7913802862167358
145, 5, 313, 211, -0.7905742526054382
145, 6, 308, 212, -0.790924072265625
145, 7, 400, 222, -0.5134421586990356
145, 8, 301, 229, -0.42721471190452576
145, 9, 364, 269, -0.732440710067749
145, 10, 323, 270, -0.7076442241668701
145, 11, 508, 381, -0.3243630528450012
145, 12, 219, 382, -0.3118213415145874
145, 13, 601, 561, -0.3539542555809021
145, 14, 108, 480, -0.370667427778244
145, 15, 618, 709, -0.6138485670089722
145, 16, 31, 668, -0.8140654563903809
145, 17, 647, 757, -0.6837130784988403
145, 18, -7, 712, -0.9171503782272339
145, 19, 612, 763, -0.735386312007904
145, 20, 23, 717, -0.9999222755432129
145, 21, 595, 745, -0.6527913808822632
145, 22, 42, 703, -0.8721929788589478
145, 23, 448, 747, -0.0534929558634758
145, 24, 260, 743, 0.059227000921964645
145, 25, 439, 1042, -0.16331098973751068
145, 26, 260, 1036, -0.023348668590188026
145, 27, 449, 1305, 0.3267947733402252
145, 28, 272, 1296, 0.2549549639225006
145, 29, 458, 1351, 0.34320342540740967
145, 30, 271, 1340, 0.26377665996551514
145, 31, 414, 1384, -0.23541955649852753
145, 32, 298, 1379, -0.3339531719684601
146, 0, 337, 237, -0.8481108546257019
146, 1, 353, 208, -0.8098106384277344
146, 2, 366, 208, -0.8095843195915222
146, 3, 379, 208, -0.809708297252655
146, 4, 322, 210, -0.794827401638031
146, 5, 313, 211, -0.7940173745155334
146, 6, 308, 212, -0.7943641543388367
146, 7, 400, 222, -0.515152096748352
146, 8, 301, 229, -0.4291253983974457
146, 9, 364, 268, -0.7354943156242371
146, 10, 323, 270, -0.7108017802238464
146, 11, 508, 381, -0.3244338929653168
146, 12, 219, 382, -0.31280308961868286
146, 13, 602, 561, -0.3557679057121277
146, 14, 107, 480, -0.3717329800128937
146, 15, 619, 709, -0.6244616508483887
146, 16, 31, 668, -0.8172570466995239
146, 17, 648, 758, -0.6963499188423157
146, 18, -7, 711, -0.9216483235359192
146, 19, 612, 763, -0.7479906678199768
146, 20, 23, 716, -1.00332510471344
146, 21, 595, 745, -0.6638360023498535
146, 22, 42, 703, -0.8756201863288879
146, 23, 448, 747, -0.05349496006965637
146, 24, 260, 743, 0.05923856049776077
146, 25, 439, 1042, -0.16378821432590485
146, 26, 259, 1036, -0.026198556646704674
146, 27, 449, 1306, 0.32666999101638794
146, 28, 272, 1296, 0.25182071328163147
146, 29, 458, 1352, 0.3429531753063202
146, 30, 271, 1340, 0.26050394773483276
146, 31, 414, 1384, -0.23769286274909973
146, 32, 298, 1379, -0.3391962945461273
147, 0, 337, 237, -0.8460181951522827
147, 1, 353, 208, -0.808709442615509
147, 2, 366, 208, -0.8084930181503296
147, 3, 379, 208, -0.8086211085319519
147, 4, 322, 210, -0.7921640276908875
147, 5, 313, 211, -0.7913498878479004
147, 6, 308, 212, -0.7916978001594543
147, 7, 400, 222, -0.5167797803878784
147, 8, 301, 229, -0.42498064041137695
147, 9, 364, 268, -0.7348071932792664
147, 10, 323, 270, -0.7081872224807739
147, 11, 509, 381, -0.32479095458984375
147, 12, 220, 382, -0.3081274926662445
147, 13, 602, 561, -0.3586568236351013
147, 14, 107, 480, -0.37015512585639954
147, 15, 619, 709, -0.627169668674469
147, 16, 30, 664, -0.8181835412979126
147, 17, 648, 758, -0.6988340020179749
147, 18, -8, 706, -0.9224108457565308
147, 19, 612, 763, -0.7506940364837646
147, 20, 21, 711, -1.0047940015792847
147, 21, 596, 745, -0.666641354560852
147, 22, 40, 698, -0.8763992190361023
147, 23, 448, 747, -0.05375968664884567
147, 24, 260, 743, 0.05954907089471817
147, 25, 439, 1042, -0.16947928071022034
147, 26, 259, 1036, -0.02822132408618927
147, 27, 449, 1306, 0.3158424496650696
147, 28, 272, 1296, 0.24413828551769257
147, 29, 458, 1352, 0.33148330450057983
147, 30, 271, 1340, 0.25204211473464966
147, 31, 413, 1384, -0.2526329755783081
147, 32, 298, 1379, -0.3494740426540375
148, 0, 337, 237, -0.8438549041748047
148, 1, 353, 208, -0.8066997528076172
148, 2, 366, 208, -0.806489109992981
148, 3, 379, 208, -0.8066136240959167
148, 4, 322, 210, -0.7901275157928467
148, 5, 313, 211, -0.7893085479736328
148, 6, 308, 212, -0.7896581888198853
148, 7, 400, 222, -0.5162235498428345
148, 8, 301, 229, -0.42383724451065063
148, 9, 364, 268, -0.7330689430236816
148, 10, 323, 270, -0.7063512206077576
148, 11, 509, 381, -0.32502374053001404
148, 12, 220, 382, -0.30681419372558594
148, 13, 603, 560, -0.3597094714641571
148, 14, 107, 480, -0.36613455414772034
148, 15, 619, 709, -0.6284465193748474
148, 16, 29, 663, -0.8133845329284668
148, 17, 648, 758, -0.700275182723999
148, 18, -9, 705, -0.9175750017166138
148, 19, 612, 763, -0.7516835331916809
148, 20, 20, 709, -0.9998854398727417
148, 21, 596, 745, -0.667762279510498
148, 22, 39, 697, -0.8718546032905579
148, 23, 448, 747, -0.053909920156002045
148, 24, 260, 743, 0.059724487364292145
148, 25, 439, 1042, -0.1693604737520218
148, 26, 259, 1036, -0.026197854429483414
148, 27, 449, 1306, 0.31770238280296326
148, 28, 272, 1296, 0.24835626780986786
148, 29, 458, 1352, 0.3336719274520874
148, 30, 271, 1340, 0.25660237669944763
148, 31, 413, 1384, -0.24923133850097656
148, 32, 298, 1379, -0.34367018938064575
149, 0, 337, 237, -0.8390340805053711
149, 1, 353, 208, -0.8023428916931152
149, 2, 366, 208, -0.80213463306427
149, 3, 379, 207, -0.8022578358650208
149, 4, 322, 210, -0.7849469780921936
149, 5, 313, 211, -0.7841230630874634
149, 6, 308, 212, -0.784473717212677
149, 7, 400, 222, -0.5146751403808594
149, 8, 301, 229, -0.41848140954971313
149, 9, 364, 268, -0.7293182015419006
149, 10, 323, 270, -0.7015398144721985
149, 11, 509, 381, -0.3249097168445587
149, 12, 220, 382, -0.30393505096435547
149, 13, 597, 512, -0.36004164814949036
149, 14, 107, 480, -0.3636271059513092
149, 15, 619, 709, -0.6283122301101685
149, 16, 29, 663, -0.8125306963920593
149, 17, 648, 758, -0.7000942826271057
149, 18, -9, 705, -0.9172331690788269
149, 19, 612, 763, -0.7515534162521362
149, 20, 20, 710, -0.9992369413375854
149, 21, 596, 745, -0.6676119565963745
149, 22, 39, 697, -0.871015727519989
149, 23, 448, 747, -0.05397394299507141
149, 24, 260, 743, 0.05980823561549187
149, 25, 439, 1042, -0.17449527978897095
149, 26, 259, 1036, -0.03448322042822838
149, 27, 449, 1306, 0.30386069416999817
149, 28, 272, 1296, 0.22914007306098938
149, 29, 458, 1352, 0.3186365067958832
149, 30, 271, 1340, 0.2361774891614914
149, 31, 413, 1384, -0.2663862109184265
149, 32, 298, 1379, -0.3653910160064697
150, 0, 337, 237, -0.8396374583244324
150, 1, 353, 208, -0.8038293123245239
150, 2, 366, 208, -0.8036202192306519
150, 3, 379, 208, -0.8037421107292175
150, 4, 322, 210, -0.7858279943466187
150, 5, 313, 211, -0.7850164175033569
150, 6, 308, 212, -0.7853672504425049
150, 7, 400, 222, -0.5160409808158875
150, 8, 301, 229, -0.4197344183921814
150, 9, 364, 269, -0.730695366859436
150, 10, 323, 270, -0.7022050023078918
150, 11, 509, 381, -0.3302880525588989
150, 12, 220, 382, -0.30316245555877686
150, 13, 594, 502, -0.3650510013103485
150, 14, 107, 480, -0.3604312539100647
150, 15, 619, 709, -0.6288230419158936
150, 16, 25, 660, -0.8108228445053101
150, 17, 648, 758, -0.7003699541091919
150, 18, -13, 700, -0.9145479202270508
150, 19, 612, 763, -0.7523744106292725
150, 20, 14, 705, -0.9978841543197632
150, 21, 596, 745, -0.6682900190353394
150, 22, 34, 693, -0.8700981140136719
150, 23, 449, 748, -0.054173924028873444
150, 24, 260, 743, 0.060023773461580276
150, 25, 439, 1042, -0.17305025458335876
150, 26, 259, 1036, -0.02748907543718815
150, 27, 449, 1306, 0.30611708760261536
150, 28, 271, 1296, 0.23940341174602509
150, 29, 457, 1352, 0.32030773162841797
150, 30, 270, 1340, 0.24678733944892883
150, 31, 413, 1384, -0.26395082473754883
150, 32, 296, 1379, -0.3510425090789795
151, 0, 337, 238, -0.842618465423584
151, 1, 353, 208, -0.8060423135757446
151, 2, 366, 208, -0.8058565855026245
151, 3, 379, 208, -0.8059874773025513
151, 4, 322, 210, -0.7880817651748657
151, 5, 313, 211, -0.7872944474220276
151, 6, 308, 212, -0.787655234336853
151, 7, 400, 222, -0.5163419246673584
151, 8, 301, 229, -0.4206695556640625
151, 9, 364, 269, -0.7326017022132874
151, 10, 323, 271, -0.704154372215271
151, 11, 509, 381, -0.330372154712677
151, 12, 220, 382, -0.30404990911483765
151, 13, 592, 499, -0.36534929275512695
151, 14, 107, 480, -0.36138927936553955
151, 15, 620, 709, -0.6343302130699158
151, 16, 23, 656, -0.822830855846405
151, 17, 648, 758, -0.7063257694244385
151, 18, -17, 696, -0.9272893071174622
151, 19, 612, 762, -0.7601379156112671
151, 20, 11, 701, -1.0119848251342773
151, 21, 596, 745, -0.6745734214782715
151, 22, 30, 689, -0.8830474019050598
151, 23, 449, 748, -0.054154831916093826
151, 24, 260, 743, 0.060006964951753616
151, 25, 439, 1042, -0.1718151867389679
151, 26, 258, 1036, -0.02287832461297512
151, 27, 449, 1306, 0.30944186449050903
151, 28, 270, 1296, 0.24578633904457092
151, 29, 457, 1352, 0.324507474899292
151, 30, 269, 1340, 0.25309497117996216
151, 31, 412, 1384, -0.2573433816432953
151, 32, 296, 1379, -0.3444315195083618
152, 0, 337, 238, -0.8437158465385437
152, 1, 353, 208, -0.8070615530014038
152, 2, 366, 208, -0.8068658113479614
152, 3, 379, 208, -0.806993305683136
152, 4, 322, 210, -0.7895097732543945
152, 5, 313, 211, -0.7887154817581177
152, 6, 308, 213, -0.789070725440979
152, 7, 400, 222, -0.5169256329536438
152, 8, 301, 229, -0.42198070883750916
152, 9, 364, 269, -0.7334016561508179
152, 10, 323, 271, -0.7054292559623718
152, 11, 509, 382, -0.33037739992141724
152, 12, 220, 382, -0.30346912145614624
152, 13, 592, 498, -0.3653271496295929
152, 14, 107, 480, -0.3608242869377136
152, 15, 620, 709, -0.6349009275436401
152, 16, 22, 655, -0.8213480710983276
152, 17, 648, 758, -0.7066171765327454
152, 18, -17, 695, -0.9256022572517395
152, 19, 612, 762, -0.7607647180557251
152, 20, 10, 700, -1.0103168487548828
152, 21, 596, 745, -0.6752127408981323
152, 22, 29, 688, -0.8815897703170776
152, 23, 449, 748, -0.054151248186826706
152, 24, 260, 743, 0.06000644713640213
152, 25, 438, 1042, -0.17274777591228485
152, 26, 258, 1036, -0.024337351322174072
152, 27, 448, 1306, 0.30952051281929016
152, 28, 270, 1296, 0.24349293112754822
152, 29, 457, 1352, 0.32514673471450806
152, 30, 269, 1340, 0.2507800757884979
152, 31, 412, 1384, -0.2566055655479431
152, 32, 296, 1379, -0.34801000356674194
153, 0, 337, 238, -0.8444320559501648
153, 1, 353, 209, -0.807671844959259
153, 2, 366, 208, -0.8074907064437866
153, 3, 379, 208, -0.8076252937316895
153, 4, 322, 210, -0.789669394493103
153, 5, 313, 212, -0.7888792157173157
153, 6, 307, 213, -0.7892345190048218
153, 7, 400, 222, -0.5174282789230347
153, 8, 301, 229, -0.4228385388851166
153, 9, 364, 270, -0.7336429357528687
153, 10, 323, 272, -0.7058725357055664
153, 11, 509, 382, -0.3305397927761078
153, 12, 220, 382, -0.30059435963630676
153, 13, 591, 498, -0.3653794229030609
153, 14, 107, 480, -0.360912024974823
153, 15, 620, 709, -0.6350368857383728
153, 16, 20, 653, -0.8278982043266296
153, 17, 648, 758, -0.7068819999694824
153, 18, -20, 692, -0.9334471821784973
153, 19, 612, 762, -0.7612489461898804
153, 20, 7, 696, -1.0186213254928589
153, 21, 596, 745, -0.6754146218299866
153, 22, 27, 684, -0.8887263536453247
153, 23, 449, 748, -0.05431279540061951
153, 24, 260, 743, 0.06016961485147476
153, 25, 438, 1042, -0.1721521019935608
153, 26, 258, 1036, -0.02035290002822876
153, 27, 448, 1306, 0.31239208579063416
153, 28, 269, 1296, 0.2466045618057251
153, 29, 457, 1352, 0.32825666666030884
153, 30, 268, 1340, 0.25354647636413574
153, 31, 411, 1384, -0.25325363874435425
153, 32, 295, 1379, -0.3465253710746765
154, 0, 337, 239, -0.8447235226631165
154, 1, 353, 209, -0.8080697059631348
154, 2, 366, 208, -0.8078792691230774
154, 3, 379, 208, -0.808012843132019
154, 4, 321, 211, -0.7904632091522217
154, 5, 313, 212, -0.7896718382835388
154, 6, 307, 213, -0.790026843547821
154, 7, 400, 222, -0.5179310441017151
154, 8, 301, 229, -0.42272311449050903
154, 9, 364, 270, -0.7340806722640991
154, 10, 323, 272, -0.7066558599472046
154, 11, 509, 382, -0.33040130138397217
154, 12, 220, 382, -0.2974969446659088
154, 13, 591, 498, -0.3649023473262787
154, 14, 108, 480, -0.3594485819339752
154, 15, 620, 709, -0.6348382234573364
154, 16, 20, 652, -0.8292648196220398
154, 17, 648, 757, -0.7066686153411865
154, 18, -20, 691, -0.9352536201477051
154, 19, 612, 762, -0.7609201073646545
154, 20, 7, 695, -1.0201886892318726
154, 21, 596, 744, -0.6751344203948975
154, 22, 27, 684, -0.8900610208511353
154, 23, 449, 748, -0.05443824455142021
154, 24, 260, 743, 0.06029805541038513
154, 25, 438, 1042, -0.17388209700584412
154, 26, 258, 1036, -0.019526386633515358
154, 27, 448, 1306, 0.3109271824359894
154, 28, 269, 1296, 0.24872510135173798
154, 29, 457, 1352, 0.32690009474754333
154, 30, 268, 1340, 0.2560292184352875
154, 31, 411, 1384, -0.2560935914516449
154, 32, 295, 1379, -0.344315767288208
155, 0, 337, 239, -0.8493117094039917
155, 1, 353, 209, -0.8126931190490723
155, 2, 366, 208, -0.8125059008598328
155, 3, 379, 208, -0.8126301765441895
155, 4, 321, 211, -0.7941845655441284
155, 5, 313, 212, -0.7933778166770935
155, 6, 307, 213, -0.7937248945236206
155, 7, 400, 222, -0.5203450322151184
155, 8, 301, 229, -0.4230029582977295
155, 9, 364, 270, -0.7379509210586548
155, 10, 323, 272, -0.7093712091445923
155, 11, 509, 382, -0.33240658044815063
155, 12, 220, 382, -0.2976067066192627
155, 13, 590, 498, -0.3693513572216034
155, 14, 108, 479, -0.3623749613761902
155, 15, 620, 709, -0.649628758430481
155, 16, 16, 646, -0.8490785360336304
155, 17, 648, 757, -0.7234827280044556
155, 18, -25, 684, -0.9567952156066895
155, 19, 612, 762, -0.7779215574264526
155, 20, 1, 687, -1.0421696901321411
155, 21, 596, 744, -0.6903836131095886
155, 22, 21, 676, -0.9106262922286987
155, 23, 449, 748, -0.054617900401353836
155, 24, 260, 743, 0.0604824535548687
155, 25, 438, 1042, -0.16969291865825653
155, 26, 258, 1036, -0.0037724915891885757
155, 27, 448, 1306, 0.3283683657646179
155, 28, 269, 1296, 0.2778165936470032
155, 29, 457, 1352, 0.3458153307437897
155, 30, 268, 1340, 0.2865848243236542
155, 31, 411, 1384, -0.24124379456043243
155, 32, 295, 1379, -0.3183954954147339
156, 0, 337, 239, -0.8499239683151245
156, 1, 353, 209, -0.813481330871582
156, 2, 366, 208, -0.8132930994033813
156, 3, 379, 208, -0.8134167790412903
156, 4, 321, 211, -0.7945320010185242
156, 5, 313, 212, -0.7937166690826416
156, 6, 307, 213, -0.7940575480461121
156, 7, 400, 222, -0.5211228132247925
156, 8, 301, 229, -0.4234156608581543
156, 9, 364, 270, -0.738654613494873
156, 10, 323, 272, -0.7095293998718262
156, 11, 509, 382, -0.3346969485282898
156, 12, 220, 382, -0.2976486086845398
156, 13, 590, 498, -0.37274619936943054
156, 14, 108, 479, -0.36267510056495667
156, 15, 619, 709, -0.6513004899024963
156, 16, 16, 645, -0.8504003286361694
156, 17, 647, 758, -0.7256703972816467
156, 18, -25, 683, -0.9584507942199707
156, 19, 611, 762, -0.7800614237785339
156, 20, 1, 687, -1.0438716411590576
156, 21, 595, 744, -0.6920160055160522
156, 22, 21, 676, -0.9119277000427246
156, 23, 449, 748, -0.05492787808179855
156, 24, 260, 743, 0.06080280616879463
156, 25, 438, 1042, -0.16933678090572357
156, 26, 257, 1036, -0.0011501756962388754
156, 27, 448, 1306, 0.3304058313369751
156, 28, 269, 1296, 0.2803763747215271
156, 29, 457, 1352, 0.3480220437049866
156, 30, 268, 1340, 0.2891283631324768
156, 31, 411, 1384, -0.23922701179981232
156, 32, 294, 1379, -0.31561028957366943
157, 0, 337, 239, -0.8425200581550598
157, 1, 353, 209, -0.8071305155754089
157, 2, 366, 208, -0.8069249987602234
157, 3, 379, 208, -0.8070419430732727
157, 4, 321, 211, -0.7871548533439636
157, 5, 313, 212, -0.7863324284553528
157, 6, 307, 213, -0.7866633534431458
157, 7, 400, 222, -0.5202538371086121
157, 8, 301, 229, -0.4169860780239105
157, 9, 364, 270, -0.7338557243347168
157, 10, 323, 273, -0.7032068371772766
157, 11, 509, 382, -0.33498185873031616
157, 12, 220, 382, -0.2946334481239319
157, 13, 595, 549, -0.3728313446044922
157, 14, 108, 479, -0.36116236448287964
157, 15, 619, 709, -0.6477108001708984
157, 16, 16, 646, -0.8491439819335938
157, 17, 647, 758, -0.7215871810913086
157, 18, -24, 684, -0.9574640393257141
157, 19, 611, 762, -0.7752994298934937
157, 20, 2, 688, -1.0425899028778076
157, 21, 595, 744, -0.6880568265914917
157, 22, 22, 677, -0.9110312461853027
157, 23, 449, 748, -0.05513783171772957
157, 24, 260, 743, 0.06103532388806343
157, 25, 438, 1042, -0.16958773136138916
157, 26, 257, 1036, -0.001638144487515092
157, 27, 448, 1306, 0.3289331793785095
157, 28, 268, 1296, 0.2794211208820343
157, 29, 456, 1352, 0.34645187854766846
157, 30, 267, 1340, 0.2879604697227478
157, 31, 410, 1384, -0.23927342891693115
157, 32, 294, 1379, -0.3158028721809387
158, 0, 337, 239, -0.8432109951972961
158, 1, 353, 209, -0.8075272440910339
158, 2, 366, 208, -0.8073220252990723
158, 3, 379, 208, -0.8074396848678589
158, 4, 321, 211, -0.7878267168998718
158, 5, 313, 212, -0.7870066165924072
158, 6, 307, 213, -0.7873399257659912
158, 7, 400, 222, -0.520081102848053
158, 8, 301, 229, -0.41646504402160645
158, 9, 364, 270, -0.7341552376747131
158, 10, 323, 273, -0.7037276029586792
158, 11, 509, 382, -0.3349815011024475
158, 12, 220, 382, -0.29444628953933716
158, 13, 593, 521, -0.3734078109264374
158, 14, 108, 479, -0.36147934198379517
158, 15, 619, 710, -0.6476696729660034
158, 16, 17, 647, -0.849473774433136
158, 17, 647, 759, -0.721631646156311
158, 18, -24, 685, -0.9580880999565125
158, 19, 611, 763, -0.775482177734375
158, 20, 3, 689, -1.0426785945892334
158, 21, 595, 745, -0.6880654096603394
158, 22, 23, 678, -0.9109274744987488
158, 23, 449, 748, -0.05537877604365349
158, 24, 260, 743, 0.061300359666347504
158, 25, 438, 1042, -0.16979631781578064
158, 26, 257, 1036, -0.0020116930827498436
158, 27, 447, 1306, 0.3284285068511963
158, 28, 268, 1296, 0.2787620425224304
158, 29, 456, 1352, 0.3459182381629944
158, 30, 267, 1340, 0.28730669617652893
158, 31, 410, 1384, -0.23954471945762634
158, 32, 294, 1379, -0.3162212371826172
159, 0, 337, 239, -0.843730628490448
159, 1, 353, 209, -0.8079350590705872
159, 2, 366, 208, -0.8077295422554016
159, 3, 379, 208, -0.8078473806381226
159, 4, 321, 211, -0.788379967212677
159, 5, 313, 212, -0.787561297416687
159, 6, 307, 213, -0.7878958582878113
159, 7, 400, 222, -0.5201950669288635
159, 8, 302, 229, -0.41661590337753296
159, 9, 364, 270, -0.7344908714294434
159, 10, 322, 273, -0.7041934728622437
159, 11, 509, 382, -0.3353815972805023
159, 12, 220, 382, -0.2945854961872101
159, 13, 596, 552, -0.3759349286556244
159, 14, 108, 479, -0.36176663637161255
159, 15, 618, 710, -0.6528462767601013
159, 16, 17, 647, -0.8489516377449036
159, 17, 646, 759, -0.7276953458786011
159, 18, -24, 686, -0.9573785066604614
159, 19, 610, 763, -0.781241774559021
159, 20, 3, 690, -1.041874647140503
159, 21, 594, 745, -0.6932668685913086
159, 22, 23, 679, -0.9102298021316528
159, 23, 450, 748, -0.05546341463923454
159, 24, 260, 743, 0.061390943825244904
159, 25, 438, 1042, -0.16788947582244873
159, 26, 257, 1036, 0.001345361117273569
159, 27, 447, 1306, 0.3335597813129425
159, 28, 268, 1296, 0.28500896692276
159, 29, 456, 1352, 0.35142752528190613
159, 30, 267, 1340, 0.29400086402893066
159, 31, 410, 1383, -0.23331744968891144
159, 32, 294, 1379, -0.3085087835788727
160, 0, 337, 239, -0.8338214159011841
160, 1, 353, 209, -0.796908438205719
160, 2, 366, 208, -0.7967636585235596
160, 3, 378, 208, -0.7969021201133728
160, 4, 321, 211, -0.7783138155937195
160, 5, 313, 212, -0.7775595784187317
160, 6, 307, 213, -0.7779563665390015
160, 7, 400, 222, -0.5090278387069702
160, 8, 302, 230, -0.4077228605747223
160, 9, 364, 270, -0.7244089841842651
160, 10, 322, 273, -0.6950808763504028
160, 11, 509, 382, -0.318420946598053
160, 12, 220, 382, -0.2916080057621002
160, 13, 597, 559, -0.3581182062625885
160, 14, 108, 479, -0.3454684615135193
160, 15, 618, 710, -0.6380443572998047
160, 16, 17, 648, -0.792183518409729
160, 17, 646, 759, -0.7095413208007812
160, 18, -23, 687, -0.8955039978027344
160, 19, 610, 763, -0.7671531438827515
160, 20, 3, 691, -0.9815945625305176
160, 21, 594, 745, -0.6798991560935974
160, 22, 23, 680, -0.8522001504898071
160, 23, 450, 748, -0.05265677720308304
160, 24, 260, 743, 0.05850009247660637
160, 25, 438, 1042, -0.1800469160079956
160, 26, 258, 1036, -0.05077449232339859
160, 27, 448, 1306, 0.2819707691669464
160, 28, 268, 1297, 0.18910154700279236
160, 29, 457, 1352, 0.2945988178253174
160, 30, 267, 1340, 0.1924191564321518
160, 31, 410, 1384, -0.29574817419052124
160, 32, 294, 1380, -0.41372165083885193
161, 0, 337, 239, -0.8343009948730469
161, 1, 353, 209, -0.7980499863624573
161, 2, 366, 208, -0.7978917360305786
161, 3, 378, 208, -0.7980209589004517
161, 4, 321, 211, -0.7787044644355774
161, 5, 313, 212, -0.7779343724250793
161, 6, 307, 213, -0.7783201932907104
161, 7, 400, 222, -0.5059432983398438
161, 8, 302, 230, -0.4087405204772949
161, 9, 364, 270, -0.7254395484924316
161, 10, 322, 273, -0.6954525709152222
161, 11, 509, 382, -0.3106237053871155
161, 12, 220, 382, -0.2917550206184387
161, 13, 594, 517, -0.3472108244895935
161, 14, 108, 479, -0.34624114632606506
161, 15, 618, 709, -0.6304637789726257
161, 16, 19, 648, -0.7985527515411377
161, 17, 646, 758, -0.7027560472488403
161, 18, -20, 688, -0.904003918170929
161, 19, 610, 762, -0.7607964873313904
161, 20, 7, 692, -0.9891441464424133
161, 21, 594, 744, -0.672659158706665
161, 22, 26, 680, -0.8582491874694824
161, 23, 449, 748, -0.05151873826980591
161, 24, 260, 743, 0.057334691286087036
161, 25, 439, 1042, -0.18668285012245178
161, 26, 259, 1036, -0.07177235186100006
161, 27, 449, 1306, 0.2629687190055847
161, 28, 271, 1297, 0.16035890579223633
161, 29, 458, 1352, 0.2745886743068695
161, 30, 270, 1340, 0.16305233538150787
161, 31, 411, 1384, -0.31598758697509766
161, 32, 296, 1380, -0.44491249322891235
162, 0, 337, 239, -0.8364644050598145
162, 1, 353, 209, -0.7983349561691284
162, 2, 366, 208, -0.7981523275375366
162, 3, 378, 208, -0.7982598543167114
162, 4, 321, 211, -0.7805269956588745
162, 5, 313, 212, -0.7797932028770447
162, 6, 308, 213, -0.780211329460144
162, 7, 400, 222, -0.5034791231155396
162, 8, 302, 230, -0.4090634286403656
162, 9, 364, 270, -0.7260943651199341
162, 10, 322, 273, -0.6965984106063843
162, 11, 509, 382, -0.3002288341522217
162, 12, 220, 382, -0.2918250858783722
162, 13, 596, 547, -0.33826395869255066
162, 14, 108, 479, -0.3461361229419708
162, 15, 618, 709, -0.6296274065971375
162, 16, 20, 650, -0.795491099357605
162, 17, 646, 758, -0.7024082541465759
162, 18, -19, 690, -0.902277946472168
162, 19, 610, 762, -0.760693371295929
162, 20, 9, 695, -0.9876194000244141
162, 21, 594, 744, -0.6720507144927979
162, 22, 28, 683, -0.8548316955566406
162, 23, 449, 748, -0.04747500643134117
162, 24, 260, 743, 0.05324781686067581
162, 25, 439, 1042, -0.1904507428407669
162, 26, 260, 1036, -0.09638916701078415
162, 27, 449, 1306, 0.2526702284812927
162, 28, 271, 1297, 0.1335124522447586
162, 29, 458, 1352, 0.26346901059150696
162, 30, 270, 1341, 0.1353040188550949
162, 31, 412, 1384, -0.3308832049369812
162, 32, 296, 1380, -0.4765538275241852
163, 0, 336, 239, -0.8381201028823853
163, 1, 353, 209, -0.7991814017295837
163, 2, 366, 208, -0.7990051507949829
163, 3, 378, 208, -0.7991160154342651
163, 4, 321, 211, -0.7820261716842651
163, 5, 313, 212, -0.7812768220901489
163, 6, 307, 213, -0.7816990613937378
163, 7, 400, 222, -0.5043085217475891
163, 8, 302, 230, -0.40924811363220215
163, 9, 363, 270, -0.7263718843460083
163, 10, 322, 273, -0.6976280212402344
163, 11, 509, 382, -0.3015017807483673
163, 12, 220, 382, -0.2925505042076111
163, 13, 597, 556, -0.3369428515434265
163, 14, 108, 479, -0.3445480763912201
163, 15, 617, 709, -0.6245877146720886
163, 16, 25, 656, -0.7912886142730713
163, 17, 645, 758, -0.6981614828109741
163, 18, -12, 699, -0.8995639085769653
163, 19, 609, 762, -0.7562062740325928
163, 20, 17, 704, -0.984126091003418
163, 21, 593, 744, -0.6669527292251587
163, 22, 35, 691, -0.8501847982406616
163, 23, 449, 748, -0.04717479646205902
163, 24, 260, 743, 0.052996326237916946
163, 25, 439, 1042, -0.19440671801567078
163, 26, 260, 1035, -0.0973200649023056
163, 27, 449, 1306, 0.250826895236969
163, 28, 271, 1297, 0.13817642629146576
163, 29, 458, 1352, 0.26184505224227905
163, 30, 270, 1341, 0.14086836576461792
163, 31, 412, 1384, -0.33431336283683777
163, 32, 296, 1380, -0.4722617566585541
164, 0, 336, 239, -0.8477819561958313
164, 1, 353, 209, -0.8070650100708008
164, 2, 366, 208, -0.806930422782898
164, 3, 378, 208, -0.8070691227912903
164, 4, 321, 211, -0.7911065816879272
164, 5, 313, 212, -0.7903636693954468
164, 6, 308, 213, -0.7907935976982117
164, 7, 400, 222, -0.5046887397766113
164, 8, 302, 230, -0.4130375385284424
164, 9, 363, 270, -0.7322514057159424
164, 10, 322, 273, -0.7053988575935364
164, 11, 509, 382, -0.3016347885131836
164, 12, 220, 382, -0.29312846064567566
164, 13, 593, 514, -0.33723896741867065
164, 14, 108, 479, -0.3443499207496643
164, 15, 617, 709, -0.6278866529464722
164, 16, 24, 655, -0.7923741340637207
164, 17, 645, 758, -0.7018125057220459
164, 18, -13, 696, -0.900446891784668
164, 19, 609, 762, -0.7612076997756958
164, 20, 15, 702, -0.9856786727905273
164, 21, 593, 744, -0.6709736585617065
164, 22, 33, 689, -0.851679801940918
164, 23, 449, 748, -0.04597147926688194
164, 24, 260, 743, 0.051797449588775635
164, 25, 439, 1042, -0.193889319896698
164, 26, 260, 1035, -0.09851682931184769
164, 27, 449, 1306, 0.2550423741340637
164, 28, 271, 1297, 0.13871735334396362
164, 29, 458, 1352, 0.26641175150871277
164, 30, 270, 1341, 0.14124538004398346
164, 31, 412, 1384, -0.3307502865791321
164, 32, 296, 1380, -0.4748498499393463
