0, 0, 303, 92, -0.9675953984260559
0, 1, 317, 62, -0.8901511430740356
0, 2, 327, 61, -0.8902657628059387
0, 3, 336, 61, -0.8905747532844543
0, 4, 282, 62, -0.9325663447380066
0, 5, 266, 62, -0.932264506816864
0, 6, 250, 63, -0.9327448606491089
0, 7, 344, 68, -0.4014401435852051
0, 8, 219, 76, -0.5842599272727966
0, 9, 322, 127, -0.780271053314209
0, 10, 277, 130, -0.831159770488739
0, 11, 408, 260, -0.023939521983265877
0, 12, 125, 280, -0.4938352704048157
0, 13, 421, 451, 0.17296263575553894
0, 14, 57, 475, -0.5274421572685242
0, 15, 439, 641, -0.14975397288799286
0, 16, 100, 663, -0.9316080212593079
0, 17, 456, 692, -0.22891616821289062
0, 18, 101, 718, -1.06145441532135
0, 19, 446, 690, -0.3285818099975586
0, 20, 130, 708, -1.124512791633606
0, 21, 432, 672, -0.20992298424243927
0, 22, 134, 687, -0.9664468765258789
0, 23, 368, 692, 0.09425072371959686
0, 24, 181, 701, -0.09055959433317184
0, 25, 364, 1034, 0.12987345457077026
0, 26, 191, 1046, -0.0757129117846489
0, 27, 370, 1339, 0.7626381516456604
0, 28, 205, 1352, 0.3249211609363556
0, 29, 367, 1387, 0.7895866632461548
0, 30, 188, 1400, 0.34347906708717346
0, 31, 384, 1425, 0.2303096503019333
0, 32, 270, 1437, -0.33806172013282776
1, 0, 303, 93, -1.156250238418579
1, 1, 317, 62, -1.0789834260940552
1, 2, 327, 62, -1.0791901350021362
1, 3, 337, 62, -1.0792953968048096
1, 4, 282, 61, -1.1202847957611084
1, 5, 266, 62, -1.1202514171600342
1, 6, 250, 63, -1.1207422018051147
1, 7, 346, 71, -0.5747400522232056
1, 8, 219, 76, -0.7567550539970398
1, 9, 321, 128, -0.9637705087661743
1, 10, 277, 130, -1.0141955614089966
1, 11, 408, 260, -0.14795750379562378
1, 12, 126, 281, -0.6108630895614624
1, 13, 422, 450, 0.07683797180652618
1, 14, 59, 476, -0.6028556823730469
1, 15, 442, 641, -0.3001277446746826
1, 16, 101, 663, -1.0116240978240967
1, 17, 462, 690, -0.3914240598678589
1, 18, 103, 721, -1.1422652006149292
1, 19, 455, 688, -0.504632294178009
1, 20, 132, 710, -1.2095779180526733
1, 21, 437, 672, -0.36683279275894165
1, 22, 135, 689, -1.047555923461914
1, 23, 370, 689, 0.0916660949587822
1, 24, 183, 699, -0.08813116699457169
1, 25, 363, 1031, 0.19352756440639496
1, 26, 190, 1043, -0.01585380733013153
1, 27, 370, 1331, 0.9001167416572571
1, 28, 204, 1343, 0.47328123450279236
1, 29, 367, 1379, 0.9348033666610718
1, 30, 188, 1388, 0.5014221668243408
1, 31, 384, 1417, 0.3707391321659088
1, 32, 269, 1432, -0.19108667969703674
2, 0, 303, 94, -1.1931750774383545
2, 1, 317, 62, -1.1162828207015991
2, 2, 327, 63, -1.116507649421692
2, 3, 337, 63, -1.116588830947876
2, 4, 282, 61, -1.157645583152771
2, 5, 266, 62, -1.1576592922210693
2, 6, 250, 63, -1.1581858396530151
2, 7, 346, 75, -0.607427179813385
2, 8, 219, 76, -0.7896381616592407
2, 9, 321, 129, -0.9986213445663452
2, 10, 277, 131, -1.049126148223877
2, 11, 408, 260, -0.16817156970500946
2, 12, 127, 283, -0.6254739761352539
2, 13, 422, 449, 0.07195644080638885
2, 14, 63, 478, -0.5995426774024963
2, 15, 445, 640, -0.29709553718566895
2, 16, 102, 666, -1.004634141921997
2, 17, 466, 688, -0.38562387228012085
2, 18, 104, 725, -1.1331779956817627
2, 19, 460, 687, -0.5002253651618958
2, 20, 132, 714, -1.2061235904693604
2, 21, 441, 671, -0.3641374707221985
2, 22, 136, 692, -1.0429368019104004
2, 23, 372, 688, 0.08763653039932251
2, 24, 186, 697, -0.08418281376361847
2, 25, 363, 1029, 0.18146435916423798
2, 26, 189, 1041, -0.02072535827755928
2, 27, 370, 1327, 0.8653566241264343
2, 28, 203, 1338, 0.4497835636138916
2, 29, 367, 1375, 0.896813690662384
2, 30, 187, 1382, 0.47435155510902405
2, 31, 384, 1413, 0.32924801111221313
2, 32, 267, 1428, -0.22228412330150604
3, 0, 303, 96, -1.1464335918426514
3, 1, 317, 63, -1.0740770101547241
3, 2, 327, 64, -1.0742988586425781
3, 3, 337, 64, -1.0744580030441284
3, 4, 282, 62, -1.1126512289047241
3, 5, 266, 62, -1.1125705242156982
3, 6, 250, 63, -1.1130998134613037
3, 7, 346, 76, -0.5907098054885864
3, 8, 219, 77, -0.7579885125160217
3, 9, 321, 131, -0.9602712392807007
3, 10, 277, 132, -1.006927251815796
3, 11, 408, 260, -0.17642270028591156
3, 12, 128, 286, -0.5979024171829224
3, 13, 423, 447, 0.07979819178581238
3, 14, 63, 479, -0.585466206073761
3, 15, 448, 637, -0.27174603939056396
3, 16, 100, 665, -0.9523590803146362
3, 17, 471, 683, -0.36836835741996765
3, 18, 102, 722, -1.0652515888214111
3, 19, 465, 683, -0.4818990230560303
3, 20, 127, 711, -1.1469534635543823
3, 21, 445, 667, -0.3394680321216583
3, 22, 131, 689, -0.9941157102584839
3, 23, 372, 687, 0.07237335294485092
3, 24, 186, 696, -0.06913699209690094
3, 25, 363, 1027, 0.14338141679763794
3, 26, 188, 1039, -0.02482493594288826
3, 27, 370, 1326, 0.8006997108459473
3, 28, 203, 1336, 0.423867404460907
3, 29, 367, 1373, 0.829075813293457
3, 30, 188, 1381, 0.4466387629508972
3, 31, 382, 1411, 0.2608068585395813
3, 32, 264, 1426, -0.24456432461738586
4, 0, 304, 96, -1.2616639137268066
4, 1, 317, 64, -1.1947704553604126
4, 2, 327, 64, -1.1949009895324707
4, 3, 337, 65, -1.1950204372406006
4, 4, 282, 62, -1.2312180995941162
4, 5, 266, 63, -1.2312272787094116
4, 6, 250, 63, -1.2317616939544678
4, 7, 346, 77, -0.7098971605300903
4, 8, 219, 78, -0.8695408701896667
4, 9, 321, 132, -1.073232889175415
4, 10, 278, 133, -1.1174428462982178
4, 11, 408, 260, -0.2558056712150574
4, 12, 130, 287, -0.6735202074050903
4, 13, 424, 445, 0.08131441473960876
4, 14, 64, 480, -0.6201680302619934
4, 15, 451, 634, -0.17145344614982605
4, 16, 105, 665, -0.9693220853805542
4, 17, 474, 679, -0.22740888595581055
4, 18, 109, 722, -1.0745123624801636
4, 19, 470, 681, -0.3364635109901428
4, 20, 134, 711, -1.1543962955474854
4, 21, 450, 665, -0.23076856136322021
4, 22, 137, 689, -1.0075137615203857
4, 23, 373, 686, 0.06586161255836487
4, 24, 187, 695, -0.06282442808151245
4, 25, 363, 1027, 0.1469583511352539
4, 26, 188, 1039, -0.010133162140846252
4, 27, 370, 1326, 0.8229547739028931
4, 28, 203, 1337, 0.44935789704322815
4, 29, 367, 1373, 0.8540502786636353
4, 30, 188, 1382, 0.4733889698982239
4, 31, 381, 1412, 0.28618112206459045
4, 32, 263, 1426, -0.2194381058216095
5, 0, 303, 98, -1.2181341648101807
5, 1, 316, 64, -1.150510549545288
5, 2, 327, 65, -1.1505844593048096
5, 3, 337, 65, -1.1507301330566406
5, 4, 281, 64, -1.185564398765564
5, 5, 266, 64, -1.1854215860366821
5, 6, 250, 65, -1.1859149932861328
5, 7, 346, 78, -0.6637891530990601
5, 8, 219, 80, -0.8172034025192261
5, 9, 321, 133, -1.0291682481765747
5, 10, 277, 135, -1.0714131593704224
5, 11, 409, 260, -0.22560186684131622
5, 12, 133, 288, -0.6393198370933533
5, 13, 424, 444, 0.0870315432548523
5, 14, 65, 482, -0.6065482497215271
5, 15, 451, 632, -0.1674167811870575
5, 16, 99, 666, -0.9681321978569031
5, 17, 475, 677, -0.2284739464521408
5, 18, 100, 723, -1.0746512413024902
5, 19, 470, 679, -0.33725810050964355
5, 20, 124, 712, -1.1556386947631836
5, 21, 450, 664, -0.2276364266872406
5, 22, 130, 690, -1.0064401626586914
5, 23, 373, 686, 0.06644859164953232
5, 24, 187, 695, -0.06325467675924301
5, 25, 363, 1028, 0.14307549595832825
5, 26, 186, 1039, -0.014416443184018135
5, 27, 370, 1327, 0.8211683034896851
5, 28, 202, 1337, 0.434643030166626
5, 29, 368, 1375, 0.8514373898506165
5, 30, 188, 1383, 0.45746713876724243
5, 31, 381, 1413, 0.2825291156768799
5, 32, 261, 1428, -0.2250339686870575
6, 0, 303, 100, -1.1902344226837158
6, 1, 315, 66, -1.127238154411316
6, 2, 326, 66, -1.1273205280303955
6, 3, 336, 66, -1.1274898052215576
6, 4, 280, 66, -1.158205270767212
6, 5, 265, 66, -1.1580626964569092
6, 6, 249, 67, -1.158553123474121
6, 7, 346, 79, -0.6655200719833374
6, 8, 219, 82, -0.7963641881942749
6, 9, 320, 135, -1.00850510597229
6, 10, 277, 137, -1.045653223991394
6, 11, 410, 260, -0.2476491630077362
6, 12, 136, 288, -0.6223600506782532
6, 13, 425, 443, 0.0660051628947258
6, 14, 66, 482, -0.5807760953903198
6, 15, 452, 629, -0.1623608022928238
6, 16, 93, 666, -0.9345289468765259
6, 17, 476, 672, -0.2231188267469406
6, 18, 92, 723, -1.0396106243133545
6, 19, 470, 675, -0.3289750814437866
6, 20, 117, 712, -1.1193028688430786
6, 21, 450, 660, -0.22101664543151855
6, 22, 124, 690, -0.9747273325920105
6, 23, 373, 686, 0.05703173205256462
6, 24, 187, 694, -0.053728897124528885
6, 25, 363, 1028, 0.1141078919172287
6, 26, 185, 1038, -0.018974484875798225
6, 27, 370, 1327, 0.749192476272583
6, 28, 202, 1336, 0.40599361062049866
6, 29, 368, 1375, 0.7775187492370605
6, 30, 188, 1382, 0.4259343147277832
6, 31, 380, 1412, 0.22374364733695984
6, 32, 260, 1426, -0.23721572756767273
7, 0, 303, 103, -1.1814558506011963
7, 1, 315, 68, -1.1217057704925537
7, 2, 325, 68, -1.1218410730361938
7, 3, 336, 68, -1.1220406293869019
7, 4, 280, 68, -1.1502728462219238
7, 5, 265, 69, -1.1501543521881104
7, 6, 249, 69, -1.1506597995758057
7, 7, 345, 81, -0.6710941195487976
7, 8, 219, 84, -0.7920359373092651
7, 9, 320, 137, -1.0036770105361938
7, 10, 278, 139, -1.037822961807251
7, 11, 412, 260, -0.26956042647361755
7, 12, 138, 288, -0.6139892339706421
7, 13, 427, 443, 0.019438395276665688
7, 14, 67, 484, -0.5609531402587891
7, 15, 453, 627, -0.20255784690380096
7, 16, 93, 666, -0.913610577583313
7, 17, 477, 671, -0.26579946279525757
7, 18, 92, 723, -1.0185587406158447
7, 19, 471, 673, -0.36801770329475403
7, 20, 118, 713, -1.0973612070083618
7, 21, 451, 659, -0.2592828571796417
7, 22, 124, 692, -0.9538618922233582
7, 23, 373, 685, 0.04303355887532234
7, 24, 188, 693, -0.039773128926754
7, 25, 363, 1027, 0.10503800213336945
7, 26, 186, 1037, -0.014858707785606384
7, 27, 371, 1326, 0.7398296594619751
7, 28, 203, 1335, 0.40528011322021484
7, 29, 370, 1372, 0.7697004079818726
7, 30, 192, 1379, 0.42647162079811096
7, 31, 380, 1412, 0.22283537685871124
7, 32, 259, 1424, -0.23599696159362793
8, 0, 303, 104, -1.23927903175354
8, 1, 314, 70, -1.1795709133148193
8, 2, 324, 70, -1.179784893989563
8, 3, 334, 70, -1.1800295114517212
8, 4, 280, 71, -1.2053147554397583
8, 5, 265, 71, -1.2052557468414307
8, 6, 249, 72, -1.205822229385376
8, 7, 345, 83, -0.7154501676559448
8, 8, 220, 87, -0.8270670175552368
8, 9, 320, 138, -1.0574311017990112
8, 10, 278, 140, -1.087796688079834
8, 11, 413, 260, -0.30700555443763733
8, 12, 141, 288, -0.609665036201477
8, 13, 427, 443, -0.035769023001194
8, 14, 67, 484, -0.5506007671356201
8, 15, 456, 625, -0.31860634684562683
8, 16, 92, 666, -0.9182937741279602
8, 17, 480, 668, -0.3971415162086487
8, 18, 91, 723, -1.0273241996765137
8, 19, 474, 670, -0.5033699870109558
8, 20, 115, 712, -1.101887822151184
8, 21, 454, 656, -0.378701388835907
8, 22, 122, 691, -0.9580246210098267
8, 23, 374, 684, 0.03275105729699135
8, 24, 190, 692, -0.029485637322068214
8, 25, 366, 1026, 0.08953429013490677
8, 26, 189, 1034, -0.015374347567558289
8, 27, 374, 1325, 0.7368854880332947
8, 28, 207, 1334, 0.4036524295806885
8, 29, 373, 1371, 0.7675296068191528
8, 30, 198, 1379, 0.42517557740211487
8, 31, 380, 1412, 0.211141899228096
8, 32, 259, 1423, -0.24204938113689423
9, 0, 302, 106, -1.2375166416168213
9, 1, 313, 72, -1.1589243412017822
9, 2, 323, 71, -1.1590731143951416
9, 3, 333, 71, -1.15921151638031
9, 4, 279, 73, -1.202447772026062
9, 5, 265, 74, -1.202410340309143
9, 6, 249, 74, -1.2028648853302002
9, 7, 344, 83, -0.6772985458374023
9, 8, 222, 89, -0.8092700839042664
9, 9, 320, 138, -1.0419914722442627
9, 10, 278, 141, -1.075248122215271
9, 11, 415, 260, -0.2679111361503601
9, 12, 146, 288, -0.5789565443992615
9, 13, 428, 445, -0.004188450053334236
9, 14, 69, 484, -0.5126782655715942
9, 15, 461, 627, -0.29225823283195496
9, 16, 80, 669, -0.8904894590377808
9, 17, 486, 668, -0.36973437666893005
9, 18, 72, 724, -1.001063585281372
9, 19, 478, 671, -0.47800570726394653
9, 20, 97, 716, -1.0866544246673584
9, 21, 459, 658, -0.3540059030056
9, 22, 107, 697, -0.9351469874382019
9, 23, 375, 683, 0.03612300381064415
9, 24, 191, 690, -0.03280555456876755
9, 25, 367, 1024, 0.07027653604745865
9, 26, 190, 1030, -0.02931574359536171
9, 27, 376, 1323, 0.7034986019134521
9, 28, 209, 1331, 0.374520480632782
9, 29, 375, 1369, 0.7337846755981445
9, 30, 200, 1376, 0.39577415585517883
9, 31, 380, 1409, 0.18371239304542542
9, 32, 259, 1418, -0.2666059136390686
10, 0, 302, 107, -1.0467569828033447
10, 1, 313, 72, -0.9828109741210938
10, 2, 323, 72, -0.9829574823379517
10, 3, 333, 71, -0.9831641912460327
10, 4, 279, 74, -1.0129770040512085
10, 5, 265, 75, -1.0128211975097656
10, 6, 250, 76, -1.0133756399154663
10, 7, 344, 83, -0.535836398601532
10, 8, 225, 91, -0.6545484066009521
10, 9, 320, 139, -0.8718816041946411
10, 10, 280, 142, -0.9036425352096558
10, 11, 418, 261, -0.13461169600486755
10, 12, 152, 288, -0.5159543752670288
10, 13, 429, 449, 0.10410155355930328
10, 14, 71, 483, -0.4903835356235504
10, 15, 464, 637, -0.1717510223388672
10, 16, 70, 671, -0.8692430257797241
10, 17, 489, 680, -0.23957931995391846
10, 18, 55, 726, -0.9802719950675964
10, 19, 482, 685, -0.3502286672592163
10, 20, 81, 722, -1.0649516582489014
10, 21, 462, 671, -0.23561203479766846
10, 22, 94, 703, -0.9141672253608704
10, 23, 376, 683, 0.05482599884271622
10, 24, 194, 689, -0.05137868598103523
10, 25, 367, 1024, 0.06331454962491989
10, 26, 194, 1029, -0.08616338670253754
10, 27, 376, 1323, 0.6579591035842896
10, 28, 210, 1331, 0.2727527916431427
10, 29, 375, 1369, 0.6836503744125366
10, 30, 200, 1376, 0.2882126271724701
10, 31, 381, 1408, 0.147931307554245
10, 32, 261, 1416, -0.36941733956336975
11, 0, 302, 108, -1.0162309408187866
11, 1, 313, 74, -0.9508244395256042
11, 2, 323, 73, -0.9510751962661743
11, 3, 332, 72, -0.9512495994567871
11, 4, 279, 77, -0.9778845906257629
11, 5, 265, 78, -0.9778008460998535
11, 6, 250, 80, -0.9783975481987
11, 7, 344, 85, -0.49448877573013306
11, 8, 227, 95, -0.6059787273406982
11, 9, 320, 139, -0.839678168296814
11, 10, 281, 143, -0.8703082799911499
11, 11, 421, 264, -0.09527294337749481
11, 12, 158, 288, -0.456790030002594
11, 13, 431, 454, 0.12972882390022278
11, 14, 78, 483, -0.4200063645839691
11, 15, 465, 653, -0.17181895673274994
11, 16, 63, 671, -0.8230807185173035
11, 17, 489, 699, -0.2430533617734909
11, 18, 46, 726, -0.9362327456474304
11, 19, 482, 704, -0.3555799722671509
11, 20, 70, 723, -1.028662919998169
11, 21, 462, 689, -0.23649296164512634
11, 22, 84, 704, -0.872114360332489
11, 23, 377, 683, 0.05502275750041008
11, 24, 196, 688, -0.051580965518951416
11, 25, 367, 1022, -0.013004779815673828
11, 26, 194, 1025, -0.10655812919139862
11, 27, 375, 1322, 0.5495381355285645
11, 28, 209, 1328, 0.2278168946504593
11, 29, 374, 1368, 0.5712885856628418
11, 30, 199, 1375, 0.2392226904630661
11, 31, 378, 1406, 0.014545219019055367
11, 32, 259, 1411, -0.4290730059146881
12, 0, 302, 110, -1.0034480094909668
12, 1, 313, 75, -0.9360992312431335
12, 2, 323, 75, -0.9364854693412781
12, 3, 332, 74, -0.9366546869277954
12, 4, 279, 79, -0.9618407487869263
12, 5, 266, 81, -0.961880087852478
12, 6, 251, 83, -0.9625412821769714
12, 7, 344, 86, -0.4743489623069763
12, 8, 231, 99, -0.5800820589065552
12, 9, 321, 140, -0.8252955675125122
12, 10, 282, 144, -0.8547534942626953
12, 11, 425, 267, -0.06376969814300537
12, 12, 163, 288, -0.42480412125587463
12, 13, 437, 459, 0.16004082560539246
12, 14, 88, 482, -0.37352877855300903
12, 15, 464, 666, -0.16156165301799774
12, 16, 65, 671, -0.791642963886261
12, 17, 476, 713, -0.23505115509033203
12, 18, 48, 726, -0.9093388319015503
12, 19, 481, 711, -0.35130101442337036
12, 20, 71, 723, -1.0043213367462158
12, 21, 462, 694, -0.22750520706176758
12, 22, 85, 704, -0.8423949480056763
12, 23, 379, 683, 0.05620972439646721
12, 24, 199, 687, -0.05280913785099983
12, 25, 369, 1020, -0.03651448339223862
12, 26, 198, 1020, -0.14682437479496002
12, 27, 377, 1319, 0.5190082788467407
12, 28, 213, 1324, 0.18607263267040253
12, 29, 376, 1365, 0.5391046404838562
12, 30, 202, 1371, 0.1965445578098297
12, 31, 378, 1403, -0.027891242876648903
12, 32, 261, 1405, -0.47830843925476074
13, 0, 302, 113, -0.9946607351303101
13, 1, 313, 79, -0.9263347387313843
13, 2, 323, 78, -0.9268409013748169
13, 3, 332, 77, -0.9270912408828735
13, 4, 280, 84, -0.9497159719467163
13, 5, 267, 86, -0.949756920337677
13, 6, 253, 88, -0.9504742622375488
13, 7, 344, 91, -0.46662139892578125
13, 8, 236, 103, -0.5574536323547363
13, 9, 321, 143, -0.8181601762771606
13, 10, 283, 148, -0.8437201380729675
13, 11, 428, 270, -0.06048361212015152
13, 12, 169, 288, -0.3933722972869873
13, 13, 444, 462, 0.16602173447608948
13, 14, 98, 482, -0.33057528734207153
13, 15, 473, 661, -0.15965181589126587
13, 16, 67, 670, -0.7711377143859863
13, 17, 491, 708, -0.23311516642570496
13, 18, 49, 725, -0.8914381861686707
13, 19, 487, 708, -0.350963294506073
13, 20, 71, 723, -0.9908979535102844
13, 21, 468, 692, -0.22611792385578156
13, 22, 85, 704, -0.8246389627456665
13, 23, 385, 682, 0.04512301832437515
13, 24, 204, 685, -0.041761189699172974
13, 25, 375, 1016, -0.09838562458753586
13, 26, 204, 1013, -0.13694891333580017
13, 27, 384, 1316, 0.4690208435058594
13, 28, 219, 1316, 0.20444217324256897
13, 29, 385, 1362, 0.4901534914970398
13, 30, 210, 1364, 0.21628284454345703
13, 31, 380, 1400, -0.09433744847774506
13, 32, 263, 1396, -0.46325406432151794
14, 0, 303, 115, -1.0523370504379272
14, 1, 313, 82, -0.9792612195014954
14, 2, 323, 81, -0.9798988103866577
14, 3, 332, 80, -0.9800756573677063
14, 4, 282, 87, -0.9995962977409363
14, 5, 269, 89, -0.9999220967292786
14, 6, 256, 92, -1.0007201433181763
14, 7, 345, 94, -0.491384357213974
14, 8, 241, 107, -0.5815488696098328
14, 9, 323, 144, -0.8686834573745728
14, 10, 286, 149, -0.8900618553161621
14, 11, 432, 272, -0.07509241998195648
14, 12, 176, 287, -0.42791375517845154
14, 13, 450, 464, 0.15220843255519867
14, 14, 108, 480, -0.35701075196266174
14, 15, 475, 659, -0.2060101479291916
14, 16, 70, 666, -0.8007545471191406
14, 17, 492, 706, -0.2892683148384094
14, 18, 51, 722, -0.9194351434707642
14, 19, 487, 706, -0.4158198833465576
14, 20, 75, 721, -1.0071372985839844
14, 21, 469, 690, -0.27636200189590454
14, 22, 87, 701, -0.8506243824958801
14, 23, 395, 680, 0.03943532705307007
14, 24, 214, 681, -0.036058854311704636
14, 25, 380, 1012, -0.10425575822591782
14, 26, 208, 1003, -0.13584789633750916
14, 27, 387, 1311, 0.47103825211524963
14, 28, 221, 1306, 0.20954036712646484
14, 29, 388, 1356, 0.49159151315689087
14, 30, 213, 1353, 0.22067280113697052
14, 31, 380, 1394, -0.10628864914178848
14, 32, 263, 1387, -0.4682885706424713
15, 0, 304, 117, -1.0555874109268188
15, 1, 314, 85, -0.9815293550491333
15, 2, 324, 84, -0.9820504188537598
15, 3, 333, 83, -0.9822861552238464
15, 4, 283, 90, -1.0070140361785889
15, 5, 271, 92, -1.0071957111358643
15, 6, 259, 94, -1.0079383850097656
15, 7, 347, 97, -0.5051507949829102
15, 8, 246, 109, -0.6006016731262207
15, 9, 324, 145, -0.8694953918457031
15, 10, 288, 150, -0.8977460861206055
15, 11, 436, 275, -0.09033610671758652
15, 12, 182, 287, -0.408450186252594
15, 13, 455, 466, 0.1517137736082077
15, 14, 116, 478, -0.3266217112541199
15, 15, 476, 659, -0.2769112288951874
15, 16, 76, 661, -0.8059197664260864
15, 17, 494, 706, -0.37054872512817383
15, 18, 53, 712, -0.9314855337142944
15, 19, 487, 707, -0.5046803951263428
15, 20, 76, 712, -1.0195178985595703
15, 21, 470, 689, -0.3518419563770294
15, 22, 89, 692, -0.8593279123306274
15, 23, 396, 676, 0.032339610159397125
15, 24, 217, 674, -0.028858397156000137
15, 25, 379, 1005, -0.14683766663074493
15, 26, 207, 995, -0.15689048171043396
15, 27, 387, 1305, 0.39282217621803284
15, 28, 221, 1301, 0.14711318910121918
15, 29, 388, 1350, 0.4089873731136322
15, 30, 212, 1347, 0.15161243081092834
15, 31, 373, 1388, -0.2068723887205124
15, 32, 256, 1383, -0.5524796843528748
16, 0, 306, 122, -1.2445193529129028
16, 1, 316, 92, -1.1679413318634033
16, 2, 326, 91, -1.1683756113052368
16, 3, 335, 90, -1.1684997081756592
16, 4, 286, 96, -1.191222071647644
16, 5, 275, 99, -1.1914366483688354
16, 6, 264, 101, -1.1920998096466064
16, 7, 350, 103, -0.6450908780097961
16, 8, 252, 114, -0.7375649809837341
16, 9, 326, 149, -1.0449564456939697
16, 10, 292, 154, -1.0716209411621094
16, 11, 442, 279, -0.17649443447589874
16, 12, 187, 287, -0.4617781639099121
16, 13, 459, 468, 0.06527382135391235
16, 14, 124, 477, -0.3562307357788086
16, 15, 481, 661, -0.3899753987789154
16, 16, 87, 658, -0.8915061950683594
16, 17, 498, 710, -0.48955684900283813
16, 18, 64, 708, -1.0421959161758423
16, 19, 490, 710, -0.6342443227767944
16, 20, 85, 708, -1.1483083963394165
16, 21, 473, 691, -0.4692705571651459
16, 22, 99, 688, -0.9516159892082214
16, 23, 400, 675, 0.02256971038877964
16, 24, 222, 672, -0.018984565511345863
16, 25, 381, 999, -0.1781042516231537
16, 26, 209, 988, -0.17556408047676086
16, 27, 387, 1299, 0.3828223645687103
16, 28, 222, 1294, 0.13985319435596466
16, 29, 389, 1344, 0.39803755283355713
16, 30, 216, 1339, 0.1437254250049591
16, 31, 372, 1381, -0.260006844997406
16, 32, 255, 1378, -0.5861983299255371
17, 0, 308, 125, -1.3124921321868896
17, 1, 318, 96, -1.2472126483917236
17, 2, 328, 95, -1.2475849390029907
17, 3, 338, 94, -1.2477627992630005
17, 4, 289, 100, -1.2680411338806152
17, 5, 278, 102, -1.268244981765747
17, 6, 268, 104, -1.2688149213790894
17, 7, 352, 107, -0.7538648843765259
17, 8, 255, 117, -0.8369995355606079
17, 9, 329, 152, -1.1212369203567505
17, 10, 295, 157, -1.145113229751587
17, 11, 444, 281, -0.30300724506378174
17, 12, 191, 287, -0.5500962138175964
17, 13, 461, 468, -0.08133840560913086
17, 14, 131, 476, -0.42022213339805603
17, 15, 482, 660, -0.5127378702163696
17, 16, 104, 652, -0.9107983708381653
17, 17, 499, 709, -0.6110069155693054
17, 18, 86, 707, -1.0513876676559448
17, 19, 491, 709, -0.750149130821228
17, 20, 103, 706, -1.152438998222351
17, 21, 474, 691, -0.5881619453430176
17, 22, 117, 685, -0.96692955493927
17, 23, 400, 668, 0.01639660820364952
17, 24, 224, 663, -0.013021293096244335
17, 25, 381, 988, -0.18459488451480865
17, 26, 210, 975, -0.16201439499855042
17, 27, 388, 1288, 0.3366412818431854
17, 28, 223, 1282, 0.13127535581588745
17, 29, 391, 1331, 0.35094404220581055
17, 30, 220, 1326, 0.13349531590938568
17, 31, 371, 1370, -0.281718909740448
17, 32, 252, 1368, -0.5660227537155151
18, 0, 315, 126, -1.3082631826400757
18, 1, 323, 98, -1.2414042949676514
18, 2, 333, 98, -1.2417348623275757
18, 3, 343, 97, -1.2419559955596924
18, 4, 296, 102, -1.2642576694488525
18, 5, 286, 104, -1.2644171714782715
18, 6, 276, 106, -1.2649410963058472
18, 7, 356, 110, -0.7497959733009338
18, 8, 262, 119, -0.8437221646308899
18, 9, 335, 153, -1.1191835403442383
18, 10, 302, 158, -1.1457359790802002
18, 11, 447, 282, -0.3174499273300171
18, 12, 196, 287, -0.5609316825866699
18, 13, 466, 467, -0.0868619903922081
18, 14, 139, 474, -0.4328582286834717
18, 15, 488, 655, -0.504766047000885
18, 16, 119, 645, -0.9041760563850403
18, 17, 504, 704, -0.6012884974479675
18, 18, 107, 702, -1.0395243167877197
18, 19, 495, 704, -0.7393151521682739
18, 20, 122, 699, -1.1375339031219482
18, 21, 480, 685, -0.5797528624534607
18, 22, 134, 679, -0.9581208229064941
18, 23, 405, 662, 0.003618285059928894
18, 24, 231, 657, -0.00040905573405325413
18, 25, 383, 982, -0.21489985287189484
18, 26, 212, 971, -0.15499994158744812
18, 27, 388, 1282, 0.301784485578537
18, 28, 223, 1277, 0.12722785770893097
18, 29, 391, 1324, 0.3166550099849701
18, 30, 220, 1321, 0.12844319641590118
18, 31, 369, 1366, -0.31725114583969116
18, 32, 245, 1364, -0.5671502351760864
19, 0, 320, 128, -1.3570228815078735
19, 1, 328, 102, -1.2878563404083252
19, 2, 338, 102, -1.2881834506988525
19, 3, 348, 102, -1.2883974313735962
19, 4, 302, 105, -1.311444878578186
19, 5, 292, 107, -1.3115931749343872
19, 6, 283, 109, -1.3121172189712524
19, 7, 361, 113, -0.7839492559432983
19, 8, 268, 122, -0.8828228712081909
19, 9, 340, 156, -1.163655161857605
19, 10, 308, 160, -1.1917052268981934
19, 11, 449, 283, -0.34511274099349976
19, 12, 200, 287, -0.5883601903915405
19, 13, 471, 467, -0.1237080842256546
19, 14, 147, 473, -0.4620503783226013
19, 15, 492, 653, -0.565362811088562
19, 16, 127, 643, -0.9429823756217957
19, 17, 509, 703, -0.6670132875442505
19, 18, 115, 699, -1.0833461284637451
19, 19, 500, 703, -0.8081411123275757
19, 20, 131, 697, -1.1819881200790405
19, 21, 485, 684, -0.6423577070236206
19, 22, 143, 677, -0.9972020387649536
19, 23, 407, 657, -0.003734780941158533
19, 24, 234, 653, 0.006974258925765753
19, 25, 386, 980, -0.20934192836284637
19, 26, 215, 969, -0.15270273387432098
19, 27, 389, 1278, 0.3179527819156647
19, 28, 224, 1273, 0.1386943757534027
19, 29, 392, 1320, 0.3333157002925873
19, 30, 222, 1317, 0.14088484644889832
19, 31, 368, 1362, -0.30963730812072754
19, 32, 245, 1359, -0.5610160827636719
20, 0, 326, 134, -1.391360878944397
20, 1, 334, 108, -1.3243635892868042
20, 2, 344, 107, -1.3247085809707642
20, 3, 354, 107, -1.3249030113220215
20, 4, 309, 109, -1.3472473621368408
20, 5, 299, 110, -1.3474549055099487
20, 6, 290, 112, -1.347973108291626
20, 7, 366, 117, -0.8187872767448425
20, 8, 274, 125, -0.9148022532463074
20, 9, 344, 162, -1.1957273483276367
20, 10, 313, 165, -1.2230385541915894
20, 11, 450, 284, -0.3711206316947937
20, 12, 206, 287, -0.601386547088623
20, 13, 474, 466, -0.14256170392036438
20, 14, 154, 470, -0.471940279006958
20, 15, 494, 651, -0.5783538222312927
20, 16, 133, 642, -0.9489051699638367
20, 17, 511, 701, -0.6795247793197632
20, 18, 125, 699, -1.0876373052597046
20, 19, 502, 701, -0.8183695077896118
20, 20, 142, 697, -1.1867430210113525
20, 21, 487, 682, -0.6532516479492188
20, 22, 154, 677, -1.0020898580551147
20, 23, 408, 654, -0.010477632284164429
20, 24, 236, 649, 0.013656288385391235
20, 25, 387, 972, -0.25191977620124817
20, 26, 219, 959, -0.1738528311252594
20, 27, 389, 1269, 0.25287535786628723
20, 28, 225, 1265, 0.07339685410261154
20, 29, 392, 1311, 0.26596158742904663
20, 30, 224, 1309, 0.07285856455564499
20, 31, 367, 1354, -0.3754696249961853
20, 32, 245, 1349, -0.6286141872406006
21, 0, 330, 136, -1.3973689079284668
21, 1, 338, 110, -1.3313868045806885
21, 2, 347, 110, -1.331725001335144
21, 3, 357, 110, -1.3318250179290771
21, 4, 313, 111, -1.352182149887085
21, 5, 304, 112, -1.3523976802825928
21, 6, 295, 114, -1.3528251647949219
21, 7, 368, 119, -0.8295615315437317
21, 8, 279, 127, -0.9136791229248047
21, 9, 347, 164, -1.2029211521148682
21, 10, 316, 167, -1.2273342609405518
21, 11, 451, 284, -0.3950968384742737
21, 12, 211, 287, -0.5965121388435364
21, 13, 479, 464, -0.18075993657112122
21, 14, 159, 467, -0.4733630120754242
21, 15, 495, 641, -0.628212571144104
21, 16, 147, 638, -0.9364510774612427
21, 17, 511, 691, -0.7375004887580872
21, 18, 145, 691, -1.0723140239715576
21, 19, 502, 690, -0.8769624829292297
21, 20, 159, 687, -1.1703351736068726
21, 21, 489, 672, -0.7033897042274475
21, 22, 168, 666, -0.9890800714492798
21, 23, 410, 642, -0.010663975961506367
21, 24, 246, 639, 0.013582294806838036
21, 25, 387, 946, -0.22954826056957245
21, 26, 225, 935, -0.06964744627475739
21, 27, 391, 1241, 0.2738247513771057
21, 28, 232, 1236, 0.16641587018966675
21, 29, 393, 1282, 0.28874415159225464
21, 30, 233, 1279, 0.16170181334018707
21, 31, 368, 1321, -0.3397386074066162
21, 32, 245, 1317, -0.48974233865737915
22, 0, 335, 138, -1.4192088842391968
22, 1, 344, 112, -1.352949857711792
22, 2, 354, 112, -1.353276014328003
22, 3, 362, 113, -1.353377342224121
22, 4, 319, 113, -1.3750576972961426
22, 5, 310, 114, -1.37526535987854
22, 6, 301, 116, -1.3756587505340576
22, 7, 373, 123, -0.8512828946113586
22, 8, 284, 129, -0.9404691457748413
22, 9, 351, 167, -1.225421667098999
22, 10, 322, 169, -1.251469612121582
22, 11, 452, 285, -0.42825227975845337
22, 12, 215, 287, -0.6209787726402283
22, 13, 481, 463, -0.2316257655620575
22, 14, 164, 463, -0.49195075035095215
22, 15, 499, 633, -0.685431182384491
22, 16, 150, 635, -0.9379769563674927
22, 17, 513, 682, -0.7981113195419312
22, 18, 149, 687, -1.072006344795227
22, 19, 504, 682, -0.9326031804084778
22, 20, 162, 684, -1.1713618040084839
22, 21, 491, 664, -0.759689211845398
22, 22, 172, 663, -0.990986168384552
22, 23, 413, 634, -0.012824952602386475
22, 24, 251, 633, 0.015674065798521042
22, 25, 390, 944, -0.22285637259483337
22, 26, 230, 936, -0.04228201508522034
22, 27, 394, 1239, 0.2815330922603607
22, 28, 240, 1236, 0.20520079135894775
22, 29, 396, 1279, 0.2968451678752899
22, 30, 241, 1278, 0.20234549045562744
22, 31, 371, 1318, -0.3369515538215637
22, 32, 251, 1316, -0.4597913324832916
23, 0, 339, 141, -1.4403434991836548
23, 1, 347, 115, -1.3737581968307495
23, 2, 357, 115, -1.3740097284317017
23, 3, 366, 115, -1.3740955591201782
23, 4, 322, 116, -1.397641658782959
23, 5, 313, 117, -1.3977715969085693
23, 6, 304, 119, -1.3981353044509888
23, 7, 376, 125, -0.8718353509902954
23, 8, 288, 131, -0.9702297449111938
23, 9, 354, 169, -1.247760534286499
23, 10, 324, 171, -1.2761974334716797
23, 11, 453, 286, -0.4518536925315857
23, 12, 219, 286, -0.6569355726242065
23, 13, 481, 457, -0.25339800119400024
23, 14, 171, 459, -0.5190831422805786
23, 15, 500, 629, -0.7077130079269409
23, 16, 158, 632, -0.9417128562927246
23, 17, 514, 677, -0.8193827867507935
23, 18, 152, 685, -1.073246717453003
23, 19, 505, 678, -0.956436038017273
23, 20, 165, 683, -1.17323899269104
23, 21, 493, 660, -0.7831944227218628
23, 22, 176, 662, -0.9948366284370422
23, 23, 417, 625, -0.010327285155653954
23, 24, 256, 627, 0.013211767189204693
23, 25, 397, 941, -0.20967242121696472
23, 26, 239, 938, -0.04186764732003212
23, 27, 400, 1235, 0.29876407980918884
23, 28, 248, 1236, 0.21218426525592804
23, 29, 402, 1274, 0.31438812613487244
23, 30, 248, 1277, 0.21067674458026886
23, 31, 378, 1315, -0.321472704410553
23, 32, 257, 1314, -0.4620380401611328
24, 0, 342, 143, -1.4014016389846802
24, 1, 352, 118, -1.3353731632232666
24, 2, 362, 118, -1.3356457948684692
24, 3, 370, 119, -1.3358047008514404
24, 4, 327, 118, -1.3584835529327393
24, 5, 317, 119, -1.358618974685669
24, 6, 308, 121, -1.3590387105941772
24, 7, 380, 129, -0.8426696062088013
24, 8, 291, 132, -0.9389373660087585
24, 9, 356, 171, -1.2125027179718018
24, 10, 327, 173, -1.2400658130645752
24, 11, 454, 286, -0.44105497002601624
24, 12, 221, 286, -0.6359551548957825
24, 13, 481, 457, -0.26082155108451843
24, 14, 177, 457, -0.5066474676132202
24, 15, 502, 626, -0.7155616879463196
24, 16, 159, 629, -0.9373219609260559
24, 17, 517, 674, -0.8330544233322144
24, 18, 151, 682, -1.0690597295761108
24, 19, 506, 674, -0.961436927318573
24, 20, 165, 681, -1.1713416576385498
24, 21, 493, 657, -0.7880152463912964
24, 22, 176, 661, -0.990973949432373
24, 23, 418, 627, -0.013527152128517628
24, 24, 257, 628, 0.016288291662931442
24, 25, 398, 945, -0.20089539885520935
24, 26, 238, 940, -0.0510786697268486
24, 27, 401, 1238, 0.3046630024909973
24, 28, 247, 1238, 0.21305198967456818
24, 29, 403, 1278, 0.3196941018104553
24, 30, 247, 1278, 0.21375985443592072
24, 31, 378, 1319, -0.32008641958236694
24, 32, 258, 1317, -0.46169155836105347
25, 0, 344, 147, -1.4015780687332153
25, 1, 354, 123, -1.3374297618865967
25, 2, 365, 124, -1.3377511501312256
25, 3, 373, 124, -1.3378870487213135
25, 4, 329, 123, -1.35701322555542
25, 5, 319, 123, -1.357187271118164
25, 6, 310, 124, -1.3576608896255493
25, 7, 383, 133, -0.8504297137260437
25, 8, 294, 133, -0.9320729970932007
25, 9, 357, 175, -1.2146790027618408
25, 10, 328, 176, -1.2380824089050293
25, 11, 454, 287, -0.4701727330684662
25, 12, 223, 286, -0.6288096904754639
25, 13, 482, 456, -0.32699012756347656
25, 14, 184, 456, -0.4622628688812256
25, 15, 501, 613, -0.8342494964599609
25, 16, 167, 622, -0.9033581018447876
25, 17, 516, 661, -0.9707497358322144
25, 18, 161, 673, -1.0373868942260742
25, 19, 505, 658, -1.0935392379760742
25, 20, 171, 670, -1.1542766094207764
25, 21, 493, 641, -0.904924750328064
25, 22, 182, 651, -0.9636446833610535
25, 23, 421, 626, -0.019153060391545296
25, 24, 262, 628, 0.02171555906534195
25, 25, 403, 940, -0.19680707156658173
25, 26, 242, 935, -0.0444645956158638
25, 27, 406, 1229, 0.3161483108997345
25, 28, 250, 1229, 0.22607500851154327
25, 29, 408, 1270, 0.331905335187912
25, 30, 251, 1269, 0.22823286056518555
25, 31, 383, 1308, -0.3015197515487671
25, 32, 264, 1307, -0.4397357106208801
26, 0, 345, 149, -1.4100340604782104
26, 1, 356, 125, -1.3466421365737915
26, 2, 366, 125, -1.3469436168670654
26, 3, 375, 126, -1.3470855951309204
26, 4, 331, 124, -1.365536093711853
26, 5, 321, 124, -1.3656939268112183
26, 6, 312, 125, -1.3661714792251587
26, 7, 385, 134, -0.8559954762458801
26, 8, 296, 134, -0.933619499206543
26, 9, 358, 176, -1.22184419631958
26, 10, 329, 177, -1.2439422607421875
26, 11, 455, 287, -0.4688240587711334
26, 12, 227, 285, -0.6270439028739929
26, 13, 483, 455, -0.3004990220069885
26, 14, 190, 455, -0.42947492003440857
26, 15, 501, 613, -0.7785269618034363
26, 16, 175, 617, -0.8733528256416321
26, 17, 515, 661, -0.9062846302986145
26, 18, 165, 667, -1.0059047937393188
26, 19, 502, 659, -1.0317027568817139
26, 20, 175, 664, -1.1291348934173584
26, 21, 491, 641, -0.8491231203079224
26, 22, 186, 646, -0.9364210367202759
26, 23, 424, 624, -0.022963235154747963
26, 24, 264, 626, 0.025478601455688477
26, 25, 408, 938, -0.19314706325531006
26, 26, 246, 932, -0.04675619676709175
26, 27, 408, 1228, 0.32307031750679016
26, 28, 252, 1224, 0.22159342467784882
26, 29, 410, 1268, 0.33891454339027405
26, 30, 253, 1265, 0.22420454025268555
26, 31, 386, 1307, -0.2970851957798004
26, 32, 266, 1302, -0.4418037533760071
27, 0, 347, 149, -1.4109879732131958
27, 1, 358, 125, -1.348975419998169
27, 2, 368, 125, -1.349227786064148
27, 3, 376, 126, -1.3493444919586182
27, 4, 333, 124, -1.3685486316680908
27, 5, 323, 124, -1.3686416149139404
27, 6, 314, 125, -1.3690496683120728
27, 7, 387, 134, -0.8653748631477356
27, 8, 298, 134, -0.9458864331245422
27, 9, 359, 176, -1.2247315645217896
27, 10, 330, 177, -1.2478067874908447
27, 11, 456, 286, -0.476914644241333
27, 12, 230, 284, -0.6186280846595764
27, 13, 484, 452, -0.30610334873199463
27, 14, 197, 451, -0.43450284004211426
27, 15, 500, 609, -0.7615403532981873
27, 16, 179, 612, -0.8678749799728394
27, 17, 515, 657, -0.8818588256835938
27, 18, 166, 660, -0.9954379200935364
27, 19, 502, 655, -1.006368637084961
27, 20, 175, 658, -1.1129343509674072
27, 21, 491, 638, -0.8316799402236938
27, 22, 186, 640, -0.9291566014289856
27, 23, 427, 613, -0.02167864330112934
27, 24, 270, 616, 0.024258529767394066
27, 25, 411, 925, -0.20333798229694366
27, 26, 251, 921, -0.05352802202105522
27, 27, 413, 1214, 0.2884053885936737
27, 28, 257, 1212, 0.20042924582958221
27, 29, 415, 1253, 0.3025643825531006
27, 30, 258, 1252, 0.2000601589679718
27, 31, 392, 1291, -0.3293490409851074
27, 32, 271, 1288, -0.46090584993362427
28, 0, 348, 148, -1.3811039924621582
28, 1, 360, 124, -1.3132507801055908
28, 2, 370, 125, -1.3135426044464111
28, 3, 378, 125, -1.3136303424835205
28, 4, 335, 123, -1.3332237005233765
28, 5, 325, 123, -1.3332972526550293
28, 6, 316, 124, -1.3337082862854004
28, 7, 388, 134, -0.8226659893989563
28, 8, 300, 133, -0.9064834713935852
28, 9, 360, 175, -1.195861577987671
28, 10, 331, 176, -1.2196046113967896
28, 11, 456, 286, -0.4667103886604309
28, 12, 232, 283, -0.5611167550086975
28, 13, 485, 446, -0.27944645285606384
28, 14, 202, 446, -0.3792763352394104
28, 15, 503, 598, -0.726569652557373
28, 16, 186, 607, -0.802496612071991
28, 17, 516, 644, -0.8460351228713989
28, 18, 174, 655, -0.9279634356498718
28, 19, 505, 643, -0.9717932939529419
28, 20, 182, 653, -1.043867826461792
28, 21, 494, 626, -0.7976702451705933
28, 22, 193, 635, -0.8627068400382996
28, 23, 428, 609, -0.02200513891875744
28, 24, 272, 613, 0.024619150906801224
28, 25, 413, 918, -0.20613214373588562
28, 26, 255, 913, -0.0661214217543602
28, 27, 415, 1203, 0.2883042097091675
28, 28, 261, 1202, 0.18536248803138733
28, 29, 417, 1242, 0.30230221152305603
28, 30, 262, 1241, 0.18556562066078186
28, 31, 395, 1280, -0.3295227885246277
28, 32, 276, 1277, -0.4836215376853943
29, 0, 350, 148, -1.341594934463501
29, 1, 362, 125, -1.277327537536621
29, 2, 372, 126, -1.2775905132293701
29, 3, 380, 127, -1.2776559591293335
29, 4, 338, 124, -1.2972819805145264
29, 5, 327, 123, -1.2974330186843872
29, 6, 319, 124, -1.297852873802185
29, 7, 390, 135, -0.8079752922058105
29, 8, 303, 133, -0.8917248845100403
29, 9, 362, 175, -1.1631156206130981
29, 10, 333, 176, -1.1874104738235474
29, 11, 456, 285, -0.45803993940353394
29, 12, 233, 282, -0.5590004324913025
29, 13, 485, 446, -0.25693532824516296
29, 14, 204, 446, -0.38918957114219666
29, 15, 503, 601, -0.6234342455863953
29, 16, 188, 602, -0.7877688407897949
29, 17, 517, 648, -0.7242326736450195
29, 18, 176, 650, -0.9064332842826843
29, 19, 505, 647, -0.8424416780471802
29, 20, 184, 648, -1.0127934217453003
29, 21, 495, 630, -0.6893273591995239
29, 22, 194, 630, -0.8433839082717896
29, 23, 427, 610, -0.022013161331415176
29, 24, 271, 612, 0.024565445259213448
29, 25, 412, 912, -0.22210602462291718
29, 26, 254, 905, -0.07683806121349335
29, 27, 416, 1193, 0.25600630044937134
29, 28, 263, 1189, 0.1559402346611023
29, 29, 418, 1233, 0.2698672413825989
29, 30, 263, 1230, 0.15571092069149017
29, 31, 398, 1268, -0.3395113945007324
29, 32, 278, 1263, -0.48893052339553833
30, 0, 352, 148, -1.3378312587738037
30, 1, 364, 126, -1.2742613554000854
30, 2, 374, 126, -1.2745141983032227
30, 3, 381, 127, -1.274613618850708
30, 4, 340, 124, -1.2945940494537354
30, 5, 329, 124, -1.2947713136672974
30, 6, 321, 124, -1.295211911201477
30, 7, 390, 136, -0.807641863822937
30, 8, 305, 133, -0.8916072845458984
30, 9, 363, 175, -1.1599072217941284
30, 10, 334, 176, -1.1845340728759766
30, 11, 456, 285, -0.4440341889858246
30, 12, 233, 282, -0.5615679621696472
30, 13, 486, 445, -0.24923734366893768
30, 14, 204, 447, -0.39451128244400024
30, 15, 504, 603, -0.6168346405029297
30, 16, 187, 601, -0.7920941710472107
30, 17, 519, 650, -0.7182372212409973
30, 18, 174, 650, -0.910517692565918
30, 19, 507, 650, -0.8357964754104614
30, 20, 184, 649, -1.0189340114593506
30, 21, 496, 633, -0.6826964616775513
30, 22, 195, 632, -0.8482875823974609
30, 23, 428, 611, -0.025863876566290855
30, 24, 272, 613, 0.028310278430581093
30, 25, 413, 915, -0.24975767731666565
30, 26, 256, 908, -0.10816989839076996
30, 27, 420, 1196, 0.2228577882051468
30, 28, 267, 1193, 0.11305336654186249
30, 29, 421, 1237, 0.2355862557888031
30, 30, 268, 1234, 0.11208488047122955
30, 31, 402, 1272, -0.3768591582775116
30, 32, 283, 1268, -0.5372011661529541
31, 0, 353, 149, -1.367573857307434
31, 1, 365, 126, -1.3077400922775269
31, 2, 375, 127, -1.3079627752304077
31, 3, 382, 128, -1.3081188201904297
31, 4, 341, 124, -1.3266401290893555
31, 5, 330, 124, -1.326853632926941
31, 6, 322, 125, -1.327307939529419
31, 7, 391, 136, -0.8435546159744263
31, 8, 305, 133, -0.9223108291625977
31, 9, 364, 175, -1.1889714002609253
31, 10, 335, 176, -1.2117831707000732
31, 11, 457, 284, -0.4676964282989502
31, 12, 234, 281, -0.5754483938217163
31, 13, 485, 445, -0.27106741070747375
31, 14, 203, 448, -0.3970404267311096
31, 15, 503, 602, -0.6550456285476685
31, 16, 187, 599, -0.8067766427993774
31, 17, 516, 648, -0.7578029632568359
31, 18, 175, 650, -0.9256933927536011
31, 19, 505, 649, -0.8675963282585144
31, 20, 183, 648, -1.0362889766693115
31, 21, 494, 631, -0.7178606390953064
31, 22, 194, 631, -0.8636838793754578
31, 23, 427, 610, -0.03027600422501564
31, 24, 272, 611, 0.03267083317041397
31, 25, 413, 910, -0.2683532238006592
31, 26, 255, 902, -0.10822351276874542
31, 27, 419, 1190, 0.19382497668266296
31, 28, 267, 1187, 0.11259734630584717
31, 29, 421, 1230, 0.20573727786540985
31, 30, 268, 1229, 0.11122550070285797
31, 31, 400, 1266, -0.40665704011917114
31, 32, 280, 1261, -0.5393764972686768
32, 0, 353, 149, -1.3946492671966553
32, 1, 365, 127, -1.3359994888305664
32, 2, 375, 127, -1.336238145828247
32, 3, 383, 128, -1.3363792896270752
32, 4, 341, 125, -1.354174256324768
32, 5, 331, 125, -1.3544236421585083
32, 6, 322, 125, -1.3549166917800903
32, 7, 391, 136, -0.8696614503860474
32, 8, 306, 134, -0.9458320736885071
32, 9, 364, 175, -1.2143759727478027
32, 10, 336, 175, -1.2361512184143066
32, 11, 458, 284, -0.49176907539367676
32, 12, 234, 280, -0.5845986604690552
32, 13, 485, 443, -0.3108696937561035
32, 14, 204, 448, -0.4018324315547943
32, 15, 498, 583, -0.7478570938110352
32, 16, 192, 596, -0.8126987218856812
32, 17, 508, 627, -0.8652220964431763
32, 18, 181, 648, -0.9316806793212891
32, 19, 498, 624, -0.9765011668205261
32, 20, 187, 645, -1.0445692539215088
32, 21, 489, 607, -0.8115648031234741
32, 22, 197, 628, -0.8704195022583008
32, 23, 427, 608, -0.033282920718193054
32, 24, 272, 608, 0.03566112369298935
32, 25, 412, 901, -0.2759276330471039
32, 26, 254, 893, -0.11378218978643417
32, 27, 417, 1179, 0.18558703362941742
32, 28, 264, 1178, 0.10727741569280624
32, 29, 419, 1218, 0.19742031395435333
32, 30, 265, 1219, 0.1059059351682663
32, 31, 397, 1255, -0.4141817092895508
32, 32, 277, 1252, -0.5428605079650879
33, 0, 354, 149, -1.3473397493362427
33, 1, 365, 126, -1.2904064655303955
33, 2, 375, 127, -1.2906135320663452
33, 3, 383, 128, -1.2907378673553467
33, 4, 341, 125, -1.306533694267273
33, 5, 331, 125, -1.3067500591278076
33, 6, 322, 126, -1.3072216510772705
33, 7, 391, 136, -0.8469505310058594
33, 8, 306, 134, -0.910027027130127
33, 9, 365, 175, -1.1745587587356567
33, 10, 336, 175, -1.1935487985610962
33, 11, 458, 283, -0.4758478105068207
33, 12, 236, 280, -0.5655403137207031
33, 13, 485, 441, -0.292647123336792
33, 14, 205, 447, -0.3923094868659973
33, 15, 494, 585, -0.7236019968986511
33, 16, 191, 593, -0.7844810485839844
33, 17, 503, 630, -0.8382590413093567
33, 18, 180, 647, -0.8986477851867676
33, 19, 493, 628, -0.9567200541496277
33, 20, 186, 644, -1.009520411491394
33, 21, 484, 611, -0.7897996306419373
33, 22, 197, 626, -0.8414799571037292
33, 23, 427, 606, -0.035151004791259766
33, 24, 273, 607, 0.037495505064725876
33, 25, 411, 897, -0.2904045879840851
33, 26, 253, 890, -0.11187710613012314
33, 27, 416, 1175, 0.15702089667320251
33, 28, 264, 1174, 0.0976472944021225
33, 29, 418, 1214, 0.16846907138824463
33, 30, 265, 1215, 0.09468895941972733
33, 31, 395, 1249, -0.43289607763290405
33, 32, 275, 1247, -0.5432643890380859
34, 0, 354, 149, -1.3473386764526367
34, 1, 365, 126, -1.2904040813446045
34, 2, 375, 127, -1.2906091213226318
34, 3, 383, 128, -1.290729284286499
34, 4, 341, 125, -1.3054563999176025
34, 5, 331, 125, -1.305675983428955
34, 6, 322, 126, -1.3061531782150269
34, 7, 392, 136, -0.8447638750076294
34, 8, 307, 134, -0.9053991436958313
34, 9, 365, 175, -1.1745105981826782
34, 10, 337, 175, -1.1922436952590942
34, 11, 458, 283, -0.477105051279068
34, 12, 237, 279, -0.5613059997558594
34, 13, 485, 440, -0.3008381426334381
34, 14, 204, 447, -0.38708651065826416
34, 15, 494, 588, -0.7244098782539368
34, 16, 190, 594, -0.7767778038978577
34, 17, 504, 633, -0.8361344337463379
34, 18, 178, 648, -0.8900326490402222
34, 19, 493, 631, -0.9514923095703125
34, 20, 185, 645, -1.0039989948272705
34, 21, 484, 615, -0.789256751537323
34, 22, 196, 627, -0.8347722291946411
34, 23, 426, 606, -0.04004070907831192
34, 24, 273, 607, 0.04229507967829704
34, 25, 408, 895, -0.29646801948547363
34, 26, 253, 889, -0.10300777852535248
34, 27, 414, 1173, 0.15883320569992065
34, 28, 263, 1173, 0.10819101333618164
34, 29, 416, 1212, 0.17096875607967377
34, 30, 264, 1214, 0.1064566820859909
34, 31, 393, 1247, -0.4330567717552185
34, 32, 273, 1244, -0.5369585752487183
35, 0, 354, 149, -1.3491110801696777
35, 1, 365, 126, -1.293292760848999
35, 2, 375, 127, -1.2934859991073608
35, 3, 383, 127, -1.2935945987701416
35, 4, 341, 125, -1.3057293891906738
35, 5, 331, 125, -1.305970549583435
35, 6, 322, 126, -1.306452989578247
35, 7, 392, 136, -0.8497272729873657
35, 8, 307, 134, -0.9051302671432495
35, 9, 366, 174, -1.1787700653076172
35, 10, 337, 175, -1.193416714668274
35, 11, 458, 283, -0.4905567765235901
35, 12, 238, 279, -0.5594947338104248
35, 13, 485, 439, -0.3204522728919983
35, 14, 204, 446, -0.38452276587486267
35, 15, 494, 590, -0.7305365800857544
35, 16, 189, 594, -0.7705653309822083
35, 17, 504, 636, -0.8388952016830444
35, 18, 176, 648, -0.8820639848709106
35, 19, 494, 633, -0.9520769119262695
35, 20, 181, 645, -0.9983021020889282
35, 21, 485, 616, -0.7941704392433167
35, 22, 193, 627, -0.8297744989395142
35, 23, 426, 606, -0.04627153277397156
35, 24, 273, 607, 0.048440124839544296
35, 25, 407, 892, -0.3062651753425598
35, 26, 252, 886, -0.09397268295288086
35, 27, 414, 1169, 0.15443691611289978
35, 28, 262, 1169, 0.11006949841976166
35, 29, 416, 1209, 0.16658151149749756
35, 30, 263, 1210, 0.10732265561819077
35, 31, 393, 1241, -0.4390346109867096
35, 32, 273, 1238, -0.5166082382202148
36, 0, 354, 149, -1.340172529220581
36, 1, 365, 126, -1.2836873531341553
36, 2, 375, 127, -1.2838928699493408
36, 3, 383, 127, -1.2839887142181396
36, 4, 341, 125, -1.2968153953552246
36, 5, 332, 125, -1.2970225811004639
36, 6, 322, 126, -1.2974598407745361
36, 7, 392, 136, -0.8433334231376648
36, 8, 308, 134, -0.8945255279541016
36, 9, 366, 174, -1.1697912216186523
36, 10, 337, 175, -1.1848207712173462
36, 11, 458, 282, -0.48425984382629395
36, 12, 241, 279, -0.5577071905136108
36, 13, 485, 439, -0.3090043067932129
36, 14, 205, 445, -0.3864782154560089
36, 15, 493, 591, -0.7163530588150024
36, 16, 189, 592, -0.7718634009361267
36, 17, 503, 637, -0.8193416595458984
36, 18, 175, 645, -0.8838561773300171
36, 19, 493, 635, -0.9325154423713684
36, 20, 179, 643, -0.9972481727600098
36, 21, 484, 618, -0.7789906859397888
36, 22, 191, 625, -0.8302220106124878
36, 23, 425, 601, -0.04588524252176285
36, 24, 274, 603, 0.048140645027160645
36, 25, 407, 890, -0.30139726400375366
36, 26, 254, 884, -0.08793960511684418
36, 27, 414, 1165, 0.1719408929347992
36, 28, 262, 1164, 0.1224052682518959
36, 29, 416, 1204, 0.18434196710586548
36, 30, 263, 1204, 0.12019097805023193
36, 31, 394, 1236, -0.42450299859046936
36, 32, 274, 1233, -0.5002079010009766
37, 0, 355, 149, -1.3406314849853516
37, 1, 366, 126, -1.283963680267334
37, 2, 375, 127, -1.2841770648956299
37, 3, 383, 127, -1.2842785120010376
37, 4, 341, 125, -1.2975881099700928
37, 5, 332, 125, -1.2977721691131592
37, 6, 323, 126, -1.298218011856079
37, 7, 393, 136, -0.8420203328132629
37, 8, 309, 134, -0.8967129588127136
37, 9, 366, 174, -1.1709070205688477
37, 10, 338, 175, -1.18625009059906
37, 11, 458, 282, -0.47870364785194397
37, 12, 242, 279, -0.5633926391601562
37, 13, 485, 439, -0.304775595664978
37, 14, 204, 445, -0.40136757493019104
37, 15, 493, 592, -0.6907438039779663
37, 16, 186, 590, -0.7746046781539917
37, 17, 503, 638, -0.7904322147369385
37, 18, 174, 644, -0.8878037333488464
37, 19, 494, 636, -0.905491828918457
37, 20, 179, 642, -1.0039012432098389
37, 21, 485, 619, -0.7537480592727661
37, 22, 191, 624, -0.8318446278572083
37, 23, 425, 600, -0.0451747328042984
37, 24, 275, 602, 0.047554321587085724
37, 25, 407, 884, -0.29665786027908325
37, 26, 254, 877, -0.076062873005867
37, 27, 413, 1157, 0.17338038980960846
37, 28, 262, 1155, 0.1537524163722992
37, 29, 416, 1196, 0.18579867482185364
37, 30, 262, 1195, 0.1533115953207016
37, 31, 395, 1227, -0.3987447917461395
37, 32, 274, 1223, -0.4605062007904053
38, 0, 355, 149, -1.3392574787139893
38, 1, 366, 127, -1.2820534706115723
38, 2, 375, 127, -1.2822672128677368
38, 3, 383, 128, -1.2824063301086426
38, 4, 342, 126, -1.2961781024932861
38, 5, 333, 126, -1.2963671684265137
38, 6, 324, 127, -1.296783685684204
38, 7, 393, 136, -0.8410600423812866
38, 8, 310, 135, -0.8958308100700378
38, 9, 367, 174, -1.1683038473129272
38, 10, 339, 175, -1.184622049331665
38, 11, 458, 282, -0.4754164218902588
38, 12, 244, 279, -0.5597147941589355
38, 13, 485, 439, -0.3006908595561981
38, 14, 204, 442, -0.40089622139930725
38, 15, 492, 592, -0.6651447415351868
38, 16, 185, 583, -0.77903813123703
38, 17, 503, 639, -0.7627639770507812
38, 18, 172, 632, -0.8926154971122742
38, 19, 494, 636, -0.8798637390136719
38, 20, 177, 631, -1.0045186281204224
38, 21, 484, 619, -0.7280864715576172
38, 22, 188, 614, -0.8358725309371948
38, 23, 425, 599, -0.04427916184067726
38, 24, 276, 599, 0.04669802263379097
38, 25, 404, 875, -0.2890878915786743
38, 26, 254, 865, -0.07709414511919022
38, 27, 413, 1146, 0.17957091331481934
38, 28, 262, 1141, 0.15022045373916626
38, 29, 415, 1185, 0.19257892668247223
38, 30, 262, 1182, 0.14896124601364136
38, 31, 395, 1214, -0.39538395404815674
38, 32, 274, 1210, -0.46647557616233826
39, 0, 356, 149, -1.3395628929138184
39, 1, 367, 127, -1.2825758457183838
39, 2, 375, 127, -1.2827807664871216
39, 3, 384, 128, -1.282928228378296
39, 4, 343, 126, -1.2964885234832764
39, 5, 334, 126, -1.2966651916503906
39, 6, 325, 127, -1.2971094846725464
39, 7, 393, 137, -0.8402329683303833
39, 8, 311, 135, -0.8958813548088074
39, 9, 368, 174, -1.1685656309127808
39, 10, 340, 175, -1.1849632263183594
39, 11, 459, 282, -0.47327208518981934
39, 12, 244, 278, -0.5604836344718933
39, 13, 485, 441, -0.2991904616355896
39, 14, 204, 442, -0.4090522825717926
39, 15, 492, 595, -0.6634696125984192
39, 16, 182, 583, -0.7886329889297485
39, 17, 503, 641, -0.7638508081436157
39, 18, 171, 633, -0.9010472297668457
39, 19, 494, 640, -0.8822778463363647
39, 20, 177, 632, -1.011214017868042
39, 21, 484, 624, -0.7271199822425842
39, 22, 188, 615, -0.844222903251648
39, 23, 424, 598, -0.044040925800800323
39, 24, 276, 599, 0.04656180366873741
39, 25, 401, 875, -0.28473201394081116
39, 26, 254, 865, -0.0652625635266304
39, 27, 407, 1145, 0.1832774430513382
39, 28, 259, 1141, 0.1595168262720108
39, 29, 408, 1184, 0.19674666225910187
39, 30, 259, 1182, 0.15818703174591064
39, 31, 389, 1214, -0.389599472284317
39, 32, 270, 1206, -0.4478610157966614
40, 0, 356, 149, -1.3373606204986572
40, 1, 367, 127, -1.2806719541549683
40, 2, 376, 128, -1.2808668613433838
40, 3, 384, 129, -1.281020998954773
40, 4, 343, 126, -1.2943536043167114
40, 5, 334, 126, -1.2945358753204346
40, 6, 326, 127, -1.2949469089508057
40, 7, 393, 137, -0.8388180732727051
40, 8, 312, 135, -0.8925164937973022
40, 9, 368, 174, -1.165780782699585
40, 10, 340, 175, -1.181868076324463
40, 11, 459, 282, -0.4707428514957428
40, 12, 244, 278, -0.5594509840011597
40, 13, 485, 442, -0.2850635051727295
40, 14, 203, 441, -0.4048224091529846
40, 15, 492, 596, -0.6543127298355103
40, 16, 181, 579, -0.7844708561897278
40, 17, 503, 641, -0.755483865737915
40, 18, 171, 629, -0.8974953889846802
40, 19, 494, 641, -0.8743388056755066
40, 20, 176, 628, -1.0064424276351929
40, 21, 484, 624, -0.7182468175888062
40, 22, 187, 611, -0.8399602770805359
40, 23, 421, 598, -0.04335274547338486
40, 24, 275, 597, 0.04577946290373802
40, 25, 396, 875, -0.282011479139328
40, 26, 251, 864, -0.07126287370920181
40, 27, 400, 1144, 0.18409426510334015
40, 28, 252, 1141, 0.14600089192390442
40, 29, 401, 1183, 0.1977391242980957
40, 30, 252, 1182, 0.14422957599163055
40, 31, 381, 1214, -0.38931015133857727
40, 32, 263, 1208, -0.45556706190109253
41, 0, 357, 149, -1.2922544479370117
41, 1, 367, 127, -1.233264446258545
41, 2, 376, 128, -1.2334544658660889
41, 3, 385, 129, -1.2335940599441528
41, 4, 344, 126, -1.2473129034042358
41, 5, 335, 126, -1.2474863529205322
41, 6, 326, 127, -1.2478440999984741
41, 7, 393, 138, -0.7881273031234741
41, 8, 312, 136, -0.8456361889839172
41, 9, 369, 174, -1.1207611560821533
41, 10, 340, 174, -1.1375906467437744
41, 11, 459, 282, -0.42627817392349243
41, 12, 244, 278, -0.526802122592926
41, 13, 485, 442, -0.23498483002185822
41, 14, 203, 440, -0.3775281310081482
41, 15, 491, 596, -0.6176521182060242
41, 16, 182, 573, -0.7650953531265259
41, 17, 502, 641, -0.7225319743156433
41, 18, 175, 623, -0.8811461329460144
41, 19, 493, 641, -0.8410121202468872
41, 20, 183, 621, -0.9846004247665405
41, 21, 483, 624, -0.681755006313324
41, 22, 192, 604, -0.8182709813117981
41, 23, 420, 596, -0.04226966202259064
41, 24, 275, 595, 0.044630855321884155
41, 25, 395, 873, -0.270150363445282
41, 26, 251, 863, -0.0719212219119072
41, 27, 399, 1142, 0.19085578620433807
41, 28, 252, 1137, 0.14581134915351868
41, 29, 400, 1180, 0.20528201758861542
41, 30, 251, 1178, 0.14413712918758392
41, 31, 379, 1211, -0.3711860477924347
41, 32, 262, 1203, -0.4609164297580719
42, 0, 357, 149, -1.2892862558364868
42, 1, 368, 127, -1.230695128440857
42, 2, 376, 128, -1.23089599609375
42, 3, 385, 129, -1.2310292720794678
42, 4, 344, 126, -1.2446801662445068
42, 5, 335, 126, -1.2448670864105225
42, 6, 326, 127, -1.245210886001587
42, 7, 394, 138, -0.7845827341079712
42, 8, 312, 136, -0.8414827585220337
42, 9, 369, 174, -1.1171526908874512
42, 10, 341, 174, -1.1338598728179932
42, 11, 459, 282, -0.4234777092933655
42, 12, 245, 278, -0.5255503058433533
42, 13, 485, 442, -0.23607710003852844
42, 14, 202, 439, -0.3807138204574585
42, 15, 491, 595, -0.6242298483848572
42, 16, 182, 571, -0.7696226835250854
42, 17, 501, 641, -0.7302590608596802
42, 18, 176, 623, -0.885299563407898
42, 19, 491, 640, -0.8485668301582336
42, 20, 185, 620, -0.9906330108642578
42, 21, 482, 624, -0.6884605884552002
42, 22, 194, 603, -0.8237205743789673
42, 23, 419, 595, -0.04117459058761597
42, 24, 275, 594, 0.043508924543857574
42, 25, 395, 873, -0.25093868374824524
42, 26, 251, 861, -0.05855848267674446
42, 27, 398, 1139, 0.21120932698249817
42, 28, 252, 1133, 0.17813226580619812
42, 29, 399, 1177, 0.22610816359519958
42, 30, 251, 1173, 0.17852911353111267
42, 31, 379, 1208, -0.3477228879928589
42, 32, 262, 1198, -0.4251735806465149
43, 0, 358, 149, -1.2815415859222412
43, 1, 368, 127, -1.2233572006225586
43, 2, 376, 129, -1.223567247390747
43, 3, 385, 129, -1.2237187623977661
43, 4, 344, 126, -1.2370249032974243
43, 5, 336, 126, -1.2372100353240967
43, 6, 327, 127, -1.2375355958938599
43, 7, 394, 138, -0.7782149314880371
43, 8, 313, 136, -0.8338655233383179
43, 9, 369, 174, -1.109694242477417
43, 10, 341, 174, -1.126098871231079
43, 11, 459, 282, -0.420482337474823
43, 12, 246, 277, -0.518429160118103
43, 13, 485, 442, -0.23649990558624268
43, 14, 202, 436, -0.37971627712249756
43, 15, 491, 595, -0.6261025667190552
43, 16, 182, 568, -0.7706551551818848
43, 17, 501, 641, -0.7328231334686279
43, 18, 176, 620, -0.8865755200386047
43, 19, 491, 640, -0.8507487177848816
43, 20, 185, 618, -0.9907086491584778
43, 21, 481, 623, -0.6900801658630371
43, 22, 194, 601, -0.8243653178215027
43, 23, 419, 593, -0.04029276221990585
43, 24, 275, 592, 0.04257846623659134
43, 25, 395, 871, -0.2389630377292633
43, 26, 251, 859, -0.05058562010526657
43, 27, 398, 1137, 0.22101250290870667
43, 28, 252, 1131, 0.18972912430763245
43, 29, 399, 1175, 0.23596031963825226
43, 30, 251, 1171, 0.19035595655441284
43, 31, 379, 1207, -0.335514098405838
43, 32, 263, 1196, -0.41391950845718384
44, 0, 358, 149, -1.2413548231124878
44, 1, 368, 128, -1.181075930595398
44, 2, 376, 129, -1.1813374757766724
44, 3, 385, 130, -1.1815110445022583
44, 4, 345, 126, -1.1968960762023926
44, 5, 336, 127, -1.1970664262771606
44, 6, 327, 128, -1.1973680257797241
44, 7, 394, 139, -0.7288579344749451
44, 8, 314, 136, -0.7940095663070679
44, 9, 369, 174, -1.0669859647750854
44, 10, 341, 175, -1.0861527919769287
44, 11, 459, 282, -0.36908072233200073
44, 12, 246, 276, -0.48554176092147827
44, 13, 485, 442, -0.1854686737060547
44, 14, 201, 434, -0.3542441725730896
44, 15, 492, 594, -0.5936757326126099
44, 16, 182, 568, -0.7570430636405945
44, 17, 501, 640, -0.7036355137825012
44, 18, 177, 620, -0.8755365610122681
44, 19, 490, 636, -0.822656512260437
44, 20, 187, 618, -0.9763027429580688
44, 21, 481, 620, -0.6583965420722961
44, 22, 195, 601, -0.8090999722480774
44, 23, 418, 591, -0.03664323687553406
44, 24, 276, 590, 0.0389026403427124
44, 25, 395, 870, -0.2223757803440094
44, 26, 252, 859, -0.04692291095852852
44, 27, 398, 1135, 0.23279662430286407
44, 28, 253, 1129, 0.19450590014457703
44, 29, 399, 1172, 0.24771623313426971
44, 30, 252, 1168, 0.19522371888160706
44, 31, 379, 1204, -0.3180588483810425
44, 32, 264, 1195, -0.4076014459133148
45, 0, 359, 150, -1.2322150468826294
45, 1, 369, 129, -1.1717677116394043
45, 2, 377, 130, -1.1720486879348755
45, 3, 386, 131, -1.1722524166107178
45, 4, 346, 127, -1.1903631687164307
45, 5, 337, 128, -1.1905529499053955
45, 6, 328, 128, -1.1908774375915527
45, 7, 394, 139, -0.7161751389503479
45, 8, 314, 137, -0.7940582633018494
45, 9, 370, 175, -1.0558817386627197
45, 10, 342, 175, -1.0787756443023682
45, 11, 458, 282, -0.34995678067207336
45, 12, 246, 275, -0.48932304978370667
45, 13, 484, 442, -0.16489367187023163
45, 14, 201, 434, -0.3603270351886749
45, 15, 492, 591, -0.5841109156608582
45, 16, 182, 568, -0.7586105465888977
45, 17, 501, 633, -0.6935287117958069
45, 18, 177, 621, -0.8772762417793274
45, 19, 490, 632, -0.8140588998794556
45, 20, 187, 619, -0.9806310534477234
45, 21, 481, 616, -0.6497732996940613
45, 22, 196, 601, -0.8131561279296875
45, 23, 418, 591, -0.030440369620919228
45, 24, 277, 590, 0.03265185281634331
45, 25, 395, 870, -0.2060236632823944
45, 26, 254, 859, -0.04891213774681091
45, 27, 400, 1133, 0.24615740776062012
45, 28, 257, 1128, 0.18991340696811676
45, 29, 401, 1170, 0.2616203725337982
45, 30, 256, 1167, 0.19040438532829285
45, 31, 383, 1203, -0.293617844581604
45, 32, 270, 1194, -0.4100854992866516
46, 0, 359, 150, -1.2143054008483887
46, 1, 369, 129, -1.152962565422058
46, 2, 378, 130, -1.1532492637634277
46, 3, 386, 131, -1.1534308195114136
46, 4, 346, 128, -1.1716309785842896
46, 5, 338, 128, -1.1718032360076904
46, 6, 329, 129, -1.172101616859436
46, 7, 394, 140, -0.6971670985221863
46, 8, 315, 137, -0.7751781940460205
46, 9, 370, 175, -1.0385918617248535
46, 10, 343, 175, -1.0614632368087769
46, 11, 458, 282, -0.33708900213241577
46, 12, 246, 274, -0.4817889332771301
46, 13, 484, 442, -0.1621641218662262
46, 14, 201, 433, -0.3621474504470825
46, 15, 492, 591, -0.5881437063217163
46, 16, 183, 569, -0.7617828249931335
46, 17, 501, 634, -0.6985474824905396
46, 18, 177, 622, -0.8791988492012024
46, 19, 490, 631, -0.8186467289924622
46, 20, 188, 620, -0.98326176404953
46, 21, 481, 615, -0.6540026664733887
46, 22, 196, 602, -0.8158875703811646
46, 23, 418, 590, -0.026074867695569992
46, 24, 278, 590, 0.02826586738228798
46, 25, 396, 870, -0.18852116167545319
46, 26, 257, 859, -0.04447700455784798
46, 27, 402, 1133, 0.2651875913143158
46, 28, 262, 1129, 0.20236751437187195
46, 29, 402, 1169, 0.28083115816116333
46, 30, 261, 1167, 0.20384731888771057
46, 31, 385, 1203, -0.2762469947338104
46, 32, 275, 1195, -0.3961459696292877
47, 0, 360, 151, -1.2043992280960083
47, 1, 370, 130, -1.1421819925308228
47, 2, 378, 131, -1.1424829959869385
47, 3, 387, 132, -1.1426475048065186
47, 4, 347, 128, -1.1636664867401123
47, 5, 339, 128, -1.1638290882110596
47, 6, 330, 129, -1.1641004085540771
47, 7, 395, 140, -0.683822751045227
47, 8, 316, 137, -0.7738100290298462
47, 9, 371, 175, -1.0278676748275757
47, 10, 344, 175, -1.054250717163086
47, 11, 457, 282, -0.31903281807899475
47, 12, 246, 273, -0.48786553740501404
47, 13, 483, 442, -0.13937126100063324
47, 14, 201, 433, -0.36545076966285706
47, 15, 492, 590, -0.5649561285972595
47, 16, 183, 569, -0.7632741928100586
47, 17, 501, 634, -0.6733089089393616
47, 18, 179, 622, -0.8803251385688782
47, 19, 491, 631, -0.7947245836257935
47, 20, 191, 620, -0.9837096929550171
47, 21, 481, 615, -0.6320346593856812
47, 22, 199, 602, -0.8175878524780273
47, 23, 418, 588, -0.01729668863117695
47, 24, 278, 589, 0.019524792209267616
47, 25, 398, 869, -0.17963078618049622
47, 26, 260, 859, -0.04499870166182518
47, 27, 404, 1131, 0.27004197239875793
47, 28, 267, 1127, 0.20242580771446228
47, 29, 405, 1166, 0.28550291061401367
47, 30, 265, 1164, 0.2043069303035736
47, 31, 388, 1200, -0.2694663405418396
47, 32, 280, 1193, -0.3945634961128235
48, 0, 361, 151, -1.2042137384414673
48, 1, 370, 130, -1.1421699523925781
48, 2, 379, 131, -1.1424788236618042
48, 3, 387, 132, -1.1426451206207275
48, 4, 348, 129, -1.165738582611084
48, 5, 339, 129, -1.165903925895691
48, 6, 331, 129, -1.1661573648452759
48, 7, 395, 140, -0.68604576587677
48, 8, 316, 137, -0.7833104729652405
48, 9, 371, 175, -1.02813720703125
48, 10, 344, 175, -1.0572092533111572
48, 11, 456, 282, -0.3147079050540924
48, 12, 246, 273, -0.4964314103126526
48, 13, 481, 442, -0.1291181594133377
48, 14, 201, 433, -0.3999634385108948
48, 15, 492, 590, -0.5483751893043518
48, 16, 185, 572, -0.7861741781234741
48, 17, 500, 634, -0.6539663076400757
48, 18, 179, 622, -0.9050718545913696
48, 19, 491, 631, -0.7768768668174744
48, 20, 194, 622, -0.9941707849502563
48, 21, 481, 615, -0.6158620715141296
48, 22, 202, 604, -0.8330062031745911
48, 23, 418, 585, -0.006458950228989124
48, 24, 278, 586, 0.00874430499970913
48, 25, 398, 865, -0.17093023657798767
48, 26, 261, 854, -0.04629313200712204
48, 27, 405, 1124, 0.2704280614852905
48, 28, 270, 1119, 0.19918568432331085
48, 29, 406, 1159, 0.2856859564781189
48, 30, 268, 1156, 0.20062926411628723
48, 31, 390, 1194, -0.2581668198108673
48, 32, 283, 1186, -0.39564746618270874
49, 0, 361, 151, -1.1996173858642578
49, 1, 371, 130, -1.1365687847137451
49, 2, 379, 131, -1.136868953704834
49, 3, 387, 132, -1.137034296989441
49, 4, 348, 129, -1.1616055965423584
49, 5, 339, 129, -1.1617709398269653
49, 6, 331, 129, -1.162013292312622
49, 7, 395, 140, -0.6814957857131958
49, 8, 316, 137, -0.786178469657898
49, 9, 371, 175, -1.0242689847946167
49, 10, 344, 175, -1.0553672313690186
49, 11, 455, 282, -0.31091970205307007
49, 12, 246, 273, -0.4999333918094635
49, 13, 480, 442, -0.12066230922937393
49, 14, 201, 433, -0.40647363662719727
49, 15, 491, 590, -0.5308899879455566
49, 16, 187, 572, -0.7884999513626099
49, 17, 499, 635, -0.6348675489425659
49, 18, 179, 621, -0.9079147577285767
49, 19, 491, 631, -0.7586536407470703
49, 20, 196, 622, -0.9944579005241394
49, 21, 481, 615, -0.5985016226768494
49, 22, 204, 604, -0.8341255187988281
49, 23, 418, 582, -0.0018243193626403809
49, 24, 279, 582, 0.004096039105206728
49, 25, 398, 860, -0.1689434051513672
49, 26, 261, 848, -0.0465274341404438
49, 27, 406, 1117, 0.2713148593902588
49, 28, 271, 1111, 0.1968843638896942
49, 29, 406, 1152, 0.28663983941078186
49, 30, 269, 1147, 0.19845832884311676
49, 31, 391, 1186, -0.2524520456790924
49, 32, 284, 1178, -0.3979739844799042
50, 0, 361, 151, -1.198366641998291
50, 1, 371, 130, -1.136532187461853
50, 2, 379, 131, -1.1368166208267212
50, 3, 387, 132, -1.1369693279266357
50, 4, 348, 129, -1.1609249114990234
50, 5, 339, 129, -1.1610872745513916
50, 6, 331, 129, -1.1613359451293945
50, 7, 395, 140, -0.6871665716171265
50, 8, 316, 137, -0.7892149686813354
50, 9, 371, 175, -1.0252795219421387
50, 10, 344, 175, -1.0555922985076904
50, 11, 453, 282, -0.3155161738395691
50, 12, 246, 272, -0.5133203864097595
50, 13, 479, 442, -0.12365357577800751
50, 14, 201, 433, -0.42188534140586853
50, 15, 490, 589, -0.5210416316986084
50, 16, 189, 573, -0.7936800122261047
50, 17, 499, 635, -0.6208187341690063
50, 18, 179, 621, -0.9119677543640137
50, 19, 491, 631, -0.7436848878860474
50, 20, 200, 623, -0.9949994087219238
50, 21, 481, 615, -0.5881311893463135
50, 22, 208, 604, -0.8372098803520203
50, 23, 417, 581, 0.001086134696379304
50, 24, 279, 581, 0.001184381078928709
50, 25, 398, 858, -0.1724873036146164
50, 26, 262, 846, -0.04733983427286148
50, 27, 406, 1115, 0.2676374316215515
50, 28, 271, 1109, 0.18716584146022797
50, 29, 407, 1150, 0.2829121947288513
50, 30, 269, 1145, 0.1881345510482788
50, 31, 392, 1184, -0.2595481872558594
50, 32, 285, 1176, -0.4009777009487152
51, 0, 361, 151, -1.1997582912445068
51, 1, 371, 130, -1.137133002281189
51, 2, 378, 131, -1.1374213695526123
51, 3, 387, 132, -1.13755202293396
51, 4, 348, 129, -1.1620733737945557
51, 5, 339, 129, -1.162227749824524
51, 6, 330, 129, -1.1624712944030762
51, 7, 395, 140, -0.6848275661468506
51, 8, 316, 137, -0.790014386177063
51, 9, 371, 175, -1.0258572101593018
51, 10, 344, 175, -1.0567346811294556
51, 11, 453, 281, -0.3117251992225647
51, 12, 246, 272, -0.5195176601409912
51, 13, 478, 442, -0.11976349353790283
51, 14, 201, 433, -0.4315570294857025
51, 15, 488, 589, -0.517959713935852
51, 16, 191, 574, -0.8032464981079102
51, 17, 498, 636, -0.6175205707550049
51, 18, 180, 621, -0.9208173751831055
51, 19, 490, 632, -0.7408117055892944
51, 20, 203, 623, -1.0020756721496582
51, 21, 480, 615, -0.5851166248321533
51, 22, 210, 604, -0.8458985090255737
51, 23, 417, 581, 0.0026332668494433165
51, 24, 279, 581, -0.00034803361631929874
51, 25, 398, 858, -0.17275989055633545
51, 26, 262, 847, -0.04716518521308899
51, 27, 406, 1115, 0.2652505040168762
51, 28, 271, 1111, 0.18757568299770355
51, 29, 407, 1149, 0.2803199589252472
51, 30, 269, 1147, 0.18855354189872742
51, 31, 392, 1184, -0.2648046314716339
51, 32, 284, 1177, -0.39925843477249146
52, 0, 360, 151, -1.196066975593567
52, 1, 370, 130, -1.133490800857544
52, 2, 378, 131, -1.1337649822235107
52, 3, 387, 132, -1.1338517665863037
52, 4, 347, 129, -1.1589072942733765
52, 5, 339, 129, -1.1590576171875
52, 6, 330, 129, -1.1592998504638672
52, 7, 395, 140, -0.6822968125343323
52, 8, 316, 138, -0.7889134287834167
52, 9, 371, 175, -1.022672414779663
52, 10, 344, 175, -1.0539028644561768
52, 11, 453, 281, -0.3073134124279022
52, 12, 246, 272, -0.5271725058555603
52, 13, 477, 442, -0.1112220510840416
52, 14, 201, 433, -0.4388510286808014
52, 15, 486, 589, -0.49868887662887573
52, 16, 193, 574, -0.8055706024169922
52, 17, 496, 634, -0.5937978029251099
52, 18, 181, 620, -0.9227373003959656
52, 19, 490, 632, -0.7170795798301697
52, 20, 205, 622, -1.002590298652649
52, 21, 480, 616, -0.5659370422363281
52, 22, 213, 604, -0.8475435972213745
52, 23, 417, 580, 0.004714519251137972
52, 24, 279, 580, -0.0024532873649150133
52, 25, 398, 857, -0.16741278767585754
52, 26, 262, 847, -0.04600070044398308
52, 27, 405, 1113, 0.2710879445075989
52, 28, 270, 1109, 0.19435438513755798
52, 29, 406, 1147, 0.2857944369316101
52, 30, 269, 1145, 0.19611647725105286
52, 31, 391, 1182, -0.2601534426212311
52, 32, 284, 1175, -0.3904258608818054
53, 0, 360, 151, -1.1912859678268433
53, 1, 370, 130, -1.1288650035858154
53, 2, 378, 131, -1.1291366815567017
53, 3, 386, 132, -1.1292246580123901
53, 4, 347, 129, -1.154240608215332
53, 5, 339, 129, -1.1543960571289062
53, 6, 329, 130, -1.1546471118927002
53, 7, 394, 140, -0.6816627383232117
53, 8, 316, 138, -0.7883173823356628
53, 9, 371, 175, -1.019618034362793
53, 10, 344, 175, -1.050881266593933
53, 11, 453, 281, -0.31086236238479614
53, 12, 246, 272, -0.5305393934249878
53, 13, 477, 442, -0.11653246730566025
53, 14, 202, 433, -0.4415070414543152
53, 15, 484, 589, -0.4949857294559479
53, 16, 194, 574, -0.8044153451919556
53, 17, 494, 633, -0.5878862142562866
53, 18, 182, 619, -0.9223363995552063
53, 19, 488, 632, -0.7091701626777649
53, 20, 205, 622, -0.9992067217826843
53, 21, 478, 616, -0.5609909892082214
53, 22, 213, 603, -0.8474382162094116
53, 23, 416, 581, 0.005722358822822571
53, 24, 279, 580, -0.0034739370457828045
53, 25, 397, 856, -0.16973796486854553
53, 26, 262, 846, -0.04633256420493126
53, 27, 404, 1111, 0.27002424001693726
53, 28, 270, 1106, 0.1936124861240387
53, 29, 405, 1145, 0.28498703241348267
53, 30, 269, 1142, 0.1952674686908722
53, 31, 390, 1179, -0.26294949650764465
53, 32, 283, 1173, -0.38906365633010864
54, 0, 360, 150, -1.1867434978485107
54, 1, 370, 130, -1.1242680549621582
54, 2, 377, 131, -1.124550461769104
54, 3, 386, 132, -1.1246658563613892
54, 4, 347, 129, -1.1480672359466553
54, 5, 339, 129, -1.1482279300689697
54, 6, 329, 130, -1.1484893560409546
54, 7, 394, 140, -0.6784290671348572
54, 8, 316, 138, -0.7790054082870483
54, 9, 371, 175, -1.0156304836273193
54, 10, 344, 175, -1.0450282096862793
54, 11, 452, 281, -0.31265291571617126
54, 12, 246, 272, -0.5234400629997253
54, 13, 476, 442, -0.12192448228597641
54, 14, 202, 434, -0.43994027376174927
54, 15, 483, 587, -0.506568968296051
54, 16, 194, 574, -0.7985143065452576
54, 17, 492, 629, -0.6027225852012634
54, 18, 182, 618, -0.914913535118103
54, 19, 486, 630, -0.7231044769287109
54, 20, 206, 621, -0.9924165606498718
54, 21, 476, 614, -0.5722724199295044
54, 22, 213, 603, -0.8411096334457397
54, 23, 416, 581, 0.005174250341951847
54, 24, 278, 581, -0.0029502129182219505
54, 25, 396, 856, -0.1700746864080429
54, 26, 261, 846, -0.046477749943733215
54, 27, 404, 1112, 0.2616683840751648
54, 28, 269, 1107, 0.19323121011257172
54, 29, 405, 1146, 0.27599307894706726
54, 30, 268, 1143, 0.19462405145168304
54, 31, 390, 1179, -0.26319047808647156
54, 32, 282, 1173, -0.38974571228027344
55, 0, 360, 150, -1.1683036088943481
55, 1, 370, 130, -1.1060154438018799
55, 2, 377, 131, -1.1063016653060913
55, 3, 386, 132, -1.1063886880874634
55, 4, 347, 129, -1.129424810409546
55, 5, 338, 129, -1.129565715789795
55, 6, 329, 130, -1.129821538925171
55, 7, 394, 140, -0.6604120135307312
55, 8, 315, 139, -0.7586277723312378
55, 9, 371, 175, -0.9971315264701843
55, 10, 343, 175, -1.02579665184021
55, 11, 452, 281, -0.296363890171051
55, 12, 246, 272, -0.5076735615730286
55, 13, 476, 442, -0.10907790809869766
55, 14, 202, 434, -0.42165088653564453
55, 15, 482, 584, -0.5023781657218933
55, 16, 197, 574, -0.7894132733345032
55, 17, 492, 626, -0.6005595922470093
55, 18, 192, 618, -0.9069158434867859
55, 19, 485, 626, -0.7201219797134399
55, 20, 208, 621, -0.9847610592842102
55, 21, 475, 610, -0.5676718950271606
55, 22, 215, 603, -0.8316181898117065
55, 23, 416, 582, 0.004561900161206722
55, 24, 278, 581, -0.002316284691914916
55, 25, 396, 857, -0.16960133612155914
55, 26, 262, 846, -0.046675845980644226
55, 27, 404, 1112, 0.2617206573486328
55, 28, 269, 1108, 0.1927621066570282
55, 29, 405, 1147, 0.27588215470314026
55, 30, 268, 1145, 0.1940966099500656
55, 31, 390, 1180, -0.26336151361465454
55, 32, 282, 1174, -0.3903272747993469
56, 0, 360, 149, -1.1645896434783936
56, 1, 370, 129, -1.1014844179153442
56, 2, 377, 130, -1.1017805337905884
56, 3, 385, 131, -1.1018619537353516
56, 4, 347, 128, -1.1270496845245361
56, 5, 338, 129, -1.127191185951233
56, 6, 329, 130, -1.1274477243423462
56, 7, 394, 140, -0.6526793837547302
56, 8, 315, 139, -0.760041356086731
56, 9, 371, 175, -0.992418110370636
56, 10, 344, 175, -1.0237631797790527
56, 11, 452, 281, -0.2858291566371918
56, 12, 246, 272, -0.5086483955383301
56, 13, 475, 442, -0.09435785561800003
56, 14, 203, 434, -0.42123517394065857
56, 15, 482, 581, -0.4911366403102875
56, 16, 198, 575, -0.7900291681289673
56, 17, 491, 622, -0.5886713266372681
56, 18, 191, 619, -0.9074457287788391
56, 19, 485, 623, -0.7087807059288025
56, 20, 209, 621, -0.9854186773300171
56, 21, 475, 607, -0.5566741228103638
56, 22, 216, 603, -0.831763744354248
56, 23, 416, 582, 0.005342193879187107
56, 24, 278, 582, -0.0030681102070957422
56, 25, 396, 857, -0.1650620996952057
56, 26, 262, 847, -0.04654241353273392
56, 27, 404, 1112, 0.2638721764087677
56, 28, 269, 1109, 0.19232231378555298
56, 29, 404, 1146, 0.2777045667171478
56, 30, 268, 1145, 0.19359393417835236
56, 31, 389, 1181, -0.2585063874721527
56, 32, 282, 1175, -0.38909095525741577
57, 0, 360, 149, -1.1671236753463745
57, 1, 370, 129, -1.1041553020477295
57, 2, 377, 130, -1.104449987411499
57, 3, 385, 131, -1.1045358180999756
57, 4, 347, 128, -1.131255865097046
57, 5, 339, 128, -1.1314048767089844
57, 6, 329, 130, -1.1316630840301514
57, 7, 394, 140, -0.6554971933364868
57, 8, 315, 139, -0.7620498538017273
57, 9, 371, 174, -0.9947404861450195
57, 10, 344, 174, -1.0279781818389893
57, 11, 452, 282, -0.282565176486969
57, 12, 246, 273, -0.5232772827148438
57, 13, 475, 442, -0.07783664017915726
57, 14, 203, 435, -0.4336072504520416
57, 15, 482, 581, -0.4602448344230652
57, 16, 199, 576, -0.7938547730445862
57, 17, 491, 622, -0.5526927709579468
57, 18, 191, 619, -0.9099892377853394
57, 19, 485, 623, -0.6741882562637329
57, 20, 210, 622, -0.9858457446098328
57, 21, 475, 606, -0.5261622667312622
57, 22, 217, 603, -0.8342393636703491
57, 23, 416, 583, 0.008641074411571026
57, 24, 279, 582, -0.006330826319754124
57, 25, 397, 857, -0.1633884310722351
57, 26, 262, 847, -0.048895929008722305
57, 27, 404, 1111, 0.2636968195438385
57, 28, 269, 1109, 0.18217730522155762
57, 29, 404, 1145, 0.2774490416049957
57, 30, 268, 1145, 0.1827302873134613
57, 31, 389, 1180, -0.25760719180107117
57, 32, 282, 1175, -0.3913273513317108
58, 0, 360, 149, -1.164015293121338
58, 1, 370, 129, -1.1006181240081787
58, 2, 377, 129, -1.100915789604187
58, 3, 385, 130, -1.1009982824325562
58, 4, 347, 128, -1.1294788122177124
58, 5, 339, 128, -1.1296303272247314
58, 6, 329, 130, -1.1298840045928955
58, 7, 394, 140, -0.6498275995254517
58, 8, 315, 139, -0.7653350830078125
58, 9, 371, 174, -0.9906619191169739
58, 10, 344, 174, -1.0263099670410156
58, 11, 452, 282, -0.27428847551345825
58, 12, 246, 273, -0.524845540523529
58, 13, 474, 442, -0.06729792803525925
58, 14, 203, 436, -0.43309974670410156
58, 15, 481, 581, -0.4509921967983246
58, 16, 200, 577, -0.7940852642059326
58, 17, 490, 622, -0.5436211824417114
58, 18, 190, 620, -0.9101223945617676
58, 19, 484, 623, -0.6652722358703613
58, 20, 211, 622, -0.9864238500595093
58, 21, 474, 607, -0.5170163512229919
58, 22, 219, 603, -0.8343011736869812
58, 23, 416, 584, 0.00975171010941267
58, 24, 279, 583, -0.007413896732032299
58, 25, 397, 857, -0.16046850383281708
58, 26, 262, 848, -0.04969712346792221
58, 27, 404, 1112, 0.2647883892059326
58, 28, 269, 1109, 0.18133404850959778
58, 29, 404, 1145, 0.278321772813797
58, 30, 268, 1145, 0.18195657432079315
58, 31, 389, 1180, -0.25353938341140747
58, 32, 281, 1175, -0.39181727170944214
59, 0, 360, 149, -1.1655746698379517
59, 1, 370, 129, -1.1030006408691406
59, 2, 377, 129, -1.1032931804656982
59, 3, 385, 130, -1.1034091711044312
59, 4, 347, 128, -1.1300128698349
59, 5, 339, 128, -1.1301867961883545
59, 6, 329, 130, -1.1304644346237183
59, 7, 394, 140, -0.6538901329040527
59, 8, 315, 139, -0.770749032497406
59, 9, 371, 174, -0.9930835962295532
59, 10, 344, 174, -1.0272858142852783
59, 11, 452, 282, -0.27998071908950806
59, 12, 245, 273, -0.5293223261833191
59, 13, 474, 442, -0.07745065540075302
59, 14, 204, 437, -0.43525123596191406
59, 15, 481, 580, -0.4628120958805084
59, 16, 201, 578, -0.7985973954200745
59, 17, 490, 622, -0.5569947957992554
59, 18, 190, 621, -0.9142311811447144
59, 19, 484, 622, -0.6789776086807251
59, 20, 212, 623, -0.992897629737854
59, 21, 474, 606, -0.5290129780769348
59, 22, 219, 604, -0.8394181132316589
59, 23, 417, 584, 0.009413102641701698
59, 24, 279, 584, -0.007083597127348185
59, 25, 398, 858, -0.15296491980552673
59, 26, 262, 850, -0.0473470613360405
59, 27, 404, 1112, 0.27809181809425354
59, 28, 269, 1109, 0.19374454021453857
59, 29, 404, 1146, 0.29151642322540283
59, 30, 268, 1145, 0.19577422738075256
59, 31, 389, 1181, -0.2430606335401535
59, 32, 281, 1176, -0.3812514543533325
60, 0, 360, 149, -1.169385552406311
60, 1, 370, 129, -1.1065109968185425
60, 2, 377, 129, -1.1068086624145508
60, 3, 385, 130, -1.1068663597106934
60, 4, 347, 128, -1.1340099573135376
60, 5, 339, 129, -1.134216547012329
60, 6, 329, 130, -1.1345287561416626
60, 7, 394, 140, -0.6568992137908936
60, 8, 315, 140, -0.7750266790390015
60, 9, 371, 174, -0.9969111680984497
60, 10, 344, 174, -1.031544804573059
60, 11, 452, 282, -0.28438887000083923
60, 12, 245, 273, -0.5313107967376709
60, 13, 474, 442, -0.08767927438020706
60, 14, 205, 437, -0.4367551803588867
60, 15, 481, 577, -0.48585647344589233
60, 16, 201, 578, -0.8035551309585571
60, 17, 490, 618, -0.582338273525238
60, 18, 191, 621, -0.919293999671936
60, 19, 484, 618, -0.7004982829093933
60, 20, 213, 623, -0.9995793104171753
60, 21, 474, 602, -0.5508742928504944
60, 22, 220, 604, -0.8449450731277466
60, 23, 418, 585, 0.009322513826191425
60, 24, 279, 585, -0.006982526741921902
60, 25, 399, 858, -0.14884278178215027
60, 26, 263, 850, -0.04181147739291191
60, 27, 404, 1111, 0.28783735632896423
60, 28, 270, 1109, 0.20890147984027863
60, 29, 405, 1145, 0.3016091585159302
60, 30, 269, 1145, 0.21170254051685333
60, 31, 390, 1180, -0.2327284812927246
60, 32, 282, 1176, -0.3630281090736389
61, 0, 360, 149, -1.1725825071334839
61, 1, 370, 129, -1.109250783920288
61, 2, 377, 130, -1.1095482110977173
61, 3, 385, 131, -1.1095731258392334
61, 4, 347, 129, -1.1359974145889282
61, 5, 339, 129, -1.1362228393554688
61, 6, 329, 131, -1.1365740299224854
61, 7, 394, 141, -0.6594207882881165
61, 8, 315, 140, -0.7752649784088135
61, 9, 371, 174, -1.0004217624664307
61, 10, 344, 175, -1.0340420007705688
61, 11, 452, 282, -0.290131151676178
61, 12, 245, 273, -0.5311266779899597
61, 13, 473, 442, -0.10155375301837921
61, 14, 205, 437, -0.43594375252723694
61, 15, 481, 575, -0.5099150538444519
61, 16, 202, 578, -0.8054941296577454
61, 17, 490, 616, -0.6086844205856323
61, 18, 195, 621, -0.9223230481147766
61, 19, 484, 616, -0.7266149520874023
61, 20, 213, 623, -1.0042637586593628
61, 21, 475, 600, -0.5750283002853394
61, 22, 220, 604, -0.8476756811141968
61, 23, 418, 587, 0.008615396916866302
61, 24, 279, 587, -0.006317407824099064
61, 25, 399, 858, -0.14312079548835754
61, 26, 263, 851, -0.037805091589689255
61, 27, 404, 1111, 0.30147475004196167
61, 28, 270, 1109, 0.2203492820262909
61, 29, 405, 1145, 0.31575918197631836
61, 30, 269, 1145, 0.2235378473997116
61, 31, 390, 1179, -0.221774622797966
61, 32, 282, 1176, -0.3536648750305176
62, 0, 359, 150, -1.1829736232757568
62, 1, 370, 130, -1.121093988418579
62, 2, 377, 130, -1.1213629245758057
62, 3, 385, 131, -1.1213924884796143
62, 4, 347, 129, -1.1428213119506836
62, 5, 339, 130, -1.1430647373199463
62, 6, 329, 131, -1.1434507369995117
62, 7, 394, 142, -0.6780242919921875
62, 8, 316, 141, -0.7758663296699524
62, 9, 371, 175, -1.0136278867721558
62, 10, 344, 175, -1.0406644344329834
62, 11, 452, 283, -0.31792348623275757
62, 12, 246, 273, -0.5287510752677917
62, 13, 473, 442, -0.1382053792476654
62, 14, 205, 437, -0.4302653670310974
62, 15, 481, 576, -0.5355912446975708
62, 16, 201, 577, -0.8045814633369446
62, 17, 490, 616, -0.6333094835281372
62, 18, 192, 619, -0.9213430285453796
62, 19, 484, 616, -0.7498009204864502
62, 20, 208, 622, -1.0041099786758423
62, 21, 475, 600, -0.5996537804603577
62, 22, 216, 604, -0.8474581837654114
62, 23, 418, 588, 0.002918115584179759
62, 24, 279, 587, -0.0007623928831890225
62, 25, 399, 858, -0.1453479826450348
62, 26, 262, 851, -0.03464718908071518
62, 27, 404, 1111, 0.301156222820282
62, 28, 269, 1109, 0.22538240253925323
62, 29, 405, 1145, 0.31579461693763733
62, 30, 268, 1145, 0.22866468131542206
62, 31, 390, 1179, -0.22400756180286407
62, 32, 281, 1175, -0.3494320809841156
63, 0, 359, 150, -1.188283085823059
63, 1, 370, 130, -1.1266422271728516
63, 2, 377, 130, -1.1269012689590454
63, 3, 386, 131, -1.1269773244857788
63, 4, 347, 129, -1.1497753858566284
63, 5, 339, 130, -1.1499993801116943
63, 6, 329, 131, -1.150390386581421
63, 7, 394, 142, -0.6811442375183105
63, 8, 316, 141, -0.783810555934906
63, 9, 371, 175, -1.0176002979278564
63, 10, 344, 175, -1.0462234020233154
63, 11, 453, 284, -0.3177846372127533
63, 12, 246, 273, -0.5297450423240662
63, 13, 473, 442, -0.13575327396392822
63, 14, 205, 436, -0.4302000403404236
63, 15, 481, 576, -0.5331308841705322
63, 16, 201, 576, -0.8059356808662415
63, 17, 490, 617, -0.6314389705657959
63, 18, 192, 619, -0.9234861135482788
63, 19, 484, 616, -0.747783362865448
63, 20, 204, 621, -1.0076159238815308
63, 21, 474, 600, -0.5974177122116089
63, 22, 213, 603, -0.8495362401008606
63, 23, 417, 588, 0.0025852606631815434
63, 24, 279, 587, -0.00043596833711490035
63, 25, 398, 858, -0.14607051014900208
63, 26, 260, 851, -0.04206382483243942
63, 27, 404, 1110, 0.30144625902175903
63, 28, 267, 1108, 0.21479149162769318
63, 29, 404, 1144, 0.3162235617637634
63, 30, 267, 1144, 0.21795091032981873
63, 31, 389, 1178, -0.22262199223041534
63, 32, 280, 1175, -0.362166166305542
64, 0, 360, 150, -1.1910688877105713
64, 1, 370, 130, -1.1290323734283447
64, 2, 377, 131, -1.1292908191680908
64, 3, 386, 132, -1.1293786764144897
64, 4, 347, 129, -1.1534801721572876
64, 5, 339, 130, -1.1536777019500732
64, 6, 329, 131, -1.1540477275848389
64, 7, 394, 142, -0.6812701225280762
64, 8, 316, 141, -0.7874456644058228
64, 9, 372, 175, -1.0192441940307617
64, 10, 344, 175, -1.0492959022521973
64, 11, 453, 284, -0.3164267838001251
64, 12, 246, 273, -0.5306699275970459
64, 13, 473, 442, -0.12278678268194199
64, 14, 205, 436, -0.4293871521949768
64, 15, 481, 576, -0.521205723285675
64, 16, 200, 576, -0.806097149848938
64, 17, 490, 617, -0.6189413070678711
64, 18, 191, 619, -0.9239047169685364
64, 19, 484, 616, -0.7376724481582642
64, 20, 202, 621, -1.008657455444336
64, 21, 474, 600, -0.5864368677139282
64, 22, 211, 603, -0.8500072360038757
64, 23, 417, 588, 0.0028079389594495296
64, 24, 279, 587, -0.0006423595477826893
64, 25, 398, 859, -0.1375565230846405
64, 26, 260, 851, -0.04231041669845581
64, 27, 404, 1110, 0.31214630603790283
64, 28, 267, 1108, 0.2134275883436203
64, 29, 404, 1144, 0.3268146514892578
64, 30, 267, 1144, 0.21642151474952698
64, 31, 389, 1178, -0.21455328166484833
64, 32, 280, 1175, -0.36279651522636414
65, 0, 360, 150, -1.1909427642822266
65, 1, 370, 130, -1.1283632516860962
65, 2, 378, 131, -1.1286282539367676
65, 3, 386, 132, -1.1287189722061157
65, 4, 347, 129, -1.1535139083862305
65, 5, 339, 130, -1.1537103652954102
65, 6, 330, 131, -1.1540777683258057
65, 7, 394, 143, -0.6766408681869507
65, 8, 316, 142, -0.7885067462921143
65, 9, 372, 176, -1.0185831785202026
65, 10, 344, 175, -1.049360752105713
65, 11, 453, 285, -0.3041304349899292
65, 12, 246, 273, -0.5332978963851929
65, 13, 473, 442, -0.09648292511701584
65, 14, 205, 436, -0.4293448328971863
65, 15, 481, 576, -0.4945945143699646
65, 16, 200, 576, -0.8067492246627808
65, 17, 490, 617, -0.5905104875564575
65, 18, 190, 618, -0.9247576594352722
65, 19, 484, 617, -0.7127150297164917
65, 20, 201, 620, -1.0096194744110107
65, 21, 474, 601, -0.5613452196121216
65, 22, 210, 602, -0.8507455587387085
65, 23, 417, 588, 0.005605046637356281
65, 24, 278, 587, -0.003411828074604273
65, 25, 399, 859, -0.11676058918237686
65, 26, 261, 851, -0.04299870878458023
65, 27, 404, 1110, 0.34056100249290466
65, 28, 268, 1108, 0.21712203323841095
65, 29, 404, 1144, 0.3558996319770813
65, 30, 267, 1144, 0.221096009016037
65, 31, 389, 1178, -0.18336984515190125
65, 32, 280, 1175, -0.36322352290153503
66, 0, 361, 150, -1.189266324043274
66, 1, 371, 130, -1.1257479190826416
66, 2, 378, 131, -1.1260137557983398
66, 3, 387, 132, -1.1261132955551147
66, 4, 348, 129, -1.152896523475647
66, 5, 340, 130, -1.1530765295028687
66, 6, 331, 131, -1.1534297466278076
66, 7, 395, 143, -0.6705979108810425
66, 8, 317, 142, -0.7896832823753357
66, 9, 372, 176, -1.0158418416976929
66, 10, 344, 176, -1.0490766763687134
66, 11, 453, 285, -0.2913689613342285
66, 12, 246, 273, -0.5342590808868408
66, 13, 473, 442, -0.07215969264507294
66, 14, 205, 436, -0.4290737211704254
66, 15, 481, 576, -0.46953773498535156
66, 16, 200, 575, -0.8066506385803223
66, 17, 490, 617, -0.5646635293960571
66, 18, 190, 616, -0.9246550798416138
66, 19, 484, 617, -0.6889106035232544
66, 20, 201, 619, -1.0094636678695679
66, 21, 474, 601, -0.5371562242507935
66, 22, 210, 601, -0.8506367802619934
66, 23, 417, 586, 0.007530895061790943
66, 24, 278, 585, -0.005326258018612862
66, 25, 399, 858, -0.11428530514240265
66, 26, 261, 850, -0.047134879976511
66, 27, 403, 1107, 0.34308794140815735
66, 28, 268, 1106, 0.21659091114997864
66, 29, 404, 1141, 0.3586755394935608
66, 30, 267, 1141, 0.22006157040596008
66, 31, 388, 1176, -0.1783282458782196
66, 32, 280, 1174, -0.36526817083358765
67, 0, 361, 151, -1.1908175945281982
67, 1, 371, 130, -1.1273682117462158
67, 2, 379, 131, -1.1276299953460693
67, 3, 387, 132, -1.127732515335083
67, 4, 348, 129, -1.1562488079071045
67, 5, 340, 130, -1.1564034223556519
67, 6, 331, 131, -1.156726598739624
67, 7, 395, 143, -0.6718834638595581
67, 8, 317, 142, -0.7997738718986511
67, 9, 372, 176, -1.017041802406311
67, 10, 345, 176, -1.052473783493042
67, 11, 453, 285, -0.29227426648139954
67, 12, 246, 273, -0.5432637333869934
67, 13, 473, 442, -0.07274074107408524
67, 14, 206, 436, -0.43367648124694824
67, 15, 481, 576, -0.4637959897518158
67, 16, 200, 575, -0.8081758618354797
67, 17, 490, 617, -0.5578738451004028
67, 18, 190, 614, -0.9255584478378296
67, 19, 484, 617, -0.6820081472396851
67, 20, 200, 618, -1.0105642080307007
67, 21, 474, 601, -0.531039297580719
67, 22, 210, 600, -0.8521596193313599
67, 23, 417, 583, 0.009864955209195614
67, 24, 278, 581, -0.0076827919110655785
67, 25, 398, 855, -0.11283610761165619
67, 26, 260, 848, -0.047593556344509125
67, 27, 402, 1104, 0.33943766355514526
67, 28, 267, 1102, 0.21620945632457733
67, 29, 403, 1137, 0.35479289293289185
67, 30, 266, 1137, 0.21938829123973846
67, 31, 386, 1173, -0.180033877491951
67, 32, 279, 1171, -0.36538881063461304
68, 0, 361, 151, -1.197104811668396
68, 1, 371, 131, -1.1352860927581787
68, 2, 379, 131, -1.135525107383728
68, 3, 387, 133, -1.1356440782546997
68, 4, 348, 129, -1.1635490655899048
68, 5, 340, 130, -1.1636922359466553
68, 6, 331, 131, -1.1639866828918457
68, 7, 395, 144, -0.6862326860427856
68, 8, 317, 142, -0.8091303706169128
68, 9, 372, 177, -1.0247544050216675
68, 10, 345, 176, -1.0595861673355103
68, 11, 453, 285, -0.30770960450172424
68, 12, 246, 274, -0.5500292181968689
68, 13, 473, 442, -0.08524246513843536
68, 14, 206, 435, -0.43812352418899536
68, 15, 481, 576, -0.4680107533931732
68, 16, 200, 574, -0.8082903623580933
68, 17, 490, 623, -0.5634437203407288
68, 18, 190, 613, -0.9254835247993469
68, 19, 484, 618, -0.6869006156921387
68, 20, 200, 617, -1.0105782747268677
68, 21, 474, 602, -0.5353232622146606
68, 22, 209, 600, -0.8523473739624023
68, 23, 416, 581, 0.010016066022217274
68, 24, 278, 579, -0.007850425317883492
68, 25, 397, 854, -0.11628077179193497
68, 26, 260, 846, -0.04822303354740143
68, 27, 400, 1101, 0.3387058973312378
68, 28, 265, 1100, 0.20500946044921875
68, 29, 401, 1134, 0.3541084825992584
68, 30, 265, 1135, 0.20742912590503693
68, 31, 384, 1170, -0.18565404415130615
68, 32, 277, 1168, -0.3732067048549652
69, 0, 361, 151, -1.1974526643753052
69, 1, 371, 131, -1.1362117528915405
69, 2, 379, 132, -1.1364426612854004
69, 3, 387, 133, -1.136565923690796
69, 4, 348, 130, -1.1636658906936646
69, 5, 340, 130, -1.163807988166809
69, 6, 331, 131, -1.1640996932983398
69, 7, 395, 144, -0.6915228962898254
69, 8, 317, 142, -0.8083145022392273
69, 9, 372, 177, -1.0260217189788818
69, 10, 345, 176, -1.059798240661621
69, 11, 453, 285, -0.3199772238731384
69, 12, 246, 273, -0.5489044785499573
69, 13, 473, 442, -0.10705125331878662
69, 14, 206, 435, -0.43765220046043396
69, 15, 480, 577, -0.4770156741142273
69, 16, 200, 572, -0.8069438934326172
69, 17, 489, 626, -0.5720320343971252
69, 18, 189, 611, -0.9235146641731262
69, 19, 482, 618, -0.692051351070404
69, 20, 200, 616, -1.0090868473052979
69, 21, 473, 602, -0.5419541597366333
69, 22, 209, 599, -0.8511832356452942
69, 23, 414, 581, 0.009320413693785667
69, 24, 277, 578, -0.007162672467529774
69, 25, 395, 854, -0.12139113247394562
69, 26, 257, 845, -0.04870973899960518
69, 27, 397, 1101, 0.3209133744239807
69, 28, 261, 1099, 0.1960119903087616
69, 29, 397, 1134, 0.33572453260421753
69, 30, 260, 1134, 0.19779466092586517
69, 31, 379, 1170, -0.196916863322258
69, 32, 272, 1167, -0.38011759519577026
70, 0, 361, 151, -1.2001733779907227
70, 1, 371, 131, -1.1400330066680908
70, 2, 379, 132, -1.1402533054351807
70, 3, 387, 133, -1.1403707265853882
70, 4, 348, 130, -1.1655997037887573
70, 5, 340, 130, -1.1657408475875854
70, 6, 331, 131, -1.1660339832305908
70, 7, 395, 144, -0.6992477774620056
70, 8, 317, 143, -0.8079710006713867
70, 9, 372, 177, -1.0300803184509277
70, 10, 344, 176, -1.0615274906158447
70, 11, 453, 286, -0.3293507993221283
70, 12, 246, 273, -0.5482308268547058
70, 13, 473, 443, -0.1236085444688797
70, 14, 206, 434, -0.4374180734157562
70, 15, 480, 581, -0.4945821762084961
70, 16, 200, 570, -0.8070207834243774
70, 17, 488, 630, -0.5904849767684937
70, 18, 189, 610, -0.9237766265869141
70, 19, 482, 620, -0.7103006839752197
70, 20, 200, 616, -1.0099081993103027
70, 21, 472, 604, -0.5588845014572144
70, 22, 209, 598, -0.8514407873153687
70, 23, 413, 581, 0.00885800551623106
70, 24, 275, 578, -0.006714217364788055
70, 25, 392, 853, -0.12195440381765366
70, 26, 254, 843, -0.04844830185174942
70, 27, 392, 1100, 0.31805676221847534
70, 28, 255, 1098, 0.19587482511997223
70, 29, 392, 1133, 0.33277225494384766
70, 30, 254, 1133, 0.19769878685474396
70, 31, 373, 1169, -0.1987641602754593
70, 32, 266, 1166, -0.3802194893360138
71, 0, 361, 151, -1.2010003328323364
71, 1, 371, 131, -1.14078688621521
71, 2, 379, 132, -1.1410014629364014
71, 3, 387, 133, -1.1411112546920776
71, 4, 348, 130, -1.165842890739441
71, 5, 340, 130, -1.1659791469573975
71, 6, 331, 131, -1.1662663221359253
71, 7, 395, 144, -0.698783278465271
71, 8, 317, 143, -0.8076990842819214
71, 9, 372, 177, -1.0308103561401367
71, 10, 344, 176, -1.0616319179534912
71, 11, 454, 286, -0.327853262424469
71, 12, 247, 273, -0.547842800617218
71, 13, 473, 444, -0.12171807140111923
71, 14, 207, 433, -0.43423715233802795
71, 15, 481, 584, -0.49450770020484924
71, 16, 200, 568, -0.8006749153137207
71, 17, 488, 632, -0.5901423692703247
71, 18, 189, 609, -0.9178188443183899
71, 19, 482, 622, -0.7103168964385986
71, 20, 200, 614, -1.0041210651397705
71, 21, 472, 606, -0.5589088797569275
71, 22, 209, 597, -0.8453407287597656
71, 23, 412, 579, 0.008734838105738163
71, 24, 275, 576, -0.006608284078538418
71, 25, 391, 851, -0.12227834761142731
71, 26, 254, 841, -0.048265933990478516
71, 27, 391, 1097, 0.32189327478408813
71, 28, 255, 1095, 0.19937659800052643
71, 29, 391, 1131, 0.3369917869567871
71, 30, 254, 1130, 0.2017960101366043
71, 31, 372, 1166, -0.1986074447631836
71, 32, 265, 1162, -0.3793676495552063
72, 0, 360, 151, -1.206407904624939
72, 1, 371, 131, -1.1463282108306885
72, 2, 379, 132, -1.1465164422988892
72, 3, 387, 133, -1.1466171741485596
72, 4, 348, 130, -1.1697871685028076
72, 5, 340, 130, -1.1699104309082031
72, 6, 331, 131, -1.1701884269714355
72, 7, 395, 144, -0.7041862607002258
72, 8, 317, 143, -0.8072463870048523
72, 9, 372, 177, -1.0367835760116577
72, 10, 344, 176, -1.0654420852661133
72, 11, 454, 285, -0.33627915382385254
72, 12, 247, 273, -0.5475148558616638
72, 13, 473, 443, -0.1286649852991104
72, 14, 207, 432, -0.4273282587528229
72, 15, 481, 586, -0.4949302077293396
72, 16, 200, 567, -0.7845332026481628
72, 17, 488, 635, -0.5901463031768799
72, 18, 190, 609, -0.898979663848877
72, 19, 482, 625, -0.7103379964828491
72, 20, 201, 614, -0.9870225191116333
72, 21, 472, 609, -0.5593282580375671
72, 22, 210, 596, -0.8298279643058777
72, 23, 412, 578, 0.006287015043199062
72, 24, 275, 574, -0.004229920916259289
72, 25, 391, 849, -0.12282632291316986
72, 26, 254, 839, -0.045986153185367584
72, 27, 390, 1096, 0.3291777968406677
72, 28, 255, 1093, 0.2152598649263382
72, 29, 390, 1129, 0.3447059392929077
72, 30, 254, 1128, 0.21930281817913055
72, 31, 372, 1164, -0.19755813479423523
72, 32, 265, 1159, -0.3711467981338501
73, 0, 360, 151, -1.215071439743042
73, 1, 371, 131, -1.15589439868927
73, 2, 379, 132, -1.1560823917388916
73, 3, 387, 133, -1.1561839580535889
73, 4, 348, 130, -1.177240014076233
73, 5, 340, 130, -1.1773797273635864
73, 6, 330, 131, -1.1776635646820068
73, 7, 395, 144, -0.7150565981864929
73, 8, 317, 143, -0.8081706762313843
73, 9, 372, 177, -1.0459506511688232
73, 10, 343, 176, -1.0718743801116943
73, 11, 454, 285, -0.3489190340042114
73, 12, 247, 273, -0.5468274354934692
73, 13, 473, 443, -0.14286138117313385
73, 14, 208, 432, -0.4204219877719879
73, 15, 481, 587, -0.5039991140365601
73, 16, 201, 566, -0.7755924463272095
73, 17, 488, 635, -0.5985477566719055
73, 18, 193, 610, -0.8882694244384766
73, 19, 481, 626, -0.7170670628547668
73, 20, 203, 613, -0.9784680604934692
73, 21, 472, 609, -0.5674458742141724
73, 22, 212, 596, -0.821455180644989
73, 23, 412, 577, 0.0023813187144696712
73, 24, 275, 574, -0.0003931834944523871
73, 25, 391, 848, -0.12306195497512817
73, 26, 254, 838, -0.03828105702996254
73, 27, 390, 1095, 0.3281328082084656
73, 28, 254, 1091, 0.2307266891002655
73, 29, 390, 1128, 0.3435448110103607
73, 30, 253, 1127, 0.2355208694934845
73, 31, 371, 1163, -0.19800400733947754
73, 32, 264, 1157, -0.3544696867465973
74, 0, 360, 151, -1.2171177864074707
74, 1, 371, 131, -1.1584473848342896
74, 2, 379, 132, -1.1586341857910156
74, 3, 387, 133, -1.1587294340133667
74, 4, 348, 130, -1.179751992225647
74, 5, 340, 130, -1.17989981174469
74, 6, 330, 131, -1.1801780462265015
74, 7, 395, 144, -0.7197911739349365
74, 8, 317, 143, -0.8111519813537598
74, 9, 372, 177, -1.0484943389892578
74, 10, 343, 176, -1.074433445930481
74, 11, 455, 285, -0.35467100143432617
74, 12, 247, 274, -0.5467363595962524
74, 13, 473, 443, -0.1466778665781021
74, 14, 208, 432, -0.4201534688472748
74, 15, 481, 587, -0.5037354826927185
74, 16, 202, 565, -0.7706688046455383
74, 17, 488, 634, -0.5983873605728149
74, 18, 193, 607, -0.8815817832946777
74, 19, 481, 626, -0.7164000272750854
74, 20, 205, 611, -0.9707015156745911
74, 21, 471, 610, -0.5672846436500549
74, 22, 213, 594, -0.8158842325210571
74, 23, 412, 577, 0.0014585371827706695
74, 24, 275, 574, 0.0005039506359025836
74, 25, 391, 847, -0.1248466745018959
74, 26, 254, 837, -0.037709791213274
74, 27, 389, 1094, 0.3260977268218994
74, 28, 254, 1089, 0.22819824516773224
74, 29, 389, 1127, 0.34146979451179504
74, 30, 253, 1125, 0.23263141512870789
74, 31, 371, 1161, -0.19986751675605774
74, 32, 263, 1155, -0.35420873761177063
75, 0, 360, 151, -1.2161839008331299
75, 1, 371, 131, -1.1571627855300903
75, 2, 379, 132, -1.1573556661605835
75, 3, 387, 133, -1.1574519872665405
75, 4, 348, 130, -1.1789711713790894
75, 5, 340, 130, -1.1791189908981323
75, 6, 330, 131, -1.1793982982635498
75, 7, 395, 144, -0.7180708646774292
75, 8, 317, 143, -0.8116090893745422
75, 9, 372, 177, -1.0472726821899414
75, 10, 343, 176, -1.0738617181777954
75, 11, 455, 285, -0.3562745451927185
75, 12, 247, 274, -0.5465508699417114
75, 13, 474, 444, -0.15241611003875732
75, 14, 209, 432, -0.4205736517906189
75, 15, 481, 587, -0.5102093815803528
75, 16, 202, 565, -0.7730461359024048
75, 17, 488, 634, -0.6057876348495483
75, 18, 193, 607, -0.8851292729377747
75, 19, 479, 626, -0.7218912243843079
75, 20, 207, 610, -0.9735321998596191
75, 21, 470, 610, -0.572650134563446
75, 22, 215, 593, -0.8181574940681458
75, 23, 412, 577, 0.00044280002475716174
75, 24, 275, 574, 0.0015084261540323496
75, 25, 391, 847, -0.12589310109615326
75, 26, 254, 837, -0.038913432508707047
75, 27, 390, 1094, 0.32492607831954956
75, 28, 254, 1089, 0.22298841178417206
75, 29, 389, 1127, 0.34039929509162903
75, 30, 253, 1125, 0.2273867428302765
75, 31, 371, 1161, -0.20029957592487335
75, 32, 264, 1155, -0.35509222745895386
76, 0, 360, 151, -1.212234616279602
76, 1, 371, 131, -1.1530473232269287
76, 2, 379, 132, -1.1532280445098877
76, 3, 387, 133, -1.153350591659546
76, 4, 348, 130, -1.1747543811798096
76, 5, 340, 130, -1.1749327182769775
76, 6, 330, 131, -1.1752452850341797
76, 7, 396, 145, -0.7162696719169617
76, 8, 317, 143, -0.8093016743659973
76, 9, 372, 177, -1.0445735454559326
76, 10, 343, 177, -1.0710318088531494
76, 11, 455, 285, -0.35315462946891785
76, 12, 247, 274, -0.5440641641616821
76, 13, 474, 445, -0.14875873923301697
76, 14, 209, 432, -0.41738325357437134
76, 15, 481, 587, -0.5076997876167297
76, 16, 202, 565, -0.7741636633872986
76, 17, 488, 634, -0.602403998374939
76, 18, 193, 607, -0.8860861659049988
76, 19, 478, 626, -0.7150900959968567
76, 20, 207, 610, -0.9744664430618286
76, 21, 469, 609, -0.5687049627304077
76, 22, 215, 593, -0.8191118240356445
76, 23, 413, 579, -0.0037119728513062
76, 24, 275, 575, 0.005676685832440853
76, 25, 391, 849, -0.13196590542793274
76, 26, 254, 838, -0.04136358201503754
76, 27, 389, 1095, 0.32256239652633667
76, 28, 253, 1090, 0.21829457581043243
76, 29, 388, 1128, 0.33823904395103455
76, 30, 251, 1125, 0.22282461822032928
76, 31, 370, 1163, -0.20060189068317413
76, 32, 262, 1155, -0.3587719798088074
77, 0, 360, 151, -1.201707124710083
77, 1, 371, 131, -1.142904281616211
77, 2, 379, 132, -1.1430593729019165
77, 3, 388, 133, -1.1432077884674072
77, 4, 348, 130, -1.1646795272827148
77, 5, 340, 130, -1.1648600101470947
77, 6, 330, 131, -1.1651841402053833
77, 7, 396, 145, -0.7087929248809814
77, 8, 317, 143, -0.8023344874382019
77, 9, 372, 177, -1.0351316928863525
77, 10, 343, 177, -1.06173574924469
77, 11, 455, 285, -0.3514007329940796
77, 12, 247, 274, -0.531287670135498
77, 13, 474, 445, -0.14667841792106628
77, 14, 209, 431, -0.40020838379859924
77, 15, 481, 584, -0.5071180462837219
77, 16, 203, 562, -0.7593522071838379
77, 17, 488, 630, -0.6021653413772583
77, 18, 193, 604, -0.8682355880737305
77, 19, 478, 619, -0.7127026319503784
77, 20, 207, 605, -0.9565390348434448
77, 21, 469, 603, -0.5672343969345093
77, 22, 215, 590, -0.8034957647323608
77, 23, 413, 579, -0.00904583465307951
77, 24, 275, 575, 0.011036231182515621
77, 25, 391, 849, -0.15790382027626038
77, 26, 253, 838, -0.04377002641558647
77, 27, 387, 1095, 0.2866617739200592
77, 28, 249, 1090, 0.19654613733291626
77, 29, 386, 1128, 0.30161091685295105
77, 30, 247, 1126, 0.19899488985538483
77, 31, 367, 1163, -0.2311088591814041
77, 32, 258, 1156, -0.37657463550567627
78, 0, 361, 151, -1.1716620922088623
78, 1, 372, 131, -1.1156615018844604
78, 2, 380, 132, -1.1158268451690674
78, 3, 388, 133, -1.116014003753662
78, 4, 349, 130, -1.1372151374816895
78, 5, 341, 130, -1.1374201774597168
78, 6, 331, 131, -1.1377488374710083
78, 7, 396, 145, -0.6923134922981262
78, 8, 317, 143, -0.7851714491844177
78, 9, 373, 177, -1.0079107284545898
78, 10, 344, 177, -1.0345463752746582
78, 11, 456, 285, -0.35034382343292236
78, 12, 247, 274, -0.5162923336029053
78, 13, 474, 445, -0.1450783908367157
78, 14, 208, 430, -0.39454856514930725
78, 15, 480, 580, -0.4993494153022766
78, 16, 217, 549, -0.751567542552948
78, 17, 484, 626, -0.5958429574966431
78, 18, 208, 588, -0.8615005612373352
78, 19, 471, 614, -0.7034247517585754
78, 20, 219, 592, -0.9435084462165833
78, 21, 463, 598, -0.5572996735572815
78, 22, 225, 577, -0.7926852107048035
78, 23, 413, 580, -0.010001499205827713
78, 24, 276, 576, 0.01196473278105259
78, 25, 390, 849, -0.15658977627754211
78, 26, 251, 838, -0.05050427466630936
78, 27, 385, 1095, 0.2812840938568115
78, 28, 247, 1090, 0.1764443814754486
78, 29, 385, 1128, 0.29624226689338684
78, 30, 245, 1126, 0.1784077137708664
78, 31, 365, 1163, -0.22942042350769043
78, 32, 257, 1156, -0.3858974277973175
79, 0, 361, 151, -1.1573171615600586
79, 1, 372, 131, -1.1011052131652832
79, 2, 380, 132, -1.1012588739395142
79, 3, 388, 133, -1.101430058479309
79, 4, 349, 130, -1.1207112073898315
79, 5, 341, 130, -1.1209347248077393
79, 6, 331, 131, -1.1212847232818604
79, 7, 395, 145, -0.6786643266677856
79, 8, 317, 143, -0.7636860609054565
79, 9, 373, 177, -0.9931010007858276
79, 10, 344, 177, -1.0179100036621094
79, 11, 455, 284, -0.34231239557266235
79, 12, 247, 274, -0.4799501299858093
79, 13, 474, 443, -0.13669857382774353
79, 14, 208, 428, -0.36723893880844116
79, 15, 478, 569, -0.4845866560935974
79, 16, 235, 513, -0.7358407378196716
79, 17, 472, 609, -0.5827268362045288
79, 18, 236, 546, -0.8485745191574097
79, 19, 462, 603, -0.6906787157058716
79, 20, 253, 534, -0.9233958125114441
79, 21, 455, 587, -0.5417135953903198
79, 22, 254, 511, -0.7736917734146118
79, 23, 413, 580, -0.012650549411773682
79, 24, 279, 576, 0.014474543742835522
79, 25, 389, 840, -0.15484729409217834
79, 26, 250, 830, -0.05013004690408707
79, 27, 385, 1085, 0.28124597668647766
79, 28, 247, 1082, 0.1759262979030609
79, 29, 385, 1118, 0.2962040901184082
79, 30, 246, 1118, 0.17708571255207062
79, 31, 365, 1153, -0.22781117260456085
79, 32, 257, 1148, -0.38560110330581665
80, 0, 361, 152, -0.985335648059845
80, 1, 372, 132, -0.9227641224861145
80, 2, 379, 132, -0.9230574369430542
80, 3, 388, 134, -0.9231546521186829
80, 4, 349, 130, -0.9419018030166626
80, 5, 341, 131, -0.942123293876648
80, 6, 331, 132, -0.9425433278083801
80, 7, 395, 145, -0.5005389451980591
80, 8, 317, 143, -0.585669219493866
80, 9, 373, 178, -0.8235628008842468
80, 10, 344, 178, -0.8484145998954773
80, 11, 455, 284, -0.17094042897224426
80, 12, 247, 274, -0.3480314612388611
80, 13, 474, 442, 0.042998313903808594
80, 14, 201, 423, -0.3450544476509094
80, 15, 475, 551, -0.3187149167060852
80, 16, 252, 464, -0.7799971699714661
80, 17, 473, 593, -0.4170110821723938
80, 18, 265, 483, -0.9105362892150879
80, 19, 464, 586, -0.5230740904808044
80, 20, 274, 460, -0.9589133262634277
80, 21, 457, 570, -0.37560147047042847
80, 22, 272, 453, -0.8065201640129089
80, 23, 418, 580, -0.010023538954555988
80, 24, 289, 578, 0.011674246750772
80, 25, 397, 833, -0.12881353497505188
80, 26, 265, 824, -0.05785270780324936
80, 27, 403, 1078, 0.29319044947624207
80, 28, 275, 1075, 0.16207104921340942
80, 29, 403, 1112, 0.30844998359680176
80, 30, 276, 1109, 0.16423247754573822
80, 31, 388, 1145, -0.18636271357536316
80, 32, 291, 1142, -0.3849853277206421
81, 0, 361, 153, -0.9648496508598328
81, 1, 372, 133, -0.8991807699203491
81, 2, 379, 133, -0.8994730114936829
81, 3, 388, 134, -0.8995531797409058
81, 4, 349, 132, -0.9180878400802612
81, 5, 341, 133, -0.9183362722396851
81, 6, 331, 134, -0.9187387228012085
81, 7, 395, 145, -0.4634295105934143
81, 8, 317, 144, -0.5486708283424377
81, 9, 373, 179, -0.7980712056159973
81, 10, 344, 180, -0.823194682598114
81, 11, 455, 283, -0.13172204792499542
81, 12, 249, 274, -0.31606271862983704
81, 13, 475, 439, 0.07425853610038757
81, 14, 191, 417, -0.4089222848415375
81, 15, 475, 553, -0.2684459090232849
81, 16, 257, 430, -0.9811637997627258
81, 17, 480, 594, -0.3576146960258484
81, 18, 274, 441, -1.120662808418274
81, 19, 471, 587, -0.4617517590522766
81, 20, 285, 427, -1.1496222019195557
81, 21, 463, 571, -0.3231174349784851
81, 22, 283, 422, -1.0015947818756104
81, 23, 424, 582, -0.010424249805510044
81, 24, 298, 582, 0.012010158970952034
81, 25, 402, 823, -0.12312953174114227
81, 26, 277, 815, -0.04742056876420975
81, 27, 415, 1068, 0.31577232480049133
81, 28, 295, 1066, 0.18374262750148773
81, 29, 416, 1103, 0.332378089427948
81, 30, 297, 1100, 0.18800316751003265
81, 31, 401, 1133, -0.1512083113193512
81, 32, 307, 1134, -0.3282802999019623
82, 0, 361, 155, -0.8360751867294312
82, 1, 372, 133, -0.7711224555969238
82, 2, 379, 134, -0.7714925408363342
82, 3, 387, 135, -0.7716449499130249
82, 4, 349, 133, -0.7862206697463989
82, 5, 340, 133, -0.7863789200782776
82, 6, 330, 135, -0.7867072820663452
82, 7, 394, 145, -0.34562379121780396
82, 8, 317, 145, -0.41698533296585083
82, 9, 373, 181, -0.6745446920394897
82, 10, 344, 182, -0.6955689787864685
82, 11, 454, 281, -0.0560123510658741
82, 12, 252, 274, -0.22499707341194153
82, 13, 475, 436, 0.08099479973316193
82, 14, 188, 417, -0.565209150314331
82, 15, 476, 552, -0.24341602623462677
82, 16, 256, 383, -1.360611081123352
82, 17, 482, 589, -0.3231090009212494
82, 18, 268, 384, -1.5245686769485474
82, 19, 472, 583, -0.42214012145996094
82, 20, 276, 367, -1.5266841650009155
82, 21, 465, 568, -0.29362261295318604
82, 22, 278, 367, -1.3783148527145386
82, 23, 426, 584, -0.010290158912539482
82, 24, 301, 584, 0.011891990900039673
82, 25, 405, 823, -0.10338429361581802
82, 26, 282, 815, -0.04165121167898178
82, 27, 417, 1066, 0.32502979040145874
82, 28, 299, 1062, 0.19051587581634521
82, 29, 419, 1101, 0.3400769531726837
82, 30, 300, 1096, 0.19571056962013245
82, 31, 404, 1130, -0.13832099735736847
82, 32, 311, 1129, -0.31410783529281616
83, 0, 361, 155, -0.7594847679138184
83, 1, 371, 133, -0.6971381306648254
83, 2, 378, 134, -0.6975051164627075
83, 3, 386, 135, -0.6976732015609741
83, 4, 348, 133, -0.7097917795181274
83, 5, 340, 133, -0.7099467515945435
83, 6, 330, 135, -0.7102245688438416
83, 7, 394, 145, -0.2919013798236847
83, 8, 317, 145, -0.3538890779018402
83, 9, 373, 181, -0.6066378951072693
83, 10, 344, 182, -0.6246892213821411
83, 11, 453, 281, -0.022609267383813858
83, 12, 253, 274, -0.19093763828277588
83, 13, 475, 435, 0.06740151345729828
83, 14, 181, 417, -0.624908983707428
83, 15, 477, 551, -0.24858927726745605
83, 16, 252, 351, -1.444828748703003
83, 17, 482, 592, -0.3217073082923889
83, 18, 257, 338, -1.6100928783416748
83, 19, 473, 587, -0.4146798551082611
83, 20, 267, 319, -1.5959242582321167
83, 21, 465, 572, -0.29542332887649536
83, 22, 270, 325, -1.458681344985962
83, 23, 426, 584, -0.005472650285810232
83, 24, 301, 586, 0.006993490271270275
83, 25, 405, 824, -0.10087009519338608
83, 26, 281, 815, -0.05415826290845871
83, 27, 417, 1065, 0.3066251873970032
83, 28, 296, 1060, 0.1484633982181549
83, 29, 418, 1098, 0.3194379210472107
83, 30, 297, 1093, 0.15216875076293945
83, 31, 405, 1128, -0.14920569956302643
83, 32, 311, 1126, -0.3233562707901001
84, 0, 360, 155, -0.7622629404067993
84, 1, 371, 133, -0.6994935274124146
84, 2, 377, 134, -0.699840784072876
84, 3, 384, 135, -0.6999533176422119
84, 4, 348, 133, -0.7104718089103699
84, 5, 339, 134, -0.7106845378875732
84, 6, 329, 135, -0.7110347151756287
84, 7, 393, 145, -0.29891327023506165
84, 8, 316, 146, -0.35242387652397156
84, 9, 372, 181, -0.6140986680984497
84, 10, 344, 182, -0.6300532817840576
84, 11, 453, 281, -0.04836821183562279
84, 12, 254, 274, -0.188680037856102
84, 13, 475, 436, 0.040964480489492416
84, 14, 177, 417, -0.64536452293396
84, 15, 478, 552, -0.2421909123659134
84, 16, 244, 313, -1.45819890499115
84, 17, 484, 601, -0.3109985589981079
84, 18, 257, 298, -1.628037691116333
84, 19, 474, 593, -0.3990733325481415
84, 20, 264, 284, -1.6117792129516602
84, 21, 465, 580, -0.28732725977897644
84, 22, 268, 294, -1.4753210544586182
84, 23, 428, 584, -0.004008313175290823
84, 24, 300, 587, 0.005585548467934132
84, 25, 409, 825, -0.09033380448818207
84, 26, 279, 819, -0.06584084033966064
84, 27, 415, 1066, 0.30668550729751587
84, 28, 291, 1062, 0.13381899893283844
84, 29, 416, 1100, 0.31933119893074036
84, 30, 292, 1096, 0.13796603679656982
84, 31, 402, 1132, -0.15520106256008148
84, 32, 306, 1129, -0.36369210481643677
85, 0, 359, 156, -0.7586053609848022
85, 1, 370, 133, -0.6934714317321777
85, 2, 375, 134, -0.6938112378120422
85, 3, 382, 135, -0.6939393281936646
85, 4, 347, 134, -0.7028694748878479
85, 5, 339, 135, -0.7031280398368835
85, 6, 329, 136, -0.7035309076309204
85, 7, 391, 145, -0.2917190194129944
85, 8, 316, 147, -0.33617064356803894
85, 9, 372, 181, -0.6107555627822876
85, 10, 343, 183, -0.6244550943374634
85, 11, 453, 281, -0.046488404273986816
85, 12, 256, 275, -0.17991985380649567
85, 13, 475, 438, 0.03258367255330086
85, 14, 173, 416, -0.6517155170440674
85, 15, 479, 555, -0.23823490738868713
85, 16, 239, 283, -1.442844033241272
85, 17, 486, 608, -0.3065527081489563
85, 18, 255, 266, -1.615634560585022
85, 19, 476, 602, -0.3935011029243469
85, 20, 265, 256, -1.5904138088226318
85, 21, 467, 589, -0.2827952206134796
85, 22, 265, 265, -1.455877423286438
85, 23, 429, 584, -0.004136937204748392
85, 24, 299, 587, 0.005732738878577948
85, 25, 414, 825, -0.08659853041172028
85, 26, 280, 821, -0.07300358265638351
85, 27, 417, 1068, 0.30721014738082886
85, 28, 293, 1064, 0.12786468863487244
85, 29, 419, 1101, 0.3193837106227875
85, 30, 293, 1098, 0.13237234950065613
85, 31, 404, 1133, -0.15879908204078674
85, 32, 309, 1130, -0.3809579908847809
86, 0, 358, 156, -0.7580646276473999
86, 1, 369, 134, -0.6890286803245544
86, 2, 374, 134, -0.6893483400344849
86, 3, 380, 135, -0.689519464969635
86, 4, 347, 134, -0.6987088322639465
86, 5, 338, 135, -0.6989299058914185
86, 6, 329, 137, -0.6993400454521179
86, 7, 390, 145, -0.27817991375923157
86, 8, 316, 148, -0.32268789410591125
86, 9, 371, 181, -0.6091238856315613
86, 10, 343, 183, -0.6226827502250671
86, 11, 453, 281, -0.0380982980132103
86, 12, 257, 273, -0.18624481558799744
86, 13, 476, 438, 0.036780454218387604
86, 14, 173, 404, -0.69817054271698
86, 15, 479, 556, -0.22174184024333954
86, 16, 236, 257, -1.5111114978790283
86, 17, 487, 609, -0.2908664345741272
86, 18, 253, 234, -1.6926053762435913
86, 19, 477, 602, -0.3772791922092438
86, 20, 264, 227, -1.6634747982025146
86, 21, 468, 589, -0.2663342356681824
86, 22, 263, 236, -1.5248757600784302
86, 23, 429, 583, -0.004238774999976158
86, 24, 299, 587, 0.005871427245438099
86, 25, 414, 827, -0.075404092669487
86, 26, 280, 822, -0.07199364900588989
86, 27, 416, 1068, 0.3328213691711426
86, 28, 291, 1062, 0.13294626772403717
86, 29, 417, 1101, 0.3443816900253296
86, 30, 291, 1094, 0.1333506554365158
86, 31, 403, 1132, -0.14610977470874786
86, 32, 307, 1127, -0.3792088031768799
87, 0, 357, 156, -0.7715548276901245
87, 1, 367, 134, -0.7003248929977417
87, 2, 373, 134, -0.7006570100784302
87, 3, 378, 135, -0.7008416652679443
87, 4, 346, 134, -0.7084201574325562
87, 5, 337, 136, -0.7086797952651978
87, 6, 328, 138, -0.7091054320335388
87, 7, 388, 144, -0.28476402163505554
87, 8, 315, 148, -0.3215610086917877
87, 9, 370, 181, -0.6216320991516113
87, 10, 342, 183, -0.6332064867019653
87, 11, 453, 281, -0.049455396831035614
87, 12, 257, 270, -0.1805647313594818
87, 13, 475, 439, 0.029182791709899902
87, 14, 171, 388, -0.7075169086456299
87, 15, 480, 557, -0.23801466822624207
87, 16, 234, 239, -1.5297925472259521
87, 17, 487, 609, -0.3091113865375519
87, 18, 252, 214, -1.714343786239624
87, 19, 477, 601, -0.3954213559627533
87, 20, 263, 208, -1.6848140954971313
87, 21, 468, 588, -0.28264299035072327
87, 22, 262, 218, -1.544236660003662
87, 23, 429, 581, -0.01089357491582632
87, 24, 298, 585, 0.012588897719979286
87, 25, 413, 825, -0.08096293359994888
87, 26, 279, 819, -0.06817977130413055
87, 27, 415, 1065, 0.3346501290798187
87, 28, 289, 1057, 0.15696506202220917
87, 29, 416, 1098, 0.3463437259197235
87, 30, 290, 1089, 0.1629405915737152
87, 31, 401, 1127, -0.1500743329524994
87, 32, 305, 1123, -0.36839646100997925
88, 0, 356, 157, -0.7747313976287842
88, 1, 366, 134, -0.7014164328575134
88, 2, 372, 134, -0.7017512917518616
88, 3, 377, 135, -0.7019481658935547
88, 4, 345, 135, -0.7093743681907654
88, 5, 337, 136, -0.7096434831619263
88, 6, 328, 138, -0.7100460529327393
88, 7, 387, 144, -0.28513699769973755
88, 8, 315, 149, -0.32086583971977234
88, 9, 369, 181, -0.6241756677627563
88, 10, 342, 183, -0.6356853246688843
88, 11, 453, 281, -0.05301161855459213
88, 12, 258, 265, -0.18573875725269318
88, 13, 475, 439, 0.01820242777466774
88, 14, 171, 373, -0.7244378924369812
88, 15, 480, 557, -0.24291887879371643
88, 16, 234, 223, -1.5133607387542725
88, 17, 487, 609, -0.31213563680648804
88, 18, 255, 196, -1.6971158981323242
88, 19, 478, 601, -0.39749038219451904
88, 20, 266, 192, -1.6602113246917725
88, 21, 468, 588, -0.2869226336479187
88, 22, 264, 201, -1.5252262353897095
88, 23, 429, 581, -0.014209756627678871
88, 24, 297, 585, 0.015966404229402542
88, 25, 413, 822, -0.08975650370121002
88, 26, 281, 815, -0.06741176545619965
88, 27, 416, 1064, 0.3300202488899231
88, 28, 291, 1055, 0.15745273232460022
88, 29, 417, 1098, 0.3411790430545807
88, 30, 291, 1087, 0.1631440818309784
88, 31, 402, 1124, -0.15694960951805115
88, 32, 306, 1120, -0.3684008717536926
89, 0, 355, 157, -0.771884024143219
89, 1, 366, 134, -0.6985366940498352
89, 2, 371, 134, -0.698857307434082
89, 3, 376, 135, -0.6990392804145813
89, 4, 345, 135, -0.7048478126525879
89, 5, 336, 136, -0.705130934715271
89, 6, 328, 138, -0.7055333852767944
89, 7, 386, 144, -0.2843180000782013
89, 8, 314, 149, -0.31151771545410156
89, 9, 369, 181, -0.6227086782455444
89, 10, 342, 183, -0.6319200992584229
89, 11, 453, 281, -0.048726584762334824
89, 12, 259, 263, -0.1783454418182373
89, 13, 475, 438, 0.016198769211769104
89, 14, 170, 364, -0.7126539945602417
89, 15, 480, 558, -0.2282649725675583
89, 16, 233, 216, -1.4915486574172974
89, 17, 488, 610, -0.29689282178878784
89, 18, 254, 189, -1.6772308349609375
89, 19, 478, 600, -0.3822160065174103
89, 20, 265, 184, -1.6355769634246826
89, 21, 468, 588, -0.2722032964229584
89, 22, 263, 193, -1.5019444227218628
89, 23, 429, 577, -0.017057504504919052
89, 24, 297, 582, 0.01882321760058403
89, 25, 414, 821, -0.09245118498802185
89, 26, 283, 814, -0.06746432185173035
89, 27, 417, 1063, 0.32932162284851074
89, 28, 295, 1053, 0.1576259434223175
89, 29, 419, 1097, 0.34094399213790894
89, 30, 295, 1085, 0.16333213448524475
89, 31, 405, 1122, -0.1627228856086731
89, 32, 310, 1117, -0.37197598814964294
90, 0, 355, 157, -0.7680084705352783
90, 1, 366, 134, -0.6958740949630737
90, 2, 371, 134, -0.6961802840232849
90, 3, 376, 135, -0.6963805556297302
90, 4, 345, 135, -0.701103925704956
90, 5, 336, 136, -0.7013812065124512
90, 6, 328, 138, -0.7017666697502136
90, 7, 386, 144, -0.28612619638442993
90, 8, 314, 149, -0.30858302116394043
90, 9, 369, 181, -0.6198161840438843
90, 10, 342, 183, -0.6275846362113953
90, 11, 454, 280, -0.04708303511142731
90, 12, 259, 261, -0.16887672245502472
90, 13, 475, 437, 0.01608899049460888
90, 14, 168, 359, -0.6925569176673889
90, 15, 480, 557, -0.21514876186847687
90, 16, 233, 213, -1.449249029159546
90, 17, 488, 610, -0.2831260561943054
90, 18, 254, 186, -1.6313505172729492
90, 19, 478, 599, -0.3680068254470825
90, 20, 265, 181, -1.5899362564086914
90, 21, 468, 586, -0.25873392820358276
90, 22, 263, 191, -1.4586795568466187
90, 23, 429, 575, -0.019062764942646027
90, 24, 297, 580, 0.020802117884159088
90, 25, 414, 818, -0.10756561905145645
90, 26, 285, 810, -0.07099064439535141
90, 27, 419, 1060, 0.3072453737258911
90, 28, 297, 1049, 0.143700510263443
90, 29, 421, 1095, 0.31801939010620117
90, 30, 298, 1081, 0.14820054173469543
90, 31, 407, 1118, -0.18458062410354614
90, 32, 312, 1113, -0.3844165503978729
91, 0, 355, 157, -0.7624064683914185
91, 1, 365, 134, -0.6916859149932861
91, 2, 371, 134, -0.6920017004013062
91, 3, 376, 135, -0.6921992301940918
91, 4, 344, 136, -0.693857729434967
91, 5, 336, 137, -0.6941629648208618
91, 6, 328, 139, -0.6945892572402954
91, 7, 386, 144, -0.2881295680999756
91, 8, 314, 149, -0.29698580503463745
91, 9, 369, 182, -0.6177332997322083
91, 10, 341, 183, -0.6216744184494019
91, 11, 454, 280, -0.05708013102412224
91, 12, 260, 261, -0.15440168976783752
91, 13, 476, 437, -0.009493962861597538
91, 14, 166, 354, -0.6806377172470093
91, 15, 480, 557, -0.21650686860084534
91, 16, 233, 212, -1.4472565650939941
91, 17, 487, 609, -0.28578615188598633
91, 18, 254, 186, -1.6295236349105835
91, 19, 476, 598, -0.38573458790779114
91, 20, 265, 182, -1.5881038904190063
91, 21, 468, 585, -0.26859962940216064
91, 22, 263, 191, -1.4573497772216797
91, 23, 429, 575, -0.02598940208554268
91, 24, 297, 579, 0.02766259014606476
91, 25, 415, 819, -0.10882844030857086
91, 26, 286, 811, -0.06671370565891266
91, 27, 419, 1060, 0.3066125512123108
91, 28, 298, 1049, 0.15123054385185242
91, 29, 421, 1095, 0.31741124391555786
91, 30, 298, 1081, 0.1570914089679718
91, 31, 406, 1118, -0.18626748025417328
91, 32, 312, 1113, -0.37612801790237427
92, 0, 355, 158, -0.7583326697349548
92, 1, 365, 135, -0.6883813142776489
92, 2, 371, 135, -0.6886935830116272
92, 3, 376, 135, -0.6889022588729858
92, 4, 344, 136, -0.6886698007583618
92, 5, 336, 137, -0.688983678817749
92, 6, 328, 139, -0.6894137859344482
92, 7, 386, 144, -0.28662604093551636
92, 8, 315, 149, -0.28690311312675476
92, 9, 369, 182, -0.6144756078720093
92, 10, 341, 184, -0.6159595847129822
92, 11, 454, 280, -0.06207994371652603
92, 12, 261, 261, -0.13745781779289246
92, 13, 476, 436, -0.018991444259881973
92, 14, 166, 351, -0.6717211008071899
92, 15, 480, 557, -0.22408878803253174
92, 16, 233, 212, -1.4427497386932373
92, 17, 485, 609, -0.29607197642326355
92, 18, 254, 187, -1.624782919883728
92, 19, 475, 597, -0.39690932631492615
92, 20, 265, 184, -1.5845004320144653
92, 21, 467, 584, -0.2790442705154419
92, 22, 263, 193, -1.453566312789917
92, 23, 430, 575, -0.034169819205999374
92, 24, 297, 579, 0.035765521228313446
92, 25, 415, 818, -0.11267106235027313
92, 26, 286, 810, -0.05682823807001114
92, 27, 418, 1060, 0.30557554960250854
92, 28, 297, 1048, 0.16990926861763
92, 29, 421, 1094, 0.316389799118042
92, 30, 297, 1080, 0.1768496334552765
92, 31, 405, 1118, -0.18768468499183655
92, 32, 311, 1112, -0.3570793867111206
93, 0, 355, 158, -0.7281991243362427
93, 1, 365, 135, -0.6587565541267395
93, 2, 371, 135, -0.6590484976768494
93, 3, 376, 136, -0.6592355370521545
93, 4, 344, 137, -0.6588289141654968
93, 5, 336, 137, -0.6591368913650513
93, 6, 328, 139, -0.6595925688743591
93, 7, 387, 145, -0.2646407186985016
93, 8, 315, 149, -0.2639407813549042
93, 9, 369, 182, -0.588077962398529
93, 10, 341, 184, -0.5889954566955566
93, 11, 454, 280, -0.05041385442018509
93, 12, 262, 260, -0.1308240443468094
93, 13, 476, 436, -0.014007282443344593
93, 14, 165, 351, -0.6669660806655884
93, 15, 480, 557, -0.22548119723796844
93, 16, 233, 212, -1.4253019094467163
93, 17, 484, 608, -0.2945334315299988
93, 18, 254, 187, -1.603635549545288
93, 19, 475, 597, -0.3799448609352112
93, 20, 266, 183, -1.578121542930603
93, 21, 467, 584, -0.2710650861263275
93, 22, 264, 192, -1.4381352663040161
93, 23, 429, 574, -0.03281760960817337
93, 24, 297, 578, 0.03443906828761101
93, 25, 415, 818, -0.1113155335187912
93, 26, 286, 810, -0.06107544153928757
93, 27, 416, 1059, 0.305803507566452
93, 28, 294, 1047, 0.16549226641654968
93, 29, 418, 1093, 0.31645530462265015
93, 30, 293, 1079, 0.17319360375404358
93, 31, 402, 1118, -0.18682695925235748
93, 32, 308, 1111, -0.3612631559371948
94, 0, 355, 158, -0.7272931933403015
94, 1, 366, 135, -0.6570520997047424
94, 2, 372, 135, -0.6573156118392944
94, 3, 377, 136, -0.657468318939209
94, 4, 345, 136, -0.6592046022415161
94, 5, 336, 137, -0.6594876050949097
94, 6, 328, 139, -0.659950852394104
94, 7, 387, 145, -0.26152926683425903
94, 8, 315, 149, -0.2700023353099823
94, 9, 369, 182, -0.587231457233429
94, 10, 341, 184, -0.5907600522041321
94, 11, 454, 280, -0.046157144010066986
94, 12, 262, 260, -0.1443902850151062
94, 13, 476, 435, -0.0076080127619206905
94, 14, 165, 351, -0.6775999665260315
94, 15, 482, 557, -0.22450880706310272
94, 16, 233, 211, -1.4241970777511597
94, 17, 485, 608, -0.29291456937789917
94, 18, 256, 186, -1.602447271347046
94, 19, 476, 597, -0.373282253742218
94, 20, 267, 181, -1.5677177906036377
94, 21, 468, 584, -0.267866313457489
94, 22, 266, 190, -1.434197187423706
94, 23, 429, 573, -0.03211308270692825
94, 24, 297, 578, 0.033812716603279114
94, 25, 416, 819, -0.10465849936008453
94, 26, 285, 811, -0.06863152980804443
94, 27, 416, 1059, 0.3123064637184143
94, 28, 294, 1047, 0.15884748101234436
94, 29, 418, 1092, 0.32314082980155945
94, 30, 292, 1078, 0.16707858443260193
94, 31, 402, 1118, -0.18119661509990692
94, 32, 308, 1110, -0.37255847454071045
95, 0, 357, 158, -0.7222929000854492
95, 1, 368, 136, -0.6513707041740417
95, 2, 373, 136, -0.6516115665435791
95, 3, 379, 137, -0.6517597436904907
95, 4, 346, 137, -0.6547258496284485
95, 5, 338, 137, -0.6549952626228333
95, 6, 330, 139, -0.6554670333862305
95, 7, 390, 146, -0.25499945878982544
95, 8, 316, 149, -0.26944640278816223
95, 9, 369, 183, -0.5823865532875061
95, 10, 342, 184, -0.5876737833023071
95, 11, 454, 280, -0.041078366339206696
95, 12, 262, 258, -0.14577770233154297
95, 13, 476, 435, 0.002756889443844557
95, 14, 164, 353, -0.6746267676353455
95, 15, 485, 557, -0.21599097549915314
95, 16, 235, 211, -1.419067144393921
95, 17, 486, 608, -0.28403931856155396
95, 18, 259, 183, -1.5958714485168457
95, 19, 478, 597, -0.36114466190338135
95, 20, 270, 179, -1.5573172569274902
95, 21, 469, 584, -0.2582511603832245
95, 22, 268, 189, -1.4326452016830444
95, 23, 429, 572, -0.03145573288202286
95, 24, 295, 576, 0.033253975212574005
95, 25, 416, 819, -0.10196510702371597
95, 26, 284, 811, -0.0745813250541687
95, 27, 414, 1058, 0.3138123154640198
95, 28, 288, 1046, 0.15244601666927338
95, 29, 416, 1091, 0.3245869278907776
95, 30, 285, 1077, 0.16082864999771118
95, 31, 400, 1118, -0.179725781083107
95, 32, 305, 1110, -0.3824467062950134
96, 0, 358, 159, -0.7226595282554626
96, 1, 369, 137, -0.654252827167511
96, 2, 375, 137, -0.654518187046051
96, 3, 382, 139, -0.6546758413314819
96, 4, 348, 137, -0.6546059250831604
96, 5, 339, 138, -0.6548464298248291
96, 6, 331, 139, -0.6553212404251099
96, 7, 393, 147, -0.26270681619644165
96, 8, 318, 149, -0.2633715569972992
96, 9, 370, 183, -0.5850594639778137
96, 10, 343, 184, -0.5864318609237671
96, 11, 454, 280, -0.05166478082537651
96, 12, 262, 258, -0.1258518099784851
96, 13, 476, 435, -0.025918012484908104
96, 14, 164, 354, -0.6465962529182434
96, 15, 485, 557, -0.25202637910842896
96, 16, 237, 211, -1.387621283531189
96, 17, 487, 608, -0.3264193534851074
96, 18, 259, 183, -1.5641928911209106
96, 19, 479, 597, -0.39289528131484985
96, 20, 270, 178, -1.5169528722763062
96, 21, 470, 584, -0.2907940447330475
96, 22, 269, 189, -1.3969438076019287
96, 23, 429, 572, -0.03656480461359024
96, 24, 293, 576, 0.0384240560233593
96, 25, 416, 819, -0.10202906280755997
96, 26, 284, 811, -0.059369467198848724
96, 27, 413, 1058, 0.3194001317024231
96, 28, 286, 1046, 0.1880817711353302
96, 29, 415, 1091, 0.3307969570159912
96, 30, 282, 1077, 0.1991533637046814
96, 31, 399, 1118, -0.17315323650836945
96, 32, 303, 1109, -0.34605905413627625
97, 0, 363, 159, -0.7235614657402039
97, 1, 373, 138, -0.6582897305488586
97, 2, 380, 138, -0.65845787525177
97, 3, 387, 139, -0.6585687398910522
97, 4, 352, 137, -0.6570854783058167
97, 5, 343, 138, -0.6572539806365967
97, 6, 335, 139, -0.6577209234237671
97, 7, 397, 148, -0.28051066398620605
97, 8, 320, 149, -0.2825638949871063
97, 9, 372, 184, -0.594955325126648
97, 10, 347, 184, -0.5955670475959778
97, 11, 455, 280, -0.09002760797739029
97, 12, 263, 258, -0.1353430449962616
97, 13, 476, 435, -0.060618359595537186
97, 14, 163, 356, -0.6401166319847107
97, 15, 485, 557, -0.3144751191139221
97, 16, 236, 215, -1.3583635091781616
97, 17, 488, 608, -0.3994835317134857
97, 18, 257, 185, -1.5332379341125488
97, 19, 479, 597, -0.4697311818599701
97, 20, 268, 181, -1.4864802360534668
97, 21, 470, 584, -0.3554394245147705
97, 22, 268, 192, -1.3656734228134155
97, 23, 428, 571, -0.03563748300075531
97, 24, 293, 574, 0.0374852754175663
97, 25, 416, 818, -0.1004590168595314
97, 26, 282, 810, -0.05569799616932869
97, 27, 411, 1057, 0.3250373899936676
97, 28, 281, 1043, 0.1903516948223114
97, 29, 412, 1089, 0.33700740337371826
97, 30, 276, 1073, 0.2005651444196701
97, 31, 396, 1116, -0.16210365295410156
97, 32, 299, 1106, -0.340900719165802
98, 0, 366, 159, -0.7728099226951599
98, 1, 376, 138, -0.7075060606002808
98, 2, 383, 139, -0.7076686024665833
98, 3, 390, 140, -0.7077909708023071
98, 4, 355, 137, -0.7097553610801697
98, 5, 346, 138, -0.7100111842155457
98, 6, 337, 139, -0.7104697823524475
98, 7, 400, 149, -0.32017311453819275
98, 8, 322, 149, -0.33504486083984375
98, 9, 375, 184, -0.6375964879989624
98, 10, 349, 184, -0.6422806978225708
98, 11, 455, 280, -0.11599639803171158
98, 12, 264, 257, -0.1585790365934372
98, 13, 476, 435, -0.07029809802770615
98, 14, 161, 356, -0.6418073177337646
98, 15, 484, 558, -0.32181888818740845
98, 16, 236, 219, -1.3579124212265015
98, 17, 487, 610, -0.40553730726242065
98, 18, 255, 189, -1.5319515466690063
98, 19, 477, 599, -0.4788424074649811
98, 20, 266, 185, -1.487165093421936
98, 21, 469, 586, -0.36294078826904297
98, 22, 267, 196, -1.3647162914276123
98, 23, 425, 569, -0.03522741422057152
98, 24, 290, 571, 0.03701138123869896
98, 25, 412, 817, -0.10051081329584122
98, 26, 280, 809, -0.05008164793252945
98, 27, 405, 1054, 0.3246639668941498
98, 28, 277, 1040, 0.19197317957878113
98, 29, 407, 1087, 0.33661386370658875
98, 30, 272, 1070, 0.20153561234474182
98, 31, 391, 1113, -0.16061848402023315
98, 32, 294, 1101, -0.33489033579826355
99, 0, 367, 159, -0.7753973007202148
99, 1, 378, 138, -0.7095661163330078
99, 2, 385, 139, -0.7097305059432983
99, 3, 392, 140, -0.7098250389099121
99, 4, 356, 137, -0.7121973037719727
99, 5, 348, 138, -0.7124767899513245
99, 6, 339, 139, -0.7129483222961426
99, 7, 402, 149, -0.32053273916244507
99, 8, 324, 148, -0.3367602229118347
99, 9, 376, 184, -0.6390010118484497
99, 10, 351, 184, -0.6443124413490295
99, 11, 456, 281, -0.11176160722970963
99, 12, 265, 257, -0.16180278360843658
99, 13, 475, 438, -0.06225227192044258
99, 14, 159, 357, -0.6437486410140991
99, 15, 483, 571, -0.31081223487854004
99, 16, 236, 222, -1.3612654209136963
99, 17, 487, 623, -0.3904193937778473
99, 18, 253, 192, -1.5356086492538452
99, 19, 477, 614, -0.4657462537288666
99, 20, 264, 187, -1.4915425777435303
99, 21, 468, 599, -0.3523058295249939
99, 22, 266, 198, -1.3684332370758057
99, 23, 423, 570, -0.035075392574071884
99, 24, 288, 571, 0.03691888600587845
99, 25, 409, 817, -0.09920541942119598
99, 26, 278, 809, -0.050579845905303955
99, 27, 403, 1055, 0.32444995641708374
99, 28, 276, 1040, 0.18940965831279755
99, 29, 404, 1087, 0.33635979890823364
99, 30, 271, 1071, 0.19853942096233368
99, 31, 389, 1113, -0.16027943789958954
99, 32, 293, 1101, -0.33841603994369507
100, 0, 368, 159, -0.7737224102020264
100, 1, 380, 139, -0.7072244882583618
100, 2, 387, 139, -0.7073770761489868
100, 3, 394, 141, -0.7074773907661438
100, 4, 358, 137, -0.7105003595352173
100, 5, 349, 138, -0.7107945680618286
100, 6, 340, 139, -0.7112852334976196
100, 7, 404, 150, -0.31820350885391235
100, 8, 326, 148, -0.3351518511772156
100, 9, 377, 184, -0.6372755765914917
100, 10, 352, 184, -0.6437090635299683
100, 11, 457, 282, -0.10702764987945557
100, 12, 265, 257, -0.16253656148910522
100, 13, 474, 439, -0.061560459434986115
100, 14, 157, 357, -0.6440989375114441
100, 15, 483, 573, -0.30637380480766296
100, 16, 235, 223, -1.3633099794387817
100, 17, 489, 625, -0.38538652658462524
100, 18, 249, 194, -1.5380364656448364
100, 19, 478, 617, -0.4627629816532135
100, 20, 262, 188, -1.495050311088562
100, 21, 468, 602, -0.3489009737968445
100, 22, 264, 199, -1.3708215951919556
100, 23, 421, 570, -0.028779681771993637
100, 24, 286, 571, 0.030465170741081238
100, 25, 405, 817, -0.0902453288435936
100, 26, 274, 809, -0.06212326139211655
100, 27, 399, 1055, 0.3257959485054016
100, 28, 273, 1040, 0.1728866696357727
100, 29, 400, 1087, 0.33753615617752075
100, 30, 268, 1070, 0.181050643324852
100, 31, 385, 1113, -0.1571834236383438
100, 32, 290, 1101, -0.3527477979660034
101, 0, 368, 160, -0.7737950086593628
101, 1, 380, 139, -0.7075594067573547
101, 2, 388, 140, -0.7077142596244812
101, 3, 394, 141, -0.7078240513801575
101, 4, 359, 138, -0.7112473249435425
101, 5, 350, 138, -0.7115229964256287
101, 6, 342, 139, -0.7120125889778137
101, 7, 405, 151, -0.31916919350624084
101, 8, 328, 149, -0.34115326404571533
101, 9, 378, 185, -0.6368439197540283
101, 10, 353, 184, -0.6437507271766663
101, 11, 458, 283, -0.10343419015407562
101, 12, 265, 257, -0.17108340561389923
101, 13, 474, 440, -0.06058996170759201
101, 14, 156, 358, -0.6439448595046997
101, 15, 483, 573, -0.31163546442985535
101, 16, 229, 224, -1.3649680614471436
101, 17, 490, 625, -0.39160555601119995
101, 18, 239, 195, -1.541090965270996
101, 19, 478, 618, -0.47183290123939514
101, 20, 252, 190, -1.501930832862854
101, 21, 468, 603, -0.35544121265411377
101, 22, 256, 200, -1.373280644416809
101, 23, 419, 570, -0.017999667674303055
101, 24, 284, 570, 0.019584380090236664
101, 25, 402, 816, -0.07337608933448792
101, 26, 270, 806, -0.07294259965419769
101, 27, 394, 1052, 0.3338814675807953
101, 28, 265, 1037, 0.15494707226753235
101, 29, 394, 1084, 0.34576502442359924
101, 30, 260, 1068, 0.16211768984794617
101, 31, 378, 1111, -0.1398668885231018
101, 32, 282, 1099, -0.36760658025741577
102, 0, 369, 161, -0.7555021047592163
102, 1, 381, 141, -0.6930800676345825
102, 2, 388, 142, -0.6932457089424133
102, 3, 395, 143, -0.693403959274292
102, 4, 360, 139, -0.6975870728492737
102, 5, 351, 139, -0.6978115439414978
102, 6, 343, 140, -0.6982824206352234
102, 7, 406, 152, -0.3155364394187927
102, 8, 331, 149, -0.34042301774024963
102, 9, 378, 186, -0.6204013824462891
102, 10, 354, 186, -0.6286666989326477
102, 11, 458, 284, -0.09393525123596191
102, 12, 266, 257, -0.17102251946926117
102, 13, 473, 440, -0.04631909355521202
102, 14, 155, 358, -0.6234856843948364
102, 15, 483, 576, -0.3140345513820648
102, 16, 224, 227, -1.35078763961792
102, 17, 490, 625, -0.39552733302116394
102, 18, 231, 196, -1.5265864133834839
102, 19, 478, 620, -0.4770427644252777
102, 20, 246, 190, -1.4928271770477295
102, 21, 468, 605, -0.35878318548202515
102, 22, 250, 201, -1.3609492778778076
102, 23, 417, 570, -0.009408196434378624
102, 24, 283, 568, 0.01098436489701271
102, 25, 399, 815, -0.06326574832201004
102, 26, 267, 803, -0.0823221355676651
102, 27, 390, 1049, 0.33342409133911133
102, 28, 260, 1034, 0.13287273049354553
102, 29, 390, 1081, 0.3452392518520355
102, 30, 255, 1064, 0.139267697930336
102, 31, 373, 1109, -0.13378041982650757
102, 32, 277, 1095, -0.3818258047103882
103, 0, 369, 162, -0.7159063220024109
103, 1, 381, 142, -0.6566025614738464
103, 2, 389, 143, -0.6567798256874084
103, 3, 396, 144, -0.6569722890853882
103, 4, 360, 140, -0.661819577217102
103, 5, 352, 140, -0.6619718670845032
103, 6, 344, 140, -0.6623777151107788
103, 7, 407, 153, -0.287227064371109
103, 8, 333, 149, -0.31803715229034424
103, 9, 379, 187, -0.5817784667015076
103, 10, 353, 186, -0.5912274718284607
103, 11, 458, 285, -0.06168223172426224
103, 12, 266, 257, -0.1583394706249237
103, 13, 472, 440, -0.009967165067791939
103, 14, 155, 359, -0.5910041928291321
103, 15, 483, 576, -0.31797778606414795
103, 16, 207, 230, -1.3526484966278076
103, 17, 490, 625, -0.4036412835121155
103, 18, 215, 200, -1.5291658639907837
103, 19, 477, 619, -0.48798173666000366
103, 20, 229, 191, -1.498146653175354
103, 21, 468, 604, -0.36464041471481323
103, 22, 234, 204, -1.3639485836029053
103, 23, 417, 568, -0.0022472660057246685
103, 24, 283, 564, 0.0038828528486192226
103, 25, 397, 811, -0.06332317739725113
103, 26, 266, 797, -0.09210998564958572
103, 27, 388, 1044, 0.31623661518096924
103, 28, 258, 1028, 0.09850245714187622
103, 29, 388, 1075, 0.3269108533859253
103, 30, 253, 1058, 0.10283265262842178
103, 31, 369, 1104, -0.13401922583580017
103, 32, 275, 1089, -0.4111328125
104, 0, 368, 163, -0.6781681776046753
104, 1, 381, 143, -0.6182644963264465
104, 2, 389, 143, -0.6184157729148865
104, 3, 396, 145, -0.6185797452926636
104, 4, 360, 141, -0.6240571737289429
104, 5, 352, 141, -0.6241494417190552
104, 6, 344, 141, -0.624488115310669
104, 7, 407, 154, -0.24853861331939697
104, 8, 334, 149, -0.2816801071166992
104, 9, 379, 187, -0.5440956354141235
104, 10, 353, 186, -0.5541349649429321
104, 11, 458, 286, -0.026585519313812256
104, 12, 266, 258, -0.14222776889801025
104, 13, 472, 440, 0.02932094596326351
104, 14, 155, 359, -0.5823127627372742
104, 15, 483, 578, -0.2976345419883728
104, 16, 193, 237, -1.3769595623016357
104, 17, 490, 625, -0.38095951080322266
104, 18, 197, 209, -1.557608962059021
104, 19, 477, 620, -0.4698537290096283
104, 20, 212, 199, -1.5437530279159546
104, 21, 467, 606, -0.3461701273918152
104, 22, 219, 212, -1.3962721824645996
104, 23, 417, 568, 0.0013470043195411563
104, 24, 283, 564, 0.00045750787830911577
104, 25, 398, 811, -0.06241742894053459
104, 26, 266, 797, -0.10087327659130096
104, 27, 388, 1044, 0.3123844265937805
104, 28, 258, 1028, 0.08265203982591629
104, 29, 388, 1074, 0.32280680537223816
104, 30, 253, 1059, 0.0861409455537796
104, 31, 369, 1104, -0.13708379864692688
104, 32, 275, 1090, -0.4319872260093689
105, 0, 368, 163, -0.6143316626548767
105, 1, 382, 143, -0.5537614226341248
105, 2, 389, 144, -0.553902268409729
105, 3, 397, 145, -0.5539959073066711
105, 4, 360, 141, -0.5636827349662781
105, 5, 353, 141, -0.5637332201004028
105, 6, 345, 141, -0.5640267133712769
105, 7, 409, 155, -0.18413294851779938
105, 8, 335, 150, -0.23592528700828552
105, 9, 379, 187, -0.4796212315559387
105, 10, 353, 186, -0.4951447546482086
105, 11, 459, 286, 0.038452282547950745
105, 12, 266, 258, -0.13428060710430145
105, 13, 472, 440, 0.09775713086128235
105, 14, 157, 359, -0.5924241542816162
105, 15, 483, 577, -0.2268069088459015
105, 16, 186, 251, -1.4519400596618652
105, 17, 489, 625, -0.29665982723236084
105, 18, 186, 226, -1.6315330266952515
105, 19, 476, 620, -0.38196420669555664
105, 20, 201, 214, -1.618910551071167
105, 21, 466, 605, -0.2734799385070801
105, 22, 208, 225, -1.471309781074524
105, 23, 417, 568, 0.008910030126571655
105, 24, 283, 563, -0.00684835622087121
105, 25, 398, 812, -0.06290753185749054
105, 26, 266, 797, -0.11457855999469757
105, 27, 388, 1044, 0.3030823767185211
105, 28, 258, 1028, 0.05373118445277214
105, 29, 389, 1074, 0.31320399045944214
105, 30, 253, 1058, 0.05627649277448654
105, 31, 369, 1105, -0.13896338641643524
105, 32, 275, 1091, -0.4591747224330902
106, 0, 369, 163, -0.6377923488616943
106, 1, 383, 143, -0.5758017301559448
106, 2, 391, 144, -0.5759721994400024
106, 3, 398, 145, -0.5761078000068665
106, 4, 361, 141, -0.5862405896186829
106, 5, 354, 141, -0.5863345265388489
106, 6, 346, 142, -0.5866450667381287
106, 7, 410, 155, -0.1963573843240738
106, 8, 336, 150, -0.24990972876548767
106, 9, 380, 187, -0.49957093596458435
106, 10, 354, 186, -0.5157501101493835
106, 11, 459, 287, 0.028742879629135132
106, 12, 266, 258, -0.13265055418014526
106, 13, 472, 440, 0.09475265443325043
106, 14, 158, 360, -0.5903016924858093
106, 15, 483, 577, -0.23189863562583923
106, 16, 184, 254, -1.4454708099365234
106, 17, 488, 624, -0.30572015047073364
106, 18, 182, 229, -1.625548005104065
106, 19, 475, 619, -0.3921138644218445
106, 20, 196, 218, -1.615837812423706
106, 21, 466, 605, -0.2788996696472168
106, 22, 204, 230, -1.4659693241119385
106, 23, 417, 568, 0.009993528015911579
106, 24, 283, 563, -0.007945588789880276
106, 25, 398, 812, -0.055107809603214264
106, 26, 266, 798, -0.11314491927623749
106, 27, 388, 1044, 0.3061935305595398
106, 28, 259, 1028, 0.06708789616823196
106, 29, 389, 1074, 0.31623557209968567
106, 30, 254, 1058, 0.07042308896780014
106, 31, 370, 1105, -0.13092434406280518
106, 32, 276, 1092, -0.44929590821266174
107, 0, 371, 163, -0.6456100344657898
107, 1, 385, 143, -0.5844764113426208
107, 2, 393, 144, -0.584671139717102
107, 3, 400, 145, -0.5848076939582825
107, 4, 363, 141, -0.5957426428794861
107, 5, 356, 141, -0.5958449840545654
107, 6, 348, 142, -0.5961544513702393
107, 7, 411, 155, -0.20074617862701416
107, 8, 337, 150, -0.2578694522380829
107, 9, 381, 187, -0.5048273801803589
107, 10, 356, 186, -0.5223931670188904
107, 11, 459, 287, 0.02817593887448311
107, 12, 267, 258, -0.12834447622299194
107, 13, 472, 439, 0.09930561482906342
107, 14, 160, 361, -0.5809355974197388
107, 15, 483, 575, -0.24043861031532288
107, 16, 181, 259, -1.4491350650787354
107, 17, 488, 621, -0.31677237153053284
107, 18, 177, 235, -1.6298673152923584
107, 19, 475, 616, -0.402616024017334
107, 20, 191, 222, -1.6258665323257446
107, 21, 465, 601, -0.2875397801399231
107, 22, 200, 234, -1.4717860221862793
107, 23, 418, 567, 0.010141601786017418
107, 24, 284, 563, -0.008104132488369942
107, 25, 398, 811, -0.053424667567014694
107, 26, 267, 797, -0.10983514785766602
107, 27, 389, 1042, 0.3069167733192444
107, 28, 260, 1028, 0.07414311915636063
107, 29, 389, 1072, 0.31709831953048706
107, 30, 254, 1058, 0.07761982083320618
107, 31, 371, 1104, -0.12989643216133118
107, 32, 277, 1092, -0.44262629747390747
108, 0, 372, 163, -0.6577495336532593
108, 1, 387, 143, -0.5962483286857605
108, 2, 395, 144, -0.5964400172233582
108, 3, 402, 145, -0.5965579152107239
108, 4, 365, 141, -0.6070990562438965
108, 5, 357, 141, -0.6072174906730652
108, 6, 349, 142, -0.6075452566146851
108, 7, 412, 155, -0.21083462238311768
108, 8, 338, 150, -0.26036253571510315
108, 9, 383, 187, -0.5165269374847412
108, 10, 357, 186, -0.5339114665985107
108, 11, 459, 287, 0.022016432136297226
108, 12, 267, 257, -0.1294459104537964
108, 13, 472, 439, 0.09659870713949203
108, 14, 162, 362, -0.5850535035133362
108, 15, 483, 572, -0.2456347942352295
108, 16, 181, 264, -1.4542628526687622
108, 17, 488, 617, -0.3211914598941803
108, 18, 176, 239, -1.635589599609375
108, 19, 474, 611, -0.40651315450668335
108, 20, 191, 226, -1.6312744617462158
108, 21, 465, 596, -0.29073745012283325
108, 22, 199, 237, -1.4768695831298828
108, 23, 418, 567, 0.0119890496134758
108, 24, 284, 562, -0.00991715770214796
108, 25, 398, 811, -0.05434730648994446
108, 26, 267, 797, -0.10960642993450165
108, 27, 389, 1041, 0.30731824040412903
108, 28, 260, 1027, 0.0746682733297348
108, 29, 390, 1072, 0.3176238536834717
108, 30, 255, 1057, 0.07778280228376389
108, 31, 371, 1104, -0.1311793327331543
108, 32, 277, 1092, -0.4458436965942383
109, 0, 373, 163, -0.669629693031311
109, 1, 388, 143, -0.6118391752243042
109, 2, 396, 144, -0.6120337247848511
109, 3, 403, 145, -0.612070620059967
109, 4, 366, 141, -0.6262486577033997
109, 5, 358, 141, -0.6263481378555298
109, 6, 350, 142, -0.6266494989395142
109, 7, 413, 155, -0.2246706485748291
109, 8, 339, 150, -0.29384714365005493
109, 9, 383, 187, -0.5247207880020142
109, 10, 358, 186, -0.5482121706008911
109, 11, 460, 287, 0.021294204518198967
109, 12, 268, 256, -0.14630351960659027
109, 13, 472, 439, 0.08219614624977112
109, 14, 164, 363, -0.5863264203071594
109, 15, 482, 571, -0.26696404814720154
109, 16, 181, 266, -1.4641026258468628
109, 17, 487, 617, -0.34747540950775146
109, 18, 176, 241, -1.644723892211914
109, 19, 473, 610, -0.43803706765174866
109, 20, 191, 228, -1.6436712741851807
109, 21, 464, 595, -0.3148873448371887
109, 22, 199, 239, -1.4881376028060913
109, 23, 418, 567, 0.012302213348448277
109, 24, 284, 562, -0.01025594212114811
109, 25, 398, 810, -0.05418719723820686
109, 26, 266, 797, -0.10891260206699371
109, 27, 388, 1041, 0.30850744247436523
109, 28, 259, 1027, 0.0795041024684906
109, 29, 389, 1071, 0.31899163126945496
109, 30, 254, 1057, 0.08323903381824493
109, 31, 371, 1103, -0.13012735545635223
109, 32, 276, 1091, -0.44225582480430603
110, 0, 373, 163, -0.6809908151626587
110, 1, 388, 143, -0.6231023669242859
110, 2, 396, 144, -0.6232839226722717
110, 3, 403, 145, -0.6232367753982544
110, 4, 366, 141, -0.638360857963562
110, 5, 358, 141, -0.638460099697113
110, 6, 350, 142, -0.638759434223175
110, 7, 413, 155, -0.2321055382490158
110, 8, 339, 150, -0.30608075857162476
110, 9, 384, 188, -0.5343669652938843
110, 10, 358, 186, -0.5597628355026245
110, 11, 460, 287, 0.01599261164665222
110, 12, 268, 256, -0.1550222933292389
110, 13, 472, 439, 0.07902424782514572
110, 14, 164, 365, -0.5894690155982971
110, 15, 482, 571, -0.2650633454322815
110, 16, 181, 269, -1.4746391773223877
110, 17, 487, 617, -0.3445192575454712
110, 18, 175, 243, -1.655655860900879
110, 19, 473, 610, -0.43610963225364685
110, 20, 191, 231, -1.6544368267059326
110, 21, 464, 595, -0.31338590383529663
110, 22, 199, 242, -1.4987379312515259
110, 23, 418, 567, 0.01227322407066822
110, 24, 284, 562, -0.010226437821984291
110, 25, 398, 810, -0.0548405721783638
110, 26, 266, 797, -0.10835355520248413
110, 27, 389, 1041, 0.3122866451740265
110, 28, 259, 1027, 0.08165157586336136
110, 29, 389, 1071, 0.32287636399269104
110, 30, 254, 1057, 0.08578630536794662
110, 31, 371, 1103, -0.13071878254413605
110, 32, 276, 1092, -0.4382493495941162
111, 0, 373, 163, -0.6986369490623474
111, 1, 388, 143, -0.6392273902893066
111, 2, 396, 144, -0.6393986940383911
111, 3, 403, 146, -0.6393502354621887
111, 4, 367, 141, -0.6533221006393433
111, 5, 359, 141, -0.6534233689308167
111, 6, 351, 142, -0.6537097692489624
111, 7, 414, 155, -0.24593615531921387
111, 8, 340, 150, -0.31689977645874023
111, 9, 384, 188, -0.5523157715797424
111, 10, 358, 186, -0.5756393671035767
111, 11, 460, 287, 0.00652786111459136
111, 12, 269, 256, -0.15886838734149933
111, 13, 472, 439, 0.07549136132001877
111, 14, 166, 366, -0.5907710194587708
111, 15, 481, 570, -0.2634411156177521
111, 16, 181, 269, -1.475189208984375
111, 17, 487, 617, -0.34228911995887756
111, 18, 176, 243, -1.657030463218689
111, 19, 473, 610, -0.43494606018066406
111, 20, 191, 231, -1.6554969549179077
111, 21, 463, 595, -0.3120199143886566
111, 22, 200, 242, -1.4994747638702393
111, 23, 419, 567, 0.012067684903740883
111, 24, 284, 562, -0.010038139298558235
111, 25, 399, 810, -0.05497577786445618
111, 26, 266, 797, -0.10807641595602036
111, 27, 389, 1041, 0.31595274806022644
111, 28, 260, 1027, 0.08284880965948105
111, 29, 389, 1071, 0.32657870650291443
111, 30, 255, 1057, 0.0875793993473053
111, 31, 372, 1102, -0.1312246173620224
111, 32, 277, 1092, -0.43579596281051636
112, 0, 373, 163, -0.7052753567695618
112, 1, 388, 143, -0.6443901658058167
112, 2, 396, 144, -0.6445695161819458
112, 3, 403, 146, -0.6445468068122864
112, 4, 367, 141, -0.6578377485275269
112, 5, 359, 141, -0.6579431891441345
112, 6, 351, 142, -0.6582226157188416
112, 7, 414, 155, -0.250879168510437
112, 8, 340, 149, -0.3195115327835083
112, 9, 384, 188, -0.5601209402084351
112, 10, 358, 186, -0.5820460319519043
112, 11, 460, 287, -0.004959032870829105
112, 12, 269, 256, -0.1589556336402893
112, 13, 473, 439, 0.07272069901227951
112, 14, 166, 367, -0.590931236743927
112, 15, 481, 569, -0.261691689491272
112, 16, 181, 267, -1.4678372144699097
112, 17, 487, 616, -0.34034013748168945
112, 18, 177, 243, -1.6489002704620361
112, 19, 472, 608, -0.43329161405563354
112, 20, 192, 231, -1.6429698467254639
112, 21, 463, 593, -0.3101290762424469
112, 22, 200, 241, -1.4899623394012451
112, 23, 419, 566, 0.01181395910680294
112, 24, 285, 561, -0.00980387069284916
112, 25, 399, 810, -0.049836885184049606
112, 26, 267, 797, -0.10732392966747284
112, 27, 390, 1040, 0.3308176100254059
112, 28, 261, 1027, 0.08980730175971985
112, 29, 390, 1071, 0.3418115973472595
112, 30, 256, 1057, 0.09409592300653458
112, 31, 373, 1102, -0.12202215194702148
112, 32, 278, 1091, -0.4334331452846527
113, 0, 373, 163, -0.7051071524620056
113, 1, 388, 143, -0.6440168023109436
113, 2, 396, 144, -0.6441972255706787
113, 3, 403, 146, -0.6441882848739624
113, 4, 366, 141, -0.6569004058837891
113, 5, 359, 141, -0.6570108532905579
113, 6, 351, 142, -0.6572995781898499
113, 7, 413, 155, -0.25219112634658813
113, 8, 340, 149, -0.3175853192806244
113, 9, 384, 188, -0.561083972454071
113, 10, 358, 186, -0.5816258192062378
113, 11, 461, 287, -0.020394396036863327
113, 12, 269, 256, -0.15404808521270752
113, 13, 473, 439, 0.047987714409828186
113, 14, 167, 368, -0.5808266401290894
113, 15, 480, 567, -0.2872943878173828
113, 16, 182, 267, -1.4429389238357544
113, 17, 487, 616, -0.37042030692100525
113, 18, 178, 242, -1.622674584388733
113, 19, 470, 608, -0.46088138222694397
113, 20, 193, 231, -1.623305082321167
113, 21, 461, 593, -0.3348550498485565
113, 22, 201, 241, -1.467970848083496
113, 23, 419, 566, 0.011687745340168476
113, 24, 286, 561, -0.009679987095296383
113, 25, 399, 809, -0.045085810124874115
113, 26, 267, 796, -0.10205904394388199
113, 27, 389, 1039, 0.33698925375938416
113, 28, 261, 1026, 0.09908390790224075
113, 29, 390, 1070, 0.3479384779930115
113, 30, 256, 1056, 0.10316304117441177
113, 31, 373, 1100, -0.11652649939060211
113, 32, 278, 1090, -0.4223018288612366
114, 0, 373, 163, -0.7058044672012329
114, 1, 388, 143, -0.6443695425987244
114, 2, 396, 144, -0.6445451378822327
114, 3, 403, 146, -0.6445440053939819
114, 4, 366, 141, -0.65631103515625
114, 5, 358, 141, -0.6564188003540039
114, 6, 350, 142, -0.6567099690437317
114, 7, 413, 155, -0.2542010545730591
114, 8, 340, 149, -0.31735894083976746
114, 9, 384, 187, -0.563327968120575
114, 10, 358, 186, -0.5817493200302124
114, 11, 461, 287, -0.03153115138411522
114, 12, 270, 257, -0.14741936326026917
114, 13, 473, 439, 0.03471623361110687
114, 14, 167, 369, -0.5709037780761719
114, 15, 480, 566, -0.2952367961406708
114, 16, 183, 266, -1.4258091449737549
114, 17, 487, 616, -0.37954187393188477
114, 18, 179, 242, -1.6052758693695068
114, 19, 468, 607, -0.4678959250450134
114, 20, 194, 231, -1.6066477298736572
114, 21, 459, 592, -0.341939777135849
114, 22, 202, 242, -1.451319932937622
114, 23, 419, 565, 0.010930823162198067
114, 24, 286, 561, -0.008913317695260048
114, 25, 399, 808, -0.04462343081831932
114, 26, 267, 795, -0.09637336432933807
114, 27, 389, 1038, 0.33876901865005493
114, 28, 261, 1024, 0.10722547769546509
114, 29, 389, 1069, 0.3494604825973511
114, 30, 256, 1054, 0.11125744879245758
114, 31, 372, 1098, -0.11767654120922089
114, 32, 278, 1088, -0.41569870710372925
115, 0, 372, 163, -0.7111315131187439
115, 1, 387, 143, -0.6502515077590942
115, 2, 395, 144, -0.650402843952179
115, 3, 403, 145, -0.6503909826278687
115, 4, 366, 141, -0.6600567698478699
115, 5, 358, 141, -0.6601368188858032
115, 6, 350, 142, -0.6604140996932983
115, 7, 413, 155, -0.26607558131217957
115, 8, 340, 149, -0.31816333532333374
115, 9, 384, 187, -0.571961522102356
115, 10, 358, 186, -0.5871766805648804
115, 11, 461, 287, -0.05358898639678955
115, 12, 270, 257, -0.14746472239494324
115, 13, 473, 439, 0.012339474633336067
115, 14, 167, 369, -0.5699961185455322
115, 15, 479, 565, -0.3105677366256714
115, 16, 183, 267, -1.4105337858200073
115, 17, 486, 616, -0.396045982837677
115, 18, 180, 242, -1.5876662731170654
115, 19, 467, 606, -0.482341468334198
115, 20, 195, 233, -1.5861197710037231
115, 21, 458, 591, -0.35649603605270386
115, 22, 203, 243, -1.4349877834320068
115, 23, 420, 564, 0.010382396169006824
115, 24, 286, 560, -0.008364932611584663
115, 25, 400, 807, -0.04302982985973358
115, 26, 267, 795, -0.0918339192867279
115, 27, 389, 1037, 0.3444069027900696
115, 28, 261, 1023, 0.11622601747512817
115, 29, 390, 1067, 0.3550611138343811
115, 30, 256, 1052, 0.1206417828798294
115, 31, 372, 1096, -0.11494617164134979
115, 32, 278, 1086, -0.40717512369155884
116, 0, 372, 163, -0.6956830620765686
116, 1, 387, 143, -0.6341268420219421
116, 2, 395, 144, -0.6342536211013794
116, 3, 402, 146, -0.6342137455940247
116, 4, 365, 141, -0.6427341103553772
116, 5, 358, 141, -0.6427813768386841
116, 6, 350, 142, -0.6430491209030151
116, 7, 413, 155, -0.2511911392211914
116, 8, 340, 149, -0.2969242334365845
116, 9, 383, 187, -0.5577561259269714
116, 10, 357, 186, -0.5713757276535034
116, 11, 461, 287, -0.043220747262239456
116, 12, 270, 257, -0.13464882969856262
116, 13, 473, 439, 0.016708705574274063
116, 14, 167, 370, -0.5592930912971497
116, 15, 479, 562, -0.3050599992275238
116, 16, 183, 268, -1.4061566591262817
116, 17, 486, 612, -0.3909796178340912
116, 18, 180, 244, -1.58339262008667
116, 19, 467, 602, -0.47384724020957947
116, 20, 195, 235, -1.580245018005371
116, 21, 458, 588, -0.34992682933807373
116, 22, 203, 244, -1.429858922958374
116, 23, 421, 564, 0.009561104699969292
116, 24, 287, 560, -0.007462541572749615
116, 25, 401, 807, -0.042907290160655975
116, 26, 267, 795, -0.09183117002248764
116, 27, 390, 1036, 0.3458138704299927
116, 28, 261, 1022, 0.11589930951595306
116, 29, 390, 1067, 0.3562528192996979
116, 30, 257, 1051, 0.12031682580709457
116, 31, 373, 1096, -0.11483369767665863
116, 32, 278, 1086, -0.4074243903160095
117, 0, 371, 163, -0.6742867231369019
117, 1, 386, 143, -0.6127589344978333
117, 2, 394, 144, -0.6128708124160767
117, 3, 402, 146, -0.6128179430961609
117, 4, 365, 141, -0.6205934286117554
117, 5, 357, 141, -0.6206215620040894
117, 6, 349, 142, -0.6208933591842651
117, 7, 413, 155, -0.23499754071235657
117, 8, 339, 149, -0.2770189642906189
117, 9, 383, 187, -0.538705050945282
117, 10, 356, 186, -0.551341712474823
117, 11, 461, 287, -0.03237806633114815
117, 12, 270, 257, -0.12623338401317596
117, 13, 473, 439, 0.02642623521387577
117, 14, 168, 371, -0.5555362701416016
117, 15, 479, 560, -0.28338831663131714
117, 16, 183, 270, -1.40688157081604
117, 17, 486, 609, -0.3639247417449951
117, 18, 180, 246, -1.583391547203064
117, 19, 466, 600, -0.4433768391609192
117, 20, 195, 237, -1.580430507659912
117, 21, 458, 586, -0.3266516625881195
117, 22, 203, 246, -1.430475115776062
117, 23, 421, 564, 0.008098204620182514
117, 24, 287, 560, -0.0059023573994636536
117, 25, 401, 807, -0.04298374056816101
117, 26, 267, 794, -0.09180502593517303
117, 27, 390, 1036, 0.3447083830833435
117, 28, 261, 1022, 0.11564836651086807
117, 29, 390, 1067, 0.3552101254463196
117, 30, 257, 1050, 0.12015657126903534
117, 31, 373, 1096, -0.115472711622715
117, 32, 278, 1086, -0.4077323377132416
118, 0, 370, 163, -0.6754797697067261
118, 1, 386, 143, -0.6140130758285522
118, 2, 394, 144, -0.6141559481620789
118, 3, 402, 146, -0.6141710877418518
118, 4, 365, 141, -0.6224658489227295
118, 5, 357, 141, -0.622517466545105
118, 6, 349, 142, -0.6227952837944031
118, 7, 413, 155, -0.235138937830925
118, 8, 339, 149, -0.27931076288223267
118, 9, 382, 187, -0.5391889810562134
118, 10, 356, 186, -0.5519838333129883
118, 11, 461, 288, -0.03522510081529617
118, 12, 270, 257, -0.12823133170604706
118, 13, 474, 439, 0.024719636887311935
118, 14, 169, 373, -0.5582683086395264
118, 15, 479, 557, -0.29707807302474976
118, 16, 183, 271, -1.4082026481628418
118, 17, 486, 607, -0.3795585036277771
118, 18, 179, 248, -1.5835866928100586
118, 19, 466, 597, -0.4592553973197937
118, 20, 194, 238, -1.5845996141433716
118, 21, 458, 583, -0.3408358693122864
118, 22, 202, 247, -1.4334548711776733
118, 23, 422, 564, 0.006761073134839535
118, 24, 288, 560, -0.004523742012679577
118, 25, 402, 807, -0.042342569679021835
118, 26, 267, 794, -0.09100736677646637
118, 27, 390, 1036, 0.35441258549690247
118, 28, 261, 1022, 0.1259901523590088
118, 29, 390, 1067, 0.3652535080909729
118, 30, 257, 1050, 0.13133655488491058
118, 31, 373, 1096, -0.10764573514461517
118, 32, 278, 1086, -0.40240001678466797
119, 0, 370, 163, -0.6780996322631836
119, 1, 386, 143, -0.6165326833724976
119, 2, 394, 144, -0.6166779398918152
119, 3, 402, 146, -0.6166660785675049
119, 4, 365, 141, -0.6254780292510986
119, 5, 357, 141, -0.6255397796630859
119, 6, 349, 141, -0.625823974609375
119, 7, 413, 155, -0.23675128817558289
119, 8, 339, 149, -0.28348809480667114
119, 9, 382, 187, -0.5412397384643555
119, 10, 356, 186, -0.554646372795105
119, 11, 461, 288, -0.03189751133322716
119, 12, 270, 258, -0.1401057243347168
119, 13, 474, 439, 0.037340547889471054
119, 14, 170, 377, -0.5703638792037964
119, 15, 480, 557, -0.28024107217788696
119, 16, 184, 276, -1.4227827787399292
119, 17, 486, 607, -0.35557395219802856
119, 18, 180, 252, -1.5953004360198975
119, 19, 466, 597, -0.4367564618587494
119, 20, 194, 242, -1.5952160358428955
119, 21, 458, 583, -0.3241102993488312
119, 22, 202, 251, -1.4469410181045532
119, 23, 422, 564, 0.007823526859283447
119, 24, 287, 560, -0.005615692585706711
119, 25, 402, 807, -0.04243451729416847
119, 26, 267, 795, -0.0944790467619896
119, 27, 390, 1036, 0.3538127541542053
119, 28, 261, 1022, 0.11889000236988068
119, 29, 390, 1067, 0.3647260367870331
119, 30, 257, 1051, 0.12363521009683609
119, 31, 373, 1096, -0.10865730047225952
119, 32, 278, 1086, -0.40702587366104126
120, 0, 370, 163, -0.6856181025505066
120, 1, 386, 143, -0.6273794770240784
120, 2, 394, 144, -0.6275020837783813
120, 3, 402, 145, -0.6273741722106934
120, 4, 365, 141, -0.6362441778182983
120, 5, 357, 141, -0.6362585425376892
120, 6, 349, 141, -0.6365891695022583
120, 7, 413, 155, -0.24970300495624542
120, 8, 339, 149, -0.2954823672771454
120, 9, 382, 187, -0.5489813685417175
120, 10, 356, 186, -0.5621404051780701
120, 11, 461, 288, -0.03774431720376015
120, 12, 270, 258, -0.1480197161436081
120, 13, 474, 440, 0.03580896928906441
120, 14, 172, 381, -0.5765320658683777
120, 15, 480, 557, -0.29560795426368713
120, 16, 184, 286, -1.4662487506866455
120, 17, 485, 608, -0.37379151582717896
120, 18, 179, 262, -1.6412465572357178
120, 19, 466, 597, -0.45413294434547424
120, 20, 193, 252, -1.6506484746932983
120, 21, 458, 582, -0.3396207392215729
120, 22, 201, 260, -1.494415044784546
120, 23, 422, 564, 0.007665636483579874
120, 24, 286, 560, -0.005438962019979954
120, 25, 402, 807, -0.04171525686979294
120, 26, 265, 796, -0.09134460240602493
120, 27, 389, 1037, 0.3592498004436493
120, 28, 259, 1022, 0.13406065106391907
120, 29, 389, 1067, 0.37006744742393494
120, 30, 255, 1051, 0.14036430418491364
120, 31, 373, 1096, -0.10447301715612411
120, 32, 276, 1087, -0.39787814021110535
121, 0, 371, 163, -0.6507854461669922
121, 1, 386, 143, -0.5934451818466187
121, 2, 394, 144, -0.5935807824134827
121, 3, 402, 145, -0.5934532880783081
121, 4, 365, 141, -0.6067191958427429
121, 5, 357, 141, -0.6067063212394714
121, 6, 349, 141, -0.6070212125778198
121, 7, 413, 155, -0.22667312622070312
121, 8, 339, 149, -0.29054251313209534
121, 9, 383, 187, -0.516849160194397
121, 10, 356, 185, -0.536358654499054
121, 11, 461, 288, -0.021611515432596207
121, 12, 270, 258, -0.16171610355377197
121, 13, 474, 440, 0.04877835139632225
121, 14, 179, 390, -0.5974822640419006
121, 15, 480, 557, -0.28256434202194214
121, 16, 187, 300, -1.4917893409729004
121, 17, 485, 608, -0.3510545790195465
121, 18, 180, 280, -1.6618438959121704
121, 19, 466, 597, -0.43304604291915894
121, 20, 193, 266, -1.671312689781189
121, 21, 458, 582, -0.3264479637145996
121, 22, 201, 274, -1.5192463397979736
121, 23, 422, 565, 0.01168560516089201
121, 24, 286, 560, -0.009472299367189407
121, 25, 402, 807, -0.031308792531490326
121, 26, 265, 796, -0.0980287715792656
121, 27, 389, 1037, 0.36735910177230835
121, 28, 259, 1023, 0.12952810525894165
121, 29, 389, 1067, 0.37934765219688416
121, 30, 255, 1051, 0.13668756186962128
121, 31, 373, 1098, -0.07395101338624954
121, 32, 276, 1088, -0.3986656963825226
122, 0, 371, 163, -0.649394690990448
122, 1, 386, 143, -0.5928857326507568
122, 2, 394, 144, -0.5930707454681396
122, 3, 402, 145, -0.5930275917053223
122, 4, 365, 141, -0.6055548191070557
122, 5, 357, 141, -0.6055763363838196
122, 6, 349, 141, -0.6059035062789917
122, 7, 413, 155, -0.22598807513713837
122, 8, 339, 149, -0.28962442278862
122, 9, 383, 187, -0.51412433385849
122, 10, 356, 185, -0.5332087278366089
122, 11, 461, 289, -0.013529243879020214
122, 12, 270, 258, -0.16169846057891846
122, 13, 474, 441, 0.052844464778900146
122, 14, 188, 397, -0.597197413444519
122, 15, 478, 558, -0.2841164469718933
122, 16, 190, 321, -1.48959219455719
122, 17, 485, 608, -0.35153645277023315
122, 18, 182, 306, -1.661881685256958
122, 19, 466, 596, -0.4369979500770569
122, 20, 193, 290, -1.6793973445892334
122, 21, 458, 581, -0.3293580412864685
122, 22, 200, 295, -1.5214595794677734
122, 23, 422, 566, 0.014287603087723255
122, 24, 286, 561, -0.012160462327301502
122, 25, 401, 808, -0.03190682828426361
122, 26, 265, 797, -0.09993192553520203
122, 27, 389, 1037, 0.3625052571296692
122, 28, 260, 1023, 0.11885014921426773
122, 29, 389, 1068, 0.37498778104782104
122, 30, 255, 1052, 0.12376393377780914
122, 31, 373, 1098, -0.08110420405864716
122, 32, 276, 1089, -0.4000795781612396
123, 0, 371, 163, -0.820093035697937
123, 1, 386, 143, -0.7665547728538513
123, 2, 394, 144, -0.7667478919029236
123, 3, 402, 145, -0.7667235136032104
123, 4, 365, 141, -0.7777591943740845
123, 5, 357, 140, -0.7778330445289612
123, 6, 349, 141, -0.7781893014907837
123, 7, 413, 155, -0.3806131184101105
123, 8, 339, 148, -0.4400869905948639
123, 9, 383, 187, -0.6751906275749207
123, 10, 356, 185, -0.6927199363708496
123, 11, 461, 289, -0.13061188161373138
123, 12, 270, 258, -0.23670443892478943
123, 13, 475, 443, -0.04685105383396149
123, 14, 192, 403, -0.5962222814559937
123, 15, 477, 556, -0.4426308274269104
123, 16, 191, 351, -1.4885562658309937
123, 17, 484, 604, -0.5358936786651611
123, 18, 184, 339, -1.6560643911361694
123, 19, 466, 591, -0.6297588348388672
123, 20, 193, 323, -1.669205904006958
123, 21, 458, 575, -0.4930662512779236
123, 22, 200, 327, -1.5103113651275635
123, 23, 421, 568, 0.014055108651518822
123, 24, 285, 561, -0.011920498684048653
123, 25, 400, 809, -0.0012154781725257635
123, 26, 264, 797, -0.0720159113407135
123, 27, 388, 1037, 0.42572206258773804
123, 28, 258, 1025, 0.195402592420578
123, 29, 388, 1068, 0.4407711625099182
123, 30, 254, 1055, 0.20263433456420898
123, 31, 372, 1099, -0.03079652227461338
123, 32, 274, 1090, -0.33386287093162537
124, 0, 372, 163, -0.5847687125205994
124, 1, 386, 143, -0.5280730128288269
124, 2, 394, 144, -0.5282683372497559
124, 3, 402, 145, -0.52833092212677
124, 4, 365, 140, -0.5434721112251282
124, 5, 357, 140, -0.5433815717697144
124, 6, 349, 140, -0.5436097383499146
124, 7, 413, 155, -0.1722460836172104
124, 8, 339, 148, -0.24762234091758728
124, 9, 383, 187, -0.45380252599716187
124, 10, 356, 185, -0.47584185004234314
124, 11, 461, 290, 0.019700441509485245
124, 12, 269, 257, -0.20544831454753876
124, 13, 475, 444, 0.0655975267291069
124, 14, 197, 396, -0.5851687788963318
124, 15, 472, 555, -0.23062436282634735
124, 16, 198, 365, -1.4159537553787231
124, 17, 474, 602, -0.3044585585594177
124, 18, 188, 372, -1.579073190689087
124, 19, 461, 591, -0.38944900035858154
124, 20, 198, 362, -1.5980850458145142
124, 21, 453, 575, -0.2756253778934479
124, 22, 205, 362, -1.4454216957092285
124, 23, 419, 568, 0.02462446317076683
124, 24, 285, 560, -0.02234724722802639
124, 25, 392, 809, -0.0078496765345335
124, 26, 262, 797, -0.07035388052463531
124, 27, 381, 1037, 0.3490433096885681
124, 28, 254, 1024, 0.16460804641246796
124, 29, 380, 1067, 0.35945290327072144
124, 30, 249, 1052, 0.16634394228458405
124, 31, 363, 1099, -0.05888979882001877
124, 32, 266, 1089, -0.3528117835521698
125, 0, 372, 162, -0.6111162900924683
125, 1, 386, 143, -0.5517846345901489
125, 2, 394, 144, -0.5519453287124634
125, 3, 402, 145, -0.5519890785217285
125, 4, 365, 140, -0.5682210922241211
125, 5, 357, 140, -0.5682138800621033
125, 6, 349, 140, -0.5685251951217651
125, 7, 413, 155, -0.17802658677101135
125, 8, 339, 148, -0.2605837285518646
125, 9, 383, 187, -0.47299107909202576
125, 10, 356, 185, -0.49699264764785767
125, 11, 460, 291, 0.040354203432798386
125, 12, 267, 258, -0.2082657366991043
125, 13, 475, 444, 0.08551566302776337
125, 14, 202, 386, -0.6062486171722412
125, 15, 471, 563, -0.2278107851743698
125, 16, 203, 382, -1.4197622537612915
125, 17, 474, 610, -0.30640149116516113
125, 18, 191, 408, -1.5870692729949951
125, 19, 461, 605, -0.3971969783306122
125, 20, 212, 401, -1.6033884286880493
125, 21, 453, 588, -0.2756504416465759
125, 22, 223, 395, -1.4499926567077637
125, 23, 413, 573, 0.030294016003608704
125, 24, 283, 561, -0.028204258531332016
125, 25, 384, 812, -0.0013755406253039837
125, 26, 256, 797, -0.07031561434268951
125, 27, 375, 1037, 0.36772578954696655
125, 28, 249, 1024, 0.15678438544273376
125, 29, 374, 1067, 0.3806372284889221
125, 30, 244, 1053, 0.15956473350524902
125, 31, 355, 1101, -0.0473560132086277
125, 32, 260, 1089, -0.35179299116134644
126, 0, 372, 162, -0.9528602361679077
126, 1, 386, 142, -0.8939207196235657
126, 2, 394, 143, -0.8941513895988464
126, 3, 402, 144, -0.8942824602127075
126, 4, 365, 140, -0.9125731587409973
126, 5, 357, 139, -0.9126771092414856
126, 6, 349, 140, -0.9131309390068054
126, 7, 412, 154, -0.5061827898025513
126, 8, 338, 148, -0.5913082957267761
126, 9, 384, 186, -0.8075138330459595
126, 10, 356, 184, -0.83158940076828
126, 11, 460, 292, -0.2225232869386673
126, 12, 262, 260, -0.37003281712532043
126, 13, 475, 449, -0.0737089291214943
126, 14, 200, 408, -0.31174036860466003
126, 15, 474, 580, -0.42311733961105347
126, 16, 180, 520, -0.6953946352005005
126, 17, 481, 629, -0.5126103162765503
126, 18, 165, 559, -0.8028992414474487
126, 19, 465, 620, -0.6156898140907288
126, 20, 176, 554, -0.9013018608093262
126, 21, 455, 603, -0.47928786277770996
126, 22, 188, 542, -0.7467331290245056
126, 23, 405, 582, 0.010031023062765598
126, 24, 272, 569, -0.007740088738501072
126, 25, 377, 830, -0.10038632154464722
126, 26, 244, 816, -0.08642534911632538
126, 27, 367, 1059, 0.30250874161720276
126, 28, 234, 1051, 0.150297150015831
126, 29, 367, 1092, 0.3145982623100281
126, 30, 230, 1086, 0.15103062987327576
126, 31, 346, 1124, -0.15819784998893738
126, 32, 243, 1116, -0.3825701177120209
127, 0, 371, 162, -0.9553914070129395
127, 1, 385, 142, -0.9002891778945923
127, 2, 393, 143, -0.9005435705184937
127, 3, 401, 144, -0.9006596803665161
127, 4, 363, 140, -0.9166699647903442
127, 5, 356, 140, -0.9168102145195007
127, 6, 347, 140, -0.9172536134719849
127, 7, 411, 154, -0.5268613696098328
127, 8, 337, 148, -0.6008487939834595
127, 9, 383, 186, -0.8143903613090515
127, 10, 355, 184, -0.8354021906852722
127, 11, 460, 292, -0.2578231692314148
127, 12, 261, 262, -0.37411242723464966
127, 13, 475, 450, -0.12947383522987366
127, 14, 202, 417, -0.2936252951622009
127, 15, 473, 578, -0.491643488407135
127, 16, 178, 538, -0.6776098012924194
127, 17, 479, 626, -0.5850635766983032
127, 18, 158, 576, -0.7861810326576233
127, 19, 464, 618, -0.6858295202255249
127, 20, 167, 571, -0.8817523121833801
127, 21, 454, 601, -0.546320378780365
127, 22, 179, 558, -0.7275022864341736
127, 23, 400, 583, 0.0008901468245312572
127, 24, 270, 571, 0.0012478254502639174
127, 25, 373, 827, -0.11967508494853973
127, 26, 240, 813, -0.08174359798431396
127, 27, 366, 1056, 0.2726399898529053
127, 28, 233, 1048, 0.1477339118719101
127, 29, 366, 1088, 0.28516846895217896
127, 30, 230, 1082, 0.1506502330303192
127, 31, 346, 1120, -0.16933581233024597
127, 32, 241, 1112, -0.3744371235370636
128, 0, 370, 162, -0.9844871759414673
128, 1, 384, 142, -0.9258978962898254
128, 2, 392, 143, -0.9261994361877441
128, 3, 400, 144, -0.9263297319412231
128, 4, 363, 140, -0.9445546269416809
128, 5, 355, 140, -0.9447271227836609
128, 6, 346, 140, -0.9451965093612671
128, 7, 410, 154, -0.535078763961792
128, 8, 336, 149, -0.6186354160308838
128, 9, 383, 186, -0.8370670080184937
128, 10, 355, 184, -0.8608787655830383
128, 11, 460, 292, -0.2530640661716461
128, 12, 259, 264, -0.38731616735458374
128, 13, 475, 451, -0.13208098709583282
128, 14, 206, 422, -0.3028508126735687
128, 15, 473, 577, -0.5214813947677612
128, 16, 178, 545, -0.702583372592926
128, 17, 478, 625, -0.6191256642341614
128, 18, 162, 585, -0.8184375762939453
128, 19, 463, 616, -0.723027765750885
128, 20, 172, 581, -0.9124816060066223
128, 21, 453, 600, -0.577721893787384
128, 22, 183, 566, -0.7515872716903687
128, 23, 399, 584, -0.0019823305774480104
128, 24, 269, 572, 0.004050827585160732
128, 25, 369, 827, -0.11534152925014496
128, 26, 236, 811, -0.085786834359169
128, 27, 363, 1055, 0.2839834988117218
128, 28, 230, 1047, 0.14549888670444489
128, 29, 363, 1088, 0.2963748574256897
128, 30, 228, 1079, 0.14856155216693878
128, 31, 344, 1118, -0.16432279348373413
128, 32, 240, 1112, -0.3743136525154114
129, 0, 368, 162, -1.0610060691833496
129, 1, 383, 143, -1.0026613473892212
129, 2, 390, 143, -1.0029451847076416
129, 3, 398, 144, -1.0030635595321655
129, 4, 361, 141, -1.020312786102295
129, 5, 353, 140, -1.0205236673355103
129, 6, 345, 140, -1.0209987163543701
129, 7, 409, 154, -0.6034427881240845
129, 8, 336, 149, -0.6823444962501526
129, 9, 382, 186, -0.9097906947135925
129, 10, 353, 184, -0.9325393438339233
129, 11, 460, 293, -0.31188803911209106
129, 12, 258, 265, -0.43864092230796814
129, 13, 474, 451, -0.19798357784748077
129, 14, 211, 425, -0.34728676080703735
129, 15, 472, 577, -0.5979183912277222
129, 16, 187, 544, -0.7527552843093872
129, 17, 476, 625, -0.6994588971138
129, 18, 173, 586, -0.87218177318573
129, 19, 462, 616, -0.8049739599227905
129, 20, 183, 582, -0.9650187492370605
129, 21, 453, 599, -0.6546692252159119
129, 22, 193, 567, -0.8012384176254272
129, 23, 398, 585, -0.005868843290954828
129, 24, 268, 573, 0.007834630087018013
129, 25, 367, 825, -0.10115953534841537
129, 26, 233, 809, -0.05517197400331497
129, 27, 361, 1050, 0.31710320711135864
129, 28, 229, 1044, 0.2088043987751007
129, 29, 361, 1085, 0.3322243094444275
129, 30, 228, 1078, 0.2128446102142334
129, 31, 342, 1113, -0.1537848562002182
129, 32, 239, 1108, -0.3077411949634552
130, 0, 367, 161, -0.9871114492416382
130, 1, 382, 141, -0.9251271486282349
130, 2, 388, 142, -0.9254647493362427
130, 3, 397, 143, -0.9255669713020325
130, 4, 360, 139, -0.9414464831352234
130, 5, 352, 138, -0.9416223764419556
130, 6, 344, 138, -0.9421173334121704
130, 7, 409, 154, -0.5248123407363892
130, 8, 335, 148, -0.5966534614562988
130, 9, 381, 184, -0.8377441167831421
130, 10, 352, 182, -0.8581869006156921
130, 11, 460, 294, -0.24702958762645721
130, 12, 257, 266, -0.3747378885746002
130, 13, 473, 452, -0.1368236094713211
130, 14, 215, 429, -0.2715851068496704
130, 15, 471, 577, -0.5224860906600952
130, 16, 194, 548, -0.6836441159248352
130, 17, 474, 624, -0.6215441226959229
130, 18, 182, 592, -0.8035373687744141
130, 19, 462, 616, -0.7266554832458496
130, 20, 193, 588, -0.8998678922653198
130, 21, 453, 599, -0.5789562463760376
130, 22, 204, 572, -0.7338735461235046
130, 23, 399, 587, -0.01188089419156313
130, 24, 268, 575, 0.01394679956138134
130, 25, 369, 826, -0.09416632354259491
130, 26, 235, 809, -0.05023776739835739
130, 27, 363, 1050, 0.3593205511569977
130, 28, 231, 1043, 0.23346571624279022
130, 29, 362, 1084, 0.3740812838077545
130, 30, 229, 1076, 0.24003788828849792
130, 31, 344, 1112, -0.11973817646503448
130, 32, 242, 1108, -0.289786159992218
131, 0, 365, 160, -0.9743755459785461
131, 1, 380, 139, -0.9123630523681641
131, 2, 387, 140, -0.9127329587936401
131, 3, 395, 141, -0.9128236770629883
131, 4, 357, 138, -0.927704930305481
131, 5, 349, 138, -0.9278775453567505
131, 6, 341, 138, -0.928410530090332
131, 7, 407, 154, -0.5114561319351196
131, 8, 332, 148, -0.577803373336792
131, 9, 380, 183, -0.8251129984855652
131, 10, 350, 181, -0.8438316583633423
131, 11, 460, 294, -0.22648051381111145
131, 12, 257, 267, -0.3556189239025116
131, 13, 473, 452, -0.11383726447820663
131, 14, 218, 434, -0.2671927511692047
131, 15, 470, 576, -0.5018260478973389
131, 16, 200, 549, -0.6963332295417786
131, 17, 473, 624, -0.6018096804618835
131, 18, 190, 593, -0.8199941515922546
131, 19, 462, 614, -0.7097147703170776
131, 20, 203, 589, -0.9151760339736938
131, 21, 453, 598, -0.5594205856323242
131, 22, 212, 573, -0.7460464835166931
131, 23, 400, 587, -0.012740237638354301
131, 24, 269, 576, 0.014868061058223248
131, 25, 370, 825, -0.06695179641246796
131, 26, 237, 809, -0.04823463410139084
131, 27, 364, 1050, 0.39359527826309204
131, 28, 232, 1041, 0.24541202187538147
131, 29, 363, 1083, 0.40820735692977905
131, 30, 230, 1075, 0.25317057967185974
131, 31, 344, 1112, -0.08116121590137482
131, 32, 243, 1106, -0.2786006033420563
132, 0, 363, 159, -1.001819372177124
132, 1, 378, 138, -0.9405859708786011
132, 2, 385, 139, -0.9409531354904175
132, 3, 392, 140, -0.9410347938537598
132, 4, 354, 136, -0.9551904797554016
132, 5, 346, 136, -0.9553818702697754
132, 6, 339, 137, -0.9559407234191895
132, 7, 405, 153, -0.5398479700088501
132, 8, 330, 148, -0.6025073528289795
132, 9, 378, 182, -0.8522840738296509
132, 10, 347, 181, -0.870121955871582
132, 11, 460, 294, -0.24821260571479797
132, 12, 256, 268, -0.36894944310188293
132, 13, 473, 453, -0.13279490172863007
132, 14, 221, 437, -0.2840974032878876
132, 15, 470, 576, -0.5379451513290405
132, 16, 205, 550, -0.7102189064025879
132, 17, 472, 623, -0.6395915150642395
132, 18, 196, 594, -0.8329126238822937
132, 19, 462, 614, -0.7485338449478149
132, 20, 208, 589, -0.9283893704414368
132, 21, 453, 598, -0.5959410667419434
132, 22, 217, 573, -0.7596901655197144
132, 23, 400, 589, -0.01304586511105299
132, 24, 269, 578, 0.015181680209934711
132, 25, 371, 825, -0.04915367811918259
132, 26, 237, 809, -0.03952827677130699
132, 27, 364, 1050, 0.4171825349330902
132, 28, 232, 1040, 0.2668243944644928
132, 29, 364, 1083, 0.4325210452079773
132, 30, 230, 1074, 0.27554672956466675
132, 31, 345, 1112, -0.052878767251968384
132, 32, 243, 1105, -0.25212255120277405
133, 0, 360, 159, -1.0113039016723633
133, 1, 376, 137, -0.9529169797897339
133, 2, 383, 138, -0.9532710313796997
133, 3, 390, 139, -0.9533783793449402
133, 4, 351, 136, -0.9667302966117859
133, 5, 343, 136, -0.9669175148010254
133, 6, 336, 136, -0.967440128326416
133, 7, 403, 153, -0.557313859462738
133, 8, 327, 148, -0.6155925989151001
133, 9, 375, 182, -0.8623132705688477
133, 10, 344, 180, -0.8790046572685242
133, 11, 460, 294, -0.26622775197029114
133, 12, 254, 269, -0.37689000368118286
133, 13, 474, 452, -0.15250591933727264
133, 14, 222, 437, -0.2865491211414337
133, 15, 471, 572, -0.5549346208572388
133, 16, 209, 548, -0.7008059024810791
133, 17, 475, 619, -0.6577545404434204
133, 18, 201, 592, -0.8218134045600891
133, 19, 463, 608, -0.7649490237236023
133, 20, 213, 586, -0.9165586233139038
133, 21, 453, 591, -0.6119438409805298
133, 22, 222, 570, -0.749849259853363
133, 23, 401, 588, -0.01468549482524395
133, 24, 270, 578, 0.016846435144543648
133, 25, 373, 823, -0.05032788962125778
133, 26, 238, 807, -0.031935594975948334
133, 27, 367, 1045, 0.40229782462120056
133, 28, 235, 1034, 0.2640147805213928
133, 29, 367, 1078, 0.41712552309036255
133, 30, 234, 1067, 0.27198052406311035
133, 31, 348, 1106, -0.06291218101978302
133, 32, 247, 1098, -0.2476762980222702
134, 0, 356, 159, -0.9843564033508301
134, 1, 372, 137, -0.9247709512710571
134, 2, 380, 137, -0.9251378774642944
134, 3, 386, 138, -0.925240695476532
134, 4, 346, 136, -0.9380604028701782
134, 5, 339, 136, -0.9382284283638
134, 6, 332, 136, -0.9387456178665161
134, 7, 399, 151, -0.5285649299621582
134, 8, 323, 147, -0.5907682180404663
134, 9, 371, 182, -0.835826575756073
134, 10, 339, 180, -0.85197514295578
134, 11, 459, 294, -0.24565260112285614
134, 12, 252, 270, -0.3690693974494934
134, 13, 474, 451, -0.13519510626792908
134, 14, 220, 437, -0.25378093123435974
134, 15, 471, 572, -0.5369091629981995
134, 16, 209, 554, -0.6851065754890442
134, 17, 475, 613, -0.6421692371368408
134, 18, 201, 598, -0.809681236743927
134, 19, 464, 606, -0.7494019865989685
134, 20, 214, 593, -0.9068239331245422
134, 21, 455, 590, -0.5943894982337952
134, 22, 223, 577, -0.7355633974075317
134, 23, 402, 588, -0.0181282851845026
134, 24, 270, 579, 0.02040526643395424
134, 25, 377, 824, -0.04417092725634575
134, 26, 241, 808, -0.020312976092100143
134, 27, 370, 1045, 0.42250537872314453
134, 28, 238, 1034, 0.29289674758911133
134, 29, 370, 1078, 0.43847256898880005
134, 30, 237, 1067, 0.30325159430503845
134, 31, 350, 1107, -0.049083128571510315
134, 32, 251, 1098, -0.2269432097673416
135, 0, 352, 158, -0.9835006594657898
135, 1, 369, 136, -0.9229596853256226
135, 2, 378, 136, -0.923373818397522
135, 3, 384, 137, -0.9234817624092102
135, 4, 342, 135, -0.9344404935836792
135, 5, 335, 135, -0.9346146583557129
135, 6, 327, 135, -0.9351630210876465
135, 7, 397, 149, -0.5218248963356018
135, 8, 319, 147, -0.5792964696884155
135, 9, 369, 181, -0.8332686424255371
135, 10, 336, 180, -0.8464192152023315
135, 11, 459, 293, -0.2360084503889084
135, 12, 249, 272, -0.35649582743644714
135, 13, 474, 451, -0.13373568654060364
135, 14, 219, 439, -0.2361062467098236
135, 15, 471, 572, -0.5243109464645386
135, 16, 214, 569, -0.6771456599235535
135, 17, 476, 613, -0.6238270998001099
135, 18, 203, 606, -0.8006891012191772
135, 19, 466, 606, -0.7293056845664978
135, 20, 218, 601, -0.8983665704727173
135, 21, 457, 590, -0.5806211233139038
135, 22, 226, 584, -0.72767174243927
135, 23, 407, 589, -0.029133116826415062
135, 24, 272, 582, 0.0315915122628212
135, 25, 387, 829, -0.04428793117403984
135, 26, 248, 815, -0.00630830368027091
135, 27, 378, 1048, 0.45464038848876953
135, 28, 245, 1036, 0.344236820936203
135, 29, 378, 1081, 0.4735397696495056
135, 30, 243, 1069, 0.3601076006889343
135, 31, 358, 1111, -0.0246475487947464
135, 32, 260, 1101, -0.18113936483860016
136, 0, 350, 157, -0.982083797454834
136, 1, 367, 134, -0.9225174188613892
136, 2, 376, 134, -0.9229270219802856
136, 3, 382, 135, -0.9230433702468872
136, 4, 340, 134, -0.93317049741745
136, 5, 332, 134, -0.9333456754684448
136, 6, 323, 134, -0.933893084526062
136, 7, 395, 147, -0.5258747935295105
136, 8, 315, 146, -0.5731356739997864
136, 9, 368, 180, -0.8335975408554077
136, 10, 333, 179, -0.8450815081596375
136, 11, 458, 293, -0.24176225066184998
136, 12, 245, 276, -0.3539316654205322
136, 13, 474, 451, -0.13399487733840942
136, 14, 218, 442, -0.2357521802186966
136, 15, 473, 573, -0.5338077545166016
136, 16, 212, 573, -0.6682478785514832
136, 17, 478, 612, -0.6382008790969849
136, 18, 203, 608, -0.78719162940979
136, 19, 470, 606, -0.740368664264679
136, 20, 217, 602, -0.8874848484992981
136, 21, 460, 590, -0.5898473262786865
136, 22, 225, 585, -0.7199409008026123
136, 23, 410, 592, -0.0336323007941246
136, 24, 273, 587, 0.03604738414287567
136, 25, 390, 835, 0.0007794181583449244
136, 26, 249, 823, 0.036767005920410156
136, 27, 380, 1053, 0.5497545003890991
136, 28, 247, 1041, 0.43651923537254333
136, 29, 380, 1085, 0.5738109946250916
136, 30, 246, 1073, 0.457772433757782
136, 31, 360, 1117, 0.08350655436515808
136, 32, 263, 1107, -0.07995212078094482
137, 0, 347, 156, -0.9985395669937134
137, 1, 364, 133, -0.9425129890441895
137, 2, 373, 133, -0.9428888559341431
137, 3, 380, 134, -0.9430141448974609
137, 4, 336, 133, -0.9492607116699219
137, 5, 328, 133, -0.9494162797927856
137, 6, 320, 134, -0.9499645233154297
137, 7, 392, 146, -0.5567153692245483
137, 8, 312, 145, -0.5806565284729004
137, 9, 365, 179, -0.8531519174575806
137, 10, 329, 179, -0.8592642545700073
137, 11, 458, 292, -0.2779375910758972
137, 12, 241, 278, -0.35019296407699585
137, 13, 474, 451, -0.1775875687599182
137, 14, 216, 442, -0.23310403525829315
137, 15, 477, 575, -0.5766575336456299
137, 16, 209, 573, -0.6537013649940491
137, 17, 487, 614, -0.6830533742904663
137, 18, 192, 611, -0.7677508592605591
137, 19, 478, 609, -0.7814084887504578
137, 20, 203, 604, -0.8726998567581177
137, 21, 467, 593, -0.6321260333061218
137, 22, 213, 588, -0.7081149816513062
137, 23, 411, 596, -0.04193821921944618
137, 24, 273, 592, 0.044462017714977264
137, 25, 390, 842, -0.009358051232993603
137, 26, 249, 832, 0.03246830403804779
137, 27, 380, 1062, 0.5060908794403076
137, 28, 247, 1052, 0.4121835231781006
137, 29, 380, 1095, 0.5271597504615784
137, 30, 246, 1085, 0.4303581714630127
137, 31, 360, 1127, 0.03100873902440071
137, 32, 262, 1120, -0.11418674141168594
138, 0, 342, 155, -0.9401537775993347
138, 1, 360, 132, -0.8881551623344421
138, 2, 370, 132, -0.8886210322380066
138, 3, 378, 132, -0.8887284994125366
138, 4, 331, 132, -0.891507625579834
138, 5, 322, 133, -0.8915411829948425
138, 6, 315, 133, -0.8921446800231934
138, 7, 389, 144, -0.5289427042007446
138, 8, 307, 144, -0.5265555381774902
138, 9, 361, 178, -0.8029749989509583
138, 10, 323, 179, -0.8034232258796692
138, 11, 457, 292, -0.26827290654182434
138, 12, 237, 281, -0.32060450315475464
138, 13, 474, 451, -0.17456021904945374
138, 14, 214, 444, -0.20917002856731415
138, 15, 483, 579, -0.5154426693916321
138, 16, 202, 573, -0.6154388785362244
138, 17, 495, 618, -0.6115424633026123
138, 18, 189, 615, -0.7253143191337585
138, 19, 486, 615, -0.7007026672363281
138, 20, 202, 608, -0.8238374590873718
138, 21, 474, 599, -0.566834568977356
138, 22, 211, 592, -0.667486846446991
138, 23, 413, 597, -0.0438537672162056
138, 24, 273, 596, 0.04641706496477127
138, 25, 395, 844, 0.012849658727645874
138, 26, 250, 839, 0.07457520067691803
138, 27, 386, 1065, 0.580744743347168
138, 28, 251, 1059, 0.4966927170753479
138, 29, 387, 1098, 0.6088634729385376
138, 30, 251, 1092, 0.5223129987716675
138, 31, 364, 1133, 0.12585948407649994
138, 32, 268, 1127, -0.011030269786715508
139, 0, 339, 155, -0.9502891302108765
139, 1, 357, 130, -0.8998902440071106
139, 2, 367, 131, -0.9002995491027832
139, 3, 375, 131, -0.9003950953483582
139, 4, 327, 131, -0.9011436700820923
139, 5, 317, 132, -0.9010364413261414
139, 6, 311, 132, -0.9015849828720093
139, 7, 385, 143, -0.5386187434196472
139, 8, 303, 143, -0.52953040599823
139, 9, 357, 178, -0.8148527145385742
139, 10, 319, 179, -0.8120150566101074
139, 11, 455, 292, -0.29469236731529236
139, 12, 230, 284, -0.3214486837387085
139, 13, 475, 452, -0.1973922997713089
139, 14, 204, 448, -0.2143373191356659
139, 15, 485, 587, -0.5345258712768555
139, 16, 186, 583, -0.60521399974823
139, 17, 498, 626, -0.6329894661903381
139, 18, 175, 626, -0.70982426404953
139, 19, 487, 625, -0.7148057222366333
139, 20, 189, 620, -0.8134949803352356
139, 21, 476, 609, -0.5835326313972473
139, 22, 198, 604, -0.6598981022834778
139, 23, 414, 600, -0.053603313863277435
139, 24, 271, 600, 0.05641911178827286
139, 25, 396, 850, 0.006291958037763834
139, 26, 250, 848, 0.0973174050450325
139, 27, 386, 1073, 0.5933398008346558
139, 28, 250, 1069, 0.5400729775428772
139, 29, 387, 1107, 0.6229366064071655
139, 30, 250, 1102, 0.5678417682647705
139, 31, 364, 1143, 0.12837103009223938
139, 32, 267, 1137, 0.02040812559425831
140, 0, 336, 153, -0.9693800806999207
140, 1, 353, 128, -0.9145821332931519
140, 2, 362, 128, -0.9150111079216003
140, 3, 371, 129, -0.915117084980011
140, 4, 322, 130, -0.9168976545333862
140, 5, 313, 130, -0.916769802570343
140, 6, 307, 131, -0.9172918200492859
140, 7, 381, 141, -0.5424129366874695
140, 8, 297, 143, -0.5358483791351318
140, 9, 355, 177, -0.8308818936347961
140, 10, 315, 178, -0.8295040130615234
140, 11, 454, 292, -0.29685038328170776
140, 12, 224, 289, -0.32766932249069214
140, 13, 476, 453, -0.20403845608234406
140, 14, 197, 454, -0.22622206807136536
140, 15, 490, 598, -0.5618127584457397
140, 16, 178, 595, -0.6355844140052795
140, 17, 509, 643, -0.6678099036216736
140, 18, 167, 638, -0.7470909953117371
140, 19, 495, 644, -0.7527260184288025
140, 20, 182, 634, -0.853671669960022
140, 21, 482, 627, -0.6133233904838562
140, 22, 192, 618, -0.6924450993537903
140, 23, 416, 607, -0.05832322686910629
140, 24, 270, 609, 0.06123261898756027
140, 25, 398, 861, 0.009526650421321392
140, 26, 252, 861, 0.10399596393108368
140, 27, 388, 1086, 0.630490779876709
140, 28, 254, 1083, 0.574941873550415
140, 29, 390, 1122, 0.6612601280212402
140, 30, 255, 1117, 0.6048449277877808
140, 31, 366, 1155, 0.14753474295139313
140, 32, 271, 1153, 0.04206423833966255
141, 0, 327, 152, -0.9710501432418823
141, 1, 345, 126, -0.9147784113883972
141, 2, 355, 126, -0.9152485728263855
141, 3, 364, 127, -0.9153684377670288
141, 4, 314, 128, -0.9171894192695618
141, 5, 306, 129, -0.9170739054679871
141, 6, 299, 130, -0.9176012277603149
141, 7, 375, 139, -0.5381392240524292
141, 8, 290, 142, -0.533379316329956
141, 9, 348, 176, -0.8308089971542358
141, 10, 309, 177, -0.8297159075737
141, 11, 453, 291, -0.2896295487880707
141, 12, 218, 292, -0.322307288646698
141, 13, 477, 454, -0.21122880280017853
141, 14, 192, 459, -0.21739105880260468
141, 15, 489, 603, -0.605984091758728
141, 16, 180, 600, -0.6443384885787964
141, 17, 511, 651, -0.7242130041122437
141, 18, 170, 644, -0.7625042200088501
141, 19, 496, 649, -0.8128436207771301
141, 20, 184, 638, -0.8693960905075073
141, 21, 483, 632, -0.6599330902099609
141, 22, 194, 621, -0.7023832201957703
141, 23, 417, 611, -0.06214078143239021
141, 24, 269, 614, 0.06512148678302765
141, 25, 401, 867, 0.027943696826696396
141, 26, 254, 869, 0.13042336702346802
141, 27, 393, 1094, 0.6837457418441772
141, 28, 260, 1093, 0.6346665620803833
141, 29, 395, 1130, 0.7172073125839233
141, 30, 262, 1127, 0.6683167219161987
141, 31, 370, 1163, 0.19471882283687592
141, 32, 279, 1163, 0.10013367235660553
142, 0, 317, 150, -0.9771169424057007
142, 1, 334, 124, -0.9209932088851929
142, 2, 345, 124, -0.921523928642273
142, 3, 354, 124, -0.9216086268424988
142, 4, 305, 126, -0.9200628399848938
142, 5, 297, 127, -0.9199302792549133
142, 6, 288, 128, -0.9204797744750977
142, 7, 369, 137, -0.5459346771240234
142, 8, 281, 142, -0.5284566283226013
142, 9, 338, 174, -0.8378947377204895
142, 10, 301, 177, -0.8319522738456726
142, 11, 451, 291, -0.3141876757144928
142, 12, 212, 294, -0.3093395233154297
142, 13, 477, 456, -0.25938180088996887
142, 14, 184, 462, -0.1872074156999588
142, 15, 489, 603, -0.6606703400611877
142, 16, 167, 610, -0.6165479421615601
142, 17, 510, 650, -0.7804710865020752
142, 18, 154, 656, -0.7329820394515991
142, 19, 495, 648, -0.8659051060676575
142, 20, 169, 652, -0.8476354479789734
142, 21, 482, 631, -0.7131622433662415
142, 22, 180, 634, -0.6790735125541687
142, 23, 417, 615, -0.07253045588731766
142, 24, 265, 621, 0.07569088041782379
142, 25, 405, 872, 0.030395597219467163
142, 26, 254, 876, 0.17846426367759705
142, 27, 399, 1098, 0.7239395380020142
142, 28, 261, 1099, 0.7267826199531555
142, 29, 402, 1135, 0.7618644833564758
142, 30, 264, 1135, 0.7660212516784668
142, 31, 376, 1170, 0.2366032600402832
142, 32, 281, 1170, 0.19551244378089905
143, 0, 308, 149, -1.0146735906600952
143, 1, 326, 123, -0.9574881792068481
143, 2, 336, 123, -0.9580065608024597
143, 3, 346, 123, -0.9580805897712708
143, 4, 298, 125, -0.9573691487312317
143, 5, 289, 126, -0.9572482109069824
143, 6, 280, 127, -0.9578105211257935
143, 7, 362, 136, -0.5765628218650818
143, 8, 274, 141, -0.5587397217750549
143, 9, 330, 174, -0.872970700263977
143, 10, 295, 177, -0.8682560920715332
143, 11, 448, 290, -0.3282783627510071
143, 12, 206, 298, -0.33709508180618286
143, 13, 478, 456, -0.2601430118083954
143, 14, 180, 465, -0.19637957215309143
143, 15, 490, 605, -0.6590296030044556
143, 16, 171, 613, -0.6355449557304382
143, 17, 508, 655, -0.7779687643051147
143, 18, 159, 659, -0.7516599297523499
143, 19, 493, 652, -0.8661602139472961
143, 20, 173, 654, -0.8546244502067566
143, 21, 481, 634, -0.7120343446731567
143, 22, 184, 636, -0.6926959156990051
143, 23, 418, 618, -0.06902457028627396
143, 24, 264, 625, 0.07214636355638504
143, 25, 408, 878, 0.028967708349227905
143, 26, 255, 884, 0.1478785127401352
143, 27, 403, 1107, 0.7007576823234558
143, 28, 263, 1110, 0.661457896232605
143, 29, 406, 1143, 0.7349419593811035
143, 30, 266, 1145, 0.6964223980903625
143, 31, 380, 1179, 0.20510128140449524
143, 32, 284, 1181, 0.12301667034626007
144, 0, 300, 148, -1.186269760131836
144, 1, 317, 122, -1.134287714958191
144, 2, 328, 122, -1.1346648931503296
144, 3, 338, 122, -1.1347119808197021
144, 4, 290, 124, -1.1348295211791992
144, 5, 280, 125, -1.1349200010299683
144, 6, 272, 126, -1.135508418083191
144, 7, 355, 134, -0.7423516511917114
144, 8, 265, 140, -0.7304539084434509
144, 9, 322, 173, -1.036885380744934
144, 10, 287, 176, -1.0335547924041748
144, 11, 445, 289, -0.4575793147087097
144, 12, 200, 300, -0.4607907831668854
144, 13, 478, 456, -0.36626574397087097
144, 14, 175, 468, -0.310524046421051
144, 15, 486, 603, -0.7583922743797302
144, 16, 173, 617, -0.7298804521560669
144, 17, 496, 652, -0.8763123750686646
144, 18, 161, 664, -0.847112774848938
144, 19, 482, 648, -0.9667986035346985
144, 20, 176, 655, -0.958069920539856
144, 21, 471, 630, -0.8101991415023804
144, 22, 186, 637, -0.7884629368782043
144, 23, 418, 619, -0.06773866713047028
144, 24, 260, 626, 0.07072644680738449
144, 25, 407, 881, 0.038385435938835144
144, 26, 250, 885, 0.14588716626167297
144, 27, 401, 1110, 0.7139719724655151
144, 28, 259, 1112, 0.6651987433433533
144, 29, 404, 1146, 0.7472338676452637
144, 30, 263, 1146, 0.6991490125656128
144, 31, 378, 1183, 0.20391499996185303
144, 32, 279, 1186, 0.11627205461263657
145, 0, 295, 145, -1.1147263050079346
145, 1, 310, 118, -1.0596116781234741
145, 2, 321, 117, -1.0600290298461914
145, 3, 331, 117, -1.0600969791412354
145, 4, 281, 121, -1.0608996152877808
145, 5, 271, 123, -1.0608521699905396
145, 6, 263, 124, -1.0613850355148315
145, 7, 349, 129, -0.672613263130188
145, 8, 254, 138, -0.6639747619628906
145, 9, 318, 170, -0.9690507650375366
145, 10, 280, 174, -0.9662011861801147
145, 11, 444, 287, -0.4009522795677185
145, 12, 193, 302, -0.4285421371459961
145, 13, 479, 457, -0.3135283589363098
145, 14, 174, 473, -0.30071333050727844
145, 15, 488, 608, -0.7064200043678284
145, 16, 176, 625, -0.7243174314498901
145, 17, 498, 658, -0.8259973526000977
145, 18, 172, 673, -0.8433158993721008
145, 19, 484, 654, -0.9136999249458313
145, 20, 188, 664, -0.9512832760810852
145, 21, 473, 636, -0.7586333155632019
145, 22, 195, 645, -0.7820002436637878
145, 23, 418, 624, -0.06656232476234436
145, 24, 258, 633, 0.06961803138256073
145, 25, 408, 889, 0.04990682750940323
145, 26, 250, 897, 0.17062275111675262
145, 27, 403, 1121, 0.7562432885169983
145, 28, 259, 1126, 0.725836455821991
145, 29, 406, 1159, 0.7932692766189575
145, 30, 263, 1163, 0.7653905749320984
145, 31, 380, 1196, 0.24973782896995544
145, 32, 280, 1200, 0.1804305613040924
146, 0, 285, 144, -1.1079226732254028
146, 1, 300, 117, -1.054152250289917
146, 2, 312, 115, -1.0545532703399658
146, 3, 322, 115, -1.0546252727508545
146, 4, 271, 120, -1.05170476436615
146, 5, 261, 122, -1.0514496564865112
146, 6, 253, 123, -1.0519545078277588
146, 7, 341, 126, -0.6704650521278381
146, 8, 244, 137, -0.6437118053436279
146, 9, 310, 169, -0.9634542465209961
146, 10, 271, 173, -0.9550213813781738
146, 11, 442, 282, -0.39722949266433716
146, 12, 187, 303, -0.42184194922447205
146, 13, 480, 456, -0.3137401044368744
146, 14, 167, 478, -0.3044056296348572
146, 15, 506, 615, -0.7053827047348022
146, 16, 174, 638, -0.7328671216964722
146, 17, 526, 661, -0.8251123428344727
146, 18, 169, 687, -0.8540120124816895
146, 19, 508, 658, -0.9121958613395691
146, 20, 187, 679, -0.9626185297966003
146, 21, 493, 641, -0.7587569355964661
146, 22, 195, 660, -0.7920084595680237
146, 23, 420, 624, -0.06890677660703659
146, 24, 257, 636, 0.07232718169689178
146, 25, 413, 893, 0.046944230794906616
146, 26, 255, 905, 0.17446564137935638
146, 27, 411, 1127, 0.7708172798156738
146, 28, 266, 1136, 0.7462005615234375
146, 29, 416, 1166, 0.8089648485183716
146, 30, 269, 1174, 0.788090705871582
146, 31, 387, 1204, 0.253104031085968
146, 32, 288, 1211, 0.18564735352993011
147, 0, 276, 142, -1.0077471733093262
147, 1, 290, 114, -0.9566178321838379
147, 2, 302, 113, -0.957024097442627
147, 3, 313, 112, -0.957189679145813
147, 4, 262, 119, -0.949414849281311
147, 5, 252, 120, -0.9489022493362427
147, 6, 242, 122, -0.9493076205253601
147, 7, 333, 122, -0.5976813435554504
147, 8, 232, 135, -0.5396707653999329
147, 9, 301, 168, -0.8718563914299011
147, 10, 262, 173, -0.8552948236465454
147, 11, 439, 277, -0.37271150946617126
147, 12, 181, 305, -0.36572474241256714
147, 13, 480, 455, -0.2924439609050751
147, 14, 162, 479, -0.26065531373023987
147, 15, 514, 615, -0.6686136722564697
147, 16, 172, 643, -0.6679550409317017
147, 17, 536, 661, -0.7839680910110474
147, 18, 168, 692, -0.7807769179344177
147, 19, 515, 659, -0.8523263931274414
147, 20, 187, 686, -0.8831709027290344
147, 21, 501, 642, -0.7154635190963745
147, 22, 194, 666, -0.7253084182739258
147, 23, 421, 625, -0.07508400827646255
147, 24, 256, 640, 0.07898538559675217
147, 25, 419, 896, 0.02047324925661087
147, 26, 261, 911, 0.16830451786518097
147, 27, 421, 1134, 0.723760187625885
147, 28, 274, 1146, 0.7018558979034424
147, 29, 428, 1173, 0.758030354976654
147, 30, 276, 1186, 0.7400950789451599
147, 31, 396, 1213, 0.2206709384918213
147, 32, 298, 1221, 0.15367498993873596
148, 0, 265, 138, -0.9252597093582153
148, 1, 279, 109, -0.8764647245407104
148, 2, 292, 107, -0.8767073750495911
148, 3, 303, 106, -0.8769418001174927
148, 4, 249, 113, -0.8686805963516235
148, 5, 240, 115, -0.8681500554084778
148, 6, 229, 117, -0.8684951066970825
148, 7, 326, 116, -0.5411659479141235
148, 8, 221, 131, -0.4788988530635834
148, 9, 290, 164, -0.7988702058792114
148, 10, 251, 171, -0.7812506556510925
148, 11, 436, 273, -0.34302210807800293
148, 12, 174, 307, -0.33949974179267883
148, 13, 480, 454, -0.28269168734550476
148, 14, 151, 481, -0.24776050448417664
148, 15, 520, 618, -0.6093440651893616
148, 16, 156, 649, -0.6305093169212341
148, 17, 544, 665, -0.7135153412818909
148, 18, 149, 698, -0.7354915738105774
148, 19, 520, 667, -0.7785018086433411
148, 20, 171, 695, -0.8337793350219727
148, 21, 506, 648, -0.6534331440925598
148, 22, 179, 675, -0.6860042810440063
148, 23, 420, 626, -0.0743807703256607
148, 24, 251, 642, 0.07841368764638901
148, 25, 422, 899, 0.015026885084807873
148, 26, 263, 916, 0.18372979760169983
148, 27, 428, 1139, 0.7077151536941528
148, 28, 277, 1153, 0.69810551404953
148, 29, 436, 1180, 0.7436308860778809
148, 30, 279, 1195, 0.7349414229393005
148, 31, 401, 1220, 0.2160581350326538
148, 32, 303, 1230, 0.16278177499771118
149, 0, 254, 135, -0.8006613850593567
149, 1, 268, 106, -0.7573423981666565
149, 2, 280, 104, -0.7574337720870972
149, 3, 293, 102, -0.7576662302017212
149, 4, 238, 111, -0.748001217842102
149, 5, 229, 112, -0.7474972009658813
149, 6, 217, 114, -0.747828483581543
149, 7, 317, 111, -0.46166688203811646
149, 8, 211, 128, -0.3944057524204254
149, 9, 279, 162, -0.6887216567993164
149, 10, 242, 169, -0.6698712110519409
149, 11, 432, 270, -0.2907870411872864
149, 12, 166, 309, -0.30087029933929443
149, 13, 481, 454, -0.24357621371746063
149, 14, 146, 487, -0.24665334820747375
149, 15, 524, 624, -0.4936217665672302
149, 16, 147, 662, -0.6259596347808838
149, 17, 550, 672, -0.5790383219718933
149, 18, 137, 713, -0.7266740798950195
149, 19, 525, 677, -0.6420072317123413
149, 20, 161, 710, -0.8170948028564453
149, 21, 510, 657, -0.5342950820922852
149, 22, 170, 690, -0.6790183782577515
149, 23, 420, 630, -0.07414846122264862
149, 24, 247, 648, 0.07791390269994736
149, 25, 428, 906, -0.0016747291665524244
149, 26, 270, 926, 0.18032149970531464
149, 27, 443, 1148, 0.6611223816871643
149, 28, 294, 1164, 0.6203830242156982
149, 29, 453, 1189, 0.6976169943809509
149, 30, 296, 1205, 0.6513000130653381
149, 31, 419, 1230, 0.21182310581207275
149, 32, 323, 1243, 0.12020242214202881
150, 0, 246, 132, -0.7896885871887207
150, 1, 261, 103, -0.7459886074066162
150, 2, 274, 101, -0.7460798025131226
150, 3, 287, 99, -0.7463072538375854
150, 4, 230, 107, -0.735649049282074
150, 5, 220, 108, -0.7350479364395142
150, 6, 209, 110, -0.7353822588920593
150, 7, 311, 107, -0.45154038071632385
150, 8, 201, 123, -0.3786877989768982
150, 9, 272, 160, -0.6789969205856323
150, 10, 234, 167, -0.6584216952323914
150, 11, 428, 268, -0.28645217418670654
150, 12, 158, 311, -0.29441168904304504
150, 13, 482, 454, -0.24741899967193604
150, 14, 143, 492, -0.24691453576087952
150, 15, 531, 626, -0.5236340761184692
150, 16, 140, 672, -0.6377378702163696
150, 17, 559, 676, -0.6167517304420471
150, 18, 127, 724, -0.7425483465194702
150, 19, 532, 681, -0.677797794342041
150, 20, 151, 722, -0.8379225730895996
150, 21, 516, 661, -0.5648870468139648
150, 22, 161, 701, -0.6916940808296204
150, 23, 418, 633, -0.07419756799936295
150, 24, 241, 653, 0.07833199203014374
150, 25, 428, 912, -0.019134491682052612
150, 26, 270, 932, 0.17478439211845398
150, 27, 444, 1155, 0.6454652547836304
150, 28, 294, 1172, 0.6274327039718628
150, 29, 454, 1197, 0.6824150085449219
150, 30, 296, 1215, 0.659537672996521
150, 31, 422, 1239, 0.2053493708372116
150, 32, 324, 1251, 0.12399454414844513
151, 0, 237, 130, -0.8536917567253113
151, 1, 253, 101, -0.8068464398384094
151, 2, 266, 99, -0.8070436716079712
151, 3, 279, 97, -0.8072803616523743
151, 4, 221, 105, -0.798068642616272
151, 5, 211, 106, -0.7975720167160034
151, 6, 200, 107, -0.797951340675354
151, 7, 304, 104, -0.48494625091552734
151, 8, 193, 120, -0.42013484239578247
151, 9, 263, 158, -0.733135998249054
151, 10, 226, 165, -0.7147043943405151
151, 11, 424, 266, -0.3050915002822876
151, 12, 149, 313, -0.3038786053657532
151, 13, 482, 452, -0.2885420322418213
151, 14, 135, 495, -0.2440146505832672
151, 15, 528, 626, -0.5877321362495422
151, 16, 121, 677, -0.6403415203094482
151, 17, 553, 677, -0.6852437257766724
151, 18, 106, 729, -0.7427195906639099
151, 19, 527, 682, -0.7287315726280212
151, 20, 130, 729, -0.8443593978881836
151, 21, 512, 661, -0.6240630745887756
151, 22, 141, 707, -0.6968244314193726
151, 23, 412, 637, -0.07846124470233917
151, 24, 233, 656, 0.08280940353870392
151, 25, 427, 916, -0.015241667628288269
151, 26, 265, 937, 0.2304147183895111
151, 27, 439, 1162, 0.6805814504623413
151, 28, 290, 1179, 0.7678807973861694
151, 29, 448, 1206, 0.7218221426010132
151, 30, 292, 1223, 0.8085148930549622
151, 31, 416, 1247, 0.21713688969612122
151, 32, 318, 1258, 0.2448025643825531
152, 0, 231, 128, -0.8787727355957031
152, 1, 246, 99, -0.8378574252128601
152, 2, 260, 97, -0.8376366496086121
152, 3, 273, 95, -0.8379188776016235
152, 4, 215, 103, -0.815851092338562
152, 5, 204, 104, -0.8148258328437805
152, 6, 193, 105, -0.8150178790092468
152, 7, 299, 102, -0.5277948379516602
152, 8, 186, 118, -0.4373301565647125
152, 9, 257, 157, -0.7654730677604675
152, 10, 220, 163, -0.7262409925460815
152, 11, 420, 266, -0.3404284417629242
152, 12, 140, 313, -0.3316153287887573
152, 13, 481, 451, -0.34169143438339233
152, 14, 125, 497, -0.27133408188819885
152, 15, 525, 627, -0.6860015392303467
152, 16, 108, 677, -0.6849034428596497
152, 17, 549, 677, -0.7918070554733276
152, 18, 93, 728, -0.7911216020584106
152, 19, 526, 682, -0.8490626215934753
152, 20, 116, 727, -0.8915462493896484
152, 21, 511, 661, -0.7275165319442749
152, 22, 127, 706, -0.7432200908660889
152, 23, 405, 644, -0.07642076909542084
152, 24, 221, 662, 0.08130179345607758
152, 25, 419, 926, 0.03553733229637146
152, 26, 247, 945, 0.22706882655620575
152, 27, 437, 1174, 0.7741454839706421
152, 28, 272, 1189, 0.7715102434158325
152, 29, 445, 1220, 0.8178802728652954
152, 30, 275, 1235, 0.8111408948898315
152, 31, 412, 1259, 0.29319560527801514
152, 32, 307, 1271, 0.23488342761993408
153, 0, 228, 126, -0.8292921781539917
153, 1, 243, 97, -0.7849298715591431
153, 2, 258, 94, -0.7847934365272522
153, 3, 271, 92, -0.784986674785614
153, 4, 210, 101, -0.7780815362930298
153, 5, 200, 102, -0.7774530649185181
153, 6, 188, 103, -0.7777937650680542
153, 7, 295, 99, -0.4797833561897278
153, 8, 179, 116, -0.4288748800754547
153, 9, 257, 155, -0.713769793510437
153, 10, 218, 162, -0.696884274482727
153, 11, 417, 266, -0.2947016656398773
153, 12, 133, 313, -0.338032066822052
153, 13, 479, 451, -0.3081980049610138
153, 14, 110, 497, -0.3254186511039734
153, 15, 523, 628, -0.5935342907905579
153, 16, 96, 682, -0.7277359962463379
153, 17, 546, 679, -0.6865835785865784
153, 18, 85, 732, -0.8303931355476379
153, 19, 525, 682, -0.7401219010353088
153, 20, 109, 730, -0.9244623184204102
153, 21, 510, 662, -0.6323542594909668
153, 22, 120, 708, -0.783734142780304
153, 23, 401, 649, -0.044924359768629074
153, 24, 215, 667, 0.050277650356292725
153, 25, 416, 934, 0.03436898812651634
153, 26, 240, 953, 0.15244922041893005
153, 27, 436, 1184, 0.7485947608947754
153, 28, 265, 1198, 0.6206851601600647
153, 29, 443, 1229, 0.7902963757514954
153, 30, 268, 1243, 0.6509305834770203
153, 31, 411, 1270, 0.2600744366645813
153, 32, 301, 1281, 0.09488347172737122
154, 0, 224, 122, -0.820144772529602
154, 1, 241, 92, -0.7747377157211304
154, 2, 256, 89, -0.774578869342804
154, 3, 269, 87, -0.7747851014137268
154, 4, 207, 97, -0.7711714506149292
154, 5, 196, 98, -0.7706208229064941
154, 6, 185, 98, -0.770965576171875
154, 7, 292, 94, -0.4682775139808655
154, 8, 175, 111, -0.42975395917892456
154, 9, 254, 153, -0.7041839361190796
154, 10, 214, 159, -0.6922646760940552
154, 11, 415, 265, -0.2820473611354828
154, 12, 127, 313, -0.35558706521987915
154, 13, 476, 452, -0.28989288210868835
154, 14, 100, 495, -0.3763042390346527
154, 15, 522, 631, -0.5696402788162231
154, 16, 94, 678, -0.7959243059158325
154, 17, 545, 681, -0.6635870933532715
154, 18, 86, 729, -0.9021434783935547
154, 19, 524, 684, -0.7194432020187378
154, 20, 111, 726, -0.9891741871833801
154, 21, 509, 664, -0.6095417737960815
154, 22, 121, 704, -0.8489437103271484
154, 23, 395, 654, -0.03172024339437485
154, 24, 207, 669, 0.037066422402858734
154, 25, 406, 941, 0.03776904195547104
154, 26, 229, 958, 0.12365641444921494
154, 27, 419, 1193, 0.7304098606109619
154, 28, 250, 1204, 0.5825793743133545
154, 29, 428, 1238, 0.7700179815292358
154, 30, 252, 1249, 0.6123718023300171
154, 31, 393, 1280, 0.24919874966144562
154, 32, 283, 1289, 0.05712107941508293
155, 0, 221, 119, -0.8183701634407043
155, 1, 238, 89, -0.7708479762077332
155, 2, 253, 86, -0.7707129120826721
155, 3, 266, 83, -0.7709105610847473
155, 4, 204, 94, -0.7702823877334595
155, 5, 193, 95, -0.7697341442108154
155, 6, 182, 95, -0.7701087594032288
155, 7, 289, 91, -0.4550241529941559
155, 8, 174, 107, -0.42978519201278687
155, 9, 251, 150, -0.6982948780059814
155, 10, 212, 156, -0.6904769539833069
155, 11, 413, 265, -0.2555219829082489
155, 12, 121, 312, -0.3682141900062561
155, 13, 474, 452, -0.24150657653808594
155, 14, 90, 494, -0.36780112981796265
155, 15, 522, 634, -0.5236887335777283
155, 16, 81, 678, -0.765845000743866
155, 17, 544, 684, -0.61417156457901
155, 18, 69, 730, -0.8723662495613098
155, 19, 522, 686, -0.6755016446113586
155, 20, 95, 725, -0.9634688496589661
155, 21, 507, 666, -0.5659483671188354
155, 22, 106, 704, -0.8197304010391235
155, 23, 390, 656, -0.014511686749756336
155, 24, 202, 671, 0.019611254334449768
155, 25, 400, 946, 0.04600601643323898
155, 26, 224, 962, 0.07985000312328339
155, 27, 412, 1199, 0.7251211404800415
155, 28, 247, 1210, 0.5225037336349487
155, 29, 421, 1243, 0.7682790756225586
155, 30, 248, 1253, 0.549172043800354
155, 31, 388, 1285, 0.2446608990430832
155, 32, 279, 1294, -0.01225285790860653
156, 0, 223, 116, -0.8343316912651062
156, 1, 240, 86, -0.7858902812004089
156, 2, 254, 82, -0.7858147621154785
156, 3, 266, 80, -0.7860203385353088
156, 4, 204, 91, -0.7861093282699585
156, 5, 194, 92, -0.7855829000473022
156, 6, 183, 93, -0.7859581708908081
156, 7, 287, 88, -0.46455875039100647
156, 8, 173, 105, -0.4372943341732025
156, 9, 254, 148, -0.7124708890914917
156, 10, 213, 153, -0.7054997086524963
156, 11, 412, 264, -0.2652965188026428
156, 12, 114, 312, -0.3852337598800659
156, 13, 471, 454, -0.24397890269756317
156, 14, 76, 493, -0.3542952239513397
156, 15, 521, 638, -0.5397645235061646
156, 16, 70, 679, -0.7162240147590637
156, 17, 543, 688, -0.6340877413749695
156, 18, 58, 731, -0.8119447827339172
156, 19, 519, 689, -0.697724461555481
156, 20, 83, 726, -0.8980234861373901
156, 21, 504, 669, -0.5830443501472473
156, 22, 94, 705, -0.7656042575836182
156, 23, 385, 659, -0.015855032950639725
156, 24, 196, 674, 0.020751405507326126
156, 25, 396, 950, 0.04263986274600029
156, 26, 221, 966, 0.07020676136016846
156, 27, 409, 1206, 0.714214563369751
156, 28, 246, 1214, 0.5188957452774048
156, 29, 417, 1249, 0.7531665563583374
156, 30, 248, 1256, 0.5472232103347778
156, 31, 385, 1293, 0.23507030308246613
156, 32, 275, 1300, -0.0159775260835886
157, 0, 220, 113, -0.8447429537773132
157, 1, 237, 82, -0.7960165739059448
157, 2, 252, 79, -0.7960375547409058
157, 3, 264, 77, -0.7962197661399841
157, 4, 201, 87, -0.7924560308456421
157, 5, 191, 88, -0.7920254468917847
157, 6, 180, 89, -0.7924269437789917
157, 7, 284, 84, -0.47239699959754944
157, 8, 169, 101, -0.44744396209716797
157, 9, 252, 145, -0.722478985786438
157, 10, 210, 150, -0.7136926651000977
157, 11, 409, 263, -0.26286882162094116
157, 12, 110, 309, -0.4000055193901062
157, 13, 465, 455, -0.22962208092212677
157, 14, 65, 493, -0.35097548365592957
157, 15, 514, 639, -0.5315476655960083
157, 16, 54, 681, -0.6898616552352905
157, 17, 538, 689, -0.6259288787841797
157, 18, 41, 733, -0.7846992611885071
157, 19, 510, 689, -0.6907128095626831
157, 20, 67, 728, -0.8758506774902344
157, 21, 495, 669, -0.5757409334182739
157, 22, 79, 708, -0.7406737208366394
157, 23, 377, 659, -0.004471996333450079
157, 24, 187, 673, 0.009207233786582947
157, 25, 385, 954, 0.058294009417295456
157, 26, 209, 968, 0.07012555003166199
157, 27, 397, 1212, 0.720880389213562
157, 28, 234, 1221, 0.5268756747245789
157, 29, 405, 1257, 0.7572851181030273
157, 30, 235, 1264, 0.5553370714187622
157, 31, 377, 1299, 0.23934407532215118
157, 32, 267, 1306, -0.017694957554340363
158, 0, 219, 107, -0.9284161329269409
158, 1, 236, 76, -0.8750322461128235
158, 2, 251, 73, -0.874914288520813
158, 3, 263, 71, -0.8752924203872681
158, 4, 199, 81, -0.8748500943183899
158, 5, 188, 83, -0.8743521571159363
158, 6, 177, 84, -0.8746297955513
158, 7, 283, 80, -0.5170055031776428
158, 8, 165, 97, -0.495242178440094
158, 9, 251, 140, -0.7931669354438782
158, 10, 208, 146, -0.7853284478187561
158, 11, 405, 260, -0.3129569888114929
158, 12, 104, 308, -0.4082120954990387
158, 13, 458, 454, -0.2793639004230499
158, 14, 62, 494, -0.3502390682697296
158, 15, 506, 639, -0.6384483575820923
158, 16, 52, 686, -0.7180911302566528
158, 17, 532, 689, -0.7462247014045715
158, 18, 35, 738, -0.8233683705329895
158, 19, 502, 691, -0.8136218786239624
158, 20, 60, 736, -0.9251047968864441
158, 21, 487, 670, -0.684855043888092
158, 22, 72, 715, -0.7749099135398865
158, 23, 377, 659, -0.012988070957362652
158, 24, 184, 674, 0.017839035019278526
158, 25, 385, 960, 0.12572252750396729
158, 26, 209, 976, 0.21178992092609406
158, 27, 397, 1223, 0.9425972104072571
158, 28, 232, 1234, 0.8300858736038208
158, 29, 405, 1271, 0.9932461977005005
158, 30, 234, 1280, 0.8758188486099243
158, 31, 376, 1313, 0.441089391708374
158, 32, 266, 1326, 0.2517460584640503
159, 0, 219, 101, -1.1342389583587646
159, 1, 237, 69, -1.0753036737442017
159, 2, 251, 67, -1.075252890586853
159, 3, 264, 65, -1.0755720138549805
159, 4, 198, 75, -1.0746324062347412
159, 5, 187, 76, -1.0741217136383057
159, 6, 176, 78, -1.074394702911377
159, 7, 284, 76, -0.6710874438285828
159, 8, 162, 93, -0.6436890959739685
159, 9, 252, 135, -0.9826909303665161
159, 10, 206, 141, -0.9735261797904968
159, 11, 403, 259, -0.42092689871788025
159, 12, 100, 306, -0.49166637659072876
159, 13, 453, 453, -0.36954933404922485
159, 14, 60, 493, -0.42212170362472534
159, 15, 499, 638, -0.7875431776046753
159, 16, 53, 692, -0.8542741537094116
159, 17, 528, 689, -0.9134400486946106
159, 18, 37, 745, -0.9780155420303345
159, 19, 498, 690, -0.9913957715034485
159, 20, 62, 744, -1.0928261280059814
159, 21, 482, 669, -0.8401236534118652
159, 22, 74, 722, -0.9177309274673462
159, 23, 376, 660, -0.032286059111356735
159, 24, 181, 675, 0.03715839236974716
159, 25, 384, 963, 0.16152361035346985
159, 26, 209, 981, 0.2831191420555115
159, 27, 398, 1229, 1.0513994693756104
159, 28, 233, 1241, 0.9844775199890137
159, 29, 406, 1277, 1.105556607246399
159, 30, 235, 1287, 1.0376901626586914
159, 31, 376, 1320, 0.510096549987793
159, 32, 267, 1334, 0.3748982846736908
