0, 0, 340, 112, -0.9314175844192505
0, 1, 356, 99, -0.8611160516738892
0, 2, 364, 100, -0.8612768054008484
0, 3, 371, 102, -0.8613130450248718
0, 4, 324, 98, -0.8685460090637207
0, 5, 315, 100, -0.8684800267219543
0, 6, 306, 102, -0.8691045641899109
0, 7, 386, 117, -0.49906453490257263
0, 8, 296, 119, -0.5254700779914856
0, 9, 360, 139, -0.8051918148994446
0, 10, 321, 140, -0.8122142553329468
0, 11, 469, 290, -0.27677449584007263
0, 12, 216, 283, -0.3835729658603668
0, 13, 516, 464, -0.21532639861106873
0, 14, 162, 458, -0.35496437549591064
0, 15, 552, 609, -0.5901739597320557
0, 16, 119, 578, -0.7912927269935608
0, 17, 577, 649, -0.6858425140380859
0, 18, 103, 617, -0.9043411016464233
0, 19, 558, 651, -0.7691570520401001
0, 20, 120, 614, -1.0078632831573486
0, 21, 541, 635, -0.642509937286377
0, 22, 131, 600, -0.8501167297363281
0, 23, 414, 617, -0.008015894331037998
0, 24, 250, 614, 0.012065027840435505
0, 25, 399, 876, -0.0015675474423915148
0, 26, 242, 870, -0.07473750412464142
0, 27, 389, 1106, 0.5736603736877441
0, 28, 231, 1101, 0.34008604288101196
0, 29, 393, 1145, 0.5979077219963074
0, 30, 228, 1141, 0.3600271940231323
0, 31, 360, 1176, 0.09281303733587265
0, 32, 248, 1170, -0.20850534737110138
1, 0, 340, 112, -0.6297086477279663
1, 1, 356, 99, -0.5737621784210205
1, 2, 364, 100, -0.5735976099967957
1, 3, 371, 102, -0.5737995505332947
1, 4, 324, 97, -0.5725615620613098
1, 5, 315, 99, -0.5722815990447998
1, 6, 306, 100, -0.5726194381713867
1, 7, 386, 117, -0.2985996603965759
1, 8, 296, 118, -0.28026822209358215
1, 9, 360, 139, -0.5372265577316284
1, 10, 321, 140, -0.5315743088722229
1, 11, 469, 290, -0.18627318739891052
1, 12, 216, 283, -0.2602551579475403
1, 13, 517, 464, -0.1276363581418991
1, 14, 161, 458, -0.2442007064819336
1, 15, 563, 625, -0.31775039434432983
1, 16, 112, 579, -0.5542999505996704
1, 17, 590, 667, -0.37907081842422485
1, 18, 89, 617, -0.6275903582572937
1, 19, 568, 671, -0.44156545400619507
1, 20, 109, 615, -0.7159279584884644
1, 21, 553, 655, -0.35658085346221924
1, 22, 122, 602, -0.6052815318107605
1, 23, 417, 620, -0.009386571124196053
1, 24, 253, 620, 0.013203488662838936
1, 25, 405, 891, 0.0010597298387438059
1, 26, 249, 893, 0.034346312284469604
1, 27, 396, 1133, 0.5859551429748535
1, 28, 243, 1131, 0.4216364920139313
1, 29, 400, 1171, 0.6146022081375122
1, 30, 239, 1168, 0.4451073110103607
1, 31, 372, 1204, 0.1567436158657074
1, 32, 266, 1204, -0.07725292444229126
2, 0, 340, 112, -0.6277045011520386
2, 1, 356, 98, -0.5716810822486877
2, 2, 364, 100, -0.5715907216072083
2, 3, 371, 101, -0.5718393325805664
2, 4, 324, 97, -0.5695808529853821
2, 5, 315, 98, -0.5693637132644653
2, 6, 306, 99, -0.569787859916687
2, 7, 386, 117, -0.2955237925052643
2, 8, 296, 118, -0.2713794708251953
2, 9, 360, 139, -0.535004734992981
2, 10, 321, 140, -0.5277093648910522
2, 11, 469, 291, -0.18820615112781525
2, 12, 216, 283, -0.25039875507354736
2, 13, 519, 464, -0.13600735366344452
2, 14, 161, 458, -0.2383260279893875
2, 15, 570, 628, -0.3422923982143402
2, 16, 107, 586, -0.5514593124389648
2, 17, 598, 670, -0.40300869941711426
2, 18, 82, 624, -0.6247926354408264
2, 19, 578, 675, -0.46739643812179565
2, 20, 102, 624, -0.713407576084137
2, 21, 562, 659, -0.38231518864631653
2, 22, 116, 612, -0.602361798286438
2, 23, 420, 622, -0.01784079149365425
2, 24, 256, 623, 0.021321017295122147
2, 25, 409, 896, 0.001014646259136498
2, 26, 252, 899, 0.06988641619682312
2, 27, 401, 1140, 0.5944972038269043
2, 28, 249, 1138, 0.46861714124679565
2, 29, 405, 1177, 0.6256977915763855
2, 30, 244, 1174, 0.49415603280067444
2, 31, 376, 1211, 0.1707334816455841
2, 32, 271, 1212, -0.028293853625655174
3, 0, 340, 112, -0.6381693482398987
3, 1, 356, 98, -0.5801988840103149
3, 2, 364, 99, -0.5801105499267578
3, 3, 371, 101, -0.5803124904632568
3, 4, 324, 96, -0.577895998954773
3, 5, 315, 97, -0.5776445269584656
3, 6, 306, 98, -0.5780540108680725
3, 7, 386, 117, -0.2992649972438812
3, 8, 297, 118, -0.27545905113220215
3, 9, 360, 139, -0.5447012186050415
3, 10, 320, 140, -0.537598729133606
3, 11, 469, 291, -0.19428738951683044
3, 12, 216, 283, -0.2524833083152771
3, 13, 520, 465, -0.14674563705921173
3, 14, 160, 459, -0.24532172083854675
3, 15, 573, 630, -0.36387982964515686
3, 16, 106, 592, -0.569428563117981
3, 17, 601, 672, -0.42581239342689514
3, 18, 82, 631, -0.6453943848609924
3, 19, 581, 678, -0.49034053087234497
3, 20, 102, 633, -0.7319517135620117
3, 21, 565, 662, -0.4039672315120697
3, 22, 116, 620, -0.6196128129959106
3, 23, 423, 623, -0.022138826549053192
3, 24, 257, 625, 0.02561907097697258
3, 25, 413, 899, -0.0010209274478256702
3, 26, 256, 903, 0.065654456615448
3, 27, 405, 1143, 0.5931491851806641
3, 28, 252, 1142, 0.45634064078330994
3, 29, 410, 1181, 0.6231024861335754
3, 30, 247, 1178, 0.4803648591041565
3, 31, 378, 1216, 0.1605551689863205
3, 32, 274, 1217, -0.04619411379098892
4, 0, 340, 112, -0.6294692754745483
4, 1, 356, 98, -0.5722989439964294
4, 2, 364, 99, -0.5721965432167053
4, 3, 371, 101, -0.5724035501480103
4, 4, 324, 96, -0.5706872940063477
4, 5, 315, 97, -0.5704392194747925
4, 6, 306, 98, -0.5708380341529846
4, 7, 386, 117, -0.29410502314567566
4, 8, 297, 118, -0.2728874981403351
4, 9, 360, 139, -0.5367130041122437
4, 10, 320, 140, -0.5302830934524536
4, 11, 469, 291, -0.18820974230766296
4, 12, 216, 283, -0.2503093183040619
4, 13, 521, 465, -0.1393158882856369
4, 14, 160, 460, -0.23378300666809082
4, 15, 576, 632, -0.3439001739025116
4, 16, 104, 594, -0.5408816933631897
4, 17, 605, 674, -0.40400972962379456
4, 18, 80, 632, -0.6117461919784546
4, 19, 585, 680, -0.4679819941520691
4, 20, 100, 633, -0.7000284790992737
4, 21, 568, 664, -0.3836800456047058
4, 22, 114, 621, -0.5911494493484497
4, 23, 424, 625, -0.022305380553007126
4, 24, 258, 627, 0.025782588869333267
4, 25, 416, 901, -0.0004658765974454582
4, 26, 258, 905, 0.06619354337453842
4, 27, 409, 1146, 0.5961695909500122
4, 28, 256, 1145, 0.4576030373573303
4, 29, 415, 1183, 0.6266511678695679
4, 30, 252, 1181, 0.4819416403770447
4, 31, 383, 1219, 0.16885130107402802
4, 32, 279, 1220, -0.041347138583660126
5, 0, 340, 112, -0.6302223205566406
5, 1, 356, 98, -0.5727218389511108
5, 2, 364, 99, -0.572624683380127
5, 3, 371, 101, -0.5728166103363037
5, 4, 324, 96, -0.5712280869483948
5, 5, 315, 97, -0.5709669589996338
5, 6, 306, 98, -0.5713663697242737
5, 7, 386, 117, -0.2933374047279358
5, 8, 297, 118, -0.2731509804725647
5, 9, 360, 140, -0.5368825197219849
5, 10, 320, 140, -0.5308240056037903
5, 11, 470, 291, -0.18570232391357422
5, 12, 216, 283, -0.2505109906196594
5, 13, 521, 465, -0.13662052154541016
5, 14, 160, 460, -0.24345974624156952
5, 15, 579, 633, -0.3382389545440674
5, 16, 105, 596, -0.5623825192451477
5, 17, 608, 674, -0.3983803987503052
5, 18, 81, 634, -0.6356146931648254
5, 19, 588, 680, -0.46172666549682617
5, 20, 101, 635, -0.7235426306724548
5, 21, 572, 664, -0.3777563273906708
5, 22, 115, 622, -0.6129612326622009
5, 23, 426, 626, -0.022372491657733917
5, 24, 259, 630, 0.025856221094727516
5, 25, 420, 903, -0.00036672622081823647
5, 26, 262, 908, 0.06411947309970856
5, 27, 415, 1147, 0.5958472490310669
5, 28, 261, 1147, 0.4543803334236145
5, 29, 421, 1185, 0.6260691285133362
5, 30, 257, 1184, 0.47866448760032654
5, 31, 390, 1221, 0.16774192452430725
5, 32, 285, 1222, -0.042336177080869675
6, 0, 340, 112, -0.6204370260238647
6, 1, 356, 97, -0.5632363557815552
6, 2, 364, 99, -0.5630983114242554
6, 3, 371, 101, -0.5632851719856262
6, 4, 324, 96, -0.5622177124023438
6, 5, 315, 96, -0.5619686245918274
6, 6, 306, 97, -0.5623401403427124
6, 7, 386, 117, -0.2849743962287903
6, 8, 297, 117, -0.26653963327407837
6, 9, 360, 140, -0.5270689725875854
6, 10, 320, 140, -0.5214694738388062
6, 11, 470, 291, -0.17354550957679749
6, 12, 216, 283, -0.24718233942985535
6, 13, 521, 465, -0.12157799303531647
6, 14, 160, 461, -0.23041057586669922
6, 15, 579, 633, -0.3265506625175476
6, 16, 105, 595, -0.5377917289733887
6, 17, 607, 674, -0.38865578174591064
6, 18, 81, 633, -0.6095690131187439
6, 19, 588, 679, -0.4517580568790436
6, 20, 101, 634, -0.6973392367362976
6, 21, 571, 664, -0.3664019703865051
6, 22, 115, 622, -0.5882777571678162
6, 23, 427, 627, -0.02141895517706871
6, 24, 260, 631, 0.024845190346240997
6, 25, 423, 903, 0.004806698299944401
6, 26, 265, 910, 0.06147615239024162
6, 27, 418, 1149, 0.6071855425834656
6, 28, 265, 1150, 0.45501142740249634
6, 29, 423, 1187, 0.6383867263793945
6, 30, 261, 1187, 0.47962650656700134
6, 31, 396, 1222, 0.18364758789539337
6, 32, 292, 1225, -0.0426190048456192
7, 0, 340, 112, -0.63318932056427
7, 1, 356, 97, -0.5751668810844421
7, 2, 364, 99, -0.5750270485877991
7, 3, 371, 101, -0.5752195119857788
7, 4, 324, 96, -0.5748125314712524
7, 5, 315, 96, -0.5745751857757568
7, 6, 306, 97, -0.5749563574790955
7, 7, 386, 117, -0.2913094460964203
7, 8, 297, 117, -0.27667000889778137
7, 9, 360, 140, -0.5377417802810669
7, 10, 320, 140, -0.5332084894180298
7, 11, 470, 292, -0.17492857575416565
7, 12, 216, 282, -0.254224956035614
7, 13, 521, 465, -0.12651069462299347
7, 14, 159, 461, -0.24027176201343536
7, 15, 578, 634, -0.346479207277298
7, 16, 105, 594, -0.5580458641052246
7, 17, 606, 675, -0.4111802577972412
7, 18, 82, 631, -0.633124053478241
7, 19, 586, 681, -0.4753292500972748
7, 20, 102, 633, -0.7205850481987
7, 21, 570, 665, -0.3871343433856964
7, 22, 115, 621, -0.6083709001541138
7, 23, 429, 628, -0.020200423896312714
7, 24, 262, 632, 0.02359412983059883
7, 25, 424, 905, 0.008872764185070992
7, 26, 266, 912, 0.059310298413038254
7, 27, 420, 1151, 0.60999596118927
7, 28, 266, 1153, 0.45045000314712524
7, 29, 425, 1190, 0.6409192085266113
7, 30, 261, 1190, 0.47435370087623596
7, 31, 398, 1223, 0.18392620980739594
7, 32, 293, 1228, -0.051020462065935135
8, 0, 340, 112, -0.625162661075592
8, 1, 356, 97, -0.5677542686462402
8, 2, 365, 99, -0.5675849318504333
8, 3, 371, 101, -0.5677627921104431
8, 4, 324, 96, -0.5669463276863098
8, 5, 315, 96, -0.5666731595993042
8, 6, 306, 97, -0.5670377016067505
8, 7, 386, 117, -0.2862880229949951
8, 8, 297, 117, -0.2707405984401703
8, 9, 360, 140, -0.5306297540664673
8, 10, 320, 140, -0.5257996320724487
8, 11, 470, 292, -0.17143918573856354
8, 12, 216, 282, -0.24978896975517273
8, 13, 521, 465, -0.12008754163980484
8, 14, 159, 461, -0.23535725474357605
8, 15, 577, 634, -0.32943183183670044
8, 16, 105, 593, -0.5433502197265625
8, 17, 605, 676, -0.3921193480491638
8, 18, 82, 630, -0.6164729595184326
8, 19, 585, 681, -0.45488637685775757
8, 20, 102, 632, -0.7020093202590942
8, 21, 569, 665, -0.36919498443603516
8, 22, 116, 620, -0.5926978588104248
8, 23, 428, 629, -0.019718799740076065
8, 24, 262, 633, 0.023107534274458885
8, 25, 424, 906, 0.01001913845539093
8, 26, 266, 913, 0.056950174272060394
8, 27, 419, 1152, 0.6090894937515259
8, 28, 265, 1154, 0.44633108377456665
8, 29, 424, 1191, 0.6396030783653259
8, 30, 261, 1191, 0.469931036233902
8, 31, 397, 1225, 0.18160422146320343
8, 32, 291, 1229, -0.055512405931949615
9, 0, 340, 112, -0.634954571723938
9, 1, 356, 97, -0.5784725546836853
9, 2, 365, 99, -0.5783143639564514
9, 3, 372, 101, -0.5785040259361267
9, 4, 324, 96, -0.577517032623291
9, 5, 315, 96, -0.5772449970245361
9, 6, 306, 97, -0.5776154398918152
9, 7, 386, 117, -0.2957470715045929
9, 8, 297, 117, -0.2799835801124573
9, 9, 360, 140, -0.5397313833236694
9, 10, 320, 140, -0.5346676111221313
9, 11, 470, 292, -0.17627720534801483
9, 12, 216, 282, -0.25369685888290405
9, 13, 521, 465, -0.12414083629846573
9, 14, 159, 461, -0.23893551528453827
9, 15, 577, 634, -0.3342737853527069
9, 16, 105, 588, -0.5588899850845337
9, 17, 605, 676, -0.39649465680122375
9, 18, 83, 624, -0.6382208466529846
9, 19, 585, 681, -0.46095848083496094
9, 20, 103, 625, -0.7276391983032227
9, 21, 569, 665, -0.37471768260002136
9, 22, 116, 614, -0.6103664636611938
9, 23, 428, 630, -0.01956048235297203
9, 24, 261, 633, 0.022970344871282578
9, 25, 423, 906, 0.0123214703053236
9, 26, 265, 912, 0.06220013648271561
9, 27, 419, 1152, 0.6115796566009521
9, 28, 263, 1153, 0.4519219994544983
9, 29, 424, 1191, 0.6422715783119202
9, 30, 259, 1190, 0.4757079482078552
9, 31, 396, 1225, 0.1856907308101654
9, 32, 289, 1228, -0.04742502048611641
10, 0, 340, 112, -0.6319974064826965
10, 1, 356, 97, -0.5767523646354675
10, 2, 365, 99, -0.5766051411628723
10, 3, 372, 101, -0.5768336653709412
10, 4, 324, 96, -0.5754987001419067
10, 5, 315, 96, -0.5752197504043579
10, 6, 306, 97, -0.5755912065505981
10, 7, 386, 117, -0.29718682169914246
10, 8, 297, 117, -0.27975577116012573
10, 9, 360, 140, -0.5375104546546936
10, 10, 320, 140, -0.5319628715515137
10, 11, 470, 292, -0.17767617106437683
10, 12, 216, 282, -0.25075629353523254
10, 13, 521, 466, -0.11964796483516693
10, 14, 159, 461, -0.23965930938720703
10, 15, 577, 634, -0.31268414855003357
10, 16, 105, 586, -0.5590068697929382
10, 17, 606, 676, -0.3718455135822296
10, 18, 83, 621, -0.6342140436172485
10, 19, 586, 681, -0.43618378043174744
10, 20, 103, 622, -0.7203657031059265
10, 21, 570, 665, -0.3524240255355835
10, 22, 116, 610, -0.6091318130493164
10, 23, 428, 630, -0.019766535609960556
10, 24, 261, 633, 0.023168107494711876
10, 25, 423, 906, 0.015561704523861408
10, 26, 264, 912, 0.07285144180059433
10, 27, 418, 1153, 0.619346559047699
10, 28, 261, 1153, 0.46807414293289185
10, 29, 423, 1191, 0.6509696841239929
10, 30, 256, 1190, 0.4930097460746765
10, 31, 394, 1226, 0.19842137396335602
10, 32, 285, 1228, -0.025966936722397804
11, 0, 340, 112, -0.6309162974357605
11, 1, 356, 97, -0.5757158994674683
11, 2, 365, 99, -0.5755837559700012
11, 3, 372, 101, -0.5758252739906311
11, 4, 325, 96, -0.5737053155899048
11, 5, 315, 96, -0.5734390616416931
11, 6, 306, 97, -0.573842465877533
11, 7, 386, 117, -0.29693931341171265
11, 8, 297, 117, -0.27546924352645874
11, 9, 360, 140, -0.5367276072502136
11, 10, 320, 140, -0.5300607085227966
11, 11, 470, 292, -0.17900386452674866
11, 12, 216, 282, -0.2479085624217987
11, 13, 521, 466, -0.12226623296737671
11, 14, 159, 460, -0.23965315520763397
11, 15, 577, 634, -0.3262132406234741
11, 16, 102, 584, -0.5618056058883667
11, 17, 606, 675, -0.3862585127353668
11, 18, 78, 619, -0.6371625661849976
11, 19, 587, 680, -0.4518028199672699
11, 20, 97, 620, -0.724292516708374
11, 21, 571, 664, -0.36693066358566284
11, 22, 111, 608, -0.6125433444976807
11, 23, 428, 630, -0.021253008395433426
11, 24, 261, 633, 0.024653341621160507
11, 25, 423, 906, 0.015341590158641338
11, 26, 263, 911, 0.07737109065055847
11, 27, 418, 1152, 0.6187983751296997
11, 28, 260, 1152, 0.4730064868927002
11, 29, 423, 1190, 0.6502832174301147
11, 30, 256, 1189, 0.4980253279209137
11, 31, 393, 1225, 0.19475290179252625
11, 32, 284, 1227, -0.02488737739622593
12, 0, 340, 112, -0.6313186883926392
12, 1, 356, 97, -0.5762237310409546
12, 2, 365, 99, -0.5760782957077026
12, 3, 372, 101, -0.5763040781021118
12, 4, 325, 96, -0.5741527080535889
12, 5, 315, 96, -0.5738935470581055
12, 6, 306, 97, -0.5743072032928467
12, 7, 386, 117, -0.29720330238342285
12, 8, 297, 117, -0.2751768231391907
12, 9, 360, 140, -0.5369402170181274
12, 10, 320, 140, -0.5300755500793457
12, 11, 470, 292, -0.17731112241744995
12, 12, 216, 282, -0.249543234705925
12, 13, 521, 466, -0.12217716127634048
12, 14, 159, 460, -0.23678255081176758
12, 15, 578, 633, -0.33439940214157104
12, 16, 99, 585, -0.5508722066879272
12, 17, 607, 674, -0.3959324359893799
12, 18, 74, 619, -0.6250184774398804
12, 19, 589, 679, -0.46199679374694824
12, 20, 93, 620, -0.7150681614875793
12, 21, 572, 663, -0.3757379353046417
12, 22, 107, 609, -0.6025822758674622
12, 23, 428, 630, -0.02116669900715351
12, 24, 261, 633, 0.024575702846050262
12, 25, 423, 906, 0.01511294860392809
12, 26, 263, 910, 0.07233621180057526
12, 27, 417, 1152, 0.6178727149963379
12, 28, 260, 1151, 0.46755513548851013
12, 29, 422, 1190, 0.6490269899368286
12, 30, 255, 1189, 0.49216803908348083
12, 31, 392, 1225, 0.19143739342689514
12, 32, 284, 1227, -0.03277037665247917
13, 0, 340, 112, -0.6516358256340027
13, 1, 356, 97, -0.5964816808700562
13, 2, 365, 99, -0.5963228344917297
13, 3, 372, 101, -0.5965417623519897
13, 4, 325, 96, -0.5936676263809204
13, 5, 316, 96, -0.5934418439865112
13, 6, 306, 97, -0.5938678979873657
13, 7, 386, 117, -0.3122391104698181
13, 8, 297, 117, -0.2877757251262665
13, 9, 360, 140, -0.5553295612335205
13, 10, 320, 140, -0.5475153923034668
13, 11, 470, 292, -0.18608063459396362
13, 12, 216, 282, -0.2644611597061157
13, 13, 520, 466, -0.137347012758255
13, 14, 159, 459, -0.26692265272140503
13, 15, 566, 627, -0.3704211413860321
13, 16, 99, 584, -0.6071544885635376
13, 17, 607, 673, -0.43143945932388306
13, 18, 74, 619, -0.6891583204269409
13, 19, 588, 679, -0.5004647374153137
13, 20, 93, 620, -0.7761080265045166
13, 21, 572, 663, -0.41385602951049805
13, 22, 107, 608, -0.6580311059951782
13, 23, 428, 630, -0.021759958937764168
13, 24, 261, 632, 0.02520638331770897
13, 25, 420, 905, 0.014935450628399849
13, 26, 260, 910, 0.06942220032215118
13, 27, 413, 1151, 0.6174798607826233
13, 28, 255, 1151, 0.46435245871543884
13, 29, 418, 1189, 0.6483136415481567
13, 30, 250, 1188, 0.48879727721214294
13, 31, 384, 1224, 0.19060015678405762
13, 32, 277, 1226, -0.036199066787958145
14, 0, 340, 112, -0.6409671902656555
14, 1, 356, 97, -0.5856509208679199
14, 2, 365, 99, -0.5854244828224182
14, 3, 372, 100, -0.5856200456619263
14, 4, 325, 96, -0.5824918746948242
14, 5, 316, 96, -0.5822128057479858
14, 6, 306, 97, -0.5826359391212463
14, 7, 386, 117, -0.3011416494846344
14, 8, 298, 117, -0.27510836720466614
14, 9, 360, 140, -0.5442746877670288
14, 10, 320, 140, -0.5361111760139465
14, 11, 470, 292, -0.16953791677951813
14, 12, 216, 282, -0.26091063022613525
14, 13, 518, 466, -0.1194792240858078
14, 14, 159, 457, -0.25492435693740845
14, 15, 566, 627, -0.35365375876426697
14, 16, 98, 585, -0.5651485323905945
14, 17, 606, 671, -0.4141460955142975
14, 18, 74, 621, -0.6434386968612671
14, 19, 588, 677, -0.48149895668029785
14, 20, 94, 622, -0.7279663681983948
14, 21, 571, 661, -0.39724963903427124
14, 22, 108, 610, -0.6140362024307251
14, 23, 424, 630, -0.018376508727669716
14, 24, 258, 632, 0.02188923768699169
14, 25, 413, 906, 0.013081585057079792
14, 26, 254, 910, 0.0448882170021534
14, 27, 403, 1151, 0.5941439867019653
14, 28, 247, 1151, 0.4150417745113373
14, 29, 407, 1189, 0.6224089860916138
14, 30, 241, 1188, 0.4359493851661682
14, 31, 377, 1224, 0.1558970957994461
14, 32, 271, 1226, -0.10313758999109268
15, 0, 341, 112, -0.6923405528068542
15, 1, 357, 97, -0.6326017379760742
15, 2, 366, 99, -0.6323705911636353
15, 3, 372, 100, -0.6324727535247803
15, 4, 325, 96, -0.6310493350028992
15, 5, 316, 96, -0.6307984590530396
15, 6, 306, 97, -0.6312681436538696
15, 7, 386, 117, -0.3258652091026306
15, 8, 298, 117, -0.3073115348815918
15, 9, 361, 140, -0.5873104929924011
15, 10, 320, 140, -0.5816362500190735
15, 11, 470, 293, -0.17051079869270325
15, 12, 216, 281, -0.2821860611438751
15, 13, 515, 466, -0.12012622505426407
15, 14, 158, 454, -0.30626779794692993
15, 15, 565, 627, -0.3866574168205261
15, 16, 100, 583, -0.6894282102584839
15, 17, 599, 670, -0.45078983902931213
15, 18, 78, 620, -0.7836787104606628
15, 19, 581, 676, -0.5203865170478821
15, 20, 101, 621, -0.8630781173706055
15, 21, 565, 660, -0.4320606589317322
15, 22, 113, 609, -0.7380934953689575
15, 23, 422, 630, -0.01838005520403385
15, 24, 256, 629, 0.021918976679444313
15, 25, 405, 905, 0.012603478506207466
15, 26, 246, 906, 0.041629791259765625
15, 27, 391, 1150, 0.5942646265029907
15, 28, 238, 1146, 0.41907554864883423
15, 29, 395, 1188, 0.622542679309845
15, 30, 233, 1183, 0.4408942759037018
15, 31, 361, 1222, 0.15209199488162994
15, 32, 258, 1222, -0.09904266893863678
16, 0, 343, 115, -0.7523511648178101
16, 1, 358, 98, -0.6899728775024414
16, 2, 366, 99, -0.689872145652771
16, 3, 373, 101, -0.6896949410438538
16, 4, 327, 96, -0.6917334794998169
16, 5, 317, 97, -0.6913567781448364
16, 6, 307, 98, -0.6918758153915405
16, 7, 386, 118, -0.34166091680526733
16, 8, 298, 117, -0.33879682421684265
16, 9, 362, 143, -0.6310930848121643
16, 10, 322, 144, -0.6302295327186584
16, 11, 469, 292, -0.17199541628360748
16, 12, 217, 281, -0.25899428129196167
16, 13, 509, 459, -0.29036828875541687
16, 14, 159, 455, -0.4482707977294922
16, 15, 533, 544, -0.84614098072052
16, 16, 145, 514, -1.1875336170196533
16, 17, 539, 567, -0.9710050821304321
16, 18, 140, 550, -1.3338515758514404
16, 19, 499, 520, -1.005089521408081
16, 20, 166, 482, -1.3837344646453857
16, 21, 492, 480, -0.8805389404296875
16, 22, 170, 474, -1.2300007343292236
16, 23, 422, 628, -0.018641259521245956
16, 24, 254, 626, 0.02237655594944954
16, 25, 404, 892, 0.02676711417734623
16, 26, 241, 894, 0.05662679672241211
16, 27, 391, 1128, 0.5908776521682739
16, 28, 235, 1125, 0.45140203833580017
16, 29, 396, 1164, 0.6161822080612183
16, 30, 230, 1158, 0.47402629256248474
16, 31, 362, 1202, 0.1181982159614563
16, 32, 256, 1200, -0.08328952640295029
17, 0, 343, 115, -0.7398602366447449
17, 1, 358, 98, -0.6791650056838989
17, 2, 367, 99, -0.6791142225265503
17, 3, 373, 101, -0.6791157722473145
17, 4, 327, 96, -0.6805464029312134
17, 5, 317, 97, -0.6802223920822144
17, 6, 308, 98, -0.680767834186554
17, 7, 386, 118, -0.3439190983772278
17, 8, 298, 117, -0.33858686685562134
17, 9, 362, 144, -0.6234858632087708
17, 10, 323, 144, -0.621349573135376
17, 11, 470, 293, -0.17578375339508057
17, 12, 218, 281, -0.2504768967628479
17, 13, 510, 452, -0.23839156329631805
17, 14, 159, 453, -0.3313588500022888
17, 15, 528, 570, -0.6411758065223694
17, 16, 156, 535, -1.0795495510101318
17, 17, 537, 596, -0.7454734444618225
17, 18, 152, 571, -1.1341919898986816
17, 19, 512, 566, -0.8042227029800415
17, 20, 169, 536, -1.3121247291564941
17, 21, 504, 524, -0.6837126016616821
17, 22, 174, 526, -1.0716694593429565
17, 23, 428, 622, -0.01891903579235077
17, 24, 258, 623, 0.02269286848604679
17, 25, 413, 885, 0.02011927403509617
17, 26, 248, 889, 0.039571184664964676
17, 27, 403, 1121, 0.5833960175514221
17, 28, 240, 1124, 0.42597895860671997
17, 29, 407, 1157, 0.6099059581756592
17, 30, 237, 1159, 0.44686245918273926
17, 31, 372, 1197, 0.10710211843252182
17, 32, 258, 1197, -0.11176438629627228
18, 0, 343, 116, -0.6661544442176819
18, 1, 358, 98, -0.6211783289909363
18, 2, 367, 100, -0.6210671663284302
18, 3, 373, 101, -0.620592474937439
18, 4, 327, 96, -0.6163686513900757
18, 5, 317, 97, -0.6158003807067871
18, 6, 308, 98, -0.6162587404251099
18, 7, 387, 118, -0.3240005671977997
18, 8, 298, 117, -0.30292052030563354
18, 9, 362, 144, -0.5621989369392395
18, 10, 323, 145, -0.5554625988006592
18, 11, 470, 291, -0.12687323987483978
18, 12, 219, 279, -0.16715820133686066
18, 13, 509, 469, -0.39157751202583313
18, 14, 159, 461, -0.43496036529541016
18, 15, 524, 404, -1.1539734601974487
18, 16, 161, 449, -1.238356590270996
18, 17, 530, 376, -1.2899558544158936
18, 18, 163, 426, -1.3671921491622925
18, 19, 522, 351, -1.2794080972671509
18, 20, 167, 397, -1.3787274360656738
18, 21, 514, 357, -1.1730400323867798
18, 22, 173, 400, -1.2619825601577759
18, 23, 423, 606, -0.00479666143655777
18, 24, 252, 600, 0.009647205471992493
18, 25, 404, 859, -0.00490229157730937
18, 26, 238, 854, 0.03830939158797264
18, 27, 395, 1090, 0.43436598777770996
18, 28, 234, 1079, 0.4146345257759094
18, 29, 399, 1122, 0.45036381483078003
18, 30, 227, 1109, 0.4356154501438141
18, 31, 365, 1163, -0.009679611772298813
18, 32, 256, 1153, -0.1030784621834755
19, 0, 343, 117, -0.5901575088500977
19, 1, 358, 99, -0.541061520576477
19, 2, 367, 100, -0.5408572554588318
19, 3, 373, 101, -0.5403986573219299
19, 4, 327, 98, -0.547838032245636
19, 5, 317, 99, -0.5473626255989075
19, 6, 308, 100, -0.5477588176727295
19, 7, 387, 118, -0.24870607256889343
19, 8, 298, 119, -0.28026798367500305
19, 9, 362, 146, -0.4868454039096832
19, 10, 323, 146, -0.4960537850856781
19, 11, 467, 288, -0.04407798498868942
19, 12, 220, 279, -0.14438584446907043
19, 13, 509, 474, -0.3923194110393524
19, 14, 157, 470, -0.42414140701293945
19, 15, 531, 354, -1.1914211511611938
19, 16, 163, 418, -1.140709638595581
19, 17, 542, 312, -1.3227779865264893
19, 18, 162, 383, -1.2506715059280396
19, 19, 525, 290, -1.2860503196716309
19, 20, 164, 355, -1.2545568943023682
19, 21, 519, 304, -1.1994121074676514
19, 22, 171, 364, -1.1604111194610596
19, 23, 421, 595, 0.02209681272506714
19, 24, 252, 590, -0.01730355992913246
19, 25, 405, 846, -0.033565618097782135
19, 26, 240, 843, -0.04413940757513046
19, 27, 395, 1076, 0.35676687955856323
19, 28, 238, 1068, 0.25304630398750305
19, 29, 400, 1106, 0.36803701519966125
19, 30, 228, 1097, 0.265011727809906
19, 31, 368, 1148, -0.0656408816576004
19, 32, 262, 1141, -0.22499153017997742
20, 0, 343, 119, -0.5910193920135498
20, 1, 358, 101, -0.5430029034614563
20, 2, 367, 102, -0.5427412986755371
20, 3, 373, 103, -0.5422807931900024
20, 4, 327, 102, -0.5457722544670105
20, 5, 317, 103, -0.5453575253486633
20, 6, 308, 104, -0.5457155704498291
20, 7, 387, 119, -0.2639009356498718
20, 8, 298, 122, -0.2805090546607971
20, 9, 362, 147, -0.49483075737953186
20, 10, 323, 148, -0.4988761842250824
20, 11, 466, 286, -0.07161182165145874
20, 12, 222, 276, -0.1412130445241928
20, 13, 511, 475, -0.39391300082206726
20, 14, 155, 474, -0.4438459277153015
20, 15, 532, 323, -1.0597946643829346
20, 16, 163, 383, -1.2020654678344727
20, 17, 546, 275, -1.1635156869888306
20, 18, 155, 342, -1.3124369382858276
20, 19, 542, 255, -1.123923897743225
20, 20, 159, 319, -1.2980458736419678
20, 21, 534, 271, -1.0620344877243042
20, 22, 168, 332, -1.218134880065918
20, 23, 421, 593, 0.020070312544703484
20, 24, 252, 587, -0.015107907354831696
20, 25, 405, 846, -0.03737669065594673
20, 26, 243, 842, -0.0261665228754282
20, 27, 395, 1074, 0.34944599866867065
20, 28, 238, 1067, 0.27803313732147217
20, 29, 400, 1104, 0.3595837354660034
20, 30, 230, 1097, 0.28991466760635376
20, 31, 368, 1145, -0.06631935387849808
20, 32, 264, 1141, -0.1898457109928131
21, 0, 343, 123, -0.5364903807640076
21, 1, 358, 104, -0.4904482364654541
21, 2, 367, 105, -0.49006223678588867
21, 3, 373, 106, -0.48945626616477966
21, 4, 327, 105, -0.48112407326698303
21, 5, 317, 107, -0.480965793132782
21, 6, 308, 108, -0.4810875356197357
21, 7, 387, 121, -0.222894549369812
21, 8, 298, 124, -0.18363520503044128
21, 9, 362, 149, -0.4426411986351013
21, 10, 323, 150, -0.43174248933792114
21, 11, 466, 283, -0.05305128172039986
21, 12, 227, 273, -0.04776085168123245
21, 13, 517, 474, -0.39464396238327026
21, 14, 150, 474, -0.4137013554573059
21, 15, 540, 301, -1.0211353302001953
21, 16, 164, 343, -1.1772825717926025
21, 17, 558, 249, -1.1222459077835083
21, 18, 151, 297, -1.2963745594024658
21, 19, 555, 229, -1.0897287130355835
21, 20, 157, 278, -1.2648462057113647
21, 21, 544, 252, -1.027029037475586
21, 22, 169, 294, -1.1912624835968018
21, 23, 421, 589, 0.016266604885458946
21, 24, 253, 582, -0.01145915500819683
21, 25, 406, 841, -0.036156244575977325
21, 26, 247, 836, -0.005445659160614014
21, 27, 396, 1068, 0.35114285349845886
21, 28, 244, 1061, 0.2728289067745209
21, 29, 401, 1097, 0.3616272211074829
21, 30, 236, 1089, 0.28303262591362
21, 31, 369, 1140, -0.06361301243305206
21, 32, 266, 1136, -0.19023887813091278
22, 0, 343, 124, -0.5588785409927368
22, 1, 358, 105, -0.5077415704727173
22, 2, 367, 105, -0.5072888135910034
22, 3, 373, 106, -0.5067071318626404
22, 4, 327, 106, -0.49842435121536255
22, 5, 317, 107, -0.49841174483299255
22, 6, 308, 109, -0.49840936064720154
22, 7, 387, 122, -0.2271377146244049
22, 8, 298, 125, -0.18678925931453705
22, 9, 362, 150, -0.46118593215942383
22, 10, 323, 151, -0.45043349266052246
22, 11, 466, 281, -0.0587303563952446
22, 12, 231, 270, -0.04635577276349068
22, 13, 520, 469, -0.3917226493358612
22, 14, 143, 473, -0.40455737709999084
22, 15, 548, 291, -0.9893503189086914
22, 16, 161, 309, -1.1432234048843384
22, 17, 571, 236, -1.084716558456421
22, 18, 147, 260, -1.2605397701263428
22, 19, 566, 216, -1.0519777536392212
22, 20, 156, 246, -1.2185901403427124
22, 21, 551, 242, -0.9946452379226685
22, 22, 169, 264, -1.1521852016448975
22, 23, 416, 584, 0.017041141167283058
22, 24, 252, 575, -0.012484281323850155
22, 25, 403, 833, 0.01573299989104271
22, 26, 246, 825, 0.0032908085267990828
22, 27, 392, 1057, 0.39241695404052734
22, 28, 243, 1048, 0.250139445066452
22, 29, 397, 1085, 0.4056549072265625
22, 30, 236, 1074, 0.25894060730934143
22, 31, 365, 1128, -0.024172862991690636
22, 32, 265, 1124, -0.21019013226032257
23, 0, 342, 124, -0.5043858885765076
23, 1, 358, 106, -0.4519771933555603
23, 2, 367, 106, -0.45147132873535156
23, 3, 373, 107, -0.45082026720046997
23, 4, 326, 107, -0.4369599223136902
23, 5, 317, 108, -0.43696531653404236
23, 6, 307, 110, -0.4369448721408844
23, 7, 387, 122, -0.18431875109672546
23, 8, 298, 125, -0.1184002161026001
23, 9, 362, 150, -0.41307324171066284
23, 10, 322, 151, -0.39511317014694214
23, 11, 465, 280, -0.03296523541212082
23, 12, 232, 269, -0.00830673985183239
23, 13, 524, 465, -0.4186200201511383
23, 14, 138, 468, -0.39687561988830566
23, 15, 553, 274, -1.0515762567520142
23, 16, 159, 283, -1.1328577995300293
23, 17, 577, 215, -1.1533169746398926
23, 18, 145, 233, -1.2586636543273926
23, 19, 572, 198, -1.1144977807998657
23, 20, 155, 217, -1.2027374505996704
23, 21, 556, 224, -1.0579774379730225
23, 22, 167, 239, -1.1390745639801025
23, 23, 415, 583, 0.01566586270928383
23, 24, 252, 574, -0.011189150623977184
23, 25, 403, 831, 0.0134178651496768
23, 26, 246, 823, 0.01361224614083767
23, 27, 393, 1054, 0.36210379004478455
23, 28, 243, 1045, 0.24384787678718567
23, 29, 397, 1082, 0.37375661730766296
23, 30, 236, 1072, 0.2524328827857971
23, 31, 366, 1124, -0.04600411280989647
23, 32, 264, 1120, -0.21618416905403137
24, 0, 342, 125, -0.5283370614051819
24, 1, 357, 106, -0.47660189867019653
24, 2, 367, 107, -0.47614502906799316
24, 3, 373, 108, -0.47553128004074097
24, 4, 326, 107, -0.462150514125824
24, 5, 316, 109, -0.46224498748779297
24, 6, 307, 111, -0.462195485830307
24, 7, 387, 123, -0.20860140025615692
24, 8, 298, 126, -0.14595887064933777
24, 9, 362, 150, -0.4369262158870697
24, 10, 322, 151, -0.4195024073123932
24, 11, 465, 279, -0.052606772631406784
24, 12, 233, 268, -0.03915562853217125
24, 13, 527, 463, -0.4483589231967926
24, 14, 134, 462, -0.4109446406364441
24, 15, 556, 265, -1.060149073600769
24, 16, 158, 264, -1.1330716609954834
24, 17, 579, 207, -1.1610171794891357
24, 18, 145, 214, -1.2578716278076172
24, 19, 575, 189, -1.1200032234191895
24, 20, 154, 196, -1.1980993747711182
24, 21, 559, 214, -1.0650520324707031
24, 22, 166, 220, -1.1374903917312622
24, 23, 412, 579, 0.015178983099758625
24, 24, 250, 571, -0.010846241377294064
24, 25, 403, 826, 0.05809444934129715
24, 26, 246, 819, 0.029382910579442978
24, 27, 393, 1048, 0.4208274781703949
24, 28, 243, 1041, 0.2606535851955414
24, 29, 398, 1077, 0.435737282037735
24, 30, 236, 1068, 0.2708505094051361
24, 31, 367, 1119, 0.04002819210290909
24, 32, 263, 1116, -0.20436814427375793
25, 0, 341, 126, -0.48290401697158813
25, 1, 357, 107, -0.4336482882499695
25, 2, 367, 107, -0.4333018660545349
25, 3, 373, 108, -0.432605117559433
25, 4, 325, 108, -0.4169873595237732
25, 5, 316, 110, -0.4171270728111267
25, 6, 307, 112, -0.41710370779037476
25, 7, 387, 123, -0.1850372850894928
25, 8, 298, 127, -0.10911445319652557
25, 9, 362, 151, -0.3983379006385803
25, 10, 322, 152, -0.37781843543052673
25, 11, 465, 277, -0.04602593183517456
25, 12, 233, 267, -0.018673919141292572
25, 13, 532, 460, -0.4586258828639984
25, 14, 132, 457, -0.41335996985435486
25, 15, 558, 253, -1.079585313796997
25, 16, 158, 254, -1.1593540906906128
25, 17, 580, 195, -1.187536358833313
25, 18, 147, 203, -1.2897547483444214
25, 19, 576, 179, -1.139790654182434
25, 20, 156, 186, -1.2259328365325928
25, 21, 560, 202, -1.0819357633590698
25, 22, 167, 209, -1.1631927490234375
25, 23, 412, 576, 0.014613077044487
25, 24, 250, 569, -0.010505790822207928
25, 25, 403, 818, 0.045757584273815155
25, 26, 247, 813, 0.0943179577589035
25, 27, 393, 1038, 0.40182337164878845
25, 28, 247, 1033, 0.3527584373950958
25, 29, 398, 1065, 0.4146885275840759
25, 30, 242, 1059, 0.3685125410556793
25, 31, 369, 1108, 0.009033391252160072
25, 32, 268, 1108, -0.09672600775957108
26, 0, 341, 127, -0.4024307131767273
26, 1, 357, 107, -0.3567006587982178
26, 2, 367, 108, -0.3564681112766266
26, 3, 373, 109, -0.3557179570198059
26, 4, 325, 110, -0.33271104097366333
26, 5, 316, 112, -0.33273130655288696
26, 6, 307, 113, -0.33290186524391174
26, 7, 387, 123, -0.13538287580013275
26, 8, 298, 128, -0.022637153044342995
26, 9, 362, 151, -0.32930460572242737
26, 10, 322, 152, -0.29891437292099
26, 11, 464, 276, -0.03291771560907364
26, 12, 233, 266, 0.05377136915922165
26, 13, 537, 454, -0.4578348696231842
26, 14, 132, 453, -0.3997120261192322
26, 15, 559, 244, -1.054002285003662
26, 16, 158, 244, -1.150617241859436
26, 17, 580, 185, -1.1573646068572998
26, 18, 147, 190, -1.2794163227081299
26, 19, 575, 172, -1.1064667701721191
26, 20, 156, 176, -1.2121814489364624
26, 21, 559, 193, -1.0537551641464233
26, 22, 167, 196, -1.153306245803833
26, 23, 412, 573, -0.0054531521163880825
26, 24, 250, 567, 0.009458569809794426
26, 25, 403, 811, -0.01836876943707466
26, 26, 248, 808, 0.1581457555294037
26, 27, 394, 1030, 0.3086847960948944
26, 28, 249, 1025, 0.4658419191837311
26, 29, 399, 1056, 0.31796497106552124
26, 30, 244, 1051, 0.48744064569473267
26, 31, 371, 1100, -0.10670536756515503
26, 32, 271, 1100, 0.022273732349276543
27, 0, 341, 128, -0.4506604075431824
27, 1, 357, 108, -0.39088740944862366
27, 2, 367, 108, -0.39087584614753723
27, 3, 373, 109, -0.3910816013813019
27, 4, 325, 111, -0.3921467661857605
27, 5, 315, 113, -0.3918812870979309
27, 6, 307, 114, -0.3921469748020172
27, 7, 387, 123, -0.18334296345710754
27, 8, 298, 129, -0.09034228324890137
27, 9, 362, 151, -0.3506980836391449
27, 10, 321, 153, -0.35316675901412964
27, 11, 464, 275, -0.0736384242773056
27, 12, 234, 264, 0.015538888052105904
27, 13, 538, 445, -0.5621184706687927
27, 14, 132, 447, -0.5047607421875
27, 15, 558, 233, -1.192101240158081
27, 16, 160, 230, -1.2767611742019653
27, 17, 579, 172, -1.301208734512329
27, 18, 150, 176, -1.412421703338623
27, 19, 574, 160, -1.2369285821914673
27, 20, 159, 164, -1.3405516147613525
27, 21, 559, 180, -1.1891095638275146
27, 22, 170, 184, -1.2795944213867188
27, 23, 412, 569, -0.005566551815718412
27, 24, 250, 563, 0.009555066004395485
27, 25, 403, 806, 0.04695330187678337
27, 26, 248, 803, 0.18139973282814026
27, 27, 394, 1024, 0.44334325194358826
27, 28, 250, 1021, 0.5173662900924683
27, 29, 399, 1051, 0.4604799747467041
27, 30, 244, 1048, 0.5422365665435791
27, 31, 372, 1095, 0.0325164720416069
27, 32, 271, 1096, 0.057056594640016556
28, 0, 341, 129, -0.4762350022792816
28, 1, 357, 109, -0.41187867522239685
28, 2, 367, 109, -0.4119478762149811
28, 3, 373, 110, -0.412517249584198
28, 4, 325, 112, -0.4198513627052307
28, 5, 315, 113, -0.4196159243583679
28, 6, 307, 115, -0.419858455657959
28, 7, 387, 124, -0.21001629531383514
28, 8, 298, 129, -0.1119271069765091
28, 9, 362, 152, -0.3610367774963379
28, 10, 321, 154, -0.37836503982543945
28, 11, 463, 273, -0.10223408043384552
28, 12, 235, 263, -0.012467103078961372
28, 13, 542, 435, -0.5985893607139587
28, 14, 131, 442, -0.5078619718551636
28, 15, 557, 221, -1.2125152349472046
28, 16, 164, 223, -1.2588554620742798
28, 17, 576, 161, -1.3214433193206787
28, 18, 157, 168, -1.3923609256744385
28, 19, 572, 148, -1.2529208660125732
28, 20, 166, 156, -1.3191273212432861
28, 21, 558, 168, -1.207356333732605
28, 22, 175, 176, -1.2606194019317627
28, 23, 413, 565, -0.00844557024538517
28, 24, 250, 560, 0.012439170852303505
28, 25, 404, 801, 0.04083554819226265
28, 26, 250, 798, 0.1874483823776245
28, 27, 397, 1019, 0.43951115012168884
28, 28, 252, 1016, 0.516518235206604
28, 29, 402, 1046, 0.45612525939941406
28, 30, 247, 1042, 0.5405367016792297
28, 31, 375, 1090, 0.027203520759940147
28, 32, 275, 1091, 0.05434522032737732
29, 0, 341, 129, -0.5256754159927368
29, 1, 357, 110, -0.4770871102809906
29, 2, 367, 110, -0.4767751693725586
29, 3, 373, 110, -0.47630947828292847
29, 4, 325, 112, -0.45989641547203064
29, 5, 315, 114, -0.46009427309036255
29, 6, 307, 115, -0.46018075942993164
29, 7, 387, 124, -0.25963589549064636
29, 8, 298, 129, -0.13422909379005432
29, 9, 362, 152, -0.43705591559410095
29, 10, 321, 155, -0.417367547750473
29, 11, 463, 272, -0.1413569450378418
29, 12, 235, 260, -0.035795196890830994
29, 13, 545, 428, -0.6307889223098755
29, 14, 131, 436, -0.533108115196228
29, 15, 551, 212, -1.223128318786621
29, 16, 168, 213, -1.2763365507125854
29, 17, 566, 152, -1.3307393789291382
29, 18, 163, 158, -1.4115482568740845
29, 19, 563, 137, -1.2568800449371338
29, 20, 172, 148, -1.3329122066497803
29, 21, 551, 158, -1.2150745391845703
29, 22, 180, 166, -1.2767748832702637
29, 23, 413, 557, -0.010085486806929111
29, 24, 251, 553, 0.014024877920746803
29, 25, 405, 793, 0.06317327171564102
29, 26, 253, 791, 0.20571789145469666
29, 27, 402, 1010, 0.4785674512386322
29, 28, 257, 1008, 0.5531256794929504
29, 29, 408, 1038, 0.49701690673828125
29, 30, 251, 1034, 0.5793488025665283
29, 31, 379, 1082, 0.06565587222576141
29, 32, 280, 1083, 0.09373759478330612
30, 0, 340, 129, -0.5799656510353088
30, 1, 356, 110, -0.5367728471755981
30, 2, 366, 110, -0.536298394203186
30, 3, 373, 110, -0.5355616211891174
30, 4, 325, 112, -0.5086560845375061
30, 5, 315, 114, -0.5089749693870544
30, 6, 307, 115, -0.5089603066444397
30, 7, 386, 124, -0.2974926829338074
30, 8, 298, 129, -0.15320876240730286
30, 9, 362, 153, -0.4942443370819092
30, 10, 320, 155, -0.45819878578186035
30, 11, 462, 270, -0.17985838651657104
30, 12, 236, 257, -0.039591506123542786
30, 13, 546, 418, -0.6750425100326538
30, 14, 131, 426, -0.5272597074508667
30, 15, 540, 200, -1.2462515830993652
30, 16, 176, 205, -1.2489378452301025
30, 17, 550, 139, -1.3505780696868896
30, 18, 172, 148, -1.3803353309631348
30, 19, 547, 123, -1.2701423168182373
30, 20, 181, 138, -1.3036763668060303
30, 21, 539, 144, -1.234489917755127
30, 22, 188, 157, -1.2494145631790161
30, 23, 415, 549, -0.016009239479899406
30, 24, 254, 545, 0.019760236144065857
30, 25, 410, 783, 0.06145898625254631
30, 26, 261, 781, 0.22831957042217255
30, 27, 411, 1000, 0.4825555384159088
30, 28, 266, 998, 0.5683909058570862
30, 29, 418, 1027, 0.5019755363464355
30, 30, 261, 1024, 0.595009982585907
30, 31, 386, 1072, 0.06760823726654053
30, 32, 289, 1075, 0.10986343771219254
31, 0, 340, 130, -0.6664087176322937
31, 1, 356, 110, -0.6209167242050171
31, 2, 366, 110, -0.6203144192695618
31, 3, 373, 111, -0.6194126605987549
31, 4, 325, 112, -0.5944305658340454
31, 5, 315, 114, -0.594932496547699
31, 6, 307, 115, -0.5948498845100403
31, 7, 386, 124, -0.3592608571052551
31, 8, 298, 129, -0.23356179893016815
31, 9, 362, 153, -0.5743446946144104
31, 10, 320, 155, -0.5400252938270569
31, 11, 461, 268, -0.23285850882530212
31, 12, 238, 256, -0.1332768350839615
31, 13, 547, 408, -0.732428252696991
31, 14, 132, 419, -0.6004000902175903
31, 15, 528, 186, -1.3072221279144287
31, 16, 187, 195, -1.2569098472595215
31, 17, 535, 127, -1.4120444059371948
31, 18, 186, 140, -1.3839116096496582
31, 19, 531, 110, -1.332942247390747
31, 20, 193, 129, -1.3053500652313232
31, 21, 526, 131, -1.295722246170044
31, 22, 199, 148, -1.2559486627578735
31, 23, 413, 522, -0.01329380739480257
31, 24, 254, 540, 0.016633201390504837
31, 25, 414, 778, 0.15333494544029236
31, 26, 263, 776, 0.20781061053276062
31, 27, 418, 991, 0.6545525789260864
31, 28, 270, 992, 0.5312097072601318
31, 29, 424, 1020, 0.6838117241859436
31, 30, 266, 1020, 0.5560054183006287
31, 31, 395, 1066, 0.2624233365058899
31, 32, 293, 1067, 0.0689135417342186
32, 0, 340, 130, -0.6590988636016846
32, 1, 355, 110, -0.6010133028030396
32, 2, 365, 110, -0.6009459495544434
32, 3, 372, 111, -0.6001465320587158
32, 4, 324, 112, -0.5840445756912231
32, 5, 315, 114, -0.5851892828941345
32, 6, 307, 115, -0.5848163366317749
32, 7, 386, 124, -0.3227863609790802
32, 8, 297, 129, -0.21261152625083923
32, 9, 361, 153, -0.5548767447471619
32, 10, 320, 155, -0.5210813283920288
32, 11, 460, 265, -0.20273885130882263
32, 12, 238, 251, -0.11542730033397675
32, 13, 548, 401, -0.70454341173172
32, 14, 136, 413, -0.5651243925094604
32, 15, 513, 183, -1.2554742097854614
32, 16, 199, 193, -1.235634684562683
32, 17, 519, 123, -1.3572155237197876
32, 18, 198, 135, -1.3625649213790894
32, 19, 515, 107, -1.2784054279327393
32, 20, 203, 124, -1.290502667427063
32, 21, 510, 130, -1.2422492504119873
32, 22, 210, 145, -1.2389634847640991
32, 23, 412, 515, -0.012843906879425049
32, 24, 255, 535, 0.016248464584350586
32, 25, 412, 770, 0.12534455955028534
32, 26, 263, 767, 0.1926526129245758
32, 27, 415, 981, 0.5759011507034302
32, 28, 270, 980, 0.47035932540893555
32, 29, 422, 1008, 0.5997700095176697
32, 30, 264, 1007, 0.48784175515174866
32, 31, 388, 1054, 0.24836215376853943
32, 32, 290, 1056, 0.025668073445558548
33, 0, 338, 130, -0.6744061708450317
33, 1, 352, 110, -0.6364909410476685
33, 2, 362, 110, -0.6359435319900513
33, 3, 371, 111, -0.635161280632019
33, 4, 323, 112, -0.6056777238845825
33, 5, 314, 114, -0.6062307357788086
33, 6, 306, 115, -0.606156051158905
33, 7, 385, 124, -0.40188032388687134
33, 8, 297, 129, -0.25168901681900024
33, 9, 360, 153, -0.5897239446640015
33, 10, 320, 155, -0.547439455986023
33, 11, 459, 262, -0.2915424108505249
33, 12, 239, 250, -0.15696750581264496
33, 13, 548, 394, -0.8618736267089844
33, 14, 139, 405, -0.6563987135887146
33, 15, 497, 177, -1.4541765451431274
33, 16, 209, 188, -1.3171160221099854
33, 17, 497, 118, -1.5670353174209595
33, 18, 210, 130, -1.4463155269622803
33, 19, 494, 102, -1.4813544750213623
33, 20, 213, 120, -1.3583638668060303
33, 21, 491, 124, -1.4387224912643433
33, 22, 220, 141, -1.3121153116226196
33, 23, 411, 513, -0.017303308472037315
33, 24, 254, 534, 0.020547056570649147
33, 25, 409, 769, 0.11988773196935654
33, 26, 263, 765, 0.19327084720134735
33, 27, 412, 979, 0.5756754875183105
33, 28, 267, 978, 0.48383721709251404
33, 29, 420, 1008, 0.5993679761886597
33, 30, 262, 1006, 0.5035483241081238
33, 31, 385, 1051, 0.18570688366889954
33, 32, 288, 1054, 0.029029423370957375
34, 0, 338, 130, -0.7940632104873657
34, 1, 352, 110, -0.769478440284729
34, 2, 362, 110, -0.7688611149787903
34, 3, 370, 111, -0.7681333422660828
34, 4, 323, 112, -0.735305666923523
34, 5, 314, 114, -0.7357177138328552
34, 6, 307, 115, -0.7357078194618225
34, 7, 385, 124, -0.5456247925758362
34, 8, 298, 129, -0.38354477286338806
34, 9, 360, 153, -0.7095358967781067
34, 10, 320, 155, -0.663916826248169
34, 11, 457, 256, -0.40388280153274536
34, 12, 242, 247, -0.2581208348274231
34, 13, 547, 388, -0.929774284362793
34, 14, 145, 399, -0.7358856201171875
34, 15, 483, 175, -1.4499285221099854
34, 16, 220, 182, -1.3486237525939941
34, 17, 482, 116, -1.5542585849761963
34, 18, 226, 123, -1.4717414379119873
34, 19, 480, 102, -1.4676296710968018
34, 20, 228, 113, -1.3834463357925415
34, 21, 475, 122, -1.4316794872283936
34, 22, 234, 133, -1.3414984941482544
34, 23, 408, 509, -0.02478216402232647
34, 24, 254, 528, 0.02792252227663994
34, 25, 407, 765, 0.10865864902734756
34, 26, 262, 759, 0.2344636470079422
34, 27, 410, 971, 0.5735913515090942
34, 28, 266, 970, 0.5867550373077393
34, 29, 416, 1000, 0.5979428291320801
34, 30, 260, 998, 0.614189624786377
34, 31, 385, 1044, 0.16449053585529327
34, 32, 287, 1045, 0.1286148577928543
35, 0, 339, 130, -0.7126061320304871
35, 1, 352, 110, -0.6729313731193542
35, 2, 362, 110, -0.6723896861076355
35, 3, 370, 111, -0.6716414093971252
35, 4, 326, 112, -0.6446993947029114
35, 5, 318, 113, -0.644997239112854
35, 6, 310, 114, -0.6449918746948242
35, 7, 385, 123, -0.4403965473175049
35, 8, 299, 128, -0.30813470482826233
35, 9, 359, 154, -0.624834418296814
35, 10, 321, 155, -0.5877864956855774
35, 11, 454, 249, -0.3188294768333435
35, 12, 242, 244, -0.2085476666688919
35, 13, 547, 383, -0.8350058794021606
35, 14, 149, 396, -0.6942411661148071
35, 15, 464, 175, -1.3607501983642578
35, 16, 237, 184, -1.3038527965545654
35, 17, 460, 117, -1.4685442447662354
35, 18, 246, 126, -1.4307273626327515
35, 19, 457, 105, -1.3849503993988037
35, 20, 243, 116, -1.3663184642791748
35, 21, 452, 123, -1.344539999961853
35, 22, 248, 135, -1.304443120956421
35, 23, 408, 508, -0.024020101875066757
35, 24, 258, 513, 0.027246424928307533
35, 25, 407, 763, 0.10087090730667114
35, 26, 263, 758, 0.2231840193271637
35, 27, 410, 971, 0.554388165473938
35, 28, 267, 966, 0.5808629393577576
35, 29, 416, 1000, 0.5773361921310425
35, 30, 261, 995, 0.6068881750106812
35, 31, 387, 1042, 0.15354563295841217
35, 32, 289, 1040, 0.08766017854213715
36, 0, 341, 125, -0.7299088835716248
36, 1, 353, 109, -0.7036313414573669
36, 2, 362, 109, -0.7030316591262817
36, 3, 370, 110, -0.7023259401321411
36, 4, 330, 107, -0.6774533987045288
36, 5, 322, 107, -0.677946925163269
36, 6, 314, 108, -0.6781606078147888
36, 7, 385, 123, -0.4890426993370056
36, 8, 300, 123, -0.3603868782520294
36, 9, 359, 149, -0.6476401090621948
36, 10, 323, 150, -0.6108801364898682
36, 11, 448, 243, -0.3802468180656433
36, 12, 242, 237, -0.3055174946784973
36, 13, 545, 379, -0.9740179777145386
36, 14, 151, 394, -0.8392945528030396
36, 15, 436, 172, -1.5656909942626953
36, 16, 256, 180, -1.401127576828003
36, 17, 422, 115, -1.7021448612213135
36, 18, 269, 120, -1.5270869731903076
36, 19, 420, 105, -1.6049375534057617
36, 20, 260, 113, -1.4534411430358887
36, 21, 414, 121, -1.5463818311691284
36, 22, 265, 130, -1.395926833152771
36, 23, 406, 510, -0.023329060524702072
36, 24, 259, 514, 0.026622209697961807
36, 25, 406, 767, 0.18119938671588898
36, 26, 260, 761, 0.34052813053131104
36, 27, 409, 975, 0.7604343295097351
36, 28, 264, 966, 0.8445526361465454
36, 29, 413, 1007, 0.7960876822471619
36, 30, 257, 998, 0.8868529200553894
36, 31, 387, 1046, 0.358803391456604
36, 32, 286, 1041, 0.4136524796485901
37, 0, 341, 114, -0.7349458932876587
37, 1, 353, 104, -0.70711749792099
37, 2, 362, 105, -0.7065085768699646
37, 3, 370, 106, -0.7057162523269653
37, 4, 330, 103, -0.6875199675559998
37, 5, 322, 103, -0.6879705190658569
37, 6, 314, 103, -0.6882936954498291
37, 7, 384, 120, -0.4849535822868347
37, 8, 300, 120, -0.38289326429367065
37, 9, 357, 134, -0.6506917476654053
37, 10, 323, 138, -0.6214767098426819
37, 11, 443, 242, -0.3743046820163727
37, 12, 242, 237, -0.36141520738601685
37, 13, 541, 377, -1.008150339126587
37, 14, 154, 392, -0.9341910481452942
37, 15, 412, 174, -1.671118974685669
37, 16, 271, 184, -1.500018835067749
37, 17, 402, 120, -1.8220863342285156
37, 18, 287, 127, -1.6301387548446655
37, 19, 399, 111, -1.7112594842910767
37, 20, 278, 119, -1.5512661933898926
37, 21, 394, 128, -1.649757742881775
37, 22, 280, 136, -1.492182970046997
37, 23, 406, 540, -0.022548947483301163
37, 24, 254, 526, 0.026002174243330956
37, 25, 406, 769, 0.21226000785827637
37, 26, 260, 764, 0.36959734559059143
37, 27, 406, 979, 0.8762272596359253
37, 28, 258, 973, 0.9434475898742676
37, 29, 409, 1013, 0.9186086654663086
37, 30, 249, 1002, 0.9920846819877625
37, 31, 386, 1051, 0.45660027861595154
37, 32, 280, 1047, 0.4908235967159271
38, 0, 336, 104, -0.5958753228187561
38, 1, 349, 95, -0.5543959140777588
38, 2, 357, 97, -0.553825855255127
38, 3, 366, 98, -0.5530301332473755
38, 4, 326, 95, -0.5330997705459595
38, 5, 319, 96, -0.533440887928009
38, 6, 312, 97, -0.5337206125259399
38, 7, 381, 116, -0.314787358045578
38, 8, 299, 115, -0.20237548649311066
38, 9, 354, 126, -0.5112208724021912
38, 10, 320, 130, -0.47965294122695923
38, 11, 438, 243, -0.2663217782974243
38, 12, 240, 237, -0.23090477287769318
38, 13, 540, 378, -0.8936090469360352
38, 14, 157, 392, -0.7897091507911682
38, 15, 402, 181, -1.5859215259552002
38, 16, 288, 190, -1.284453272819519
38, 17, 386, 120, -1.6709213256835938
38, 18, 308, 134, -1.4043755531311035
38, 19, 386, 121, -1.5880192518234253
38, 20, 301, 124, -1.299950361251831
38, 21, 385, 134, -1.5851160287857056
38, 22, 300, 143, -1.2666289806365967
38, 23, 409, 545, -0.022184038534760475
38, 24, 253, 535, 0.025720277801156044
38, 25, 407, 771, 0.19994759559631348
38, 26, 260, 766, 0.37136560678482056
38, 27, 411, 979, 0.8095512390136719
38, 28, 262, 975, 0.8976141214370728
38, 29, 414, 1014, 0.8474699258804321
38, 30, 255, 1006, 0.9414783716201782
38, 31, 397, 1049, 0.3957534432411194
38, 32, 287, 1046, 0.4630393087863922
39, 0, 336, 107, -0.5907762050628662
39, 1, 349, 96, -0.53209388256073
39, 2, 358, 97, -0.531603217124939
39, 3, 366, 98, -0.530814528465271
39, 4, 326, 96, -0.5245396494865417
39, 5, 319, 97, -0.5248531103134155
39, 6, 312, 98, -0.5251906514167786
39, 7, 381, 116, -0.2201581448316574
39, 8, 300, 115, -0.17726650834083557
39, 9, 355, 129, -0.4842306673526764
39, 10, 320, 133, -0.47094735503196716
39, 11, 436, 244, -0.15363284945487976
39, 12, 240, 238, -0.18485093116760254
39, 13, 539, 379, -0.755306601524353
39, 14, 160, 393, -0.7485079169273376
39, 15, 392, 208, -1.33415687084198
39, 16, 293, 210, -1.2310380935668945
39, 17, 375, 156, -1.453866958618164
39, 18, 316, 159, -1.3508970737457275
39, 19, 374, 153, -1.3330572843551636
39, 20, 311, 150, -1.2489582300186157
39, 21, 374, 173, -1.306412935256958
39, 22, 309, 169, -1.2116509675979614
39, 23, 411, 548, -0.015325133688747883
39, 24, 253, 541, 0.01889132522046566
39, 25, 409, 772, 0.19450172781944275
39, 26, 259, 767, 0.32859617471694946
39, 27, 414, 980, 0.7778710126876831
39, 28, 262, 976, 0.8114900588989258
39, 29, 418, 1015, 0.8133440017700195
39, 30, 255, 1008, 0.8514957427978516
39, 31, 401, 1050, 0.36952537298202515
39, 32, 288, 1047, 0.3740631341934204
40, 0, 339, 122, -0.5980667471885681
40, 1, 352, 102, -0.5529775619506836
40, 2, 360, 102, -0.5525127649307251
40, 3, 367, 102, -0.5517411828041077
40, 4, 328, 103, -0.5330804586410522
40, 5, 320, 104, -0.5334612727165222
40, 6, 312, 105, -0.5333090424537659
40, 7, 381, 117, -0.22766749560832977
40, 8, 300, 117, -0.19831009209156036
40, 9, 356, 146, -0.5002613663673401
40, 10, 321, 151, -0.48422709107398987
40, 11, 438, 245, -0.13376644253730774
40, 12, 236, 243, -0.18536315858364105
40, 13, 539, 382, -0.7364665865898132
40, 14, 161, 394, -0.7562811970710754
40, 15, 384, 225, -1.2931216955184937
40, 16, 315, 221, -1.1996768712997437
40, 17, 372, 166, -1.4159138202667236
40, 18, 346, 167, -1.3140404224395752
40, 19, 371, 160, -1.292534589767456
40, 20, 338, 159, -1.2094742059707642
40, 21, 370, 183, -1.2634141445159912
40, 22, 332, 178, -1.1764748096466064
40, 23, 412, 554, -0.008147263899445534
40, 24, 252, 548, 0.011435819789767265
40, 25, 409, 775, 0.18084999918937683
40, 26, 258, 771, 0.2654305100440979
40, 27, 414, 981, 0.7452650666236877
40, 28, 262, 977, 0.7517386078834534
40, 29, 418, 1015, 0.7778964638710022
40, 30, 254, 1008, 0.7946248650550842
40, 31, 399, 1052, 0.32615169882774353
40, 32, 288, 1049, 0.2904810309410095
41, 0, 340, 128, -0.6049314737319946
41, 1, 353, 107, -0.5510121583938599
41, 2, 360, 106, -0.550714373588562
41, 3, 367, 106, -0.5499770641326904
41, 4, 329, 108, -0.5404030680656433
41, 5, 320, 109, -0.5406530499458313
41, 6, 312, 109, -0.540891706943512
41, 7, 381, 120, -0.221113920211792
41, 8, 300, 121, -0.18538117408752441
41, 9, 357, 151, -0.49530714750289917
41, 10, 322, 157, -0.48371273279190063
41, 11, 438, 246, -0.13686907291412354
41, 12, 235, 243, -0.15635617077350616
41, 13, 538, 383, -0.6987435817718506
41, 14, 162, 395, -0.7169308662414551
41, 15, 365, 233, -1.1583634614944458
41, 16, 338, 228, -1.0924183130264282
41, 17, 326, 175, -1.2678123712539673
41, 18, 373, 178, -1.1992827653884888
41, 19, 331, 165, -1.1457473039627075
41, 20, 365, 165, -1.0888149738311768
41, 21, 339, 185, -1.124777913093567
41, 22, 354, 182, -1.0640017986297607
41, 23, 412, 554, -0.007949845865368843
41, 24, 249, 548, 0.011211016215384007
41, 25, 408, 775, 0.1484678089618683
41, 26, 254, 771, 0.2572593092918396
41, 27, 410, 982, 0.6789752244949341
41, 28, 258, 977, 0.7363168001174927
41, 29, 413, 1016, 0.7074525952339172
41, 30, 251, 1008, 0.7744151949882507
41, 31, 397, 1053, 0.24088510870933533
41, 32, 285, 1048, 0.27859756350517273
42, 0, 340, 128, -0.6014742255210876
42, 1, 353, 108, -0.5479379296302795
42, 2, 360, 107, -0.5476799011230469
42, 3, 368, 107, -0.5469562411308289
42, 4, 328, 109, -0.5365360379219055
42, 5, 320, 109, -0.5366030931472778
42, 6, 312, 110, -0.5369924306869507
42, 7, 381, 120, -0.23742146790027618
42, 8, 300, 121, -0.17265267670154572
42, 9, 357, 151, -0.4929297864437103
42, 10, 322, 156, -0.4758132994174957
42, 11, 439, 240, -0.158526211977005
42, 12, 236, 238, -0.09484158456325531
42, 13, 537, 384, -0.624362051486969
42, 14, 163, 396, -0.5800362229347229
42, 15, 337, 243, -0.9332491755485535
42, 16, 355, 233, -0.9518164396286011
42, 17, 289, 193, -1.012609839439392
42, 18, 398, 196, -1.0494351387023926
42, 19, 291, 179, -0.8936519622802734
42, 20, 392, 178, -0.9284560084342957
42, 21, 302, 196, -0.8934396505355835
42, 22, 376, 192, -0.9162977337837219
42, 23, 411, 526, -0.014596397057175636
42, 24, 247, 546, 0.01775316335260868
42, 25, 407, 774, 0.09606964886188507
42, 26, 253, 770, 0.23845474421977997
42, 27, 406, 979, 0.586811363697052
42, 28, 257, 972, 0.6398241519927979
42, 29, 410, 1012, 0.6111642122268677
42, 30, 251, 1002, 0.669606626033783
42, 31, 393, 1052, 0.15055552124977112
42, 32, 282, 1046, 0.19353769719600677
43, 0, 340, 130, -0.5971940755844116
43, 1, 353, 109, -0.551090657711029
43, 2, 360, 109, -0.5507689714431763
43, 3, 368, 108, -0.5500837564468384
43, 4, 328, 110, -0.5400792956352234
43, 5, 319, 110, -0.5401594638824463
43, 6, 311, 111, -0.5405632257461548
43, 7, 381, 120, -0.25651293992996216
43, 8, 299, 121, -0.18038210272789001
43, 9, 357, 152, -0.49139437079429626
43, 10, 322, 156, -0.47449737787246704
43, 11, 440, 231, -0.15017303824424744
43, 12, 241, 223, -0.10071919113397598
43, 13, 537, 386, -0.47351527214050293
43, 14, 165, 396, -0.49287232756614685
43, 15, 343, 266, -0.7103953957557678
43, 16, 366, 253, -0.7981842756271362
43, 17, 311, 230, -0.7675642967224121
43, 18, 411, 223, -0.8789006471633911
43, 19, 312, 209, -0.6612369418144226
43, 20, 408, 201, -0.762385904788971
43, 21, 314, 220, -0.6719225645065308
43, 22, 393, 213, -0.7605237364768982
43, 23, 410, 509, -0.013550078496336937
43, 24, 247, 532, 0.01651838794350624
43, 25, 405, 765, 0.07680771499872208
43, 26, 252, 759, 0.1405937671661377
43, 27, 400, 970, 0.518993079662323
43, 28, 255, 963, 0.44762754440307617
43, 29, 403, 1000, 0.538311243057251
43, 30, 250, 992, 0.467383474111557
43, 31, 386, 1043, 0.08913428336381912
43, 32, 277, 1038, -0.006346212234348059
44, 0, 341, 131, -0.5649324655532837
44, 1, 353, 110, -0.5166600942611694
44, 2, 361, 110, -0.516323447227478
44, 3, 368, 110, -0.5157307386398315
44, 4, 328, 110, -0.5080043077468872
44, 5, 319, 111, -0.507989764213562
44, 6, 311, 112, -0.5084123015403748
44, 7, 381, 120, -0.22961537539958954
44, 8, 299, 123, -0.16948114335536957
44, 9, 358, 153, -0.4626139998435974
44, 10, 322, 155, -0.4475175738334656
44, 11, 441, 232, -0.12116982042789459
44, 12, 241, 225, -0.06228317692875862
44, 13, 536, 389, -0.38357457518577576
44, 14, 165, 397, -0.41508397459983826
44, 15, 329, 289, -0.5211199522018433
44, 16, 372, 267, -0.6849944591522217
44, 17, 277, 271, -0.5639122724533081
44, 18, 413, 245, -0.7650949358940125
44, 19, 278, 249, -0.455244779586792
44, 20, 415, 227, -0.6399090886116028
44, 21, 292, 254, -0.4795607924461365
44, 22, 400, 234, -0.6440602540969849
44, 23, 409, 506, -0.013696888461709023
44, 24, 248, 531, 0.016677942126989365
44, 25, 405, 766, 0.02848777547478676
44, 26, 252, 761, 0.10204505920410156
44, 27, 399, 971, 0.46267008781433105
44, 28, 255, 965, 0.3953670561313629
44, 29, 402, 1002, 0.4805537164211273
44, 30, 250, 995, 0.4120365083217621
44, 31, 384, 1044, 0.023747188970446587
44, 32, 276, 1040, -0.07720567286014557
45, 0, 341, 132, -0.5614204406738281
45, 1, 354, 111, -0.5050154328346252
45, 2, 361, 111, -0.5047866106033325
45, 3, 368, 112, -0.5041307210922241
45, 4, 329, 111, -0.5001880526542664
45, 5, 319, 112, -0.5001977682113647
45, 6, 311, 113, -0.500690221786499
45, 7, 381, 123, -0.20415320992469788
45, 8, 299, 124, -0.1648845672607422
45, 9, 358, 154, -0.45765718817710876
45, 10, 323, 155, -0.44720491766929626
45, 11, 441, 236, -0.10541290044784546
45, 12, 239, 240, -0.055450908839702606
45, 13, 535, 395, -0.3828299641609192
45, 14, 164, 401, -0.4274287819862366
45, 15, 322, 298, -0.5299683809280396
45, 16, 375, 278, -0.692338764667511
45, 17, 272, 288, -0.5752615928649902
45, 18, 417, 261, -0.7716501951217651
45, 19, 271, 268, -0.46019619703292847
45, 20, 422, 243, -0.6424264907836914
45, 21, 286, 267, -0.4867621064186096
45, 22, 408, 247, -0.6504122018814087
45, 23, 408, 509, -0.015796035528182983
45, 24, 249, 534, 0.01878439076244831
45, 25, 406, 767, 0.006435650400817394
45, 26, 252, 764, 0.12289214134216309
45, 27, 399, 972, 0.46126851439476013
45, 28, 255, 966, 0.44582313299179077
45, 29, 402, 1003, 0.48035532236099243
45, 30, 250, 995, 0.46649661660194397
45, 31, 384, 1045, 0.024996787309646606
45, 32, 276, 1041, -0.01637202873826027
46, 0, 341, 133, -0.5710629224777222
46, 1, 354, 112, -0.5143731832504272
46, 2, 361, 112, -0.5141221284866333
46, 3, 368, 113, -0.5134297609329224
46, 4, 329, 112, -0.5078318119049072
46, 5, 319, 113, -0.5078837871551514
46, 6, 311, 114, -0.5083460211753845
46, 7, 381, 126, -0.2112426459789276
46, 8, 299, 127, -0.16590067744255066
46, 9, 358, 155, -0.4673406183719635
46, 10, 323, 156, -0.45476222038269043
46, 11, 443, 245, -0.10931171476840973
46, 12, 237, 253, -0.0601540207862854
46, 13, 533, 402, -0.40669888257980347
46, 14, 161, 406, -0.44417446851730347
46, 15, 319, 304, -0.5828426480293274
46, 16, 371, 297, -0.7366912961006165
46, 17, 269, 293, -0.6311420202255249
46, 18, 414, 277, -0.8198261260986328
46, 19, 269, 274, -0.51335209608078
46, 20, 417, 259, -0.6900726556777954
46, 21, 284, 272, -0.5381954312324524
46, 22, 403, 262, -0.6942106485366821
46, 23, 412, 539, -0.017324646934866905
46, 24, 248, 541, 0.020334744825959206
46, 25, 404, 776, 0.022497620433568954
46, 26, 249, 773, 0.13616836071014404
46, 27, 395, 979, 0.4974060654640198
46, 28, 251, 974, 0.46542683243751526
46, 29, 398, 1010, 0.5180484056472778
46, 30, 247, 1002, 0.48630791902542114
46, 31, 383, 1051, 0.057929374277591705
46, 32, 272, 1050, -0.0012890397338196635
47, 0, 341, 134, -0.6073980331420898
47, 1, 354, 113, -0.5427459478378296
47, 2, 361, 113, -0.5426164269447327
47, 3, 368, 114, -0.5419069528579712
47, 4, 329, 113, -0.5407510995864868
47, 5, 319, 114, -0.540709912776947
47, 6, 310, 115, -0.5412319898605347
47, 7, 381, 127, -0.22218111157417297
47, 8, 299, 128, -0.18830463290214539
47, 9, 358, 156, -0.49642133712768555
47, 10, 323, 156, -0.48930978775024414
47, 11, 443, 254, -0.12297624349594116
47, 12, 235, 258, -0.0747639462351799
47, 13, 531, 405, -0.4429458677768707
47, 14, 158, 410, -0.4779673218727112
47, 15, 319, 308, -0.6653292179107666
47, 16, 368, 305, -0.801398754119873
47, 17, 269, 300, -0.7222204208374023
47, 18, 413, 286, -0.8881669044494629
47, 19, 270, 280, -0.6031778454780579
47, 20, 414, 267, -0.7614985704421997
47, 21, 284, 277, -0.6211830377578735
47, 22, 400, 269, -0.7596080303192139
47, 23, 409, 537, -0.018635479733347893
47, 24, 248, 546, 0.021712541580200195
47, 25, 404, 783, 0.03505745157599449
47, 26, 249, 780, 0.14980904757976532
47, 27, 395, 986, 0.5137525796890259
47, 28, 250, 981, 0.4946780204772949
47, 29, 398, 1017, 0.5350620150566101
47, 30, 246, 1011, 0.5183082818984985
47, 31, 383, 1058, 0.08734472095966339
47, 32, 272, 1058, 0.0375000461935997
48, 0, 341, 135, -0.5999864339828491
48, 1, 354, 114, -0.5374205112457275
48, 2, 361, 114, -0.537253737449646
48, 3, 368, 115, -0.5365491509437561
48, 4, 328, 114, -0.5331307649612427
48, 5, 318, 115, -0.5331191420555115
48, 6, 310, 117, -0.5336179137229919
48, 7, 381, 129, -0.22489818930625916
48, 8, 299, 130, -0.18129025399684906
48, 9, 358, 158, -0.49010100960731506
48, 10, 323, 158, -0.48073330521583557
48, 11, 444, 258, -0.11836781352758408
48, 12, 234, 259, -0.06538046151399612
48, 13, 531, 410, -0.4194777011871338
48, 14, 156, 413, -0.4555203914642334
48, 15, 318, 306, -0.6096967458724976
48, 16, 368, 311, -0.7830314040184021
48, 17, 268, 299, -0.6592140197753906
48, 18, 413, 291, -0.867835521697998
48, 19, 269, 280, -0.5388318300247192
48, 20, 414, 271, -0.7410008907318115
48, 21, 283, 277, -0.5633271336555481
48, 22, 401, 273, -0.7407089471817017
48, 23, 411, 549, -0.01921689882874489
48, 24, 247, 549, 0.02227357216179371
48, 25, 404, 785, 0.038816116750240326
48, 26, 248, 782, 0.15695741772651672
48, 27, 395, 988, 0.5257027745246887
48, 28, 250, 984, 0.506414532661438
48, 29, 397, 1019, 0.5476698875427246
48, 30, 246, 1014, 0.5297921299934387
48, 31, 383, 1061, 0.09176978468894958
48, 32, 272, 1061, 0.04616142809391022
49, 0, 341, 136, -0.6013444662094116
49, 1, 353, 115, -0.5383093953132629
49, 2, 361, 115, -0.5381684899330139
49, 3, 368, 116, -0.5374436378479004
49, 4, 327, 115, -0.5351083278656006
49, 5, 318, 116, -0.5350900292396545
49, 6, 309, 117, -0.53557950258255
49, 7, 381, 130, -0.22993583977222443
49, 8, 299, 130, -0.182657390832901
49, 9, 358, 159, -0.49037566781044006
49, 10, 323, 159, -0.48189306259155273
49, 11, 445, 260, -0.11751727759838104
49, 12, 234, 259, -0.07361681759357452
49, 13, 530, 411, -0.429776668548584
49, 14, 155, 413, -0.46321630477905273
49, 15, 318, 308, -0.6607894897460938
49, 16, 367, 312, -0.7909995317459106
49, 17, 269, 299, -0.7159799337387085
49, 18, 412, 292, -0.8751729130744934
49, 19, 271, 279, -0.5962599515914917
49, 20, 413, 273, -0.750322699546814
49, 21, 284, 277, -0.6163397431373596
49, 22, 400, 275, -0.7494289875030518
49, 23, 409, 543, -0.019173042848706245
49, 24, 247, 550, 0.022236905992031097
49, 25, 403, 787, 0.04146548733115196
49, 26, 247, 784, 0.15397024154663086
49, 27, 394, 990, 0.5332342982292175
49, 28, 249, 987, 0.49563390016555786
49, 29, 397, 1021, 0.5557705163955688
49, 30, 246, 1017, 0.5179939270019531
49, 31, 383, 1063, 0.09787549078464508
49, 32, 272, 1064, 0.02854217030107975
50, 0, 340, 137, -0.6011467576026917
50, 1, 353, 116, -0.5390651226043701
50, 2, 361, 116, -0.5388941764831543
50, 3, 367, 117, -0.5381687879562378
50, 4, 326, 116, -0.5352288484573364
50, 5, 317, 117, -0.5352230668067932
50, 6, 308, 118, -0.5357072949409485
50, 7, 381, 130, -0.23170742392539978
50, 8, 298, 131, -0.18330399692058563
50, 9, 357, 160, -0.4905441403388977
50, 10, 323, 160, -0.4817724823951721
50, 11, 445, 261, -0.1131940484046936
50, 12, 233, 260, -0.07701345533132553
50, 13, 530, 412, -0.4245450496673584
50, 14, 154, 414, -0.45748990774154663
50, 15, 317, 307, -0.6545767188072205
50, 16, 366, 311, -0.7639438509941101
50, 17, 269, 295, -0.7068909406661987
50, 18, 411, 292, -0.8444108963012695
50, 19, 270, 277, -0.5875256657600403
50, 20, 412, 273, -0.7186238765716553
50, 21, 284, 276, -0.6103863716125488
50, 22, 398, 275, -0.7217416763305664
50, 23, 407, 540, -0.016992617398500443
50, 24, 246, 551, 0.019971579313278198
50, 25, 402, 789, 0.04245372489094734
50, 26, 245, 786, 0.1382865011692047
50, 27, 393, 992, 0.5335325598716736
50, 28, 248, 990, 0.460562527179718
50, 29, 396, 1023, 0.5571151375770569
50, 30, 244, 1020, 0.4801705479621887
50, 31, 382, 1065, 0.10122919082641602
50, 32, 270, 1066, -0.010037051513791084
51, 0, 339, 138, -0.6033322811126709
51, 1, 352, 116, -0.5418631434440613
51, 2, 361, 117, -0.5416790246963501
51, 3, 367, 117, -0.540931761264801
51, 4, 325, 116, -0.5384538769721985
51, 5, 316, 118, -0.5384620428085327
51, 6, 307, 119, -0.5389600992202759
51, 7, 381, 131, -0.23364229500293732
51, 8, 298, 132, -0.18635128438472748
51, 9, 357, 160, -0.4916849136352539
51, 10, 322, 160, -0.4833429455757141
51, 11, 446, 261, -0.11222890764474869
51, 12, 232, 260, -0.07762409001588821
51, 13, 530, 413, -0.43804627656936646
51, 14, 153, 414, -0.47063666582107544
51, 15, 317, 305, -0.6828667521476746
51, 16, 367, 310, -0.7859966158866882
51, 17, 270, 293, -0.7385705709457397
51, 18, 411, 291, -0.8671746253967285
51, 19, 272, 274, -0.6180132031440735
51, 20, 412, 273, -0.7434173822402954
51, 21, 286, 274, -0.638987123966217
51, 22, 399, 275, -0.7447003126144409
51, 23, 406, 539, -0.014486759901046753
51, 24, 246, 552, 0.017450716346502304
51, 25, 401, 790, 0.04514777660369873
51, 26, 243, 787, 0.1273161619901657
51, 27, 392, 993, 0.5460024476051331
51, 28, 246, 991, 0.4515705704689026
51, 29, 395, 1024, 0.5695859789848328
51, 30, 243, 1021, 0.4712228775024414
51, 31, 381, 1066, 0.10827193409204483
51, 32, 268, 1067, -0.02238575927913189
52, 0, 339, 138, -0.5876427292823792
52, 1, 352, 117, -0.528183102607727
52, 2, 360, 117, -0.5279687643051147
52, 3, 367, 118, -0.5272180438041687
52, 4, 325, 117, -0.5243185758590698
52, 5, 315, 118, -0.524335503578186
52, 6, 307, 119, -0.5248408913612366
52, 7, 381, 131, -0.21768777072429657
52, 8, 298, 132, -0.17663885653018951
52, 9, 357, 160, -0.47665947675704956
52, 10, 322, 161, -0.4679776728153229
52, 11, 446, 261, -0.09201022982597351
52, 12, 232, 260, -0.07273416221141815
52, 13, 530, 413, -0.4211980402469635
52, 14, 153, 414, -0.4632028043270111
52, 15, 317, 305, -0.6664362549781799
52, 16, 367, 309, -0.7752345204353333
52, 17, 270, 292, -0.7236119508743286
52, 18, 411, 290, -0.8576086163520813
52, 19, 272, 273, -0.6020491719245911
52, 20, 413, 272, -0.7324033379554749
52, 21, 287, 272, -0.6224972009658813
52, 22, 399, 274, -0.7337726950645447
52, 23, 406, 538, -0.012156195938587189
52, 24, 246, 553, 0.015151211991906166
52, 25, 401, 792, 0.04609443247318268
52, 26, 244, 789, 0.12060993909835815
52, 27, 392, 995, 0.5472468137741089
52, 28, 246, 994, 0.4401932656764984
52, 29, 395, 1026, 0.5708282589912415
52, 30, 244, 1024, 0.45960134267807007
52, 31, 381, 1068, 0.10974620282649994
52, 32, 269, 1069, -0.03402471914887428
53, 0, 339, 138, -0.5754294395446777
53, 1, 352, 117, -0.5179224014282227
53, 2, 360, 117, -0.5176767110824585
53, 3, 367, 118, -0.516950249671936
53, 4, 324, 117, -0.5140569806098938
53, 5, 315, 118, -0.5140511393547058
53, 6, 306, 119, -0.5145394802093506
53, 7, 380, 131, -0.20862193405628204
53, 8, 297, 132, -0.1711241751909256
53, 9, 356, 160, -0.46538251638412476
53, 10, 321, 161, -0.45670753717422485
53, 11, 447, 260, -0.08211816847324371
53, 12, 232, 261, -0.07206328213214874
53, 13, 529, 414, -0.40620726346969604
53, 14, 153, 414, -0.4587979316711426
53, 15, 316, 304, -0.6532560586929321
53, 16, 368, 307, -0.7695589661598206
53, 17, 269, 291, -0.7116075754165649
53, 18, 411, 288, -0.8521194458007812
53, 19, 272, 271, -0.5924240350723267
53, 20, 414, 271, -0.7288301587104797
53, 21, 286, 271, -0.6103090047836304
53, 22, 400, 273, -0.7286897301673889
53, 23, 406, 535, -0.007268337067216635
53, 24, 246, 553, 0.010296717286109924
53, 25, 402, 791, 0.05051468685269356
53, 26, 244, 788, 0.11526886373758316
53, 27, 394, 995, 0.5521701574325562
53, 28, 248, 994, 0.4326630234718323
53, 29, 397, 1026, 0.5754550695419312
53, 30, 245, 1024, 0.4516844153404236
53, 31, 382, 1068, 0.11424504220485687
53, 32, 270, 1069, -0.04090069606900215
54, 0, 339, 138, -0.5809663534164429
54, 1, 351, 117, -0.5253921747207642
54, 2, 360, 117, -0.5251129269599915
54, 3, 367, 118, -0.5244191884994507
54, 4, 324, 117, -0.5205169320106506
54, 5, 314, 118, -0.5204896926879883
54, 6, 306, 119, -0.5208851099014282
54, 7, 380, 131, -0.22038805484771729
54, 8, 297, 132, -0.17884576320648193
54, 9, 356, 160, -0.471726655960083
54, 10, 321, 161, -0.46198001503944397
54, 11, 447, 260, -0.0983472615480423
54, 12, 232, 260, -0.07270879298448563
54, 13, 529, 414, -0.41667619347572327
54, 14, 153, 414, -0.46156683564186096
54, 15, 315, 303, -0.6261228919029236
54, 16, 368, 307, -0.7744826078414917
54, 17, 269, 290, -0.6785547137260437
54, 18, 412, 288, -0.8579188585281372
54, 19, 272, 270, -0.563259482383728
54, 20, 414, 270, -0.7340810298919678
54, 21, 286, 270, -0.5831828713417053
54, 22, 401, 272, -0.733890175819397
54, 23, 405, 534, -0.007711831480264664
54, 24, 246, 553, 0.010755784809589386
54, 25, 402, 791, 0.05088363215327263
54, 26, 245, 788, 0.1274322271347046
54, 27, 394, 995, 0.5466856360435486
54, 28, 248, 993, 0.4614464342594147
54, 29, 397, 1026, 0.5694035291671753
54, 30, 245, 1023, 0.48285359144210815
54, 31, 382, 1068, 0.1078542023897171
54, 32, 270, 1069, -0.009067606180906296
55, 0, 338, 138, -0.5824564695358276
55, 1, 351, 117, -0.5269426703453064
55, 2, 360, 117, -0.526661217212677
55, 3, 366, 118, -0.5259619951248169
55, 4, 324, 117, -0.5215514898300171
55, 5, 314, 118, -0.521544337272644
55, 6, 306, 119, -0.5219417810440063
55, 7, 380, 131, -0.2213173359632492
55, 8, 297, 132, -0.17936643958091736
55, 9, 356, 160, -0.4736783504486084
55, 10, 321, 161, -0.4634026885032654
55, 11, 447, 260, -0.09836295992136002
55, 12, 232, 260, -0.07373906672000885
55, 13, 529, 415, -0.418243944644928
55, 14, 153, 414, -0.46528691053390503
55, 15, 315, 303, -0.6533595323562622
55, 16, 368, 306, -0.776016891002655
55, 17, 270, 290, -0.7105700373649597
55, 18, 412, 288, -0.8616659045219421
55, 19, 273, 269, -0.5941775441169739
55, 20, 415, 270, -0.7353048920631409
55, 21, 286, 269, -0.6109365820884705
55, 22, 401, 272, -0.7372680902481079
55, 23, 405, 531, -0.007135581225156784
55, 24, 246, 553, 0.010210118256509304
55, 25, 404, 791, 0.05121909826993942
55, 26, 246, 788, 0.13036802411079407
55, 27, 395, 995, 0.5458712577819824
55, 28, 248, 993, 0.4656309485435486
55, 29, 398, 1026, 0.5684762001037598
55, 30, 245, 1023, 0.487053781747818
55, 31, 384, 1068, 0.10638602077960968
55, 32, 270, 1068, -0.003131831530481577
56, 0, 338, 138, -0.5826605558395386
56, 1, 351, 117, -0.528740406036377
56, 2, 360, 117, -0.5284661054611206
56, 3, 366, 118, -0.5277763605117798
56, 4, 323, 117, -0.5230430960655212
56, 5, 313, 118, -0.5230193138122559
56, 6, 305, 119, -0.523418128490448
56, 7, 380, 131, -0.2276376485824585
56, 8, 297, 132, -0.18441179394721985
56, 9, 356, 160, -0.47423768043518066
56, 10, 320, 161, -0.4637104868888855
56, 11, 447, 260, -0.09883837401866913
56, 12, 231, 260, -0.07490120828151703
56, 13, 529, 415, -0.4123512804508209
56, 14, 153, 414, -0.4568943381309509
56, 15, 315, 303, -0.6483221054077148
56, 16, 368, 306, -0.7753710150718689
56, 17, 270, 289, -0.7041202187538147
56, 18, 412, 288, -0.8583955764770508
56, 19, 273, 268, -0.5912769436836243
56, 20, 415, 270, -0.7358527779579163
56, 21, 287, 268, -0.6068602800369263
56, 22, 401, 272, -0.7354135513305664
56, 23, 405, 528, -0.0072571998462080956
56, 24, 246, 550, 0.010328474454581738
56, 25, 404, 788, 0.05160587280988693
56, 26, 246, 785, 0.1214999184012413
56, 27, 395, 992, 0.543454647064209
56, 28, 248, 992, 0.4423214793205261
56, 29, 397, 1023, 0.5656594038009644
56, 30, 245, 1022, 0.46185287833213806
56, 31, 382, 1065, 0.10579758882522583
56, 32, 269, 1066, -0.02908538281917572
57, 0, 338, 138, -0.5876734256744385
57, 1, 351, 117, -0.5337916612625122
57, 2, 360, 117, -0.5335443615913391
57, 3, 366, 118, -0.5328336358070374
57, 4, 323, 117, -0.5283276438713074
57, 5, 313, 118, -0.5283006429672241
57, 6, 305, 119, -0.5286991596221924
57, 7, 380, 131, -0.22886812686920166
57, 8, 297, 132, -0.18734301626682281
57, 9, 355, 160, -0.47739696502685547
57, 10, 320, 161, -0.46740904450416565
57, 11, 447, 260, -0.10051661729812622
57, 12, 231, 259, -0.07968466728925705
57, 13, 529, 415, -0.418314129114151
57, 14, 153, 414, -0.4647589325904846
57, 15, 315, 302, -0.6510074138641357
57, 16, 368, 306, -0.8121612668037415
57, 17, 271, 288, -0.7070707678794861
57, 18, 412, 288, -0.8977405428886414
57, 19, 274, 267, -0.5946156978607178
57, 20, 415, 270, -0.7793895602226257
57, 21, 287, 268, -0.6093506217002869
57, 22, 401, 272, -0.7732440829277039
57, 23, 405, 528, -0.007041847798973322
57, 24, 246, 550, 0.010124614462256432
57, 25, 404, 788, 0.06242338940501213
57, 26, 246, 786, 0.12399975955486298
57, 27, 394, 993, 0.5767890810966492
57, 28, 247, 992, 0.44981107115745544
57, 29, 397, 1023, 0.6017035245895386
57, 30, 243, 1023, 0.47147807478904724
57, 31, 382, 1066, 0.14205589890480042
57, 32, 268, 1067, -0.02803146280348301
58, 0, 338, 138, -0.5935854315757751
58, 1, 351, 117, -0.5392580628395081
58, 2, 360, 117, -0.5390296578407288
58, 3, 366, 118, -0.5383021831512451
58, 4, 323, 117, -0.5344759225845337
58, 5, 313, 118, -0.5344494581222534
58, 6, 305, 119, -0.5348634719848633
58, 7, 379, 131, -0.2299802303314209
58, 8, 296, 132, -0.19150462746620178
58, 9, 355, 160, -0.48143666982650757
58, 10, 320, 161, -0.4723585546016693
58, 11, 447, 259, -0.10198567062616348
58, 12, 231, 259, -0.09436093270778656
58, 13, 528, 415, -0.4254698157310486
58, 14, 153, 414, -0.4998806118965149
58, 15, 316, 302, -0.6964148879051208
58, 16, 368, 306, -0.8626570701599121
58, 17, 272, 288, -0.7629674673080444
58, 18, 413, 288, -0.9501649737358093
58, 19, 275, 267, -0.649417519569397
58, 20, 416, 270, -0.8352726697921753
58, 21, 288, 267, -0.6561456322669983
58, 22, 401, 272, -0.8242990374565125
58, 23, 405, 527, -0.004731397144496441
58, 24, 246, 550, 0.0078288484364748
58, 25, 404, 788, 0.07704374939203262
58, 26, 246, 786, 0.12534119188785553
58, 27, 395, 993, 0.6022921800613403
58, 28, 248, 992, 0.45283666253089905
58, 29, 398, 1023, 0.62810218334198
58, 30, 245, 1022, 0.4758020043373108
58, 31, 383, 1066, 0.16711783409118652
58, 32, 270, 1067, -0.023025047034025192
59, 0, 338, 138, -0.5889987349510193
59, 1, 351, 117, -0.533670961856842
59, 2, 360, 117, -0.5334630012512207
59, 3, 366, 118, -0.5327037572860718
59, 4, 323, 117, -0.5303652882575989
59, 5, 313, 118, -0.5303555727005005
59, 6, 305, 119, -0.5308334827423096
59, 7, 379, 131, -0.2211960107088089
59, 8, 296, 132, -0.18974503874778748
59, 9, 355, 160, -0.4762796461582184
59, 10, 320, 161, -0.46878767013549805
59, 11, 447, 259, -0.08459745347499847
59, 12, 231, 259, -0.0950964018702507
59, 13, 528, 415, -0.4257088303565979
59, 14, 153, 414, -0.4990761876106262
59, 15, 316, 302, -0.7169503569602966
59, 16, 369, 306, -0.8524249196052551
59, 17, 272, 287, -0.7852981090545654
59, 18, 413, 288, -0.9400577545166016
59, 19, 275, 267, -0.6684594750404358
59, 20, 416, 271, -0.8223954439163208
59, 21, 288, 267, -0.6765550374984741
59, 22, 401, 272, -0.8139222860336304
59, 23, 405, 527, 0.0012890697689726949
59, 24, 246, 550, 0.0017618441488593817
59, 25, 404, 788, 0.0801316499710083
59, 26, 246, 786, 0.10153830051422119
59, 27, 395, 992, 0.5956676602363586
59, 28, 248, 992, 0.42564868927001953
59, 29, 398, 1023, 0.6202949285507202
59, 30, 245, 1022, 0.44572025537490845
59, 31, 383, 1066, 0.15919890999794006
59, 32, 270, 1066, -0.052914220839738846
60, 0, 338, 137, -0.5928571820259094
60, 1, 350, 116, -0.5382826924324036
60, 2, 360, 116, -0.5380713939666748
60, 3, 366, 117, -0.5373225212097168
60, 4, 323, 116, -0.5335041284561157
60, 5, 313, 117, -0.5334569811820984
60, 6, 305, 118, -0.5339190363883972
60, 7, 379, 129, -0.22809958457946777
60, 8, 296, 131, -0.19071505963802338
60, 9, 355, 159, -0.4811159670352936
60, 10, 320, 160, -0.47168177366256714
60, 11, 448, 259, -0.09316026419401169
60, 12, 232, 259, -0.09502191096544266
60, 13, 528, 415, -0.4369588792324066
60, 14, 153, 415, -0.500554084777832
60, 15, 316, 302, -0.7218087315559387
60, 16, 369, 306, -0.8646568059921265
60, 17, 273, 287, -0.7881487011909485
60, 18, 414, 288, -0.9529887437820435
60, 19, 276, 266, -0.6703368425369263
60, 20, 417, 271, -0.833554744720459
60, 21, 289, 267, -0.6801348328590393
60, 22, 402, 273, -0.8255588412284851
60, 23, 405, 527, 0.00043211906449869275
60, 24, 246, 550, 0.002657632576301694
60, 25, 404, 789, 0.08551877737045288
60, 26, 246, 786, 0.11464355885982513
60, 27, 395, 993, 0.6095554232597351
60, 28, 248, 992, 0.46480146050453186
60, 29, 398, 1023, 0.6351746320724487
60, 30, 245, 1023, 0.48808741569519043
60, 31, 383, 1066, 0.1738196164369583
60, 32, 270, 1067, -0.010453090071678162
61, 0, 338, 136, -0.5975250005722046
61, 1, 350, 115, -0.5415903925895691
61, 2, 359, 115, -0.5414146184921265
61, 3, 366, 115, -0.5406476259231567
61, 4, 323, 116, -0.5379586219787598
61, 5, 313, 116, -0.5379365682601929
61, 6, 305, 117, -0.5384336709976196
61, 7, 378, 128, -0.22820377349853516
61, 8, 296, 130, -0.1926576793193817
61, 9, 355, 158, -0.4833911061286926
61, 10, 320, 159, -0.47544145584106445
61, 11, 448, 259, -0.09266839921474457
61, 12, 232, 259, -0.09906455129384995
61, 13, 528, 416, -0.4510682225227356
61, 14, 153, 416, -0.5144537091255188
61, 15, 316, 302, -0.7817750573158264
61, 16, 369, 307, -0.880864143371582
61, 17, 273, 287, -0.8540903925895691
61, 18, 414, 289, -0.9681525230407715
61, 19, 276, 266, -0.7336403131484985
61, 20, 417, 271, -0.8488030433654785
61, 21, 289, 267, -0.7403276562690735
61, 22, 402, 273, -0.8413093686103821
61, 23, 405, 527, 0.0013695976231247187
61, 24, 246, 550, 0.0016918458277359605
61, 25, 404, 789, 0.0949014276266098
61, 26, 246, 787, 0.11665557324886322
61, 27, 395, 993, 0.6330831050872803
61, 28, 248, 993, 0.475393146276474
61, 29, 398, 1024, 0.6603232622146606
61, 30, 245, 1024, 0.49960583448410034
61, 31, 383, 1067, 0.1980798840522766
61, 32, 270, 1067, -0.0013844429049640894
62, 0, 338, 135, -0.6011776924133301
62, 1, 350, 114, -0.5445981621742249
62, 2, 359, 114, -0.5444306135177612
62, 3, 366, 115, -0.5436576008796692
62, 4, 323, 115, -0.5415827035903931
62, 5, 313, 116, -0.541593611240387
62, 6, 305, 117, -0.5421098470687866
62, 7, 378, 126, -0.22825276851654053
62, 8, 296, 130, -0.1955055296421051
62, 9, 355, 157, -0.48597580194473267
62, 10, 320, 159, -0.47887057065963745
62, 11, 448, 259, -0.09192623943090439
62, 12, 232, 259, -0.10127915441989899
62, 13, 528, 416, -0.4527183473110199
62, 14, 153, 416, -0.5133920907974243
62, 15, 316, 302, -0.7826756238937378
62, 16, 369, 308, -0.8715893626213074
62, 17, 273, 288, -0.8533895611763
62, 18, 414, 290, -0.9578755497932434
62, 19, 276, 266, -0.732164204120636
62, 20, 417, 272, -0.8382530212402344
62, 21, 289, 266, -0.7408754229545593
62, 22, 402, 273, -0.8318902254104614
62, 23, 404, 527, 0.0020649649668484926
62, 24, 246, 550, 0.0009802087442949414
62, 25, 404, 789, 0.09667451679706573
62, 26, 246, 787, 0.11844698339700699
62, 27, 396, 993, 0.6343613862991333
62, 28, 249, 994, 0.47622236609458923
62, 29, 398, 1024, 0.6616503000259399
62, 30, 245, 1025, 0.5003024339675903
62, 31, 384, 1067, 0.20051053166389465
62, 32, 271, 1067, -0.000793846498709172
63, 0, 337, 134, -0.6175865530967712
63, 1, 350, 113, -0.5598637461662292
63, 2, 359, 113, -0.5597084164619446
63, 3, 366, 114, -0.5589407086372375
63, 4, 322, 115, -0.5566738247871399
63, 5, 312, 115, -0.5566893219947815
63, 6, 304, 116, -0.5572250485420227
63, 7, 378, 125, -0.23641574382781982
63, 8, 296, 129, -0.2041899412870407
63, 9, 355, 156, -0.5007830858230591
63, 10, 320, 158, -0.4933006167411804
63, 11, 448, 258, -0.0934109017252922
63, 12, 232, 259, -0.11212881654500961
63, 13, 528, 416, -0.4693799912929535
63, 14, 153, 416, -0.5352562069892883
63, 15, 317, 305, -0.809588611125946
63, 16, 369, 310, -0.8985171318054199
63, 17, 274, 289, -0.8821830749511719
63, 18, 414, 291, -0.985292911529541
63, 19, 277, 267, -0.7601761817932129
63, 20, 417, 273, -0.8641446232795715
63, 21, 289, 267, -0.7678674459457397
63, 22, 402, 274, -0.8581178784370422
63, 23, 404, 527, 0.0025170487351715565
63, 24, 246, 551, 0.0005372362211346626
63, 25, 404, 789, 0.09709969162940979
63, 26, 246, 787, 0.12311260402202606
63, 27, 395, 994, 0.6477006077766418
63, 28, 248, 994, 0.4993782043457031
63, 29, 398, 1025, 0.675979733467102
63, 30, 244, 1025, 0.5250133275985718
63, 31, 383, 1067, 0.20810751616954803
63, 32, 270, 1068, 0.018704328685998917
64, 0, 337, 132, -0.6315933465957642
64, 1, 350, 112, -0.5757088661193848
64, 2, 359, 112, -0.575573205947876
64, 3, 366, 113, -0.5748693943023682
64, 4, 322, 114, -0.5699495673179626
64, 5, 312, 114, -0.5699259042739868
64, 6, 304, 115, -0.570425271987915
64, 7, 378, 124, -0.2557421326637268
64, 8, 296, 128, -0.21197660267353058
64, 9, 355, 155, -0.5166346430778503
64, 10, 320, 157, -0.5055373907089233
64, 11, 448, 258, -0.11708780378103256
64, 12, 231, 259, -0.1115962490439415
64, 13, 528, 417, -0.46786054968833923
64, 14, 153, 418, -0.5302209854125977
64, 15, 318, 311, -0.8004657030105591
64, 16, 369, 315, -0.9029610753059387
64, 17, 274, 295, -0.8674935102462769
64, 18, 414, 295, -0.9922683835029602
64, 19, 277, 271, -0.7461094856262207
64, 20, 416, 274, -0.8708851933479309
64, 21, 289, 271, -0.7552345991134644
64, 22, 402, 276, -0.8627660870552063
64, 23, 404, 527, -0.0020097584929317236
64, 24, 246, 551, 0.005090734921395779
64, 25, 404, 790, 0.09660516679286957
64, 26, 245, 787, 0.1632670760154724
64, 27, 395, 994, 0.6434048414230347
64, 28, 247, 994, 0.5615907311439514
64, 29, 397, 1026, 0.6717473268508911
64, 30, 243, 1025, 0.5901591181755066
64, 31, 383, 1068, 0.20399026572704315
64, 32, 269, 1068, 0.08985617011785507
65, 0, 337, 131, -0.6593062281608582
65, 1, 350, 112, -0.6031367182731628
65, 2, 359, 112, -0.6029962301254272
65, 3, 366, 112, -0.6023370623588562
65, 4, 322, 113, -0.5960202813148499
65, 5, 312, 114, -0.5959244966506958
65, 6, 304, 115, -0.596349835395813
65, 7, 378, 124, -0.28180599212646484
65, 8, 296, 127, -0.23044654726982117
65, 9, 355, 154, -0.5446115732192993
65, 10, 320, 156, -0.5314655303955078
65, 11, 448, 259, -0.1507357954978943
65, 12, 231, 259, -0.1185082420706749
65, 13, 529, 419, -0.4786921441555023
65, 14, 152, 421, -0.5365758538246155
65, 15, 321, 321, -0.7799080610275269
65, 16, 368, 320, -0.9278343319892883
65, 17, 274, 303, -0.8408129811286926
65, 18, 414, 298, -1.0223829746246338
65, 19, 277, 279, -0.7220505475997925
65, 20, 415, 276, -0.8994610905647278
65, 21, 289, 278, -0.7335730791091919
65, 22, 401, 277, -0.8878933191299438
65, 23, 413, 548, -0.011804289184510708
65, 24, 246, 552, 0.01511465199291706
65, 25, 405, 791, 0.09514601528644562
65, 26, 246, 788, 0.21940958499908447
65, 27, 396, 995, 0.6528963446617126
65, 28, 249, 994, 0.6661882400512695
65, 29, 398, 1027, 0.6823497414588928
65, 30, 245, 1026, 0.700407862663269
65, 31, 385, 1069, 0.20776042342185974
65, 32, 271, 1069, 0.19718651473522186
66, 0, 337, 130, -0.655337393283844
66, 1, 350, 111, -0.6022821068763733
66, 2, 359, 111, -0.6021472215652466
66, 3, 366, 111, -0.6015650629997253
66, 4, 322, 112, -0.5931378602981567
66, 5, 312, 113, -0.5930092930793762
66, 6, 304, 114, -0.5934532880783081
66, 7, 378, 123, -0.2917099893093109
66, 8, 295, 127, -0.22909638285636902
66, 9, 355, 153, -0.543979287147522
66, 10, 319, 155, -0.527961254119873
66, 11, 449, 259, -0.1630733460187912
66, 12, 231, 259, -0.1165754571557045
66, 13, 531, 422, -0.4721638560295105
66, 14, 151, 424, -0.5346535444259644
66, 15, 326, 330, -0.6951538920402527
66, 16, 365, 324, -0.9259608387947083
66, 17, 274, 311, -0.7509575486183167
66, 18, 411, 301, -1.0213794708251953
66, 19, 278, 286, -0.6380292773246765
66, 20, 412, 278, -0.8991761207580566
66, 21, 290, 286, -0.6507266759872437
66, 22, 398, 280, -0.8862463235855103
66, 23, 415, 554, -0.02081936039030552
66, 24, 246, 552, 0.0241693202406168
66, 25, 405, 791, 0.08546590059995651
66, 26, 246, 789, 0.24511787295341492
66, 27, 396, 996, 0.6516433954238892
66, 28, 249, 995, 0.7069019079208374
66, 29, 398, 1027, 0.6818537712097168
66, 30, 245, 1026, 0.7425519227981567
66, 31, 385, 1071, 0.18964195251464844
66, 32, 272, 1071, 0.2416219711303711
67, 0, 337, 129, -0.6517608165740967
67, 1, 350, 110, -0.5974703431129456
67, 2, 359, 110, -0.5973703265190125
67, 3, 366, 111, -0.596816897392273
67, 4, 322, 111, -0.5899084806442261
67, 5, 313, 112, -0.5897241234779358
67, 6, 305, 113, -0.5902213454246521
67, 7, 378, 122, -0.2831941843032837
67, 8, 295, 126, -0.22619453072547913
67, 9, 355, 152, -0.5385020971298218
67, 10, 319, 154, -0.5241957306861877
67, 11, 449, 259, -0.15390077233314514
67, 12, 230, 259, -0.11178155243396759
67, 13, 534, 424, -0.4809521734714508
67, 14, 150, 429, -0.5439828634262085
67, 15, 332, 339, -0.7777448892593384
67, 16, 359, 331, -1.0058287382125854
67, 17, 275, 319, -0.8522897958755493
67, 18, 407, 308, -1.1104834079742432
67, 19, 280, 292, -0.7311047911643982
67, 20, 407, 283, -0.995352566242218
67, 21, 291, 294, -0.7323132157325745
67, 22, 394, 286, -0.968311607837677
67, 23, 416, 558, -0.02396581694483757
67, 24, 246, 553, 0.027361935004591942
67, 25, 405, 793, 0.08585585653781891
67, 26, 246, 790, 0.23568055033683777
67, 27, 396, 998, 0.6526733636856079
67, 28, 247, 996, 0.6891534924507141
67, 29, 398, 1030, 0.6821516752243042
67, 30, 243, 1028, 0.7232572436332703
67, 31, 385, 1074, 0.19721759855747223
67, 32, 271, 1074, 0.22162899374961853
68, 0, 337, 128, -0.6483352184295654
68, 1, 350, 109, -0.5931812524795532
68, 2, 359, 110, -0.5930777788162231
68, 3, 366, 110, -0.5925039052963257
68, 4, 322, 111, -0.585869550704956
68, 5, 313, 111, -0.5857190489768982
68, 6, 305, 113, -0.5862120389938354
68, 7, 378, 122, -0.2813308537006378
68, 8, 295, 126, -0.21220993995666504
68, 9, 355, 152, -0.534575879573822
68, 10, 319, 154, -0.5210684537887573
68, 11, 451, 260, -0.14869120717048645
68, 12, 230, 260, -0.096259206533432
68, 13, 538, 427, -0.5090836882591248
68, 14, 148, 433, -0.5507248640060425
68, 15, 334, 344, -0.8303912878036499
68, 16, 351, 339, -1.0404140949249268
68, 17, 277, 324, -0.9088691473007202
68, 18, 402, 316, -1.148809790611267
68, 19, 283, 296, -0.7830036282539368
68, 20, 401, 291, -1.0347602367401123
68, 21, 295, 300, -0.7835233211517334
68, 22, 389, 295, -1.00408136844635
68, 23, 421, 564, -0.025475751608610153
68, 24, 247, 560, 0.028887197375297546
68, 25, 411, 799, 0.09420273452997208
68, 26, 249, 798, 0.23764748871326447
68, 27, 406, 1006, 0.6852684020996094
68, 28, 254, 1006, 0.6996161341667175
68, 29, 410, 1038, 0.7162513732910156
68, 30, 249, 1038, 0.7339410185813904
68, 31, 394, 1083, 0.22404548525810242
68, 32, 279, 1086, 0.22544384002685547
69, 0, 337, 128, -0.622597873210907
69, 1, 350, 109, -0.5609932541847229
69, 2, 359, 109, -0.5610734224319458
69, 3, 366, 110, -0.5605580806732178
69, 4, 322, 110, -0.5507310628890991
69, 5, 313, 111, -0.550400972366333
69, 6, 305, 113, -0.5509766936302185
69, 7, 378, 122, -0.22561141848564148
69, 8, 295, 126, -0.1507887840270996
69, 9, 355, 151, -0.5049793720245361
69, 10, 319, 154, -0.4869692921638489
69, 11, 453, 261, -0.12860126793384552
69, 12, 230, 262, -0.044608402997255325
69, 13, 543, 430, -0.5146146416664124
69, 14, 146, 437, -0.5304281115531921
69, 15, 342, 355, -0.8401886224746704
69, 16, 344, 348, -1.0062329769134521
69, 17, 295, 339, -0.9225664138793945
69, 18, 397, 327, -1.1144232749938965
69, 19, 296, 309, -0.7967852354049683
69, 20, 395, 303, -0.9973466992378235
69, 21, 309, 321, -0.7944389581680298
69, 22, 384, 307, -0.9698929786682129
69, 23, 425, 571, -0.04037373512983322
69, 24, 249, 569, 0.044008735567331314
69, 25, 416, 807, 0.07379455119371414
69, 26, 255, 808, 0.27622443437576294
69, 27, 412, 1014, 0.6725320219993591
69, 28, 261, 1014, 0.8034347295761108
69, 29, 416, 1046, 0.7027640342712402
69, 30, 257, 1046, 0.8451201319694519
69, 31, 399, 1090, 0.21274864673614502
69, 32, 285, 1093, 0.32630056142807007
70, 0, 337, 127, -0.6079241037368774
70, 1, 350, 108, -0.5441511273384094
70, 2, 359, 109, -0.5442510843276978
70, 3, 366, 110, -0.5437628626823425
70, 4, 322, 110, -0.5334745645523071
70, 5, 313, 111, -0.5331178903579712
70, 6, 304, 112, -0.5337244272232056
70, 7, 378, 122, -0.2093125581741333
70, 8, 295, 125, -0.13682539761066437
70, 9, 355, 151, -0.4916786253452301
70, 10, 319, 153, -0.47313228249549866
70, 11, 456, 263, -0.12391245365142822
70, 12, 230, 263, -0.026469817385077477
70, 13, 547, 433, -0.5092986822128296
70, 14, 145, 441, -0.48680242896080017
70, 15, 344, 366, -0.779506504535675
70, 16, 335, 361, -0.9958017468452454
70, 17, 294, 350, -0.8558154106140137
70, 18, 388, 342, -1.0900037288665771
70, 19, 296, 324, -0.7271803021430969
70, 20, 388, 316, -0.9709658622741699
70, 21, 310, 336, -0.7300503849983215
70, 22, 377, 320, -0.9551453590393066
70, 23, 429, 575, -0.04836709424853325
70, 24, 251, 574, 0.052145231515169144
70, 25, 419, 815, 0.059329766780138016
70, 26, 257, 815, 0.29266276955604553
70, 27, 413, 1023, 0.6696335673332214
70, 28, 262, 1022, 0.8206766843795776
70, 29, 417, 1055, 0.6985235214233398
70, 30, 258, 1053, 0.8622495532035828
70, 31, 400, 1099, 0.18131092190742493
70, 32, 285, 1102, 0.33894258737564087
71, 0, 337, 126, -0.7403157949447632
71, 1, 350, 108, -0.6812095046043396
71, 2, 359, 108, -0.6812332272529602
71, 3, 366, 109, -0.6806938052177429
71, 4, 322, 109, -0.6767374277114868
71, 5, 313, 111, -0.6765175461769104
71, 6, 304, 112, -0.6770778894424438
71, 7, 378, 121, -0.3443158268928528
71, 8, 296, 125, -0.3061012625694275
71, 9, 355, 151, -0.6208314299583435
71, 10, 319, 153, -0.6107358336448669
71, 11, 457, 264, -0.20378515124320984
71, 12, 230, 265, -0.1588854342699051
71, 13, 552, 436, -0.5061801671981812
71, 14, 143, 447, -0.5830913782119751
71, 15, 371, 385, -0.8604269027709961
71, 16, 320, 381, -1.17948579788208
71, 17, 313, 376, -0.9482332468032837
71, 18, 374, 370, -1.292813777923584
71, 19, 308, 349, -0.8421109914779663
71, 20, 375, 341, -1.2076674699783325
71, 21, 323, 349, -0.8191514015197754
71, 22, 362, 342, -1.1521947383880615
71, 23, 431, 579, -0.04537856578826904
71, 24, 255, 579, 0.04909953474998474
71, 25, 419, 818, 0.11320112645626068
71, 26, 257, 820, 0.2721171975135803
71, 27, 413, 1027, 0.7357577681541443
71, 28, 262, 1027, 0.7838109731674194
71, 29, 417, 1060, 0.7687832713127136
71, 30, 258, 1058, 0.8231199979782104
71, 31, 400, 1103, 0.2757033109664917
71, 32, 287, 1107, 0.3135862350463867
72, 0, 337, 125, -0.7903911471366882
72, 1, 350, 106, -0.7333629131317139
72, 2, 359, 107, -0.7333409786224365
72, 3, 366, 108, -0.7328265905380249
72, 4, 322, 108, -0.7339915633201599
72, 5, 313, 110, -0.7337952852249146
72, 6, 304, 111, -0.7343766093254089
72, 7, 378, 121, -0.3918795883655548
72, 8, 296, 125, -0.37817275524139404
72, 9, 356, 150, -0.6666437387466431
72, 10, 319, 152, -0.6633334755897522
72, 11, 457, 264, -0.22285398840904236
72, 12, 230, 267, -0.23461294174194336
72, 13, 554, 437, -0.5019787549972534
72, 14, 143, 450, -0.6400813460350037
72, 15, 394, 401, -0.919954776763916
72, 16, 317, 397, -1.2369383573532104
72, 17, 340, 400, -1.0191434621810913
72, 18, 370, 389, -1.352287769317627
72, 19, 326, 373, -0.926139235496521
72, 20, 374, 362, -1.2736886739730835
72, 21, 344, 368, -0.8852680325508118
72, 22, 361, 362, -1.2107164859771729
72, 23, 434, 576, -0.03922656923532486
72, 24, 259, 578, 0.0427372008562088
72, 25, 420, 816, 0.1330818235874176
72, 26, 257, 817, 0.23651652038097382
72, 27, 414, 1026, 0.7344980835914612
72, 28, 262, 1026, 0.7413439750671387
72, 29, 418, 1057, 0.7658071517944336
72, 30, 258, 1057, 0.7769768238067627
72, 31, 399, 1103, 0.27764859795570374
72, 32, 287, 1105, 0.26784926652908325
73, 0, 337, 124, -0.8223069906234741
73, 1, 350, 105, -0.7626274824142456
73, 2, 359, 106, -0.7625068426132202
73, 3, 366, 107, -0.7619773149490356
73, 4, 322, 107, -0.767123818397522
73, 5, 313, 109, -0.7669628262519836
73, 6, 304, 111, -0.7676249146461487
73, 7, 378, 121, -0.4122106432914734
73, 8, 296, 125, -0.4151497483253479
73, 9, 356, 149, -0.6946151852607727
73, 10, 319, 151, -0.6959617733955383
73, 11, 457, 265, -0.2363896369934082
73, 12, 229, 267, -0.30176353454589844
73, 13, 561, 437, -0.5343257784843445
73, 14, 143, 449, -0.6889825463294983
73, 15, 406, 407, -1.0294677019119263
73, 16, 314, 417, -1.2234786748886108
73, 17, 351, 418, -1.1431095600128174
73, 18, 367, 420, -1.3395628929138184
73, 19, 338, 394, -1.0573123693466187
73, 20, 374, 396, -1.2703737020492554
73, 21, 353, 387, -1.0023232698440552
73, 22, 362, 392, -1.2001267671585083
73, 23, 433, 575, -0.032661888748407364
73, 24, 258, 577, 0.0363055020570755
73, 25, 420, 815, 0.14100831747055054
73, 26, 257, 816, 0.18407264351844788
73, 27, 414, 1025, 0.7355630993843079
73, 28, 260, 1025, 0.6447708010673523
73, 29, 418, 1056, 0.7669928669929504
73, 30, 256, 1057, 0.6756700873374939
73, 31, 397, 1103, 0.27940869331359863
73, 32, 285, 1103, 0.159259632229805
74, 0, 337, 122, -0.7816110849380493
74, 1, 350, 104, -0.721881091594696
74, 2, 359, 105, -0.7217534780502319
74, 3, 366, 106, -0.7212271690368652
74, 4, 322, 106, -0.7257144451141357
74, 5, 313, 108, -0.7255958914756775
74, 6, 304, 110, -0.7263348698616028
74, 7, 378, 121, -0.38317570090293884
74, 8, 296, 125, -0.38661280274391174
74, 9, 356, 148, -0.658179759979248
74, 10, 319, 149, -0.6592153906822205
74, 11, 457, 267, -0.2169140875339508
74, 12, 228, 267, -0.2906312346458435
74, 13, 561, 437, -0.4857723116874695
74, 14, 143, 448, -0.6390692591667175
74, 15, 392, 423, -0.9576128721237183
74, 16, 315, 436, -1.091421365737915
74, 17, 339, 443, -1.033340334892273
74, 18, 366, 450, -1.192476511001587
74, 19, 337, 423, -0.9286591410636902
74, 20, 374, 428, -1.2564464807510376
74, 21, 346, 415, -0.9065165519714355
74, 22, 362, 421, -1.0854268074035645
74, 23, 427, 579, -0.017704302445054054
74, 24, 253, 579, 0.021540021523833275
74, 25, 406, 820, 0.07269170135259628
74, 26, 243, 818, 0.04326203092932701
74, 27, 395, 1034, 0.572087287902832
74, 28, 236, 1032, 0.3787570297718048
74, 29, 398, 1066, 0.5947558879852295
74, 30, 231, 1065, 0.3943801522254944
74, 31, 369, 1113, 0.11910836398601532
74, 32, 254, 1108, -0.10611629486083984
75, 0, 337, 121, -0.7610874176025391
75, 1, 350, 103, -0.6985426545143127
75, 2, 359, 104, -0.6984162330627441
75, 3, 366, 105, -0.6978710889816284
75, 4, 322, 105, -0.7022952437400818
75, 5, 313, 107, -0.7021561861038208
75, 6, 304, 109, -0.7028580904006958
75, 7, 378, 121, -0.36226189136505127
75, 8, 296, 124, -0.3574223220348358
75, 9, 356, 147, -0.6372668743133545
75, 10, 319, 148, -0.6384145021438599
75, 11, 458, 269, -0.20760461688041687
75, 12, 227, 267, -0.28290656208992004
75, 13, 559, 438, -0.4806106984615326
75, 14, 145, 449, -0.6235085725784302
75, 15, 384, 434, -0.9167450070381165
75, 16, 318, 449, -1.0566431283950806
75, 17, 332, 455, -1.0132720470428467
75, 18, 369, 463, -1.1637953519821167
75, 19, 323, 434, -0.9246670603752136
75, 20, 375, 444, -1.1839677095413208
75, 21, 336, 427, -0.8814064860343933
75, 22, 362, 436, -1.0542500019073486
75, 23, 426, 582, -0.01309171598404646
75, 24, 252, 581, 0.016995709389448166
75, 25, 404, 826, 0.0704723596572876
75, 26, 242, 824, 0.045043058693408966
75, 27, 393, 1042, 0.5871767401695251
75, 28, 237, 1040, 0.3897033929824829
75, 29, 397, 1075, 0.6105622053146362
75, 30, 232, 1073, 0.40599751472473145
75, 31, 368, 1120, 0.12054687738418579
75, 32, 256, 1118, -0.10982773452997208
76, 0, 336, 120, -0.6610807180404663
76, 1, 350, 103, -0.5883376598358154
76, 2, 359, 103, -0.5882274508476257
76, 3, 366, 104, -0.5876363515853882
76, 4, 322, 104, -0.5946595072746277
76, 5, 312, 106, -0.5944433212280273
76, 6, 304, 108, -0.5951675176620483
76, 7, 378, 120, -0.24707035720348358
76, 8, 296, 124, -0.2600133419036865
76, 9, 356, 146, -0.5399012565612793
76, 10, 319, 146, -0.5448517799377441
76, 11, 459, 272, -0.12744875252246857
76, 12, 226, 268, -0.23841030895709991
76, 13, 558, 443, -0.4322468340396881
76, 14, 149, 448, -0.534477949142456
76, 15, 381, 441, -0.9139221906661987
76, 16, 311, 463, -0.9688667058944702
76, 17, 329, 464, -0.9917740821838379
76, 18, 362, 476, -1.0824285745620728
76, 19, 320, 443, -0.9025796055793762
76, 20, 364, 457, -1.0621180534362793
76, 21, 332, 436, -0.8642017245292664
76, 22, 348, 449, -0.9606395959854126
76, 23, 426, 584, -0.012668401002883911
76, 24, 252, 584, 0.016721369698643684
76, 25, 403, 828, -0.013283735141158104
76, 26, 241, 826, -0.050928134471178055
76, 27, 391, 1048, 0.4130656123161316
76, 28, 234, 1046, 0.20150451362133026
76, 29, 395, 1081, 0.42655959725379944
76, 30, 230, 1081, 0.20716647803783417
76, 31, 364, 1127, -0.07212883979082108
76, 32, 250, 1121, -0.3079259991645813
77, 0, 336, 120, -0.6635600328445435
77, 1, 350, 102, -0.5913890600204468
77, 2, 359, 103, -0.5913581252098083
77, 3, 366, 104, -0.5908262133598328
77, 4, 322, 104, -0.5954722762107849
77, 5, 312, 106, -0.595309853553772
77, 6, 304, 108, -0.5960083603858948
77, 7, 378, 120, -0.2533274292945862
77, 8, 296, 124, -0.25763583183288574
77, 9, 356, 146, -0.5438311696052551
77, 10, 319, 146, -0.5464145541191101
77, 11, 460, 273, -0.13628928363323212
77, 12, 225, 269, -0.2293846160173416
77, 13, 558, 445, -0.44313082098960876
77, 14, 156, 448, -0.5223464369773865
77, 15, 380, 450, -0.8917505145072937
77, 16, 303, 473, -0.964804470539093
77, 17, 327, 477, -0.990864634513855
77, 18, 353, 486, -1.080742597579956
77, 19, 313, 457, -0.8898991346359253
77, 20, 360, 467, -1.044312596321106
77, 21, 324, 448, -0.8631840944290161
77, 22, 340, 459, -0.954705536365509
77, 23, 429, 585, -0.013387295417487621
77, 24, 255, 588, 0.017612582072615623
77, 25, 403, 835, -0.08926517516374588
77, 26, 242, 835, -0.11510045826435089
77, 27, 392, 1063, 0.2996513843536377
77, 28, 236, 1065, 0.08688642829656601
77, 29, 395, 1098, 0.30965185165405273
77, 30, 231, 1102, 0.08675237745046616
77, 31, 367, 1144, -0.19988952577114105
77, 32, 253, 1140, -0.4419623911380768
78, 0, 336, 119, -0.6324628591537476
78, 1, 349, 102, -0.5602957606315613
78, 2, 359, 102, -0.560340166091919
78, 3, 366, 103, -0.559907853603363
78, 4, 322, 103, -0.5670057535171509
78, 5, 312, 106, -0.566907525062561
78, 6, 304, 108, -0.5676347017288208
78, 7, 378, 119, -0.22347807884216309
78, 8, 296, 124, -0.24293839931488037
78, 9, 356, 146, -0.5129027962684631
78, 10, 319, 146, -0.5198030471801758
78, 11, 461, 273, -0.11642619222402573
78, 12, 225, 270, -0.19568179547786713
78, 13, 557, 444, -0.3954988718032837
78, 14, 160, 448, -0.4455520510673523
78, 15, 378, 456, -0.8111222386360168
78, 16, 286, 486, -0.8719668388366699
78, 17, 329, 483, -0.9290398359298706
78, 18, 333, 514, -0.988908588886261
78, 19, 312, 466, -0.8650620579719543
78, 20, 335, 488, -0.9667263031005859
78, 21, 322, 457, -0.7945943474769592
78, 22, 320, 475, -0.870803952217102
78, 23, 430, 586, -0.012365461327135563
78, 24, 257, 591, 0.016548335552215576
78, 25, 404, 837, -0.08991634100675583
78, 26, 242, 838, -0.12346810102462769
78, 27, 393, 1067, 0.2848566472530365
78, 28, 237, 1069, 0.07432182878255844
78, 29, 396, 1101, 0.29471904039382935
78, 30, 232, 1106, 0.07495959848165512
78, 31, 369, 1147, -0.19782093167304993
78, 32, 255, 1142, -0.4345082640647888
79, 0, 336, 118, -0.6344063878059387
79, 1, 349, 101, -0.5661368370056152
79, 2, 359, 102, -0.5661331415176392
79, 3, 366, 103, -0.565660834312439
79, 4, 322, 103, -0.5734329223632812
79, 5, 312, 105, -0.5733497738838196
79, 6, 304, 108, -0.5740479230880737
79, 7, 378, 119, -0.23240523040294647
79, 8, 296, 124, -0.24858243763446808
79, 9, 357, 145, -0.5154470801353455
79, 10, 319, 145, -0.5235371589660645
79, 11, 462, 274, -0.11199384927749634
79, 12, 225, 271, -0.1914040744304657
79, 13, 557, 444, -0.3346012234687805
79, 14, 163, 448, -0.3706381916999817
79, 15, 386, 463, -0.7705033421516418
79, 16, 263, 502, -0.7989215850830078
79, 17, 347, 492, -0.894831657409668
79, 18, 299, 539, -0.9119911193847656
79, 19, 319, 477, -0.8560150861740112
79, 20, 306, 502, -0.9102584719657898
79, 21, 331, 466, -0.763662576675415
79, 22, 301, 487, -0.8063543438911438
79, 23, 434, 587, -0.009611890651285648
79, 24, 264, 594, 0.013711489737033844
79, 25, 410, 839, -0.06225070357322693
79, 26, 248, 843, -0.09608085453510284
79, 27, 400, 1068, 0.33508896827697754
79, 28, 241, 1071, 0.12963908910751343
79, 29, 403, 1102, 0.3483864367008209
79, 30, 237, 1108, 0.13443578779697418
79, 31, 371, 1149, -0.12348288297653198
79, 32, 257, 1143, -0.3581256866455078
80, 0, 336, 118, -0.6441683173179626
80, 1, 349, 101, -0.5771160125732422
80, 2, 359, 101, -0.5770862698554993
80, 3, 366, 102, -0.5765306353569031
80, 4, 322, 103, -0.5817968249320984
80, 5, 312, 105, -0.5817251801490784
80, 6, 304, 107, -0.5824506282806396
80, 7, 378, 119, -0.23697099089622498
80, 8, 296, 124, -0.2679978311061859
80, 9, 357, 144, -0.5231201648712158
80, 10, 319, 145, -0.5246350169181824
80, 11, 463, 275, -0.12820981442928314
80, 12, 224, 271, -0.19132769107818604
80, 13, 556, 444, -0.3601848781108856
80, 14, 165, 448, -0.32801109552383423
80, 15, 395, 471, -0.7644160389900208
80, 16, 230, 519, -0.7498785853385925
80, 17, 359, 499, -0.8820637464523315
80, 18, 253, 565, -0.858138918876648
80, 19, 332, 483, -0.840957522392273
80, 20, 273, 541, -0.8730684518814087
80, 21, 345, 470, -0.7557636499404907
80, 22, 267, 526, -0.7671871185302734
80, 23, 433, 587, -0.015169613063335419
80, 24, 264, 594, 0.019351784139871597
80, 25, 411, 844, -0.06444672495126724
80, 26, 251, 848, -0.07080819457769394
80, 27, 402, 1077, 0.3430238962173462
80, 28, 244, 1081, 0.15659202635288239
80, 29, 406, 1111, 0.3578033745288849
80, 30, 242, 1119, 0.16200488805770874
80, 31, 371, 1159, -0.11936769634485245
80, 32, 260, 1153, -0.34156733751296997
81, 0, 336, 117, -0.6772446036338806
81, 1, 349, 101, -0.6151857376098633
81, 2, 359, 101, -0.6152278780937195
81, 3, 366, 102, -0.6150003671646118
81, 4, 322, 102, -0.6179594397544861
81, 5, 312, 105, -0.6177687644958496
81, 6, 304, 107, -0.6183534264564514
81, 7, 378, 118, -0.3013031780719757
81, 8, 296, 123, -0.3131179213523865
81, 9, 357, 144, -0.566914975643158
81, 10, 319, 145, -0.5688596963882446
81, 11, 464, 277, -0.1693737506866455
81, 12, 223, 273, -0.19846539199352264
81, 13, 555, 444, -0.3556230366230011
81, 14, 164, 448, -0.3130856156349182
81, 15, 423, 480, -0.7518685460090637
81, 16, 190, 534, -0.776583194732666
81, 17, 393, 514, -0.8649921417236328
81, 18, 197, 579, -0.8911828994750977
81, 19, 377, 492, -0.8363733291625977
81, 20, 220, 560, -0.9140979647636414
81, 21, 384, 474, -0.7516594529151917
81, 22, 220, 544, -0.8026700019836426
81, 23, 433, 587, -0.019694237038493156
81, 24, 263, 593, 0.0241374708712101
81, 25, 412, 842, -0.14802484214305878
81, 26, 253, 847, -0.13505162298679352
81, 27, 402, 1079, 0.20416414737701416
81, 28, 244, 1085, 0.024809902533888817
81, 29, 406, 1114, 0.21271184086799622
81, 30, 242, 1124, 0.022125739604234695
81, 31, 370, 1161, -0.2839112877845764
81, 32, 260, 1159, -0.5056238770484924
82, 0, 336, 116, -0.7022264003753662
82, 1, 349, 100, -0.6434534192085266
82, 2, 358, 101, -0.6434666514396667
82, 3, 366, 101, -0.6433193683624268
82, 4, 321, 102, -0.643438458442688
82, 5, 312, 104, -0.6431987881660461
82, 6, 303, 107, -0.64373779296875
82, 7, 378, 118, -0.33965009450912476
82, 8, 296, 123, -0.3349241316318512
82, 9, 357, 143, -0.5961191058158875
82, 10, 319, 144, -0.5947925448417664
82, 11, 465, 278, -0.20423686504364014
82, 12, 222, 275, -0.21282958984375
82, 13, 551, 444, -0.37233948707580566
82, 14, 164, 448, -0.32206255197525024
82, 15, 429, 489, -0.7603743672370911
82, 16, 169, 542, -0.8079389333724976
82, 17, 398, 521, -0.8676141500473022
82, 18, 170, 587, -0.9241328239440918
82, 19, 378, 497, -0.8685447573661804
82, 20, 193, 571, -0.9157488942146301
82, 21, 387, 478, -0.7747665643692017
82, 22, 196, 555, -0.8347761034965515
82, 23, 431, 591, -0.023346368223428726
82, 24, 263, 596, 0.027942806482315063
82, 25, 411, 853, -0.11181386560201645
82, 26, 252, 855, -0.12639030814170837
82, 27, 400, 1092, 0.2815036177635193
82, 28, 243, 1096, 0.07958001643419266
82, 29, 404, 1127, 0.29368671774864197
82, 30, 241, 1135, 0.0819634422659874
82, 31, 367, 1172, -0.19788549840450287
82, 32, 259, 1170, -0.44714897871017456
83, 0, 336, 115, -0.7355860471725464
83, 1, 349, 100, -0.6749881505966187
83, 2, 358, 101, -0.6750718355178833
83, 3, 366, 101, -0.6750221252441406
83, 4, 321, 102, -0.6780036687850952
83, 5, 312, 104, -0.6778289675712585
83, 6, 303, 106, -0.6783971190452576
83, 7, 378, 118, -0.3576216995716095
83, 8, 296, 123, -0.36291056871414185
83, 9, 357, 142, -0.623870849609375
83, 10, 319, 143, -0.6254889965057373
83, 11, 466, 279, -0.19837521016597748
83, 12, 221, 276, -0.2439960539340973
83, 13, 545, 444, -0.36646661162376404
83, 14, 164, 448, -0.27075308561325073
83, 15, 444, 497, -0.784047544002533
83, 16, 144, 559, -0.673357367515564
83, 17, 435, 537, -0.9043213725090027
83, 18, 134, 605, -0.7828346490859985
83, 19, 413, 519, -0.9158729314804077
83, 20, 157, 600, -0.8471369743347168
83, 21, 415, 508, -0.8139287233352661
83, 22, 165, 583, -0.7172254323959351
83, 23, 425, 598, -0.022012418136000633
83, 24, 262, 600, 0.02670145034790039
83, 25, 409, 861, -0.10682272911071777
83, 26, 251, 862, -0.12288866937160492
83, 27, 396, 1099, 0.2955414652824402
83, 28, 241, 1103, 0.09371274709701538
83, 29, 400, 1135, 0.3085037171840668
83, 30, 239, 1143, 0.0953710600733757
83, 31, 363, 1176, -0.18010884523391724
83, 32, 257, 1176, -0.43220967054367065
84, 0, 336, 115, -0.7788376808166504
84, 1, 349, 100, -0.7194525003433228
84, 2, 358, 100, -0.7195762395858765
84, 3, 366, 101, -0.719689130783081
84, 4, 321, 101, -0.724539577960968
84, 5, 312, 103, -0.7244071960449219
84, 6, 303, 106, -0.7249919176101685
84, 7, 378, 118, -0.39478757977485657
84, 8, 296, 123, -0.4077950119972229
84, 9, 357, 142, -0.6619330644607544
84, 10, 319, 143, -0.6655503511428833
84, 11, 466, 280, -0.20663829147815704
84, 12, 221, 276, -0.27140289545059204
84, 13, 539, 444, -0.3209874927997589
84, 14, 164, 448, -0.23769943416118622
84, 15, 461, 523, -0.730499267578125
84, 16, 144, 558, -0.5718748569488525
84, 17, 449, 554, -0.8406363725662231
84, 18, 135, 600, -0.6712418794631958
84, 19, 427, 541, -0.8650809526443481
84, 20, 155, 597, -0.7436674237251282
84, 21, 427, 529, -0.756841778755188
84, 22, 161, 581, -0.6153867244720459
84, 23, 418, 601, -0.017103413119912148
84, 24, 260, 601, 0.021603483706712723
84, 25, 404, 863, -0.09930702298879623
84, 26, 248, 863, -0.13881072402000427
84, 27, 392, 1100, 0.31548064947128296
84, 28, 238, 1106, 0.09745831042528152
84, 29, 395, 1137, 0.32983678579330444
84, 30, 236, 1146, 0.10010655969381332
84, 31, 360, 1176, -0.15702050924301147
84, 32, 254, 1176, -0.4306941032409668
85, 0, 336, 114, -0.884138286113739
85, 1, 349, 100, -0.8207489848136902
85, 2, 358, 100, -0.8208473324775696
85, 3, 366, 101, -0.8208881616592407
85, 4, 321, 101, -0.8234878778457642
85, 5, 312, 103, -0.8233011364936829
85, 6, 303, 106, -0.823824405670166
85, 7, 378, 118, -0.4682459831237793
85, 8, 296, 123, -0.4710524082183838
85, 9, 357, 141, -0.7580844163894653
85, 10, 318, 142, -0.7585287094116211
85, 11, 466, 281, -0.25746962428092957
85, 12, 220, 276, -0.2965063750743866
85, 13, 535, 445, -0.3347693085670471
85, 14, 164, 448, -0.22992989420890808
85, 15, 471, 541, -0.7410633563995361
85, 16, 128, 564, -0.6060295104980469
85, 17, 460, 573, -0.845103919506073
85, 18, 115, 606, -0.7134703993797302
85, 19, 438, 561, -0.9084251523017883
85, 20, 134, 604, -0.7916053533554077
85, 21, 437, 548, -0.7874476909637451
85, 22, 142, 588, -0.6534088850021362
85, 23, 417, 606, -0.02310497872531414
85, 24, 260, 605, 0.027612637728452682
85, 25, 403, 872, -0.09351462125778198
85, 26, 248, 871, -0.11199849843978882
85, 27, 392, 1109, 0.4201938211917877
85, 28, 239, 1114, 0.22678062319755554
85, 29, 395, 1146, 0.4425058364868164
85, 30, 237, 1153, 0.23747125267982483
85, 31, 361, 1183, -0.072013258934021
85, 32, 254, 1186, -0.3416828513145447
86, 0, 336, 113, -0.8382116556167603
86, 1, 349, 100, -0.7767413854598999
86, 2, 358, 100, -0.7768108248710632
86, 3, 366, 101, -0.7768957018852234
86, 4, 321, 101, -0.7789624929428101
86, 5, 312, 103, -0.7787732481956482
86, 6, 303, 105, -0.7793054580688477
86, 7, 378, 117, -0.4384891986846924
86, 8, 296, 122, -0.437330424785614
86, 9, 357, 141, -0.718194842338562
86, 10, 318, 141, -0.7173274755477905
86, 11, 466, 282, -0.2450108528137207
86, 12, 220, 276, -0.2868187129497528
86, 13, 531, 446, -0.27075812220573425
86, 14, 164, 448, -0.19415892660617828
86, 15, 483, 558, -0.6594399213790894
86, 16, 127, 560, -0.5311328768730164
86, 17, 481, 594, -0.7611377835273743
86, 18, 114, 600, -0.6269176006317139
86, 19, 457, 585, -0.8105222582817078
86, 20, 131, 598, -0.7126325964927673
86, 21, 453, 570, -0.6956156492233276
86, 22, 140, 583, -0.5796902179718018
86, 23, 417, 609, -0.025254854932427406
86, 24, 259, 607, 0.02962709590792656
86, 25, 402, 877, -0.05222815275192261
86, 26, 247, 875, -0.01902720332145691
86, 27, 392, 1113, 0.5022538304328918
86, 28, 237, 1116, 0.3363231420516968
86, 29, 396, 1151, 0.529060959815979
86, 30, 235, 1154, 0.35202547907829285
86, 31, 361, 1187, 0.04092123359441757
86, 32, 253, 1189, -0.19488073885440826
87, 0, 336, 112, -0.7701811790466309
87, 1, 349, 99, -0.7138048410415649
87, 2, 359, 100, -0.7137010097503662
87, 3, 366, 101, -0.7141473293304443
87, 4, 321, 100, -0.7136843800544739
87, 5, 312, 102, -0.7134041786193848
87, 6, 303, 104, -0.7137585878372192
87, 7, 378, 117, -0.43166136741638184
87, 8, 296, 121, -0.40888676047325134
87, 9, 357, 139, -0.671563446521759
87, 10, 318, 140, -0.6655902862548828
87, 11, 466, 283, -0.23563127219676971
87, 12, 220, 276, -0.2835877537727356
87, 13, 529, 447, -0.21031422913074493
87, 14, 163, 448, -0.2254396677017212
87, 15, 527, 589, -0.4988558292388916
87, 16, 115, 569, -0.5466973185539246
87, 17, 544, 632, -0.5800026059150696
87, 18, 98, 609, -0.6336891651153564
87, 19, 519, 633, -0.6421951055526733
87, 20, 119, 610, -0.7189323306083679
87, 21, 508, 616, -0.539042592048645
87, 22, 129, 596, -0.5947912931442261
87, 23, 418, 611, -0.02777603641152382
87, 24, 259, 610, 0.031942836940288544
87, 25, 402, 880, -0.024999527260661125
87, 26, 247, 880, 0.024863559752702713
87, 27, 393, 1118, 0.5358747243881226
87, 28, 237, 1118, 0.38421231508255005
87, 29, 397, 1155, 0.5638247728347778
87, 30, 236, 1156, 0.4031147062778473
87, 31, 362, 1191, 0.10069916397333145
87, 32, 254, 1192, -0.12323218584060669
88, 0, 336, 110, -0.7419450879096985
88, 1, 349, 99, -0.6843007802963257
88, 2, 359, 100, -0.6841525435447693
88, 3, 366, 100, -0.6846042275428772
88, 4, 321, 99, -0.6829988956451416
88, 5, 312, 101, -0.6827114224433899
88, 6, 303, 103, -0.683040976524353
88, 7, 378, 117, -0.42709508538246155
88, 8, 296, 120, -0.38505783677101135
88, 9, 357, 138, -0.6496680378913879
88, 10, 318, 138, -0.6413624286651611
88, 11, 466, 283, -0.23416180908679962
88, 12, 220, 277, -0.2899981141090393
88, 13, 528, 447, -0.19285281002521515
88, 14, 162, 448, -0.24847963452339172
88, 15, 558, 601, -0.4600203037261963
88, 16, 115, 575, -0.5755232572555542
88, 17, 585, 644, -0.5334964990615845
88, 18, 96, 615, -0.661140501499176
88, 19, 561, 649, -0.6006102561950684
88, 20, 119, 618, -0.7439684271812439
88, 21, 546, 632, -0.5019310116767883
88, 22, 129, 603, -0.6226776242256165
88, 23, 418, 612, -0.030173014849424362
88, 24, 259, 612, 0.03415224701166153
88, 25, 404, 883, -0.009318417869508266
88, 26, 248, 884, 0.04720938578248024
88, 27, 395, 1121, 0.5703112483024597
88, 28, 240, 1121, 0.4280615448951721
88, 29, 400, 1159, 0.5997937321662903
88, 30, 237, 1158, 0.44972532987594604
88, 31, 365, 1194, 0.1359688937664032
88, 32, 258, 1195, -0.07814671844244003
89, 0, 336, 110, -0.7957286238670349
89, 1, 349, 98, -0.7325754761695862
89, 2, 359, 99, -0.732518196105957
89, 3, 366, 100, -0.7328488230705261
89, 4, 321, 99, -0.7346185445785522
89, 5, 312, 101, -0.7344028353691101
89, 6, 303, 102, -0.7348350286483765
89, 7, 378, 116, -0.42083072662353516
89, 8, 296, 119, -0.4099940359592438
89, 9, 357, 136, -0.6871527433395386
89, 10, 317, 136, -0.6848961114883423
89, 11, 466, 284, -0.24104706943035126
89, 12, 219, 277, -0.3212805390357971
89, 13, 528, 447, -0.175031840801239
89, 14, 162, 448, -0.2588428854942322
89, 15, 564, 604, -0.46949830651283264
89, 16, 112, 576, -0.586477518081665
89, 17, 590, 647, -0.5447055697441101
89, 18, 94, 616, -0.6743185520172119
89, 19, 568, 653, -0.6197550296783447
89, 20, 115, 618, -0.762110710144043
89, 21, 553, 636, -0.5159517526626587
89, 22, 125, 604, -0.6362042427062988
89, 23, 418, 613, -0.030104687437415123
89, 24, 259, 613, 0.03405655175447464
89, 25, 406, 883, -0.0010636019287630916
89, 26, 250, 885, 0.04618119075894356
89, 27, 399, 1122, 0.6055026650428772
89, 28, 243, 1123, 0.4560922086238861
89, 29, 405, 1161, 0.6367955207824707
89, 30, 240, 1161, 0.47905978560447693
89, 31, 369, 1194, 0.1522708237171173
89, 32, 262, 1196, -0.07119434326887131
90, 0, 335, 109, -0.7060431838035583
90, 1, 349, 98, -0.649929404258728
90, 2, 359, 99, -0.6497951745986938
90, 3, 366, 100, -0.6500542759895325
90, 4, 321, 98, -0.6495635509490967
90, 5, 312, 100, -0.6493408679962158
90, 6, 303, 102, -0.649764895439148
90, 7, 378, 116, -0.37475070357322693
90, 8, 296, 118, -0.3557340204715729
90, 9, 357, 136, -0.6119155883789062
90, 10, 317, 136, -0.6066563129425049
90, 11, 466, 285, -0.23794648051261902
90, 12, 219, 277, -0.3074065148830414
90, 13, 527, 448, -0.17594364285469055
90, 14, 161, 448, -0.2559797763824463
90, 15, 562, 609, -0.4186246991157532
90, 16, 114, 578, -0.5328830480575562
90, 17, 587, 651, -0.4862455725669861
90, 18, 97, 618, -0.6099158525466919
90, 19, 565, 656, -0.5524319410324097
90, 20, 118, 620, -0.6945089101791382
90, 21, 550, 639, -0.46023043990135193
90, 22, 129, 606, -0.580551028251648
90, 23, 419, 614, -0.029423212632536888
90, 24, 259, 614, 0.03323622792959213
90, 25, 408, 885, 0.006849062629044056
90, 26, 251, 887, 0.044815607368946075
90, 27, 401, 1125, 0.5833207368850708
90, 28, 246, 1124, 0.42650899291038513
90, 29, 406, 1163, 0.6126002073287964
90, 30, 242, 1161, 0.4484368860721588
90, 31, 371, 1198, 0.15193429589271545
90, 32, 265, 1198, -0.07352413237094879
91, 0, 335, 109, -0.712326169013977
91, 1, 349, 98, -0.6540473103523254
91, 2, 359, 99, -0.6539493203163147
91, 3, 366, 100, -0.654033362865448
91, 4, 321, 98, -0.6537908911705017
91, 5, 312, 100, -0.6535307765007019
91, 6, 303, 101, -0.6539862155914307
91, 7, 378, 116, -0.3745569884777069
91, 8, 296, 118, -0.35979554057121277
91, 9, 357, 135, -0.612152099609375
91, 10, 316, 135, -0.6070951223373413
91, 11, 466, 285, -0.23446550965309143
91, 12, 219, 277, -0.3070772588253021
91, 13, 526, 448, -0.16827136278152466
91, 14, 161, 448, -0.25512537360191345
91, 15, 553, 604, -0.42660507559776306
91, 16, 115, 573, -0.547019362449646
91, 17, 576, 645, -0.4979521632194519
91, 18, 99, 612, -0.6293362379074097
91, 19, 554, 649, -0.5666444301605225
91, 20, 120, 612, -0.7131131291389465
91, 21, 541, 633, -0.4695338308811188
91, 22, 129, 598, -0.5945451259613037
91, 23, 419, 614, -0.028384128585457802
91, 24, 259, 614, 0.03210931271314621
91, 25, 408, 885, 0.003710539313033223
91, 26, 251, 887, 0.0342097245156765
91, 27, 401, 1125, 0.5703434944152832
91, 28, 246, 1125, 0.40320858359336853
91, 29, 406, 1163, 0.5989872813224792
91, 30, 243, 1162, 0.42313557863235474
91, 31, 371, 1198, 0.13475118577480316
91, 32, 265, 1198, -0.10371778905391693
92, 0, 335, 109, -0.6922736763954163
92, 1, 349, 98, -0.6342633962631226
92, 2, 358, 99, -0.6341701149940491
92, 3, 366, 100, -0.6343244314193726
92, 4, 321, 98, -0.6359674334526062
92, 5, 312, 100, -0.6358052492141724
92, 6, 303, 101, -0.6362911462783813
92, 7, 378, 116, -0.3470059037208557
92, 8, 296, 118, -0.34196025133132935
92, 9, 356, 135, -0.5920777916908264
92, 10, 316, 135, -0.5901176929473877
92, 11, 465, 285, -0.2116885930299759
92, 12, 219, 277, -0.30141299962997437
92, 13, 524, 449, -0.1506858766078949
92, 14, 161, 448, -0.25396472215652466
92, 15, 551, 603, -0.39915308356285095
92, 16, 116, 571, -0.5397719144821167
92, 17, 574, 644, -0.4680106043815613
92, 18, 100, 609, -0.6202397346496582
92, 19, 552, 648, -0.5342947244644165
92, 20, 121, 609, -0.7041177749633789
92, 21, 538, 632, -0.44100362062454224
92, 22, 130, 595, -0.5871009826660156
92, 23, 419, 614, -0.021797752007842064
92, 24, 259, 615, 0.025344282388687134
92, 25, 408, 885, 0.008707338012754917
92, 26, 251, 888, 0.027546290308237076
92, 27, 401, 1126, 0.5613416433334351
92, 28, 246, 1126, 0.3843178451061249
92, 29, 406, 1164, 0.5887676477432251
92, 30, 243, 1164, 0.4026290476322174
92, 31, 373, 1199, 0.1299576759338379
92, 32, 267, 1199, -0.12331543117761612
93, 0, 335, 109, -0.8182768821716309
93, 1, 349, 98, -0.7533893585205078
93, 2, 358, 99, -0.7534843683242798
93, 3, 366, 100, -0.7536762356758118
93, 4, 321, 98, -0.7573414444923401
93, 5, 312, 100, -0.7572912573814392
93, 6, 303, 101, -0.7578592896461487
93, 7, 378, 116, -0.41439908742904663
93, 8, 296, 118, -0.4205254912376404
93, 9, 356, 135, -0.6999143362045288
93, 10, 315, 135, -0.7011674046516418
93, 11, 465, 286, -0.23044827580451965
93, 12, 218, 277, -0.32049599289894104
93, 13, 524, 450, -0.16765587031841278
93, 14, 160, 449, -0.25244152545928955
93, 15, 544, 598, -0.4612549841403961
93, 16, 116, 570, -0.5622531175613403
93, 17, 563, 640, -0.5405269861221313
93, 18, 101, 608, -0.6459521651268005
93, 19, 542, 642, -0.5802987813949585
93, 20, 120, 608, -0.7252253890037537
93, 21, 530, 626, -0.49920663237571716
93, 22, 129, 594, -0.603908896446228
93, 23, 419, 614, -0.021687021479010582
93, 24, 259, 615, 0.02522580698132515
93, 25, 408, 885, 0.013007692992687225
93, 26, 251, 888, 0.023868445307016373
93, 27, 401, 1126, 0.5933389663696289
93, 28, 246, 1127, 0.40338048338890076
93, 29, 406, 1164, 0.6224792003631592
93, 30, 243, 1164, 0.42304497957229614
93, 31, 373, 1198, 0.13963738083839417
93, 32, 267, 1200, -0.12444659322500229
94, 0, 335, 109, -0.8390275239944458
94, 1, 349, 98, -0.7747113108634949
94, 2, 358, 99, -0.7747563123703003
94, 3, 366, 100, -0.7749451994895935
94, 4, 321, 98, -0.7771205306053162
94, 5, 312, 100, -0.7770336866378784
94, 6, 303, 101, -0.7775906324386597
94, 7, 378, 116, -0.43261879682540894
94, 8, 296, 117, -0.4327356815338135
94, 9, 356, 135, -0.7205831408500671
94, 10, 315, 134, -0.7198019623756409
94, 11, 465, 286, -0.24397608637809753
94, 12, 218, 277, -0.3265356421470642
94, 13, 524, 452, -0.17806771397590637
94, 14, 160, 449, -0.25447407364845276
94, 15, 546, 600, -0.48419299721717834
94, 16, 113, 568, -0.5893316864967346
94, 17, 568, 641, -0.5654124021530151
94, 18, 96, 607, -0.6846737265586853
94, 19, 549, 644, -0.5916424989700317
94, 20, 114, 606, -0.7843934297561646
94, 21, 535, 628, -0.5191847085952759
94, 22, 125, 592, -0.6437913179397583
94, 23, 419, 614, -0.022139839828014374
94, 24, 259, 615, 0.025671478360891342
94, 25, 408, 885, 0.01439710520207882
94, 26, 250, 887, 0.023686356842517853
94, 27, 401, 1126, 0.6074813008308411
94, 28, 245, 1126, 0.4215850830078125
94, 29, 406, 1164, 0.6370849013328552
94, 30, 243, 1163, 0.44263163208961487
94, 31, 373, 1199, 0.14404135942459106
94, 32, 265, 1200, -0.11762887239456177
95, 0, 334, 109, -0.8270334005355835
95, 1, 349, 97, -0.7627803683280945
95, 2, 358, 99, -0.7628015279769897
95, 3, 366, 100, -0.7629619836807251
95, 4, 321, 98, -0.764970064163208
95, 5, 312, 100, -0.7648546099662781
95, 6, 303, 101, -0.76540207862854
95, 7, 378, 116, -0.4242982864379883
95, 8, 296, 117, -0.423677533864975
95, 9, 356, 135, -0.7099793553352356
95, 10, 315, 134, -0.7090705633163452
95, 11, 465, 287, -0.24094036221504211
95, 12, 218, 277, -0.32336777448654175
95, 13, 523, 453, -0.1707395315170288
95, 14, 160, 449, -0.25662919878959656
95, 15, 549, 600, -0.4788820743560791
95, 16, 113, 568, -0.5970233082771301
95, 17, 571, 640, -0.5582568645477295
95, 18, 96, 606, -0.695074200630188
95, 19, 553, 643, -0.6153086423873901
95, 20, 114, 606, -0.7955641746520996
95, 21, 539, 627, -0.5231468081474304
95, 22, 124, 592, -0.6541076898574829
95, 23, 419, 615, -0.02206377312541008
95, 24, 259, 616, 0.025613125413656235
95, 25, 408, 886, 0.011302890256047249
95, 26, 250, 889, 0.018564090132713318
95, 27, 401, 1127, 0.5900906324386597
95, 28, 245, 1128, 0.4064048230648041
95, 29, 406, 1165, 0.6183507442474365
95, 30, 243, 1165, 0.4260155260562897
95, 31, 373, 1200, 0.1293030083179474
95, 32, 264, 1201, -0.1214771494269371
96, 0, 334, 109, -0.7444608211517334
96, 1, 349, 97, -0.6838242411613464
96, 2, 358, 99, -0.6837238073348999
96, 3, 366, 100, -0.6838918328285217
96, 4, 321, 98, -0.6838492155075073
96, 5, 312, 99, -0.683708131313324
96, 6, 303, 101, -0.6842125654220581
96, 7, 378, 116, -0.373799204826355
96, 8, 296, 117, -0.36298513412475586
96, 9, 356, 134, -0.6393868923187256
96, 10, 315, 134, -0.6354687213897705
96, 11, 465, 287, -0.21677371859550476
96, 12, 218, 277, -0.3157230615615845
96, 13, 523, 454, -0.1581803858280182
96, 14, 160, 449, -0.2645246088504791
96, 15, 560, 601, -0.4309717118740082
96, 16, 111, 568, -0.6138485670089722
96, 17, 587, 640, -0.49944406747817993
96, 18, 92, 606, -0.7065420746803284
96, 19, 568, 644, -0.5695384740829468
96, 20, 112, 605, -0.8007284998893738
96, 21, 552, 628, -0.4763488173484802
96, 22, 123, 592, -0.6684316396713257
96, 23, 419, 615, -0.020195331424474716
96, 24, 259, 616, 0.02374938130378723
96, 25, 408, 887, 0.009171665646135807
96, 26, 250, 889, 0.0162119772285223
96, 27, 402, 1128, 0.5872145891189575
96, 28, 246, 1128, 0.39031389355659485
96, 29, 407, 1166, 0.6162211298942566
96, 30, 243, 1165, 0.4092344343662262
96, 31, 374, 1201, 0.12205548584461212
96, 32, 266, 1201, -0.1315976232290268
97, 0, 334, 108, -0.8066293001174927
97, 1, 348, 97, -0.7416871190071106
97, 2, 358, 99, -0.7416622638702393
97, 3, 366, 100, -0.7418362498283386
97, 4, 321, 98, -0.7436597347259521
97, 5, 312, 99, -0.7435837984085083
97, 6, 303, 101, -0.7441340684890747
97, 7, 378, 116, -0.4050387442111969
97, 8, 296, 117, -0.40222111344337463
97, 9, 355, 134, -0.6910816431045532
97, 10, 314, 134, -0.6897266507148743
97, 11, 465, 287, -0.2204502373933792
97, 12, 218, 277, -0.3299921154975891
97, 13, 523, 454, -0.15900298953056335
97, 14, 160, 450, -0.2927576005458832
97, 15, 566, 602, -0.451923131942749
97, 16, 111, 569, -0.6696109175682068
97, 17, 594, 641, -0.5255697965621948
97, 18, 92, 607, -0.7678042054176331
97, 19, 576, 646, -0.5932825803756714
97, 20, 111, 606, -0.8638468980789185
97, 21, 560, 631, -0.4970761835575104
97, 22, 122, 593, -0.7247793078422546
97, 23, 420, 616, -0.018292102962732315
97, 24, 259, 617, 0.021855300292372704
97, 25, 409, 888, 0.012480723671615124
97, 26, 251, 890, 0.015694210305809975
97, 27, 403, 1130, 0.5993233919143677
97, 28, 247, 1130, 0.399949848651886
97, 29, 408, 1168, 0.627860426902771
97, 30, 243, 1167, 0.4194590151309967
97, 31, 376, 1201, 0.1308366358280182
97, 32, 269, 1203, -0.13402274250984192
98, 0, 334, 108, -0.7816328406333923
98, 1, 348, 97, -0.7170854806900024
98, 2, 358, 98, -0.7170271277427673
98, 3, 366, 100, -0.7171924710273743
98, 4, 321, 97, -0.7188313007354736
98, 5, 312, 99, -0.7187694311141968
98, 6, 303, 100, -0.719327449798584
98, 7, 378, 116, -0.3876528739929199
98, 8, 296, 117, -0.3838348388671875
98, 9, 355, 134, -0.6690107583999634
98, 10, 314, 134, -0.6672969460487366
98, 11, 465, 287, -0.20707619190216064
98, 12, 218, 277, -0.328730046749115
98, 13, 523, 454, -0.14146870374679565
98, 14, 160, 450, -0.2877878248691559
98, 15, 565, 603, -0.4248705506324768
98, 16, 110, 570, -0.6585293412208557
98, 17, 591, 643, -0.4944118857383728
98, 18, 91, 608, -0.7511835098266602
98, 19, 572, 648, -0.5681818127632141
98, 20, 111, 609, -0.8623579740524292
98, 21, 557, 632, -0.4714938998222351
98, 22, 121, 596, -0.7202533483505249
98, 23, 421, 617, -0.016233807429671288
98, 24, 259, 618, 0.019789118319749832
98, 25, 410, 889, 0.011021306738257408
98, 26, 251, 892, 0.013396188616752625
98, 27, 404, 1132, 0.5899807810783386
98, 28, 247, 1132, 0.396884948015213
98, 29, 409, 1170, 0.617948591709137
98, 30, 244, 1169, 0.41601642966270447
98, 31, 376, 1203, 0.1272960603237152
98, 32, 270, 1205, -0.13579998910427094
99, 0, 334, 108, -0.8354843258857727
99, 1, 348, 97, -0.7701940536499023
99, 2, 358, 98, -0.7701945304870605
99, 3, 366, 99, -0.7703194618225098
99, 4, 321, 97, -0.7689418196678162
99, 5, 311, 99, -0.7688294649124146
99, 6, 303, 100, -0.7693884968757629
99, 7, 378, 116, -0.4279550015926361
99, 8, 296, 117, -0.4120505452156067
99, 9, 355, 134, -0.71799635887146
99, 10, 314, 134, -0.7127615213394165
99, 11, 466, 288, -0.2347307950258255
99, 12, 218, 277, -0.32537567615509033
99, 13, 523, 456, -0.14991602301597595
99, 14, 160, 451, -0.28659310936927795
99, 15, 563, 607, -0.47200876474380493
99, 16, 109, 572, -0.675440788269043
99, 17, 588, 647, -0.551708459854126
99, 18, 89, 610, -0.7771238088607788
99, 19, 570, 652, -0.6415612101554871
99, 20, 108, 611, -0.8781875371932983
99, 21, 554, 636, -0.5268073678016663
99, 22, 120, 597, -0.7333400845527649
99, 23, 421, 617, -0.022127995267510414
99, 24, 259, 618, 0.02582656964659691
99, 25, 410, 890, 0.007022889796644449
99, 26, 251, 892, 0.016707658767700195
99, 27, 403, 1132, 0.5960683226585388
99, 28, 246, 1132, 0.423297643661499
99, 29, 408, 1170, 0.625191330909729
99, 30, 243, 1169, 0.44440144300460815
99, 31, 374, 1203, 0.12587493658065796
99, 32, 267, 1205, -0.12385387718677521
100, 0, 334, 108, -0.8423937559127808
100, 1, 348, 97, -0.7777000665664673
100, 2, 358, 98, -0.7777085900306702
100, 3, 366, 99, -0.7778290510177612
100, 4, 321, 97, -0.7765036821365356
100, 5, 311, 98, -0.7763593196868896
100, 6, 303, 100, -0.7769089341163635
100, 7, 378, 116, -0.4362815022468567
100, 8, 296, 116, -0.4195667803287506
100, 9, 355, 134, -0.7250051498413086
100, 10, 314, 134, -0.7197388410568237
100, 11, 466, 288, -0.24534790217876434
100, 12, 218, 277, -0.32390835881233215
100, 13, 523, 456, -0.15611913800239563
100, 14, 160, 451, -0.2861051559448242
100, 15, 561, 608, -0.4854251444339752
100, 16, 109, 572, -0.6775141358375549
100, 17, 585, 648, -0.5662320852279663
100, 18, 89, 610, -0.7796604037284851
100, 19, 567, 652, -0.6552075147628784
100, 20, 109, 610, -0.8765376806259155
100, 21, 552, 636, -0.5402030348777771
100, 22, 120, 597, -0.7335041761398315
100, 23, 421, 617, -0.025164227932691574
100, 24, 258, 618, 0.028943628072738647
100, 25, 409, 890, 0.006464140024036169
100, 26, 251, 892, 0.023172613233327866
100, 27, 402, 1131, 0.6038594245910645
100, 28, 246, 1132, 0.4368647634983063
100, 29, 407, 1170, 0.6336263418197632
100, 30, 243, 1169, 0.4587429463863373
100, 31, 372, 1203, 0.13129357993602753
100, 32, 266, 1204, -0.11024890094995499
101, 0, 334, 108, -0.8565899133682251
101, 1, 348, 96, -0.7902710437774658
101, 2, 358, 98, -0.7903029322624207
101, 3, 366, 99, -0.7903987765312195
101, 4, 320, 96, -0.7896011471748352
101, 5, 311, 98, -0.789452314376831
101, 6, 303, 99, -0.7900124192237854
101, 7, 378, 116, -0.4437120854854584
101, 8, 296, 116, -0.42967161536216736
101, 9, 355, 134, -0.7374595403671265
101, 10, 314, 134, -0.7330631017684937
101, 11, 466, 288, -0.2472698986530304
101, 12, 218, 277, -0.3278498351573944
101, 13, 522, 457, -0.15975669026374817
101, 14, 160, 451, -0.29463690519332886
101, 15, 557, 607, -0.4909437298774719
101, 16, 109, 572, -0.6982406377792358
101, 17, 587, 651, -0.5723136067390442
101, 18, 90, 611, -0.8029535412788391
101, 19, 568, 655, -0.6603792905807495
101, 20, 110, 611, -0.8979552984237671
101, 21, 553, 639, -0.5454539060592651
101, 22, 121, 597, -0.7532111406326294
101, 23, 421, 618, -0.025673111900687218
101, 24, 258, 619, 0.029473090544342995
101, 25, 409, 890, 0.006238762754946947
101, 26, 251, 892, 0.022569051012396812
101, 27, 402, 1132, 0.6057355999946594
101, 28, 246, 1131, 0.43554720282554626
101, 29, 407, 1170, 0.6353000998497009
101, 30, 243, 1169, 0.45723652839660645
101, 31, 372, 1203, 0.13092634081840515
101, 32, 266, 1204, -0.11133275181055069
102, 0, 334, 108, -0.8456450700759888
102, 1, 349, 96, -0.7794584631919861
102, 2, 359, 98, -0.7794728875160217
102, 3, 366, 99, -0.7795826196670532
102, 4, 321, 96, -0.7799493074417114
102, 5, 312, 98, -0.7798198461532593
102, 6, 303, 99, -0.7803787589073181
102, 7, 379, 116, -0.4367448687553406
102, 8, 296, 116, -0.4271280765533447
102, 9, 356, 134, -0.7277968525886536
102, 10, 314, 134, -0.7249676585197449
102, 11, 466, 289, -0.24551638960838318
102, 12, 218, 277, -0.3333822190761566
102, 13, 522, 458, -0.15741291642189026
102, 14, 159, 451, -0.3089471161365509
102, 15, 563, 611, -0.47585493326187134
102, 16, 111, 573, -0.7077304720878601
102, 17, 592, 654, -0.5516619682312012
102, 18, 91, 612, -0.8093723058700562
102, 19, 573, 659, -0.6387655735015869
102, 20, 112, 613, -0.9006105661392212
102, 21, 557, 643, -0.5290390849113464
102, 22, 123, 599, -0.7604453563690186
102, 23, 421, 619, -0.024566203355789185
102, 24, 259, 619, 0.028372114524245262
102, 25, 410, 892, 0.005923147313296795
102, 26, 251, 893, 0.020920753479003906
102, 27, 402, 1133, 0.6024370193481445
102, 28, 246, 1132, 0.4283987581729889
102, 29, 407, 1172, 0.631593644618988
102, 30, 243, 1170, 0.4493928551673889
102, 31, 372, 1205, 0.12957076728343964
102, 32, 267, 1205, -0.11348024755716324
103, 0, 334, 108, -0.8388723134994507
103, 1, 349, 96, -0.7729471325874329
103, 2, 359, 98, -0.772955060005188
103, 3, 367, 99, -0.7730682492256165
103, 4, 321, 96, -0.7738348841667175
103, 5, 312, 98, -0.7737089991569519
103, 6, 303, 99, -0.7742642164230347
103, 7, 379, 116, -0.4333426356315613
103, 8, 296, 116, -0.4248151183128357
103, 9, 356, 134, -0.7217239141464233
103, 10, 314, 133, -0.7195395231246948
103, 11, 466, 289, -0.24094319343566895
103, 12, 218, 277, -0.3346075415611267
103, 13, 522, 459, -0.15574243664741516
103, 14, 159, 451, -0.3099810481071472
103, 15, 564, 613, -0.4677373468875885
103, 16, 112, 573, -0.6998687982559204
103, 17, 591, 656, -0.5417143702507019
103, 18, 93, 612, -0.8000591397285461
103, 19, 572, 661, -0.6263197660446167
103, 20, 115, 613, -0.8898064494132996
103, 21, 557, 644, -0.519425630569458
103, 22, 125, 599, -0.7517167329788208
103, 23, 421, 620, -0.023449091240763664
103, 24, 259, 620, 0.02725028619170189
103, 25, 410, 892, 0.005844808183610439
103, 26, 251, 893, 0.015994137153029442
103, 27, 402, 1134, 0.6002025604248047
103, 28, 246, 1133, 0.4228503108024597
103, 29, 407, 1172, 0.6292402148246765
103, 30, 243, 1170, 0.4433266222476959
103, 31, 371, 1205, 0.12937095761299133
103, 32, 266, 1205, -0.12153663486242294
