0, 0, 0, 437, 455, 4.331341756369511e-07
0, 0, 1, 422, 434, -0.011310757137835026
0, 0, 2, 392, 424, -0.02451900951564312
0, 0, 3, 364, 424, -0.033366281539201736
0, 0, 4, 345, 424, -0.044406261295080185
0, 0, 5, 398, 422, -0.058374956250190735
0, 0, 6, 354, 416, -0.0743076279759407
0, 0, 7, 329, 415, -0.0779629573225975
0, 0, 8, 311, 414, -0.07900549471378326
0, 0, 9, 404, 443, -0.059681009501218796
0, 0, 10, 355, 437, -0.07536119967699051
0, 0, 11, 330, 438, -0.0766356810927391
0, 0, 12, 314, 437, -0.07710713893175125
0, 0, 13, 408, 465, -0.058491967618465424
0, 0, 14, 364, 465, -0.0715118795633316
0, 0, 15, 340, 465, -0.0713038370013237
0, 0, 16, 327, 462, -0.0704386755824089
0, 0, 17, 411, 485, -0.056440986692905426
0, 0, 18, 376, 488, -0.06826501339673996
0, 0, 19, 358, 487, -0.06842610985040665
0, 0, 20, 346, 484, -0.06715220212936401
0, 1, 0, 0, 0, 0.0
0, 1, 1, 0, 0, 0.0
0, 1, 2, 0, 0, 0.0
0, 1, 3, 0, 0, 0.0
0, 1, 4, 0, 0, 0.0
0, 1, 5, 0, 0, 0.0
0, 1, 6, 0, 0, 0.0
0, 1, 7, 0, 0, 0.0
0, 1, 8, 0, 0, 0.0
0, 1, 9, 0, 0, 0.0
0, 1, 10, 0, 0, 0.0
0, 1, 11, 0, 0, 0.0
0, 1, 12, 0, 0, 0.0
0, 1, 13, 0, 0, 0.0
0, 1, 14, 0, 0, 0.0
0, 1, 15, 0, 0, 0.0
0, 1, 16, 0, 0, 0.0
0, 1, 17, 0, 0, 0.0
0, 1, 18, 0, 0, 0.0
0, 1, 19, 0, 0, 0.0
0, 1, 20, 0, 0, 0.0
1, 0, 0, 439, 450, 1.850804807190798e-07
1, 0, 1, 420, 429, -0.015938954427838326
1, 0, 2, 383, 414, -0.029503820464015007
1, 0, 3, 349, 407, -0.037874188274145126
1, 0, 4, 325, 399, -0.047850970178842545
1, 0, 5, 399, 425, -0.0627046748995781
1, 0, 6, 354, 427, -0.08099275082349777
1, 0, 7, 330, 431, -0.08495088666677475
1, 0, 8, 316, 434, -0.08546072989702225
1, 0, 9, 406, 448, -0.06073104590177536
1, 0, 10, 357, 456, -0.07547100633382797
1, 0, 11, 336, 458, -0.07312115281820297
1, 0, 12, 327, 457, -0.07245780527591705
1, 0, 13, 411, 469, -0.05742281302809715
1, 0, 14, 368, 478, -0.0686631053686142
1, 0, 15, 348, 481, -0.06467738002538681
1, 0, 16, 339, 480, -0.06296835839748383
1, 0, 17, 414, 486, -0.05433576926589012
1, 0, 18, 381, 494, -0.06582409888505936
1, 0, 19, 363, 496, -0.06712864339351654
1, 0, 20, 352, 496, -0.0679013803601265
1, 1, 0, 0, 0, 0.0
1, 1, 1, 0, 0, 0.0
1, 1, 2, 0, 0, 0.0
1, 1, 3, 0, 0, 0.0
1, 1, 4, 0, 0, 0.0
1, 1, 5, 0, 0, 0.0
1, 1, 6, 0, 0, 0.0
1, 1, 7, 0, 0, 0.0
1, 1, 8, 0, 0, 0.0
1, 1, 9, 0, 0, 0.0
1, 1, 10, 0, 0, 0.0
1, 1, 11, 0, 0, 0.0
1, 1, 12, 0, 0, 0.0
1, 1, 13, 0, 0, 0.0
1, 1, 14, 0, 0, 0.0
1, 1, 15, 0, 0, 0.0
1, 1, 16, 0, 0, 0.0
1, 1, 17, 0, 0, 0.0
1, 1, 18, 0, 0, 0.0
1, 1, 19, 0, 0, 0.0
1, 1, 20, 0, 0, 0.0
2, 0, 0, 441, 449, 3.118950075986504e-07
2, 0, 1, 418, 427, -0.015851322561502457
2, 0, 2, 380, 414, -0.031537897884845734
2, 0, 3, 347, 407, -0.04157327488064766
2, 0, 4, 324, 399, -0.05283570662140846
2, 0, 5, 402, 422, -0.06991416960954666
2, 0, 6, 355, 427, -0.08962205052375793
2, 0, 7, 329, 430, -0.09261500835418701
2, 0, 8, 314, 433, -0.09134235233068466
2, 0, 9, 410, 446, -0.06808814406394958
2, 0, 10, 356, 455, -0.0844239890575409
2, 0, 11, 333, 455, -0.08068832755088806
2, 0, 12, 326, 453, -0.07755376398563385
2, 0, 13, 414, 467, -0.06430751085281372
2, 0, 14, 364, 475, -0.07581990212202072
2, 0, 15, 342, 475, -0.07090578973293304
2, 0, 16, 334, 471, -0.06722342222929001
2, 0, 17, 416, 484, -0.06051473319530487
2, 0, 18, 377, 491, -0.0710119977593422
2, 0, 19, 358, 489, -0.07086045295000076
2, 0, 20, 347, 487, -0.06974255293607712
2, 1, 0, 0, 0, 0.0
2, 1, 1, 0, 0, 0.0
2, 1, 2, 0, 0, 0.0
2, 1, 3, 0, 0, 0.0
2, 1, 4, 0, 0, 0.0
2, 1, 5, 0, 0, 0.0
2, 1, 6, 0, 0, 0.0
2, 1, 7, 0, 0, 0.0
2, 1, 8, 0, 0, 0.0
2, 1, 9, 0, 0, 0.0
2, 1, 10, 0, 0, 0.0
2, 1, 11, 0, 0, 0.0
2, 1, 12, 0, 0, 0.0
2, 1, 13, 0, 0, 0.0
2, 1, 14, 0, 0, 0.0
2, 1, 15, 0, 0, 0.0
2, 1, 16, 0, 0, 0.0
2, 1, 17, 0, 0, 0.0
2, 1, 18, 0, 0, 0.0
2, 1, 19, 0, 0, 0.0
2, 1, 20, 0, 0, 0.0
3, 0, 0, 446, 452, 2.3152766459588747e-07
3, 0, 1, 421, 429, -0.01459497306495905
3, 0, 2, 382, 415, -0.02891720086336136
3, 0, 3, 348, 408, -0.03788382560014725
3, 0, 4, 323, 400, -0.04842193052172661
3, 0, 5, 401, 421, -0.06426944583654404
3, 0, 6, 357, 423, -0.08275105804204941
3, 0, 7, 333, 428, -0.08647918701171875
3, 0, 8, 316, 432, -0.08654507994651794
3, 0, 9, 409, 445, -0.06311304867267609
3, 0, 10, 357, 453, -0.07940804958343506
3, 0, 11, 335, 454, -0.07769507169723511
3, 0, 12, 327, 454, -0.07603107392787933
3, 0, 13, 414, 467, -0.059883393347263336
3, 0, 14, 366, 477, -0.0717727467417717
3, 0, 15, 345, 476, -0.06786370277404785
3, 0, 16, 338, 475, -0.06474936753511429
3, 0, 17, 415, 486, -0.05649837851524353
3, 0, 18, 378, 492, -0.06702754646539688
3, 0, 19, 361, 491, -0.06649383902549744
3, 0, 20, 351, 490, -0.06504887342453003
3, 1, 0, 0, 0, 0.0
3, 1, 1, 0, 0, 0.0
3, 1, 2, 0, 0, 0.0
3, 1, 3, 0, 0, 0.0
3, 1, 4, 0, 0, 0.0
3, 1, 5, 0, 0, 0.0
3, 1, 6, 0, 0, 0.0
3, 1, 7, 0, 0, 0.0
3, 1, 8, 0, 0, 0.0
3, 1, 9, 0, 0, 0.0
3, 1, 10, 0, 0, 0.0
3, 1, 11, 0, 0, 0.0
3, 1, 12, 0, 0, 0.0
3, 1, 13, 0, 0, 0.0
3, 1, 14, 0, 0, 0.0
3, 1, 15, 0, 0, 0.0
3, 1, 16, 0, 0, 0.0
3, 1, 17, 0, 0, 0.0
3, 1, 18, 0, 0, 0.0
3, 1, 19, 0, 0, 0.0
3, 1, 20, 0, 0, 0.0
4, 0, 0, 450, 448, 1.152240471924415e-07
4, 0, 1, 424, 426, -0.011773426085710526
4, 0, 2, 384, 414, -0.024802638217806816
4, 0, 3, 348, 408, -0.033211465924978256
4, 0, 4, 323, 399, -0.043260298669338226
4, 0, 5, 401, 415, -0.056688662618398666
4, 0, 6, 361, 419, -0.07469818741083145
4, 0, 7, 337, 425, -0.08016937226057053
4, 0, 8, 319, 430, -0.08242695778608322
4, 0, 9, 409, 439, -0.05832634121179581
4, 0, 10, 358, 451, -0.0728900358080864
4, 0, 11, 338, 452, -0.07087035477161407
4, 0, 12, 330, 450, -0.07004270702600479
4, 0, 13, 415, 462, -0.058005791157484055
4, 0, 14, 366, 473, -0.06985552608966827
4, 0, 15, 348, 473, -0.06254743039608002
4, 0, 16, 340, 470, -0.0572834350168705
4, 0, 17, 418, 481, -0.05753939971327782
4, 0, 18, 379, 489, -0.06683268398046494
4, 0, 19, 363, 488, -0.061768077313899994
4, 0, 20, 355, 487, -0.05722799524664879
4, 1, 0, 0, 0, 0.0
4, 1, 1, 0, 0, 0.0
4, 1, 2, 0, 0, 0.0
4, 1, 3, 0, 0, 0.0
4, 1, 4, 0, 0, 0.0
4, 1, 5, 0, 0, 0.0
4, 1, 6, 0, 0, 0.0
4, 1, 7, 0, 0, 0.0
4, 1, 8, 0, 0, 0.0
4, 1, 9, 0, 0, 0.0
4, 1, 10, 0, 0, 0.0
4, 1, 11, 0, 0, 0.0
4, 1, 12, 0, 0, 0.0
4, 1, 13, 0, 0, 0.0
4, 1, 14, 0, 0, 0.0
4, 1, 15, 0, 0, 0.0
4, 1, 16, 0, 0, 0.0
4, 1, 17, 0, 0, 0.0
4, 1, 18, 0, 0, 0.0
4, 1, 19, 0, 0, 0.0
4, 1, 20, 0, 0, 0.0
5, 0, 0, 447, 440, -8.413937990781051e-08
5, 0, 1, 418, 422, -0.00574813736602664
5, 0, 2, 380, 409, -0.01692081056535244
5, 0, 3, 346, 411, -0.02672097645699978
5, 0, 4, 322, 404, -0.03822503983974457
5, 0, 5, 401, 399, -0.04011533781886101
5, 0, 6, 366, 412, -0.059988461434841156
5, 0, 7, 346, 419, -0.0700821802020073
5, 0, 8, 334, 423, -0.07611064612865448
5, 0, 9, 411, 422, -0.049022920429706573
5, 0, 10, 351, 445, -0.07275456935167313
5, 0, 11, 354, 445, -0.0767396092414856
5, 0, 12, 371, 439, -0.07702453434467316
5, 0, 13, 418, 444, -0.056005872786045074
5, 0, 14, 362, 464, -0.07752162218093872
5, 0, 15, 365, 464, -0.06802789866924286
5, 0, 16, 381, 458, -0.05766788870096207
5, 0, 17, 421, 467, -0.06262228637933731
5, 0, 18, 375, 480, -0.07897013425827026
5, 0, 19, 376, 478, -0.07136612385511398
5, 0, 20, 389, 474, -0.06317610293626785
5, 1, 0, 0, 0, 0.0
5, 1, 1, 0, 0, 0.0
5, 1, 2, 0, 0, 0.0
5, 1, 3, 0, 0, 0.0
5, 1, 4, 0, 0, 0.0
5, 1, 5, 0, 0, 0.0
5, 1, 6, 0, 0, 0.0
5, 1, 7, 0, 0, 0.0
5, 1, 8, 0, 0, 0.0
5, 1, 9, 0, 0, 0.0
5, 1, 10, 0, 0, 0.0
5, 1, 11, 0, 0, 0.0
5, 1, 12, 0, 0, 0.0
5, 1, 13, 0, 0, 0.0
5, 1, 14, 0, 0, 0.0
5, 1, 15, 0, 0, 0.0
5, 1, 16, 0, 0, 0.0
5, 1, 17, 0, 0, 0.0
5, 1, 18, 0, 0, 0.0
5, 1, 19, 0, 0, 0.0
5, 1, 20, 0, 0, 0.0
6, 0, 0, 454, 435, -1.3641019336319005e-07
6, 0, 1, 417, 417, 0.002113087335601449
6, 0, 2, 377, 413, -0.0051072947680950165
6, 0, 3, 347, 418, -0.014410526491701603
6, 0, 4, 324, 415, -0.024889836087822914
6, 0, 5, 397, 389, -0.012507518753409386
6, 0, 6, 385, 379, -0.031762249767780304
6, 0, 7, 370, 380, -0.0439874604344368
6, 0, 8, 360, 383, -0.05218740180134773
6, 0, 9, 405, 404, -0.02580421417951584
6, 0, 10, 360, 431, -0.04519008472561836
6, 0, 11, 364, 440, -0.047036267817020416
6, 0, 12, 376, 440, -0.047921840101480484
6, 0, 13, 414, 426, -0.03958144411444664
6, 0, 14, 370, 453, -0.06233906373381615
6, 0, 15, 378, 455, -0.053848784416913986
6, 0, 16, 391, 449, -0.04469429329037666
6, 0, 17, 422, 449, -0.05239279195666313
6, 0, 18, 387, 469, -0.07066107541322708
6, 0, 19, 391, 469, -0.06487177312374115
6, 0, 20, 402, 461, -0.05776452273130417
6, 1, 0, 0, 0, 0.0
6, 1, 1, 0, 0, 0.0
6, 1, 2, 0, 0, 0.0
6, 1, 3, 0, 0, 0.0
6, 1, 4, 0, 0, 0.0
6, 1, 5, 0, 0, 0.0
6, 1, 6, 0, 0, 0.0
6, 1, 7, 0, 0, 0.0
6, 1, 8, 0, 0, 0.0
6, 1, 9, 0, 0, 0.0
6, 1, 10, 0, 0, 0.0
6, 1, 11, 0, 0, 0.0
6, 1, 12, 0, 0, 0.0
6, 1, 13, 0, 0, 0.0
6, 1, 14, 0, 0, 0.0
6, 1, 15, 0, 0, 0.0
6, 1, 16, 0, 0, 0.0
6, 1, 17, 0, 0, 0.0
6, 1, 18, 0, 0, 0.0
6, 1, 19, 0, 0, 0.0
6, 1, 20, 0, 0, 0.0
7, 0, 0, 455, 425, -3.422863059654446e-08
7, 0, 1, 413, 424, -0.001645158976316452
7, 0, 2, 376, 418, -0.0134565569460392
7, 0, 3, 351, 418, -0.027564391493797302
7, 0, 4, 327, 419, -0.043559856712818146
7, 0, 5, 390, 369, -0.025119952857494354
7, 0, 6, 378, 357, -0.0498945377767086
7, 0, 7, 371, 342, -0.06736662238836288
7, 0, 8, 368, 327, -0.07963959127664566
7, 0, 9, 406, 373, -0.03775874897837639
7, 0, 10, 372, 403, -0.05720698460936546
7, 0, 11, 365, 426, -0.06181918457150459
7, 0, 12, 365, 437, -0.06657899171113968
7, 0, 13, 422, 390, -0.051102057099342346
7, 0, 14, 388, 423, -0.07082745432853699
7, 0, 15, 384, 437, -0.06304670125246048
7, 0, 16, 387, 440, -0.056948404759168625
7, 0, 17, 436, 412, -0.06447739899158478
7, 0, 18, 405, 438, -0.08264906704425812
7, 0, 19, 397, 447, -0.07885283976793289
7, 0, 20, 397, 447, -0.07384900003671646
7, 1, 0, 0, 0, 0.0
7, 1, 1, 0, 0, 0.0
7, 1, 2, 0, 0, 0.0
7, 1, 3, 0, 0, 0.0
7, 1, 4, 0, 0, 0.0
7, 1, 5, 0, 0, 0.0
7, 1, 6, 0, 0, 0.0
7, 1, 7, 0, 0, 0.0
7, 1, 8, 0, 0, 0.0
7, 1, 9, 0, 0, 0.0
7, 1, 10, 0, 0, 0.0
7, 1, 11, 0, 0, 0.0
7, 1, 12, 0, 0, 0.0
7, 1, 13, 0, 0, 0.0
7, 1, 14, 0, 0, 0.0
7, 1, 15, 0, 0, 0.0
7, 1, 16, 0, 0, 0.0
7, 1, 17, 0, 0, 0.0
7, 1, 18, 0, 0, 0.0
7, 1, 19, 0, 0, 0.0
7, 1, 20, 0, 0, 0.0
8, 0, 0, 443, 415, 1.2655712566811417e-07
8, 0, 1, 405, 409, -0.015231599099934101
8, 0, 2, 377, 399, -0.03602704778313637
8, 0, 3, 355, 398, -0.05692232772707939
8, 0, 4, 339, 405, -0.08059230446815491
8, 0, 5, 385, 348, -0.043315812945365906
8, 0, 6, 378, 329, -0.07617595791816711
8, 0, 7, 373, 308, -0.10010244697332382
8, 0, 8, 373, 290, -0.1161794364452362
8, 0, 9, 408, 349, -0.050572123378515244
8, 0, 10, 381, 374, -0.0828159898519516
8, 0, 11, 369, 402, -0.08969724923372269
8, 0, 12, 365, 418, -0.09209507703781128
8, 0, 13, 429, 363, -0.0596257783472538
8, 0, 14, 396, 392, -0.08916758000850677
8, 0, 15, 386, 411, -0.08199477940797806
8, 0, 16, 386, 420, -0.07269184291362762
8, 0, 17, 444, 381, -0.06990327686071396
8, 0, 18, 412, 403, -0.094721220433712
8, 0, 19, 403, 417, -0.0909484401345253
8, 0, 20, 403, 422, -0.08315728604793549
8, 1, 0, 0, 0, 0.0
8, 1, 1, 0, 0, 0.0
8, 1, 2, 0, 0, 0.0
8, 1, 3, 0, 0, 0.0
8, 1, 4, 0, 0, 0.0
8, 1, 5, 0, 0, 0.0
8, 1, 6, 0, 0, 0.0
8, 1, 7, 0, 0, 0.0
8, 1, 8, 0, 0, 0.0
8, 1, 9, 0, 0, 0.0
8, 1, 10, 0, 0, 0.0
8, 1, 11, 0, 0, 0.0
8, 1, 12, 0, 0, 0.0
8, 1, 13, 0, 0, 0.0
8, 1, 14, 0, 0, 0.0
8, 1, 15, 0, 0, 0.0
8, 1, 16, 0, 0, 0.0
8, 1, 17, 0, 0, 0.0
8, 1, 18, 0, 0, 0.0
8, 1, 19, 0, 0, 0.0
8, 1, 20, 0, 0, 0.0
9, 0, 0, 436, 397, -3.784813529250641e-08
9, 0, 1, 405, 392, -0.011756856925785542
9, 0, 2, 380, 383, -0.028117787092924118
9, 0, 3, 361, 374, -0.04623616859316826
9, 0, 4, 355, 368, -0.06638544052839279
9, 0, 5, 385, 324, -0.02403825707733631
9, 0, 6, 382, 299, -0.04851038008928299
9, 0, 7, 379, 275, -0.06701616942882538
9, 0, 8, 378, 256, -0.08019336313009262
9, 0, 9, 410, 318, -0.030743928626179695
9, 0, 10, 384, 346, -0.06022053584456444
9, 0, 11, 374, 377, -0.0659334734082222
9, 0, 12, 372, 393, -0.0642700344324112
9, 0, 13, 431, 328, -0.03906390070915222
9, 0, 14, 403, 360, -0.06545882672071457
9, 0, 15, 394, 383, -0.05831926688551903
9, 0, 16, 393, 394, -0.04687190800905228
9, 0, 17, 448, 345, -0.04864723980426788
9, 0, 18, 421, 369, -0.06777504086494446
9, 0, 19, 412, 386, -0.06188033148646355
9, 0, 20, 410, 394, -0.05117471143603325
9, 1, 0, 0, 0, 0.0
9, 1, 1, 0, 0, 0.0
9, 1, 2, 0, 0, 0.0
9, 1, 3, 0, 0, 0.0
9, 1, 4, 0, 0, 0.0
9, 1, 5, 0, 0, 0.0
9, 1, 6, 0, 0, 0.0
9, 1, 7, 0, 0, 0.0
9, 1, 8, 0, 0, 0.0
9, 1, 9, 0, 0, 0.0
9, 1, 10, 0, 0, 0.0
9, 1, 11, 0, 0, 0.0
9, 1, 12, 0, 0, 0.0
9, 1, 13, 0, 0, 0.0
9, 1, 14, 0, 0, 0.0
9, 1, 15, 0, 0, 0.0
9, 1, 16, 0, 0, 0.0
9, 1, 17, 0, 0, 0.0
9, 1, 18, 0, 0, 0.0
9, 1, 19, 0, 0, 0.0
9, 1, 20, 0, 0, 0.0
10, 0, 0, 431, 377, -1.4515136115278438e-07
10, 0, 1, 402, 374, -0.012572706677019596
10, 0, 2, 376, 360, -0.024941321462392807
10, 0, 3, 363, 346, -0.038603924214839935
10, 0, 4, 365, 328, -0.0532449446618557
10, 0, 5, 386, 300, -0.019026024267077446
10, 0, 6, 383, 271, -0.040417738258838654
10, 0, 7, 381, 246, -0.05858501419425011
10, 0, 8, 380, 227, -0.07147570699453354
10, 0, 9, 410, 293, -0.022960476577281952
10, 0, 10, 393, 313, -0.050804659724235535
10, 0, 11, 385, 343, -0.057415302842855453
10, 0, 12, 385, 362, -0.05566641688346863
10, 0, 13, 431, 301, -0.02850119210779667
10, 0, 14, 412, 324, -0.05103351175785065
10, 0, 15, 406, 348, -0.04291221871972084
10, 0, 16, 406, 363, -0.030906973406672478
10, 0, 17, 449, 315, -0.03577355295419693
10, 0, 18, 430, 332, -0.05111567676067352
10, 0, 19, 423, 351, -0.04368845000863075
10, 0, 20, 422, 361, -0.0317353717982769
10, 1, 0, 0, 0, 0.0
10, 1, 1, 0, 0, 0.0
10, 1, 2, 0, 0, 0.0
10, 1, 3, 0, 0, 0.0
10, 1, 4, 0, 0, 0.0
10, 1, 5, 0, 0, 0.0
10, 1, 6, 0, 0, 0.0
10, 1, 7, 0, 0, 0.0
10, 1, 8, 0, 0, 0.0
10, 1, 9, 0, 0, 0.0
10, 1, 10, 0, 0, 0.0
10, 1, 11, 0, 0, 0.0
10, 1, 12, 0, 0, 0.0
10, 1, 13, 0, 0, 0.0
10, 1, 14, 0, 0, 0.0
10, 1, 15, 0, 0, 0.0
10, 1, 16, 0, 0, 0.0
10, 1, 17, 0, 0, 0.0
10, 1, 18, 0, 0, 0.0
10, 1, 19, 0, 0, 0.0
10, 1, 20, 0, 0, 0.0
11, 0, 0, 165, 393, -4.762332039831563e-08
11, 0, 1, 181, 370, -0.011459710076451302
11, 0, 2, 206, 338, -0.023139886558055878
11, 0, 3, 232, 319, -0.03505749627947807
11, 0, 4, 249, 315, -0.04703667759895325
11, 0, 5, 208, 315, -0.025865552946925163
11, 0, 6, 229, 284, -0.04512781277298927
11, 0, 7, 238, 259, -0.05885414034128189
11, 0, 8, 241, 237, -0.06863520294427872
11, 0, 9, 202, 322, -0.0318547785282135
11, 0, 10, 218, 299, -0.057766303420066833
11, 0, 11, 214, 315, -0.06490875780582428
11, 0, 12, 204, 329, -0.0656333789229393
11, 0, 13, 195, 334, -0.037976302206516266
11, 0, 14, 213, 313, -0.057185571640729904
11, 0, 15, 210, 325, -0.04709994047880173
11, 0, 16, 199, 338, -0.03634775057435036
11, 0, 17, 188, 347, -0.045483097434043884
11, 0, 18, 205, 326, -0.05373573675751686
11, 0, 19, 203, 333, -0.04181385785341263
11, 0, 20, 196, 343, -0.031236685812473297
11, 1, 0, 429, 355, -1.3662241826750687e-07
11, 1, 1, 401, 349, -0.011072495952248573
11, 1, 2, 376, 330, -0.02117464877665043
11, 1, 3, 367, 311, -0.0327301062643528
11, 1, 4, 367, 292, -0.045203797519207
11, 1, 5, 386, 274, -0.015689726918935776
11, 1, 6, 382, 242, -0.03625726327300072
11, 1, 7, 380, 217, -0.054549165070056915
11, 1, 8, 379, 196, -0.0676630288362503
11, 1, 9, 408, 268, -0.02052820473909378
11, 1, 10, 394, 279, -0.04867919534444809
11, 1, 11, 389, 307, -0.05536323040723801
11, 1, 12, 391, 328, -0.053440261632204056
11, 1, 13, 429, 274, -0.026988184079527855
11, 1, 14, 412, 288, -0.04910768195986748
11, 1, 15, 408, 311, -0.03994394838809967
11, 1, 16, 409, 328, -0.0275958850979805
11, 1, 17, 447, 285, -0.0352601483464241
11, 1, 18, 431, 296, -0.04982679337263107
11, 1, 19, 424, 314, -0.04104689136147499
11, 1, 20, 424, 326, -0.0286425594240427
12, 0, 0, 197, 379, 1.1635118823960511e-07
12, 0, 1, 223, 356, -0.010477473959326744
12, 0, 2, 246, 330, -0.019428161904215813
12, 0, 3, 266, 315, -0.031788770109415054
12, 0, 4, 280, 318, -0.04411673545837402
12, 0, 5, 252, 298, -0.001192502910271287
12, 0, 6, 264, 267, -0.017534295096993446
12, 0, 7, 266, 243, -0.031760185956954956
12, 0, 8, 266, 221, -0.04256463423371315
12, 0, 9, 237, 302, -0.007403180468827486
12, 0, 10, 246, 289, -0.036688704043626785
12, 0, 11, 240, 311, -0.04823439568281174
12, 0, 12, 235, 328, -0.04924716427922249
12, 0, 13, 221, 309, -0.015666304156184196
12, 0, 14, 232, 300, -0.04173947125673294
12, 0, 15, 229, 318, -0.037396859377622604
12, 0, 16, 225, 334, -0.026630138978362083
12, 0, 17, 203, 319, -0.025494031608104706
12, 0, 18, 217, 308, -0.03913323953747749
12, 0, 19, 219, 320, -0.03104807436466217
12, 0, 20, 217, 332, -0.02052219584584236
12, 1, 0, 425, 333, -1.3227584361175104e-07
12, 1, 1, 396, 326, -0.01327555812895298
12, 1, 2, 373, 305, -0.024305310100317
12, 1, 3, 368, 284, -0.03708106651902199
12, 1, 4, 369, 263, -0.05028155818581581
12, 1, 5, 384, 249, -0.01603234000504017
12, 1, 6, 380, 214, -0.03759390115737915
12, 1, 7, 379, 188, -0.05529492348432541
12, 1, 8, 378, 167, -0.06786135584115982
12, 1, 9, 407, 244, -0.021124592050909996
12, 1, 10, 393, 254, -0.053318776190280914
12, 1, 11, 389, 282, -0.06158338114619255
12, 1, 12, 389, 301, -0.06002826616168022
12, 1, 13, 427, 250, -0.028279265388846397
12, 1, 14, 412, 262, -0.053609855473041534
12, 1, 15, 408, 285, -0.04433472827076912
12, 1, 16, 408, 300, -0.03129689767956734
12, 1, 17, 446, 260, -0.03758080676198006
12, 1, 18, 432, 267, -0.05271844565868378
12, 1, 19, 426, 284, -0.04353698715567589
12, 1, 20, 424, 295, -0.03086942434310913
13, 0, 0, 228, 373, 7.279865599230106e-08
13, 0, 1, 261, 364, -0.012755351141095161
13, 0, 2, 290, 346, -0.020976446568965912
13, 0, 3, 302, 326, -0.03189226984977722
13, 0, 4, 298, 307, -0.04302895814180374
13, 0, 5, 281, 297, -0.008326342329382896
13, 0, 6, 294, 266, -0.027123136445879936
13, 0, 7, 301, 248, -0.038763031363487244
13, 0, 8, 309, 233, -0.04531611129641533
13, 0, 9, 261, 291, -0.012891368009150028
13, 0, 10, 279, 285, -0.04519961401820183
13, 0, 11, 277, 311, -0.054835326969623566
13, 0, 12, 273, 331, -0.05287100374698639
13, 0, 13, 240, 291, -0.019432390108704567
13, 0, 14, 259, 291, -0.05160174518823624
13, 0, 15, 259, 317, -0.04906092956662178
13, 0, 16, 255, 335, -0.03759600222110748
13, 0, 17, 217, 294, -0.02694973535835743
13, 0, 18, 236, 290, -0.04701489582657814
13, 0, 19, 242, 309, -0.04174722358584404
13, 0, 20, 242, 324, -0.031421586871147156
13, 1, 0, 421, 315, -9.998143468692433e-08
13, 1, 1, 393, 308, -0.013588201254606247
13, 1, 2, 370, 286, -0.025278843939304352
13, 1, 3, 369, 265, -0.03894313797354698
13, 1, 4, 373, 248, -0.0526307113468647
13, 1, 5, 379, 230, -0.017384260892868042
13, 1, 6, 375, 192, -0.039057657122612
13, 1, 7, 375, 165, -0.055571332573890686
13, 1, 8, 376, 144, -0.06730178743600845
13, 1, 9, 401, 228, -0.02292177453637123
13, 1, 10, 391, 229, -0.057824134826660156
13, 1, 11, 388, 258, -0.06660966575145721
13, 1, 12, 388, 278, -0.06504519283771515
13, 1, 13, 422, 234, -0.030488621443510056
13, 1, 14, 410, 239, -0.05961201712489128
13, 1, 15, 405, 264, -0.05159294977784157
13, 1, 16, 403, 281, -0.03878115862607956
13, 1, 17, 442, 244, -0.03978666663169861
13, 1, 18, 430, 245, -0.057275477796792984
13, 1, 19, 423, 263, -0.04886718466877937
13, 1, 20, 420, 274, -0.03697565197944641
14, 0, 0, 249, 366, 4.8001933095065397e-08
14, 0, 1, 278, 358, -0.01567685231566429
14, 0, 2, 302, 341, -0.026094693690538406
14, 0, 3, 314, 324, -0.038551706820726395
14, 0, 4, 311, 306, -0.05106164887547493
14, 0, 5, 296, 296, -0.016756245866417885
14, 0, 6, 311, 263, -0.035796672105789185
14, 0, 7, 320, 244, -0.04590286687016487
14, 0, 8, 328, 228, -0.05089264363050461
14, 0, 9, 277, 292, -0.02046217955648899
14, 0, 10, 295, 283, -0.05247015133500099
14, 0, 11, 295, 309, -0.05994148179888725
14, 0, 12, 291, 329, -0.05641813576221466
14, 0, 13, 257, 292, -0.026065228506922722
14, 0, 14, 276, 291, -0.056856993585824966
14, 0, 15, 275, 316, -0.05251259729266167
14, 0, 16, 270, 333, -0.039836615324020386
14, 0, 17, 235, 295, -0.0330485925078392
14, 0, 18, 250, 283, -0.0508439801633358
14, 0, 19, 257, 298, -0.043799541890621185
14, 0, 20, 258, 313, -0.03231728821992874
14, 1, 0, 414, 308, -1.4415954296964628e-07
14, 1, 1, 387, 299, -0.01015203446149826
14, 1, 2, 367, 274, -0.019371258094906807
14, 1, 3, 365, 253, -0.03179659694433212
14, 1, 4, 365, 236, -0.04480739310383797
14, 1, 5, 376, 223, -0.012434548698365688
14, 1, 6, 369, 184, -0.03305506706237793
14, 1, 7, 368, 158, -0.048084042966365814
14, 1, 8, 369, 138, -0.058512065559625626
14, 1, 9, 398, 222, -0.02037980407476425
14, 1, 10, 384, 218, -0.054497793316841125
14, 1, 11, 381, 244, -0.06437240540981293
14, 1, 12, 382, 262, -0.06345760822296143
14, 1, 13, 418, 226, -0.0300929956138134
14, 1, 14, 401, 228, -0.05887503921985626
14, 1, 15, 396, 253, -0.0517389141023159
14, 1, 16, 395, 269, -0.03961070254445076
14, 1, 17, 437, 235, -0.04125531390309334
14, 1, 18, 420, 234, -0.05715741217136383
14, 1, 19, 413, 251, -0.047832418233156204
14, 1, 20, 412, 263, -0.03579642251133919
15, 0, 0, 256, 361, 1.9670460815746083e-08
15, 0, 1, 286, 354, -0.018510783091187477
15, 0, 2, 309, 336, -0.029052454978227615
15, 0, 3, 319, 316, -0.04091640189290047
15, 0, 4, 319, 296, -0.052638109773397446
15, 0, 5, 306, 293, -0.01832418330013752
15, 0, 6, 321, 259, -0.037575606256723404
15, 0, 7, 329, 239, -0.04785776138305664
15, 0, 8, 336, 221, -0.05305884778499603
15, 0, 9, 286, 289, -0.02056163176894188
15, 0, 10, 301, 276, -0.05456037446856499
15, 0, 11, 300, 305, -0.0626225695014
15, 0, 12, 297, 327, -0.05861910805106163
15, 0, 13, 266, 289, -0.024834806099534035
15, 0, 14, 281, 282, -0.056850187480449677
15, 0, 15, 283, 308, -0.05239555239677429
15, 0, 16, 279, 328, -0.038932252675294876
15, 0, 17, 244, 292, -0.030608907341957092
15, 0, 18, 255, 274, -0.05030861124396324
15, 0, 19, 263, 289, -0.04342940077185631
15, 0, 20, 265, 306, -0.03129052370786667
15, 1, 0, 411, 306, -2.090071120619541e-07
15, 1, 1, 380, 296, -0.012043244205415249
15, 1, 2, 356, 271, -0.021490296348929405
15, 1, 3, 349, 248, -0.03349647298455238
15, 1, 4, 347, 227, -0.04578728228807449
15, 1, 5, 367, 222, -0.01165369339287281
15, 1, 6, 360, 184, -0.03078741393983364
15, 1, 7, 357, 159, -0.043831583112478256
15, 1, 8, 355, 139, -0.05282137170433998
15, 1, 9, 389, 219, -0.017583826556801796
15, 1, 10, 372, 218, -0.05021695792675018
15, 1, 11, 368, 244, -0.05901021510362625
15, 1, 12, 369, 265, -0.057447146624326706
15, 1, 13, 409, 222, -0.025622747838497162
15, 1, 14, 389, 227, -0.05393750220537186
15, 1, 15, 387, 250, -0.04744880273938179
15, 1, 16, 387, 268, -0.03571413829922676
15, 1, 17, 429, 229, -0.03532516583800316
15, 1, 18, 411, 231, -0.05300282686948776
15, 1, 19, 406, 248, -0.04572902247309685
15, 1, 20, 406, 262, -0.03454073518514633
16, 0, 0, 254, 351, 3.022012862174961e-08
16, 0, 1, 287, 341, -0.011653493158519268
16, 0, 2, 312, 317, -0.015713974833488464
16, 0, 3, 323, 296, -0.022216899320483208
16, 0, 4, 322, 276, -0.029273228719830513
16, 0, 5, 308, 278, -0.0037648656871169806
16, 0, 6, 320, 247, -0.018381277099251747
16, 0, 7, 330, 228, -0.02640179917216301
16, 0, 8, 338, 213, -0.030604854226112366
16, 0, 9, 288, 273, -0.007686425931751728
16, 0, 10, 301, 261, -0.03794937953352928
16, 0, 11, 301, 289, -0.04529844596982002
16, 0, 12, 298, 313, -0.04138120636343956
16, 0, 13, 266, 271, -0.01387987844645977
16, 0, 14, 280, 265, -0.0451158843934536
16, 0, 15, 281, 293, -0.04234015941619873
16, 0, 16, 279, 316, -0.030256561934947968
16, 0, 17, 245, 274, -0.021072203293442726
16, 0, 18, 255, 258, -0.043270621448755264
16, 0, 19, 262, 278, -0.03961467742919922
16, 0, 20, 265, 299, -0.029753094539046288
16, 1, 0, 403, 311, -2.2750811012883787e-07
16, 1, 1, 373, 301, -0.01471505593508482
16, 1, 2, 350, 280, -0.027640167623758316
16, 1, 3, 345, 258, -0.04363285005092621
16, 1, 4, 352, 238, -0.05962375923991203
16, 1, 5, 361, 231, -0.01362959761172533
16, 1, 6, 353, 192, -0.03360786661505699
16, 1, 7, 347, 168, -0.046769872307777405
16, 1, 8, 342, 150, -0.05559707060456276
16, 1, 9, 382, 228, -0.01934599131345749
16, 1, 10, 367, 225, -0.05353297293186188
16, 1, 11, 363, 250, -0.06327340751886368
16, 1, 12, 364, 271, -0.061891552060842514
16, 1, 13, 401, 230, -0.027401762083172798
16, 1, 14, 385, 231, -0.05749589577317238
16, 1, 15, 381, 255, -0.05218277871608734
16, 1, 16, 380, 274, -0.04037930816411972
16, 1, 17, 420, 236, -0.037246327847242355
16, 1, 18, 407, 230, -0.0544721744954586
16, 1, 19, 400, 247, -0.0469304658472538
16, 1, 20, 397, 262, -0.03555701673030853
17, 0, 0, 253, 331, 6.066552060701724e-08
17, 0, 1, 286, 321, -0.014396418817341328
17, 0, 2, 317, 300, -0.022108111530542374
17, 0, 3, 330, 281, -0.03140783682465553
17, 0, 4, 331, 265, -0.04146157205104828
17, 0, 5, 304, 258, -0.015100134536623955
17, 0, 6, 310, 222, -0.034726548939943314
17, 0, 7, 313, 199, -0.04587339237332344
17, 0, 8, 314, 179, -0.05167179927229881
17, 0, 9, 283, 255, -0.018342021852731705
17, 0, 10, 290, 239, -0.05268961563706398
17, 0, 11, 292, 269, -0.061484888195991516
17, 0, 12, 291, 293, -0.05804308503866196
17, 0, 13, 262, 256, -0.023379011079669
17, 0, 14, 270, 245, -0.05637158453464508
17, 0, 15, 271, 273, -0.052214253693819046
17, 0, 16, 270, 296, -0.03863391652703285
17, 0, 17, 239, 259, -0.02954845130443573
17, 0, 18, 245, 239, -0.05094629526138306
17, 0, 19, 250, 253, -0.0455060638487339
17, 0, 20, 252, 269, -0.034163493663072586
17, 1, 0, 396, 325, -3.029173569757404e-07
17, 1, 1, 365, 319, -0.009448583237826824
17, 1, 2, 339, 297, -0.017065593972802162
17, 1, 3, 330, 276, -0.02853294089436531
17, 1, 4, 329, 259, -0.04080156236886978
17, 1, 5, 349, 246, -0.008351612836122513
17, 1, 6, 342, 210, -0.02561400830745697
17, 1, 7, 338, 185, -0.038237906992435455
17, 1, 8, 334, 167, -0.047126803547143936
17, 1, 9, 370, 242, -0.01554098166525364
17, 1, 10, 354, 244, -0.04682816192507744
17, 1, 11, 351, 272, -0.055386245250701904
17, 1, 12, 353, 294, -0.05380282551050186
17, 1, 13, 390, 243, -0.024599842727184296
17, 1, 14, 373, 249, -0.052153121680021286
17, 1, 15, 370, 274, -0.0456877239048481
17, 1, 16, 371, 294, -0.033764299005270004
17, 1, 17, 411, 249, -0.03517097607254982
17, 1, 18, 396, 247, -0.05154735967516899
17, 1, 19, 389, 265, -0.04358721151947975
17, 1, 20, 387, 280, -0.03216763958334923
18, 0, 0, 250, 313, 6.450924416867565e-08
18, 0, 1, 281, 298, -0.010781999677419662
18, 0, 2, 306, 270, -0.01468857005238533
18, 0, 3, 312, 245, -0.021292541176080704
18, 0, 4, 305, 225, -0.02907147817313671
18, 0, 5, 294, 236, -0.0033443740103393793
18, 0, 6, 302, 207, -0.019641976803541183
18, 0, 7, 308, 189, -0.029316473752260208
18, 0, 8, 313, 174, -0.03465183079242706
18, 0, 9, 273, 234, -0.008452226407825947
18, 0, 10, 278, 211, -0.040467340499162674
18, 0, 11, 282, 242, -0.04977048188447952
18, 0, 12, 282, 267, -0.04688790440559387
18, 0, 13, 251, 235, -0.015519953332841396
18, 0, 14, 258, 218, -0.049126241356134415
18, 0, 15, 263, 249, -0.046465348452329636
18, 0, 16, 262, 274, -0.033603206276893616
18, 0, 17, 227, 240, -0.02322634682059288
18, 0, 18, 232, 218, -0.0464322492480278
18, 0, 19, 241, 236, -0.04246865212917328
18, 0, 20, 245, 256, -0.0323130302131176
18, 1, 0, 388, 343, -2.9860589734198584e-07
18, 1, 1, 357, 342, -0.013467863202095032
18, 1, 2, 331, 324, -0.02443508617579937
18, 1, 3, 326, 302, -0.038048673421144485
18, 1, 4, 334, 286, -0.05221400409936905
18, 1, 5, 337, 267, -0.015330015681684017
18, 1, 6, 327, 229, -0.03482651337981224
18, 1, 7, 320, 202, -0.04970654100179672
18, 1, 8, 316, 182, -0.060807909816503525
18, 1, 9, 359, 259, -0.021217433735728264
18, 1, 10, 341, 268, -0.05484667792916298
18, 1, 11, 341, 296, -0.06474569439888
18, 1, 12, 345, 316, -0.06434635818004608
18, 1, 13, 379, 260, -0.028973747044801712
18, 1, 14, 360, 273, -0.0582180880010128
18, 1, 15, 361, 299, -0.05128074064850807
18, 1, 16, 365, 316, -0.03929361701011658
18, 1, 17, 400, 266, -0.03864964842796326
18, 1, 18, 383, 271, -0.05645671859383583
18, 1, 19, 379, 290, -0.048267509788274765
18, 1, 20, 380, 303, -0.03656776249408722
19, 0, 0, 243, 291, 1.0959544738398108e-07
19, 0, 1, 271, 277, -0.01391515787690878
19, 0, 2, 291, 248, -0.018180856481194496
19, 0, 3, 297, 223, -0.023999175056815147
19, 0, 4, 292, 204, -0.03072419948875904
19, 0, 5, 279, 210, -0.007344205863773823
19, 0, 6, 282, 177, -0.02248622290790081
19, 0, 7, 284, 154, -0.03175413981080055
19, 0, 8, 284, 134, -0.03736672177910805
19, 0, 9, 258, 210, -0.010267464444041252
19, 0, 10, 262, 186, -0.0416702926158905
19, 0, 11, 269, 216, -0.05098544433712959
19, 0, 12, 270, 242, -0.04771365597844124
19, 0, 13, 237, 213, -0.014895734377205372
19, 0, 14, 243, 195, -0.04679610952734947
19, 0, 15, 250, 225, -0.04315462335944176
19, 0, 16, 251, 250, -0.02964036725461483
19, 0, 17, 214, 219, -0.020515047013759613
19, 0, 18, 218, 196, -0.042425550520420074
19, 0, 19, 229, 214, -0.03717612847685814
19, 0, 20, 234, 234, -0.025935150682926178
19, 1, 0, 389, 360, -3.257478056184482e-07
19, 1, 1, 356, 357, -0.012295294553041458
19, 1, 2, 331, 346, -0.025428498163819313
19, 1, 3, 321, 331, -0.04182963818311691
19, 1, 4, 324, 315, -0.05863076448440552
19, 1, 5, 331, 287, -0.015746695920825005
19, 1, 6, 319, 253, -0.03448668494820595
19, 1, 7, 313, 231, -0.04801162704825401
19, 1, 8, 308, 213, -0.057832006365060806
19, 1, 9, 352, 278, -0.022203046828508377
19, 1, 10, 334, 293, -0.05301637575030327
19, 1, 11, 334, 319, -0.06256067752838135
19, 1, 12, 339, 339, -0.06247460097074509
19, 1, 13, 371, 279, -0.030176568776369095
19, 1, 14, 352, 299, -0.05591246113181114
19, 1, 15, 353, 323, -0.049844659864902496
19, 1, 16, 357, 341, -0.03913378715515137
19, 1, 17, 391, 285, -0.040102191269397736
19, 1, 18, 374, 298, -0.05447842925786972
19, 1, 19, 370, 315, -0.04676651954650879
19, 1, 20, 370, 329, -0.03586145117878914
20, 0, 0, 238, 272, 2.5165340034050132e-08
20, 0, 1, 263, 257, -0.017342373728752136
20, 0, 2, 278, 228, -0.024023275822401047
20, 0, 3, 277, 201, -0.03133496269583702
20, 0, 4, 265, 182, -0.03884022310376167
20, 0, 5, 270, 189, -0.011659185402095318
20, 0, 6, 273, 153, -0.027299899607896805
20, 0, 7, 272, 131, -0.035532210022211075
20, 0, 8, 269, 111, -0.040541112422943115
20, 0, 9, 250, 190, -0.013188198208808899
20, 0, 10, 251, 168, -0.04451444372534752
20, 0, 11, 255, 198, -0.05175285413861275
20, 0, 12, 257, 222, -0.047386959195137024
20, 0, 13, 230, 194, -0.016781622543931007
20, 0, 14, 232, 178, -0.048779893666505814
20, 0, 15, 240, 207, -0.04404477775096893
20, 0, 16, 242, 229, -0.03029501810669899
20, 0, 17, 209, 202, -0.02161143161356449
20, 0, 18, 209, 180, -0.04272885620594025
20, 0, 19, 220, 195, -0.03680555149912834
20, 0, 20, 226, 213, -0.025576017796993256
20, 1, 0, 386, 362, -2.2864375637254852e-07
20, 1, 1, 354, 359, -0.01484284084290266
20, 1, 2, 330, 351, -0.030043506994843483
20, 1, 3, 317, 341, -0.047539692372083664
20, 1, 4, 317, 327, -0.06539426743984222
20, 1, 5, 327, 295, -0.02055155299603939
20, 1, 6, 314, 263, -0.042335011065006256
20, 1, 7, 307, 242, -0.057060472667217255
20, 1, 8, 302, 224, -0.06706227362155914
20, 1, 9, 347, 287, -0.02533211186528206
20, 1, 10, 330, 301, -0.058760225772857666
20, 1, 11, 332, 329, -0.06694592535495758
20, 1, 12, 338, 349, -0.06532197445631027
20, 1, 13, 367, 288, -0.03202524036169052
20, 1, 14, 349, 308, -0.0607287734746933
20, 1, 15, 351, 333, -0.05380937084555626
20, 1, 16, 355, 349, -0.041586507111787796
20, 1, 17, 386, 294, -0.04054127261042595
20, 1, 18, 369, 309, -0.05701155215501785
20, 1, 19, 366, 326, -0.049351345747709274
20, 1, 20, 367, 338, -0.03789764270186424
21, 0, 0, 235, 261, -7.12358927401624e-09
21, 0, 1, 259, 244, -0.01903892681002617
21, 0, 2, 271, 216, -0.026257218793034554
21, 0, 3, 270, 188, -0.034354764968156815
21, 0, 4, 263, 166, -0.04215259477496147
21, 0, 5, 264, 177, -0.008859063498675823
21, 0, 6, 266, 142, -0.023710569366812706
21, 0, 7, 265, 120, -0.03208811208605766
21, 0, 8, 263, 101, -0.03739504888653755
21, 0, 9, 244, 177, -0.010020491667091846
21, 0, 10, 245, 154, -0.040344201028347015
21, 0, 11, 247, 180, -0.04868823289871216
21, 0, 12, 249, 201, -0.045132990926504135
21, 0, 13, 224, 182, -0.013590656220912933
21, 0, 14, 227, 165, -0.04435226321220398
21, 0, 15, 233, 191, -0.04104422405362129
21, 0, 16, 236, 211, -0.028482802212238312
21, 0, 17, 204, 190, -0.018751250579953194
21, 0, 18, 204, 167, -0.03869599848985672
21, 0, 19, 214, 181, -0.033594436943531036
21, 0, 20, 221, 197, -0.023115983232855797
21, 1, 0, 386, 355, -2.0521818555607751e-07
21, 1, 1, 356, 354, -0.013749941252171993
21, 1, 2, 333, 345, -0.028829514980316162
21, 1, 3, 320, 334, -0.04652246832847595
21, 1, 4, 321, 318, -0.06447186321020126
21, 1, 5, 333, 289, -0.01843145117163658
21, 1, 6, 322, 257, -0.038176145404577255
21, 1, 7, 314, 235, -0.05213996395468712
21, 1, 8, 308, 217, -0.06206656992435455
21, 1, 9, 352, 281, -0.023724669590592384
21, 1, 10, 335, 297, -0.055140066891908646
21, 1, 11, 335, 322, -0.06467126309871674
21, 1, 12, 340, 340, -0.06458480656147003
21, 1, 13, 370, 282, -0.03058306686580181
21, 1, 14, 352, 302, -0.056978482753038406
21, 1, 15, 352, 324, -0.052437275648117065
21, 1, 16, 354, 340, -0.0426458865404129
21, 1, 17, 388, 288, -0.03919843211770058
21, 1, 18, 372, 302, -0.05474840849637985
21, 1, 19, 367, 319, -0.048802658915519714
21, 1, 20, 366, 332, -0.038936082273721695
22, 0, 0, 238, 257, -1.3717445845884413e-08
22, 0, 1, 262, 237, -0.017702961340546608
22, 0, 2, 275, 208, -0.024124249815940857
22, 0, 3, 273, 181, -0.031852688640356064
22, 0, 4, 264, 161, -0.03936149552464485
22, 0, 5, 266, 174, -0.007709603291004896
22, 0, 6, 268, 140, -0.022016311064362526
22, 0, 7, 267, 118, -0.030237579718232155
22, 0, 8, 266, 98, -0.03527866676449776
22, 0, 9, 247, 175, -0.009419468231499195
22, 0, 10, 249, 152, -0.038556214421987534
22, 0, 11, 252, 174, -0.04763239622116089
22, 0, 12, 255, 195, -0.04504149779677391
22, 0, 13, 228, 179, -0.013471290469169617
22, 0, 14, 231, 163, -0.04285746067762375
22, 0, 15, 238, 185, -0.04222782328724861
22, 0, 16, 242, 204, -0.031964465975761414
22, 0, 17, 208, 186, -0.018954234197735786
22, 0, 18, 207, 163, -0.03728475794196129
22, 0, 19, 217, 173, -0.03372516110539436
22, 0, 20, 225, 187, -0.024916891008615494
22, 1, 0, 391, 342, -2.2705776814291312e-07
22, 1, 1, 363, 339, -0.007540995720773935
22, 1, 2, 336, 324, -0.01765166036784649
22, 1, 3, 326, 308, -0.03129240497946739
22, 1, 4, 332, 295, -0.04615924879908562
22, 1, 5, 343, 271, -0.008106354624032974
22, 1, 6, 334, 243, -0.02395709417760372
22, 1, 7, 328, 224, -0.03666852042078972
22, 1, 8, 323, 209, -0.046077534556388855
22, 1, 9, 362, 266, -0.016222985461354256
22, 1, 10, 345, 271, -0.044634513556957245
22, 1, 11, 341, 297, -0.05389884114265442
22, 1, 12, 343, 319, -0.05337943881750107
22, 1, 13, 381, 267, -0.025714349001646042
22, 1, 14, 362, 275, -0.05169816315174103
22, 1, 15, 358, 299, -0.04776976257562637
22, 1, 16, 360, 319, -0.037679411470890045
22, 1, 17, 400, 272, -0.03596558794379234
22, 1, 18, 382, 272, -0.051573630422353745
22, 1, 19, 376, 291, -0.044444888830184937
22, 1, 20, 377, 306, -0.0338386595249176
23, 0, 0, 250, 259, -2.2200799421057127e-08
23, 0, 1, 275, 246, -0.014267971739172935
23, 0, 2, 290, 217, -0.018806826323270798
23, 0, 3, 289, 192, -0.02541033923625946
23, 0, 4, 277, 173, -0.0327538400888443
23, 0, 5, 278, 177, -0.0065015098080039024
23, 0, 6, 282, 144, -0.01962723210453987
23, 0, 7, 282, 122, -0.027985407039523125
23, 0, 8, 280, 103, -0.03378506749868393
23, 0, 9, 259, 177, -0.00949559174478054
23, 0, 10, 260, 155, -0.03706004470586777
23, 0, 11, 271, 173, -0.04827072471380234
23, 0, 12, 276, 193, -0.0486825630068779
23, 0, 13, 240, 182, -0.01406483817845583
23, 0, 14, 240, 163, -0.042157839983701706
23, 0, 15, 253, 184, -0.04433290660381317
23, 0, 16, 261, 205, -0.03730697184801102
23, 0, 17, 221, 191, -0.01964521035552025
23, 0, 18, 219, 169, -0.03953344002366066
23, 0, 19, 234, 179, -0.03922082111239433
23, 0, 20, 244, 196, -0.033396027982234955
23, 1, 0, 399, 321, -1.776404161546452e-07
23, 1, 1, 373, 315, -0.009457774460315704
23, 1, 2, 349, 297, -0.01889945939183235
23, 1, 3, 342, 277, -0.03164587914943695
23, 1, 4, 347, 261, -0.04540446773171425
23, 1, 5, 357, 247, -0.007051244843751192
23, 1, 6, 349, 218, -0.023789485916495323
23, 1, 7, 343, 198, -0.037179868668317795
23, 1, 8, 338, 182, -0.04682186245918274
23, 1, 9, 375, 242, -0.013223560526967049
23, 1, 10, 358, 247, -0.04141155257821083
23, 1, 11, 351, 271, -0.050776127725839615
23, 1, 12, 350, 292, -0.05055524781346321
23, 1, 13, 392, 243, -0.021291321143507957
23, 1, 14, 373, 253, -0.04717129096388817
23, 1, 15, 370, 276, -0.043631840497255325
23, 1, 16, 370, 296, -0.03409544378519058
23, 1, 17, 409, 249, -0.03055471181869507
23, 1, 18, 392, 253, -0.04646744951605797
23, 1, 19, 388, 270, -0.04047175496816635
23, 1, 20, 387, 285, -0.030724091455340385
24, 0, 0, 262, 279, -3.1069848205333983e-07
24, 0, 1, 289, 259, -0.0059897443279623985
24, 0, 2, 303, 229, -0.008770928718149662
24, 0, 3, 300, 202, -0.016262710094451904
24, 0, 4, 291, 182, -0.02264230325818062
24, 0, 5, 290, 196, 0.0075454371981322765
24, 0, 6, 289, 170, -0.01909768208861351
24, 0, 7, 300, 186, -0.038201481103897095
24, 0, 8, 306, 205, -0.04460139945149422
24, 0, 9, 274, 194, 0.001642964780330658
24, 0, 10, 275, 171, -0.02625269815325737
24, 0, 11, 289, 192, -0.04029450938105583
24, 0, 12, 296, 214, -0.04206223785877228
24, 0, 13, 255, 195, -0.00805111974477768
24, 0, 14, 256, 175, -0.03394591435790062
24, 0, 15, 271, 199, -0.039001837372779846
24, 0, 16, 279, 222, -0.03345467150211334
24, 0, 17, 234, 199, -0.018506892025470734
24, 0, 18, 233, 177, -0.03429289907217026
24, 0, 19, 246, 187, -0.03423323109745979
24, 0, 20, 256, 203, -0.028150061145424843
24, 1, 0, 406, 301, -2.016450793007607e-07
24, 1, 1, 378, 290, -0.0063316598534584045
24, 1, 2, 358, 267, -0.011988498270511627
24, 1, 3, 353, 245, -0.021178197115659714
24, 1, 4, 357, 228, -0.031159719452261925
24, 1, 5, 369, 225, -0.0016802565660327673
24, 1, 6, 363, 196, -0.016586605459451675
24, 1, 7, 358, 175, -0.02895934134721756
24, 1, 8, 352, 159, -0.03753947466611862
24, 1, 9, 387, 221, -0.008268496952950954
24, 1, 10, 373, 222, -0.0335027277469635
24, 1, 11, 367, 245, -0.04147219657897949
24, 1, 12, 367, 266, -0.04047361761331558
24, 1, 13, 404, 222, -0.01666124537587166
24, 1, 14, 389, 225, -0.038999393582344055
24, 1, 15, 383, 247, -0.034759968519210815
24, 1, 16, 382, 266, -0.025500016286969185
24, 1, 17, 421, 228, -0.026165084913372993
24, 1, 18, 408, 225, -0.03905476629734039
24, 1, 19, 400, 241, -0.03192371129989624
24, 1, 20, 398, 257, -0.021946392953395844
25, 0, 0, 271, 297, -1.592282785622956e-07
25, 0, 1, 305, 283, -0.01771290972828865
25, 0, 2, 331, 251, -0.0238630548119545
25, 0, 3, 337, 220, -0.030990825966000557
25, 0, 4, 332, 197, -0.036634188145399094
25, 0, 5, 319, 213, -0.0037043734919279814
25, 0, 6, 326, 193, -0.031309984624385834
25, 0, 7, 334, 199, -0.05008411779999733
25, 0, 8, 342, 205, -0.05792719125747681
25, 0, 9, 298, 207, -0.004407654982060194
25, 0, 10, 310, 197, -0.03766899183392525
25, 0, 11, 322, 222, -0.05140340328216553
25, 0, 12, 329, 244, -0.051951199769973755
25, 0, 13, 276, 206, -0.00954094622284174
25, 0, 14, 289, 202, -0.04229935631155968
25, 0, 15, 302, 227, -0.044463757425546646
25, 0, 16, 308, 250, -0.03568704053759575
25, 0, 17, 252, 211, -0.01631229929625988
25, 0, 18, 265, 203, -0.040076352655887604
25, 0, 19, 278, 223, -0.03997686877846718
25, 0, 20, 286, 243, -0.032037269324064255
25, 1, 0, 410, 281, -6.808380703660077e-08
25, 1, 1, 382, 271, -0.009519623592495918
25, 1, 2, 364, 250, -0.01761527545750141
25, 1, 3, 363, 228, -0.028297126293182373
25, 1, 4, 371, 211, -0.03881147876381874
25, 1, 5, 370, 205, -0.005762305110692978
25, 1, 6, 365, 172, -0.023125793784856796
25, 1, 7, 364, 148, -0.037030719220638275
25, 1, 8, 362, 129, -0.04651954025030136
25, 1, 9, 389, 204, -0.011285585351288319
25, 1, 10, 381, 196, -0.03954337537288666
25, 1, 11, 379, 221, -0.04796374961733818
25, 1, 12, 379, 241, -0.04673604294657707
25, 1, 13, 408, 207, -0.018798476085066795
25, 1, 14, 400, 200, -0.043602775782346725
25, 1, 15, 395, 223, -0.03766397386789322
25, 1, 16, 395, 240, -0.026477454230189323
25, 1, 17, 427, 213, -0.027405403554439545
25, 1, 18, 419, 201, -0.04078693687915802
25, 1, 19, 413, 218, -0.03160843998193741
25, 1, 20, 411, 231, -0.019942890852689743
26, 0, 0, 286, 312, -1.091038015488266e-07
26, 0, 1, 317, 304, -0.013837199658155441
26, 0, 2, 344, 279, -0.020111704245209694
26, 0, 3, 352, 254, -0.028251543641090393
26, 0, 4, 345, 233, -0.036572542041540146
26, 0, 5, 335, 240, -0.013030960224568844
26, 0, 6, 342, 204, -0.03191028907895088
26, 0, 7, 345, 185, -0.042823292315006256
26, 0, 8, 348, 171, -0.04832642897963524
26, 0, 9, 315, 235, -0.015386012382805347
26, 0, 10, 330, 229, -0.04887460172176361
26, 0, 11, 333, 255, -0.05882875993847847
26, 0, 12, 333, 277, -0.05701620504260063
26, 0, 13, 293, 233, -0.019714878872036934
26, 0, 14, 308, 229, -0.05233777314424515
26, 0, 15, 313, 256, -0.050977710634469986
26, 0, 16, 314, 279, -0.04039110243320465
26, 0, 17, 271, 235, -0.025120167061686516
26, 0, 18, 283, 223, -0.049441639333963394
26, 0, 19, 293, 242, -0.04752405360341072
26, 0, 20, 299, 261, -0.03865157812833786
26, 1, 0, 411, 267, -1.1539734856569339e-07
26, 1, 1, 383, 255, -0.006664271466434002
26, 1, 2, 363, 230, -0.011709535494446754
26, 1, 3, 358, 207, -0.020141050219535828
26, 1, 4, 359, 190, -0.02878744900226593
26, 1, 5, 373, 190, -0.0027799017261713743
26, 1, 6, 370, 156, -0.01749781332910061
26, 1, 7, 370, 134, -0.027555884793400764
26, 1, 8, 371, 116, -0.0341823510825634
26, 1, 9, 393, 191, -0.00954930018633604
26, 1, 10, 389, 176, -0.038344740867614746
26, 1, 11, 386, 202, -0.04486110061407089
26, 1, 12, 385, 225, -0.040900424122810364
26, 1, 13, 412, 195, -0.01806068979203701
26, 1, 14, 406, 184, -0.044510096311569214
26, 1, 15, 400, 209, -0.038902003318071365
26, 1, 16, 398, 229, -0.026554180309176445
26, 1, 17, 431, 203, -0.027124211192131042
26, 1, 18, 427, 185, -0.04263219237327576
26, 1, 19, 420, 201, -0.03483515605330467
26, 1, 20, 415, 217, -0.02359095960855484
27, 0, 0, 284, 320, -8.211872426500122e-08
27, 0, 1, 316, 308, -0.011992914602160454
27, 0, 2, 341, 290, -0.02019369974732399
27, 0, 3, 351, 269, -0.03143765404820442
27, 0, 4, 350, 247, -0.04310547560453415
27, 0, 5, 338, 256, -0.01075037382543087
27, 0, 6, 353, 219, -0.02782970480620861
27, 0, 7, 364, 198, -0.03648454323410988
27, 0, 8, 372, 181, -0.04086962714791298
27, 0, 9, 320, 252, -0.016239607706665993
27, 0, 10, 335, 236, -0.04886338487267494
27, 0, 11, 332, 262, -0.05630261451005936
27, 0, 12, 327, 284, -0.05257447436451912
27, 0, 13, 301, 251, -0.023801559582352638
27, 0, 14, 316, 237, -0.05364781245589256
27, 0, 15, 316, 261, -0.0492384098470211
27, 0, 16, 312, 281, -0.03694913536310196
27, 0, 17, 280, 252, -0.032639361917972565
27, 0, 18, 289, 228, -0.0512850247323513
27, 0, 19, 298, 239, -0.04594491794705391
27, 0, 20, 303, 256, -0.03602389991283417
27, 1, 0, 419, 261, -1.2134607629832317e-07
27, 1, 1, 393, 250, -0.014066198840737343
27, 1, 2, 375, 226, -0.023691672831773758
27, 1, 3, 376, 202, -0.035537924617528915
27, 1, 4, 383, 185, -0.04668502137064934
27, 1, 5, 377, 183, -0.008049234747886658
27, 1, 6, 372, 149, -0.02542005479335785
27, 1, 7, 372, 126, -0.036818649619817734
27, 1, 8, 373, 108, -0.044416435062885284
27, 1, 9, 398, 182, -0.0128767816349864
27, 1, 10, 393, 170, -0.04466065764427185
27, 1, 11, 392, 197, -0.052006226032972336
27, 1, 12, 395, 218, -0.048114143311977386
27, 1, 13, 417, 185, -0.020244380459189415
27, 1, 14, 411, 177, -0.04846758767962456
27, 1, 15, 407, 202, -0.04220592603087425
27, 1, 16, 407, 220, -0.029275644570589066
27, 1, 17, 436, 192, -0.029176659882068634
27, 1, 18, 431, 179, -0.04441596940159798
27, 1, 19, 424, 194, -0.03621264174580574
27, 1, 20, 421, 208, -0.02494461089372635
28, 0, 0, 279, 312, -7.858499628810023e-08
28, 0, 1, 314, 298, -0.006980487145483494
28, 0, 2, 341, 274, -0.011161134578287601
28, 0, 3, 353, 250, -0.01951965130865574
28, 0, 4, 355, 229, -0.026809705421328545
28, 0, 5, 331, 237, -0.0029281736351549625
28, 0, 6, 348, 210, -0.026844102889299393
28, 0, 7, 356, 217, -0.04116341844201088
28, 0, 8, 359, 228, -0.04603132605552673
28, 0, 9, 312, 232, -0.008605591021478176
28, 0, 10, 330, 230, -0.03725248947739601
28, 0, 11, 332, 254, -0.04717164859175682
28, 0, 12, 329, 273, -0.04679382964968681
28, 0, 13, 292, 232, -0.017205551266670227
28, 0, 14, 310, 236, -0.045929938554763794
28, 0, 15, 313, 261, -0.04585951566696167
28, 0, 16, 311, 280, -0.03679041564464569
28, 0, 17, 270, 236, -0.026560965925455093
28, 0, 18, 285, 230, -0.04659111052751541
28, 0, 19, 295, 248, -0.04405000060796738
28, 0, 20, 300, 266, -0.034990452229976654
28, 1, 0, 423, 260, -1.25987398291727e-07
28, 1, 1, 397, 250, -0.01430272776633501
28, 1, 2, 378, 225, -0.023811403661966324
28, 1, 3, 378, 201, -0.03554411605000496
28, 1, 4, 386, 184, -0.04668024927377701
28, 1, 5, 380, 182, -0.010118831880390644
28, 1, 6, 375, 147, -0.028841810300946236
28, 1, 7, 375, 125, -0.04048983380198479
28, 1, 8, 376, 106, -0.04817402735352516
28, 1, 9, 400, 181, -0.014785810373723507
28, 1, 10, 395, 167, -0.04801509156823158
28, 1, 11, 394, 194, -0.05487741902470589
28, 1, 12, 397, 214, -0.05022769793868065
28, 1, 13, 420, 183, -0.021947331726551056
28, 1, 14, 414, 176, -0.0505417063832283
28, 1, 15, 410, 201, -0.043615613132715225
28, 1, 16, 410, 218, -0.03001398779451847
28, 1, 17, 439, 190, -0.03080642595887184
28, 1, 18, 435, 177, -0.04521417245268822
28, 1, 19, 427, 192, -0.03681384399533272
28, 1, 20, 424, 204, -0.025560349225997925
29, 0, 0, 274, 296, 1.411328724998384e-07
29, 0, 1, 309, 281, -0.008433318696916103
29, 0, 2, 340, 252, -0.012894387356936932
29, 0, 3, 352, 227, -0.019545642659068108
29, 0, 4, 349, 207, -0.026799166575074196
29, 0, 5, 324, 213, -0.006352464202791452
29, 0, 6, 328, 189, -0.023603405803442
29, 0, 7, 336, 176, -0.036431632936000824
29, 0, 8, 343, 169, -0.04345640167593956
29, 0, 9, 302, 208, -0.010268161073327065
29, 0, 10, 314, 209, -0.03403045982122421
29, 0, 11, 324, 231, -0.042661942541599274
29, 0, 12, 328, 251, -0.043452370911836624
29, 0, 13, 280, 212, -0.015874067321419716
29, 0, 14, 295, 217, -0.03994229808449745
29, 0, 15, 304, 240, -0.038604702800512314
29, 0, 16, 309, 260, -0.03135289251804352
29, 0, 17, 257, 221, -0.022516557946801186
29, 0, 18, 274, 222, -0.04109038785099983
29, 0, 19, 285, 240, -0.03929935395717621
29, 0, 20, 292, 257, -0.03247356414794922
29, 1, 0, 424, 267, -1.222415448864922e-07
29, 1, 1, 398, 256, -0.015491761267185211
29, 1, 2, 383, 232, -0.025154484435915947
29, 1, 3, 385, 209, -0.03695587441325188
29, 1, 4, 389, 191, -0.04795961081981659
29, 1, 5, 380, 189, -0.007651047315448523
29, 1, 6, 375, 153, -0.025920161977410316
29, 1, 7, 375, 131, -0.03811013698577881
29, 1, 8, 377, 111, -0.04581902548670769
29, 1, 9, 400, 187, -0.011807182803750038
29, 1, 10, 397, 169, -0.04459720104932785
29, 1, 11, 397, 195, -0.05365726724267006
29, 1, 12, 398, 218, -0.050265371799468994
29, 1, 13, 419, 189, -0.018622634932398796
29, 1, 14, 416, 178, -0.04774902015924454
29, 1, 15, 412, 203, -0.04400045797228813
29, 1, 16, 411, 222, -0.031962908804416656
29, 1, 17, 439, 195, -0.027023855596780777
29, 1, 18, 435, 180, -0.04305673763155937
29, 1, 19, 428, 197, -0.03635965287685394
29, 1, 20, 424, 213, -0.025619665160775185
30, 0, 0, 258, 286, -5.159883187388914e-08
30, 0, 1, 287, 267, -0.00401657959446311
30, 0, 2, 303, 240, -0.006626438815146685
30, 0, 3, 306, 216, -0.013651123270392418
30, 0, 4, 301, 197, -0.020072290673851967
30, 0, 5, 294, 207, 0.008005429059267044
30, 0, 6, 293, 182, -0.017490429803729057
30, 0, 7, 302, 197, -0.03631468489766121
30, 0, 8, 309, 213, -0.043148670345544815
30, 0, 9, 278, 205, 0.0009332573972642422
30, 0, 10, 281, 181, -0.024362510070204735
30, 0, 11, 294, 200, -0.03754777833819389
30, 0, 12, 300, 220, -0.039900753647089005
30, 0, 13, 259, 206, -0.009612263180315495
30, 0, 14, 265, 190, -0.034152448177337646
30, 0, 15, 278, 211, -0.039187874644994736
30, 0, 16, 284, 231, -0.034359898418188095
30, 0, 17, 239, 211, -0.020592568442225456
30, 0, 18, 243, 191, -0.03480241447687149
30, 0, 19, 255, 202, -0.03389345109462738
30, 0, 20, 264, 218, -0.02781541272997856
30, 1, 0, 419, 280, -2.2519513720453688e-07
30, 1, 1, 393, 271, -0.011669628322124481
30, 1, 2, 376, 242, -0.017466308549046516
30, 1, 3, 379, 215, -0.02626018039882183
30, 1, 4, 387, 196, -0.03491012006998062
30, 1, 5, 379, 201, -0.004887496121227741
30, 1, 6, 374, 164, -0.021501068025827408
30, 1, 7, 372, 140, -0.03208300843834877
30, 1, 8, 371, 121, -0.03883893042802811
30, 1, 9, 399, 201, -0.009963413700461388
30, 1, 10, 392, 185, -0.04179581254720688
30, 1, 11, 391, 215, -0.04840517044067383
30, 1, 12, 394, 239, -0.04357267543673515
30, 1, 13, 418, 204, -0.017468232661485672
30, 1, 14, 410, 192, -0.04631498456001282
30, 1, 15, 406, 220, -0.039625439792871475
30, 1, 16, 408, 240, -0.0257740281522274
30, 1, 17, 437, 209, -0.026306966319680214
30, 1, 18, 432, 191, -0.04179183393716812
30, 1, 19, 424, 209, -0.033116623759269714
30, 1, 20, 421, 225, -0.02124788798391819
31, 0, 0, 247, 266, 2.8338136282002324e-09
31, 0, 1, 274, 248, -0.006775381043553352
31, 0, 2, 289, 220, -0.009402547962963581
31, 0, 3, 288, 195, -0.01560056209564209
31, 0, 4, 280, 176, -0.020832881331443787
31, 0, 5, 277, 187, 0.009084937162697315
31, 0, 6, 273, 164, -0.01471033040434122
31, 0, 7, 284, 178, -0.03266763314604759
31, 0, 8, 290, 195, -0.03884642943739891
31, 0, 9, 260, 186, 0.0046159024350345135
31, 0, 10, 260, 163, -0.019999178126454353
31, 0, 11, 274, 182, -0.03374366834759712
31, 0, 12, 281, 202, -0.036021556705236435
31, 0, 13, 243, 188, -0.0034569010604172945
31, 0, 14, 243, 170, -0.025838788598775864
31, 0, 15, 258, 189, -0.03033553436398506
31, 0, 16, 265, 209, -0.025304626673460007
31, 0, 17, 223, 194, -0.012403642758727074
31, 0, 18, 224, 174, -0.026133975014090538
31, 0, 19, 236, 184, -0.025864683091640472
31, 0, 20, 245, 200, -0.020033370703458786
31, 1, 0, 415, 297, -3.034417659364408e-07
31, 1, 1, 387, 288, -0.010738714598119259
31, 1, 2, 368, 263, -0.01852635107934475
31, 1, 3, 370, 240, -0.029689732939004898
31, 1, 4, 378, 224, -0.040776945650577545
31, 1, 5, 371, 220, -0.005411176010966301
31, 1, 6, 364, 186, -0.021237533539533615
31, 1, 7, 359, 166, -0.03212437406182289
31, 1, 8, 354, 151, -0.0394357293844223
31, 1, 9, 391, 218, -0.01149502582848072
31, 1, 10, 383, 209, -0.04048985615372658
31, 1, 11, 384, 235, -0.047569386661052704
31, 1, 12, 388, 258, -0.04493829607963562
31, 1, 13, 411, 220, -0.019948769360780716
31, 1, 14, 401, 213, -0.04564424976706505
31, 1, 15, 400, 238, -0.039063554257154465
31, 1, 16, 402, 258, -0.027359331026673317
31, 1, 17, 431, 225, -0.030006639659404755
31, 1, 18, 424, 210, -0.04400261864066124
31, 1, 19, 416, 227, -0.03543223440647125
31, 1, 20, 413, 244, -0.02476837858557701
32, 0, 0, 232, 247, 2.195070720745207e-07
32, 0, 1, 258, 232, -0.014287743717432022
32, 0, 2, 269, 204, -0.017260296270251274
32, 0, 3, 267, 181, -0.02058219723403454
32, 0, 4, 260, 165, -0.024418098852038383
32, 0, 5, 266, 171, -0.006058468949049711
32, 0, 6, 273, 140, -0.01956290379166603
32, 0, 7, 279, 117, -0.030165471136569977
32, 0, 8, 281, 96, -0.03748099133372307
32, 0, 9, 246, 169, -0.0074977264739573
32, 0, 10, 244, 142, -0.031814198940992355
32, 0, 11, 255, 161, -0.04251137375831604
32, 0, 12, 262, 181, -0.04270871356129646
32, 0, 13, 227, 172, -0.01050262525677681
32, 0, 14, 227, 154, -0.03549583628773689
32, 0, 15, 239, 174, -0.03683155030012131
32, 0, 16, 246, 194, -0.029219945892691612
32, 0, 17, 207, 180, -0.01454900112003088
32, 0, 18, 206, 161, -0.0318608321249485
32, 0, 19, 218, 170, -0.029872434213757515
32, 0, 20, 227, 185, -0.02262895181775093
32, 1, 0, 414, 305, -2.281923201508107e-07
32, 1, 1, 388, 300, -0.013729766011238098
32, 1, 2, 367, 283, -0.024976296350359917
32, 1, 3, 364, 265, -0.03866003453731537
32, 1, 4, 367, 249, -0.05205679312348366
32, 1, 5, 364, 234, -0.014808954671025276
32, 1, 6, 354, 198, -0.033987320959568024
32, 1, 7, 350, 175, -0.04623304679989815
32, 1, 8, 346, 157, -0.05443357303738594
32, 1, 9, 384, 230, -0.01948084868490696
32, 1, 10, 375, 228, -0.052643924951553345
32, 1, 11, 378, 256, -0.059582971036434174
32, 1, 12, 383, 276, -0.05618390068411827
32, 1, 13, 404, 231, -0.026346636936068535
32, 1, 14, 394, 233, -0.054813217371702194
32, 1, 15, 394, 257, -0.047502368688583374
32, 1, 16, 396, 274, -0.03438699617981911
32, 1, 17, 424, 235, -0.034899719059467316
32, 1, 18, 415, 230, -0.050549574196338654
32, 1, 19, 411, 246, -0.042303718626499176
32, 1, 20, 410, 259, -0.030813518911600113
33, 0, 0, 219, 233, 1.1925175158467027e-07
33, 0, 1, 243, 217, -0.016657037660479546
33, 0, 2, 257, 188, -0.0213070809841156
33, 0, 3, 253, 161, -0.026326099410653114
33, 0, 4, 242, 142, -0.031651925295591354
33, 0, 5, 251, 157, -0.0075114089995622635
33, 0, 6, 257, 125, -0.021652599796652794
33, 0, 7, 261, 103, -0.030486533418297768
33, 0, 8, 262, 84, -0.03596187010407448
33, 0, 9, 231, 156, -0.0080742621794343
33, 0, 10, 229, 130, -0.03494064882397652
33, 0, 11, 238, 151, -0.04363895207643509
33, 0, 12, 241, 170, -0.041520435363054276
33, 0, 13, 211, 160, -0.010469889268279076
33, 0, 14, 211, 141, -0.03830398991703987
33, 0, 15, 220, 164, -0.03591299429535866
33, 0, 16, 222, 183, -0.02492082118988037
33, 0, 17, 192, 167, -0.014096121303737164
33, 0, 18, 191, 146, -0.03215945139527321
33, 0, 19, 200, 158, -0.027323810383677483
33, 0, 20, 204, 172, -0.01778470352292061
33, 1, 0, 417, 307, -2.8680619834631216e-07
33, 1, 1, 390, 300, -0.0059200311079621315
33, 1, 2, 369, 280, -0.012998083606362343
33, 1, 3, 366, 259, -0.023940974846482277
33, 1, 4, 373, 244, -0.036135416477918625
33, 1, 5, 376, 234, -0.009221501648426056
33, 1, 6, 367, 201, -0.025556378066539764
33, 1, 7, 360, 179, -0.03785528242588043
33, 1, 8, 353, 162, -0.047225285321474075
33, 1, 9, 395, 230, -0.016984472051262856
33, 1, 10, 380, 232, -0.044537752866744995
33, 1, 11, 380, 256, -0.051871150732040405
33, 1, 12, 384, 274, -0.05105922743678093
33, 1, 13, 413, 231, -0.02595963142812252
33, 1, 14, 396, 237, -0.04942275956273079
33, 1, 15, 395, 259, -0.04286491125822067
33, 1, 16, 398, 276, -0.03260020911693573
33, 1, 17, 431, 236, -0.03613445535302162
33, 1, 18, 414, 237, -0.049744442105293274
33, 1, 19, 410, 253, -0.041921645402908325
33, 1, 20, 410, 267, -0.03183139115571976
34, 0, 0, 211, 230, -2.4244206642265453e-09
34, 0, 1, 234, 211, -0.017222970724105835
34, 0, 2, 247, 181, -0.021827049553394318
34, 0, 3, 242, 153, -0.027031131088733673
34, 0, 4, 230, 133, -0.032003436237573624
34, 0, 5, 242, 151, -0.004242063034325838
34, 0, 6, 248, 118, -0.01691615767776966
34, 0, 7, 249, 97, -0.024291539564728737
34, 0, 8, 248, 77, -0.02948477305471897
34, 0, 9, 222, 150, -0.005558411590754986
34, 0, 10, 222, 125, -0.0318114273250103
34, 0, 11, 224, 151, -0.03920945152640343
34, 0, 12, 225, 170, -0.035830628126859665
34, 0, 13, 203, 154, -0.00917141791433096
34, 0, 14, 204, 136, -0.03767196461558342
34, 0, 15, 211, 160, -0.03486298769712448
34, 0, 16, 212, 177, -0.023354319855570793
34, 0, 17, 184, 162, -0.014086623676121235
34, 0, 18, 181, 139, -0.03274199739098549
34, 0, 19, 190, 151, -0.027696702629327774
34, 0, 20, 198, 165, -0.017871038988232613
34, 1, 0, 422, 300, -2.1094081148476107e-07
34, 1, 1, 398, 292, -0.00611158786341548
34, 1, 2, 379, 269, -0.0119215939193964
34, 1, 3, 380, 248, -0.02102687768638134
34, 1, 4, 387, 234, -0.031328704208135605
34, 1, 5, 382, 225, -0.006823711097240448
34, 1, 6, 378, 193, -0.022521281614899635
34, 1, 7, 379, 170, -0.03496122732758522
34, 1, 8, 380, 151, -0.0442664735019207
34, 1, 9, 403, 220, -0.014136959798634052
34, 1, 10, 392, 227, -0.03997993469238281
34, 1, 11, 393, 250, -0.04675915837287903
34, 1, 12, 395, 268, -0.04555792361497879
34, 1, 13, 422, 222, -0.022731661796569824
34, 1, 14, 409, 231, -0.043826185166835785
34, 1, 15, 408, 253, -0.03649221733212471
34, 1, 16, 408, 269, -0.026444319635629654
34, 1, 17, 441, 229, -0.03268036991357803
34, 1, 18, 428, 234, -0.04480255767703056
34, 1, 19, 423, 252, -0.03617335110902786
34, 1, 20, 423, 264, -0.025727160274982452
35, 0, 0, 209, 231, -2.684284261533776e-08
35, 0, 1, 232, 214, -0.019133785739541054
35, 0, 2, 245, 183, -0.025299817323684692
35, 0, 3, 241, 154, -0.0319991409778595
35, 0, 4, 229, 132, -0.038339242339134216
35, 0, 5, 240, 152, -0.004093663301318884
35, 0, 6, 246, 118, -0.016873963177204132
35, 0, 7, 248, 96, -0.023327959701418877
35, 0, 8, 248, 77, -0.0276079960167408
35, 0, 9, 221, 151, -0.004644828848540783
35, 0, 10, 221, 126, -0.030103027820587158
35, 0, 11, 221, 152, -0.03575017675757408
35, 0, 12, 222, 169, -0.031160801649093628
35, 0, 13, 202, 155, -0.00793129950761795
35, 0, 14, 203, 136, -0.03660847619175911
35, 0, 15, 208, 161, -0.03229307383298874
35, 0, 16, 210, 177, -0.019775789231061935
35, 0, 17, 183, 162, -0.012631840072572231
35, 0, 18, 181, 139, -0.03112889640033245
35, 0, 19, 189, 152, -0.024979615584015846
35, 0, 20, 194, 165, -0.014427388086915016
35, 1, 0, 427, 295, -1.9470213885597332e-07
35, 1, 1, 403, 286, -0.007051756605505943
35, 1, 2, 386, 262, -0.013179046101868153
35, 1, 3, 389, 241, -0.02230915240943432
35, 1, 4, 398, 227, -0.03244239091873169
35, 1, 5, 393, 217, -0.006821454036980867
35, 1, 6, 391, 184, -0.022148149088025093
35, 1, 7, 392, 161, -0.03459303453564644
35, 1, 8, 392, 143, -0.0438624732196331
35, 1, 9, 414, 214, -0.013692336156964302
35, 1, 10, 405, 217, -0.04089479148387909
35, 1, 11, 405, 241, -0.0488264225423336
35, 1, 12, 406, 259, -0.04769470542669296
35, 1, 13, 433, 218, -0.021841630339622498
35, 1, 14, 421, 224, -0.0443296805024147
35, 1, 15, 419, 246, -0.03842615336179733
35, 1, 16, 419, 262, -0.028463153168559074
35, 1, 17, 451, 226, -0.03124987706542015
35, 1, 18, 439, 228, -0.044614966958761215
35, 1, 19, 434, 246, -0.03694561868906021
35, 1, 20, 432, 259, -0.02666773833334446
36, 0, 0, 208, 237, -5.233332700527171e-08
36, 0, 1, 233, 220, -0.019005104899406433
36, 0, 2, 246, 191, -0.02476588264107704
36, 0, 3, 244, 162, -0.03131270036101341
36, 0, 4, 234, 141, -0.03769056871533394
36, 0, 5, 243, 159, -0.0037456080317497253
36, 0, 6, 251, 125, -0.017161166295409203
36, 0, 7, 253, 103, -0.02432849258184433
36, 0, 8, 253, 83, -0.02906353957951069
36, 0, 9, 224, 157, -0.004545213654637337
36, 0, 10, 224, 130, -0.03224673494696617
36, 0, 11, 225, 156, -0.03975299000740051
36, 0, 12, 225, 175, -0.03569818288087845
36, 0, 13, 205, 161, -0.008022724650800228
36, 0, 14, 206, 141, -0.03916976973414421
36, 0, 15, 211, 167, -0.03656191751360893
36, 0, 16, 212, 185, -0.024128546938300133
36, 0, 17, 185, 167, -0.012791449204087257
36, 0, 18, 183, 144, -0.03335385397076607
36, 0, 19, 191, 157, -0.028611699119210243
36, 0, 20, 197, 170, -0.01841649040579796
36, 1, 0, 432, 296, -1.8884554719988955e-07
36, 1, 1, 408, 287, -0.010694073513150215
36, 1, 2, 392, 262, -0.017486311495304108
36, 1, 3, 394, 239, -0.02651815302670002
36, 1, 4, 399, 223, -0.03554334118962288
36, 1, 5, 397, 217, -0.008188433945178986
36, 1, 6, 395, 183, -0.02437005192041397
36, 1, 7, 397, 160, -0.035599395632743835
36, 1, 8, 399, 142, -0.04324185475707054
36, 1, 9, 418, 215, -0.013460583053529263
36, 1, 10, 414, 212, -0.043478257954120636
36, 1, 11, 411, 237, -0.051149286329746246
36, 1, 12, 411, 258, -0.04820072650909424
36, 1, 13, 437, 220, -0.020515890792012215
36, 1, 14, 430, 222, -0.04642108082771301
36, 1, 15, 425, 245, -0.04097156599164009
36, 1, 16, 423, 261, -0.029527340084314346
36, 1, 17, 455, 228, -0.028887026011943817
36, 1, 18, 448, 225, -0.043255019932985306
36, 1, 19, 441, 241, -0.03564050793647766
36, 1, 20, 437, 253, -0.02476927824318409
37, 0, 0, 209, 244, -9.485750496196488e-08
37, 0, 1, 234, 228, -0.017768995836377144
37, 0, 2, 248, 199, -0.022696757689118385
37, 0, 3, 246, 171, -0.02840276062488556
37, 0, 4, 238, 151, -0.0340142622590065
37, 0, 5, 246, 167, -0.005700199399143457
37, 0, 6, 255, 134, -0.019285311922430992
37, 0, 7, 258, 113, -0.026405829936265945
37, 0, 8, 259, 93, -0.031084472313523293
37, 0, 9, 226, 165, -0.006627371069043875
37, 0, 10, 228, 140, -0.03474469110369682
37, 0, 11, 228, 168, -0.04172351211309433
37, 0, 12, 227, 187, -0.037197958678007126
37, 0, 13, 207, 167, -0.009846851229667664
37, 0, 14, 209, 150, -0.04058602824807167
37, 0, 15, 214, 178, -0.03719387575984001
37, 0, 16, 214, 196, -0.024196717888116837
37, 0, 17, 187, 173, -0.0142347551882267
37, 0, 18, 186, 150, -0.03403790295124054
37, 0, 19, 195, 165, -0.02829994633793831
37, 0, 20, 200, 179, -0.017409034073352814
37, 1, 0, 433, 305, -2.076949385809712e-07
37, 1, 1, 406, 295, -0.013355320319533348
37, 1, 2, 389, 269, -0.021105380728840828
37, 1, 3, 391, 245, -0.03104744851589203
37, 1, 4, 398, 227, -0.04076763242483139
37, 1, 5, 397, 225, -0.009669370017945766
37, 1, 6, 394, 190, -0.027864426374435425
37, 1, 7, 395, 167, -0.039838727563619614
37, 1, 8, 397, 148, -0.047765374183654785
37, 1, 9, 417, 225, -0.014123307541012764
37, 1, 10, 412, 215, -0.04626738280057907
37, 1, 11, 407, 243, -0.053169239312410355
37, 1, 12, 406, 266, -0.04919123277068138
37, 1, 13, 436, 230, -0.02097402885556221
37, 1, 14, 430, 224, -0.04960285872220993
37, 1, 15, 422, 249, -0.0433923676609993
37, 1, 16, 420, 268, -0.0305715873837471
37, 1, 17, 454, 238, -0.029309293255209923
37, 1, 18, 449, 227, -0.046175677329301834
37, 1, 19, 439, 244, -0.03901144117116928
37, 1, 20, 435, 258, -0.028023112565279007
38, 0, 0, 205, 254, -6.37331680763964e-08
38, 0, 1, 230, 240, -0.02088410221040249
38, 0, 2, 243, 211, -0.027654999867081642
38, 0, 3, 245, 184, -0.03482803329825401
38, 0, 4, 244, 161, -0.041409555822610855
38, 0, 5, 242, 178, -0.00910087488591671
38, 0, 6, 253, 144, -0.025139762088656425
38, 0, 7, 258, 122, -0.03358469903469086
38, 0, 8, 261, 103, -0.03876104950904846
38, 0, 9, 223, 176, -0.009067350067198277
38, 0, 10, 228, 151, -0.04126528277993202
38, 0, 11, 228, 179, -0.048950958997011185
38, 0, 12, 226, 200, -0.0439031757414341
38, 0, 13, 203, 178, -0.011855131946504116
38, 0, 14, 208, 162, -0.04520100727677345
38, 0, 15, 212, 190, -0.04192308336496353
38, 0, 16, 212, 209, -0.0280645489692688
38, 0, 17, 184, 183, -0.016198093071579933
38, 0, 18, 187, 162, -0.037752024829387665
38, 0, 19, 195, 177, -0.032822877168655396
38, 0, 20, 199, 193, -0.021915607154369354
38, 1, 0, 430, 318, -2.49107557692696e-07
38, 1, 1, 403, 310, -0.010414841584861279
38, 1, 2, 382, 287, -0.017649201676249504
38, 1, 3, 378, 266, -0.027647174894809723
38, 1, 4, 379, 250, -0.03762143477797508
38, 1, 5, 392, 237, -0.009923924691975117
38, 1, 6, 388, 202, -0.027618395164608955
38, 1, 7, 389, 178, -0.040646038949489594
38, 1, 8, 388, 159, -0.04975953698158264
38, 1, 9, 413, 235, -0.015742452815175056
38, 1, 10, 404, 231, -0.0460372194647789
38, 1, 11, 399, 258, -0.05340070277452469
38, 1, 12, 398, 281, -0.051235660910606384
38, 1, 13, 432, 239, -0.023587195202708244
38, 1, 14, 423, 238, -0.049882110208272934
38, 1, 15, 416, 263, -0.04325517639517784
38, 1, 16, 413, 282, -0.03165389224886894
38, 1, 17, 451, 248, -0.03293851390480995
38, 1, 18, 444, 241, -0.04893440753221512
38, 1, 19, 435, 257, -0.041756175458431244
38, 1, 20, 429, 272, -0.03128337487578392
39, 0, 0, 197, 263, -6.143812569803231e-09
39, 0, 1, 223, 251, -0.02090509608387947
39, 0, 2, 241, 225, -0.028551941737532616
39, 0, 3, 247, 200, -0.03627492114901543
39, 0, 4, 248, 178, -0.043592192232608795
39, 0, 5, 237, 186, -0.012728903442621231
39, 0, 6, 249, 154, -0.02888709492981434
39, 0, 7, 255, 133, -0.037629079073667526
39, 0, 8, 259, 114, -0.04273814335465431
39, 0, 9, 218, 184, -0.01311791967600584
39, 0, 10, 224, 161, -0.04453926160931587
39, 0, 11, 226, 187, -0.05211271345615387
39, 0, 12, 226, 210, -0.04728841036558151
39, 0, 13, 197, 187, -0.016093019396066666
39, 0, 14, 203, 176, -0.048307497054338455
39, 0, 15, 206, 202, -0.045135702937841415
39, 0, 16, 206, 221, -0.03196403756737709
39, 0, 17, 176, 193, -0.02064608782529831
39, 0, 18, 181, 175, -0.04101473465561867
39, 0, 19, 189, 191, -0.03541821986436844
39, 0, 20, 193, 206, -0.024366004392504692
39, 1, 0, 431, 341, -3.3568545632078894e-07
39, 1, 1, 400, 335, -0.01089461613446474
39, 1, 2, 374, 318, -0.02086424082517624
39, 1, 3, 363, 303, -0.033244065940380096
39, 1, 4, 359, 292, -0.04625711590051651
39, 1, 5, 381, 257, -0.012577309273183346
39, 1, 6, 374, 228, -0.030276674777269363
39, 1, 7, 372, 208, -0.04540500417351723
39, 1, 8, 371, 191, -0.05660342052578926
39, 1, 9, 404, 251, -0.01912253350019455
39, 1, 10, 392, 259, -0.04679149016737938
39, 1, 11, 388, 287, -0.05670105665922165
39, 1, 12, 387, 310, -0.05784425139427185
39, 1, 13, 425, 254, -0.02736995927989483
39, 1, 14, 411, 267, -0.05086208134889603
39, 1, 15, 405, 291, -0.04701988026499748
39, 1, 16, 402, 311, -0.03862321376800537
39, 1, 17, 445, 262, -0.03736060485243797
39, 1, 18, 433, 267, -0.05139689892530441
39, 1, 19, 424, 285, -0.04535216838121414
39, 1, 20, 419, 301, -0.03637058287858963
40, 0, 0, 181, 277, 1.350242673225921e-08
40, 0, 1, 207, 268, -0.02023337595164776
40, 0, 2, 230, 240, -0.02915346994996071
40, 0, 3, 241, 216, -0.03820415213704109
40, 0, 4, 250, 196, -0.04699859768152237
40, 0, 5, 221, 200, -0.016616949811577797
40, 0, 6, 234, 167, -0.03588442504405975
40, 0, 7, 243, 146, -0.046904388815164566
40, 0, 8, 249, 127, -0.053934041410684586
40, 0, 9, 199, 197, -0.01830505020916462
40, 0, 10, 211, 176, -0.05123506113886833
40, 0, 11, 215, 204, -0.058520182967185974
40, 0, 12, 212, 227, -0.05464623123407364
40, 0, 13, 178, 201, -0.02241535857319832
40, 0, 14, 189, 190, -0.05447452515363693
40, 0, 15, 193, 216, -0.047850944101810455
40, 0, 16, 192, 234, -0.03399699926376343
40, 0, 17, 157, 208, -0.028216321021318436
40, 0, 18, 167, 194, -0.048411205410957336
40, 0, 19, 174, 211, -0.040687430649995804
40, 0, 20, 173, 226, -0.029082415625452995
40, 1, 0, 432, 361, -2.67264198328121e-07
40, 1, 1, 402, 356, -0.01915828511118889
40, 1, 2, 373, 346, -0.03731900081038475
40, 1, 3, 356, 337, -0.05744539573788643
40, 1, 4, 352, 327, -0.07810530811548233
40, 1, 5, 380, 282, -0.021789465099573135
40, 1, 6, 368, 250, -0.044681400060653687
40, 1, 7, 363, 229, -0.062161438167095184
40, 1, 8, 358, 211, -0.07464567571878433
40, 1, 9, 401, 275, -0.026606231927871704
40, 1, 10, 385, 285, -0.06226523965597153
40, 1, 11, 378, 314, -0.07488413155078888
40, 1, 12, 376, 336, -0.07649724930524826
40, 1, 13, 421, 277, -0.033931974321603775
40, 1, 14, 405, 291, -0.06557702273130417
40, 1, 15, 397, 316, -0.06338091194629669
40, 1, 16, 393, 337, -0.05402940884232521
40, 1, 17, 441, 284, -0.04335315153002739
40, 1, 18, 427, 292, -0.062300194054841995
40, 1, 19, 418, 311, -0.057143572717905045
40, 1, 20, 413, 327, -0.04749483987689018
41, 0, 0, 157, 290, 8.985983157572264e-08
41, 0, 1, 188, 281, -0.018489209935069084
41, 0, 2, 213, 254, -0.02644338458776474
41, 0, 3, 227, 232, -0.03449666500091553
41, 0, 4, 240, 216, -0.04342448338866234
41, 0, 5, 198, 210, -0.017072351649403572
41, 0, 6, 210, 180, -0.03433762118220329
41, 0, 7, 220, 161, -0.04740128293633461
41, 0, 8, 228, 146, -0.05658869445323944
41, 0, 9, 173, 209, -0.01837661862373352
41, 0, 10, 180, 193, -0.04500043764710426
41, 0, 11, 185, 216, -0.05447914078831673
41, 0, 12, 187, 235, -0.05565294623374939
41, 0, 13, 150, 215, -0.02160939760506153
41, 0, 14, 157, 204, -0.04661683738231659
41, 0, 15, 162, 225, -0.042811013758182526
41, 0, 16, 162, 242, -0.03467902913689613
41, 0, 17, 127, 225, -0.026549823582172394
41, 0, 18, 134, 215, -0.04341758415102959
41, 0, 19, 140, 230, -0.03795436769723892
41, 0, 20, 140, 245, -0.029782110825181007
41, 1, 0, 436, 379, -2.8361654358377564e-07
41, 1, 1, 406, 375, -0.01396558154374361
41, 1, 2, 377, 364, -0.02916680835187435
41, 1, 3, 355, 359, -0.0475093312561512
41, 1, 4, 342, 363, -0.06743884086608887
41, 1, 5, 379, 307, -0.0193015206605196
41, 1, 6, 362, 276, -0.04030194878578186
41, 1, 7, 354, 256, -0.055623605847358704
41, 1, 8, 349, 241, -0.06644497066736221
41, 1, 9, 399, 300, -0.02683359943330288
41, 1, 10, 379, 313, -0.06061440706253052
41, 1, 11, 371, 341, -0.0728304535150528
41, 1, 12, 369, 362, -0.07442431151866913
41, 1, 13, 419, 302, -0.03613010421395302
41, 1, 14, 400, 322, -0.06589268893003464
41, 1, 15, 392, 347, -0.06500716507434845
41, 1, 16, 389, 366, -0.056959278881549835
41, 1, 17, 438, 310, -0.047117430716753006
41, 1, 18, 424, 322, -0.06298460811376572
41, 1, 19, 416, 341, -0.05734333023428917
41, 1, 20, 413, 356, -0.048109836876392365
42, 0, 0, 129, 308, 2.1894429380608926e-07
42, 0, 1, 162, 301, -0.014709314331412315
42, 0, 2, 188, 271, -0.013481692411005497
42, 0, 3, 205, 250, -0.012085865251719952
42, 0, 4, 216, 237, -0.011137587949633598
42, 0, 5, 168, 227, 0.0023531815968453884
42, 0, 6, 178, 198, -0.0014782598009333014
42, 0, 7, 187, 183, -0.0076902564615011215
42, 0, 8, 193, 173, -0.013248860836029053
42, 0, 9, 145, 230, 0.002184398239478469
42, 0, 10, 151, 213, -0.0016593262553215027
42, 0, 11, 157, 210, -0.00872012134641409
42, 0, 12, 161, 207, -0.014618140645325184
42, 0, 13, 122, 241, -0.0006950031965970993
42, 0, 14, 129, 232, -0.010395393706858158
42, 0, 15, 133, 240, -0.012948563322424889
42, 0, 16, 133, 245, -0.013899236917495728
42, 0, 17, 102, 257, -0.00525458250194788
42, 0, 18, 106, 251, -0.013677837327122688
42, 0, 19, 108, 259, -0.011428042314946651
42, 0, 20, 108, 266, -0.008626101538538933
42, 1, 0, 442, 400, -3.5658442243402533e-07
42, 1, 1, 410, 399, -0.013791547156870365
42, 1, 2, 379, 390, -0.030175726860761642
42, 1, 3, 357, 387, -0.0494677908718586
42, 1, 4, 344, 391, -0.06992173939943314
42, 1, 5, 382, 331, -0.020080607384443283
42, 1, 6, 362, 304, -0.04338674992322922
42, 1, 7, 350, 290, -0.060437239706516266
42, 1, 8, 342, 282, -0.07135026156902313
42, 1, 9, 402, 324, -0.028243105858564377
42, 1, 10, 378, 344, -0.059436097741127014
42, 1, 11, 369, 371, -0.07034788280725479
42, 1, 12, 368, 389, -0.07207456976175308
42, 1, 13, 422, 328, -0.03844913840293884
42, 1, 14, 400, 354, -0.06492829322814941
42, 1, 15, 395, 377, -0.06152034178376198
42, 1, 16, 395, 391, -0.05332169681787491
42, 1, 17, 441, 337, -0.05065035820007324
42, 1, 18, 424, 356, -0.06417560577392578
42, 1, 19, 417, 375, -0.056050855666399
42, 1, 20, 416, 387, -0.04556664079427719
43, 0, 0, 450, 421, -4.4287756395533506e-07
43, 0, 1, 414, 419, -0.012882024981081486
43, 0, 2, 383, 413, -0.028509851545095444
43, 0, 3, 360, 413, -0.046516064554452896
43, 0, 4, 343, 414, -0.06547121703624725
43, 0, 5, 387, 351, -0.020786656066775322
43, 0, 6, 371, 332, -0.04469740390777588
43, 0, 7, 361, 323, -0.06280587613582611
43, 0, 8, 350, 318, -0.0743035078048706
43, 0, 9, 408, 345, -0.029142899438738823
43, 0, 10, 384, 369, -0.05798520892858505
43, 0, 11, 374, 400, -0.06869149953126907
43, 0, 12, 371, 420, -0.07142086327075958
43, 0, 13, 428, 353, -0.03942475840449333
43, 0, 14, 405, 383, -0.0652756541967392
43, 0, 15, 397, 407, -0.06358712166547775
43, 0, 16, 395, 423, -0.05685533955693245
43, 0, 17, 447, 366, -0.051246028393507004
43, 0, 18, 427, 389, -0.06635268032550812
43, 0, 19, 419, 407, -0.060643065720796585
43, 0, 20, 416, 418, -0.05168179050087929
43, 1, 0, 0, 0, 0.0
43, 1, 1, 0, 0, 0.0
43, 1, 2, 0, 0, 0.0
43, 1, 3, 0, 0, 0.0
43, 1, 4, 0, 0, 0.0
43, 1, 5, 0, 0, 0.0
43, 1, 6, 0, 0, 0.0
43, 1, 7, 0, 0, 0.0
43, 1, 8, 0, 0, 0.0
43, 1, 9, 0, 0, 0.0
43, 1, 10, 0, 0, 0.0
43, 1, 11, 0, 0, 0.0
43, 1, 12, 0, 0, 0.0
43, 1, 13, 0, 0, 0.0
43, 1, 14, 0, 0, 0.0
43, 1, 15, 0, 0, 0.0
43, 1, 16, 0, 0, 0.0
43, 1, 17, 0, 0, 0.0
43, 1, 18, 0, 0, 0.0
43, 1, 19, 0, 0, 0.0
43, 1, 20, 0, 0, 0.0
44, 0, 0, 458, 435, -4.848887442676642e-07
44, 0, 1, 421, 433, -0.010213258676230907
44, 0, 2, 389, 428, -0.025040078908205032
44, 0, 3, 365, 432, -0.04239092022180557
44, 0, 4, 345, 440, -0.061185531318187714
44, 0, 5, 395, 371, -0.020649446174502373
44, 0, 6, 376, 358, -0.04664388298988342
44, 0, 7, 364, 357, -0.06668087840080261
44, 0, 8, 352, 359, -0.078715980052948
44, 0, 9, 415, 367, -0.030080782249569893
44, 0, 10, 388, 395, -0.05819709599018097
44, 0, 11, 377, 426, -0.06948963552713394
44, 0, 12, 372, 447, -0.07345002144575119
44, 0, 13, 436, 377, -0.04137546941637993
44, 0, 14, 409, 409, -0.0663849264383316
44, 0, 15, 399, 434, -0.0670294314622879
44, 0, 16, 394, 450, -0.06274745613336563
44, 0, 17, 453, 393, -0.053752023726701736
44, 0, 18, 433, 419, -0.06877610087394714
44, 0, 19, 423, 435, -0.0650995522737503
44, 0, 20, 419, 445, -0.058512233197689056
44, 1, 0, 0, 0, 0.0
44, 1, 1, 0, 0, 0.0
44, 1, 2, 0, 0, 0.0
44, 1, 3, 0, 0, 0.0
44, 1, 4, 0, 0, 0.0
44, 1, 5, 0, 0, 0.0
44, 1, 6, 0, 0, 0.0
44, 1, 7, 0, 0, 0.0
44, 1, 8, 0, 0, 0.0
44, 1, 9, 0, 0, 0.0
44, 1, 10, 0, 0, 0.0
44, 1, 11, 0, 0, 0.0
44, 1, 12, 0, 0, 0.0
44, 1, 13, 0, 0, 0.0
44, 1, 14, 0, 0, 0.0
44, 1, 15, 0, 0, 0.0
44, 1, 16, 0, 0, 0.0
44, 1, 17, 0, 0, 0.0
44, 1, 18, 0, 0, 0.0
44, 1, 19, 0, 0, 0.0
44, 1, 20, 0, 0, 0.0
45, 0, 0, 461, 454, -4.998750000595464e-07
45, 0, 1, 424, 452, -0.007870256900787354
45, 0, 2, 393, 448, -0.021618925034999847
45, 0, 3, 370, 452, -0.03758212924003601
45, 0, 4, 349, 460, -0.054738909006118774
45, 0, 5, 401, 391, -0.019109994173049927
45, 0, 6, 380, 383, -0.044173188507556915
45, 0, 7, 365, 387, -0.06371212005615234
45, 0, 8, 353, 397, -0.07502340525388718
45, 0, 9, 419, 390, -0.028214430436491966
45, 0, 10, 391, 417, -0.0517544187605381
45, 0, 11, 379, 445, -0.06203047186136246
45, 0, 12, 374, 464, -0.06668081134557724
45, 0, 13, 438, 401, -0.038820914924144745
45, 0, 14, 411, 431, -0.05935800075531006
45, 0, 15, 402, 453, -0.059705618768930435
45, 0, 16, 399, 468, -0.05682135373353958
45, 0, 17, 455, 418, -0.05027385428547859
45, 0, 18, 434, 444, -0.0642436221241951
45, 0, 19, 425, 459, -0.061247970908880234
45, 0, 20, 421, 468, -0.055526040494441986
45, 1, 0, 0, 0, 0.0
45, 1, 1, 0, 0, 0.0
45, 1, 2, 0, 0, 0.0
45, 1, 3, 0, 0, 0.0
45, 1, 4, 0, 0, 0.0
45, 1, 5, 0, 0, 0.0
45, 1, 6, 0, 0, 0.0
45, 1, 7, 0, 0, 0.0
45, 1, 8, 0, 0, 0.0
45, 1, 9, 0, 0, 0.0
45, 1, 10, 0, 0, 0.0
45, 1, 11, 0, 0, 0.0
45, 1, 12, 0, 0, 0.0
45, 1, 13, 0, 0, 0.0
45, 1, 14, 0, 0, 0.0
45, 1, 15, 0, 0, 0.0
45, 1, 16, 0, 0, 0.0
45, 1, 17, 0, 0, 0.0
45, 1, 18, 0, 0, 0.0
45, 1, 19, 0, 0, 0.0
45, 1, 20, 0, 0, 0.0
46, 0, 0, 479, 457, -5.292364448905573e-07
46, 0, 1, 441, 453, -0.0019050441915169358
46, 0, 2, 410, 448, -0.008447637781500816
46, 0, 3, 388, 449, -0.01724490150809288
46, 0, 4, 370, 454, -0.027198467403650284
46, 0, 5, 406, 409, -0.01619100384414196
46, 0, 6, 380, 405, -0.03560766205191612
46, 0, 7, 363, 415, -0.0491512157022953
46, 0, 8, 353, 428, -0.05652657523751259
46, 0, 9, 422, 410, -0.025164585560560226
46, 0, 10, 393, 439, -0.03899681568145752
46, 0, 11, 382, 464, -0.043795373290777206
46, 0, 12, 380, 480, -0.047614872455596924
46, 0, 13, 439, 422, -0.03488798066973686
46, 0, 14, 412, 455, -0.0473804846405983
46, 0, 15, 405, 473, -0.04607529565691948
46, 0, 16, 404, 484, -0.04542406648397446
46, 0, 17, 456, 439, -0.04505806043744087
46, 0, 18, 436, 468, -0.05474988371133804
46, 0, 19, 430, 481, -0.05132708698511124
46, 0, 20, 427, 489, -0.047260984778404236
46, 1, 0, 0, 0, 0.0
46, 1, 1, 0, 0, 0.0
46, 1, 2, 0, 0, 0.0
46, 1, 3, 0, 0, 0.0
46, 1, 4, 0, 0, 0.0
46, 1, 5, 0, 0, 0.0
46, 1, 6, 0, 0, 0.0
46, 1, 7, 0, 0, 0.0
46, 1, 8, 0, 0, 0.0
46, 1, 9, 0, 0, 0.0
46, 1, 10, 0, 0, 0.0
46, 1, 11, 0, 0, 0.0
46, 1, 12, 0, 0, 0.0
46, 1, 13, 0, 0, 0.0
46, 1, 14, 0, 0, 0.0
46, 1, 15, 0, 0, 0.0
46, 1, 16, 0, 0, 0.0
46, 1, 17, 0, 0, 0.0
46, 1, 18, 0, 0, 0.0
46, 1, 19, 0, 0, 0.0
46, 1, 20, 0, 0, 0.0
47, 0, 0, 493, 456, -3.8677114844176685e-07
47, 0, 1, 457, 452, 0.0004651027556974441
47, 0, 2, 424, 450, -0.004478751681745052
47, 0, 3, 401, 455, -0.011590000241994858
47, 0, 4, 384, 463, -0.019945090636610985
47, 0, 5, 407, 425, -0.014910046011209488
47, 0, 6, 378, 426, -0.03386673703789711
47, 0, 7, 360, 438, -0.04551083967089653
47, 0, 8, 350, 452, -0.05149492621421814
47, 0, 9, 422, 429, -0.024492453783750534
47, 0, 10, 390, 457, -0.040271081030368805
47, 0, 11, 382, 483, -0.04466318339109421
47, 0, 12, 382, 500, -0.047721508890390396
47, 0, 13, 440, 440, -0.034738168120384216
47, 0, 14, 413, 471, -0.05172599107027054
47, 0, 15, 407, 495, -0.05235018953680992
47, 0, 16, 406, 510, -0.05158132687211037
47, 0, 17, 460, 456, -0.044616661965847015
47, 0, 18, 441, 481, -0.05755561217665672
47, 0, 19, 436, 498, -0.05669179931282997
47, 0, 20, 434, 509, -0.05442756786942482
47, 1, 0, 0, 0, 0.0
47, 1, 1, 0, 0, 0.0
47, 1, 2, 0, 0, 0.0
47, 1, 3, 0, 0, 0.0
47, 1, 4, 0, 0, 0.0
47, 1, 5, 0, 0, 0.0
47, 1, 6, 0, 0, 0.0
47, 1, 7, 0, 0, 0.0
47, 1, 8, 0, 0, 0.0
47, 1, 9, 0, 0, 0.0
47, 1, 10, 0, 0, 0.0
47, 1, 11, 0, 0, 0.0
47, 1, 12, 0, 0, 0.0
47, 1, 13, 0, 0, 0.0
47, 1, 14, 0, 0, 0.0
47, 1, 15, 0, 0, 0.0
47, 1, 16, 0, 0, 0.0
47, 1, 17, 0, 0, 0.0
47, 1, 18, 0, 0, 0.0
47, 1, 19, 0, 0, 0.0
47, 1, 20, 0, 0, 0.0
48, 0, 0, 494, 458, -2.586053255981824e-07
48, 0, 1, 459, 458, -0.0015873629599809647
48, 0, 2, 420, 461, -0.0063612982630729675
48, 0, 3, 395, 470, -0.012475819326937199
48, 0, 4, 376, 482, -0.020284850150346756
48, 0, 5, 404, 436, -0.016425732523202896
48, 0, 6, 377, 439, -0.03478815779089928
48, 0, 7, 359, 452, -0.047635458409786224
48, 0, 8, 346, 465, -0.05620868504047394
48, 0, 9, 419, 439, -0.025770146399736404
48, 0, 10, 388, 465, -0.0430324450135231
48, 0, 11, 385, 491, -0.0487743578851223
48, 0, 12, 387, 507, -0.05235840380191803
48, 0, 13, 438, 449, -0.035546623170375824
48, 0, 14, 412, 475, -0.054496195167303085
48, 0, 15, 410, 499, -0.05572929605841637
48, 0, 16, 411, 514, -0.05466458201408386
48, 0, 17, 460, 462, -0.04496132209897041
48, 0, 18, 443, 484, -0.06314358860254288
48, 0, 19, 439, 501, -0.06501556932926178
48, 0, 20, 439, 513, -0.06344462931156158
48, 1, 0, 0, 0, 0.0
48, 1, 1, 0, 0, 0.0
48, 1, 2, 0, 0, 0.0
48, 1, 3, 0, 0, 0.0
48, 1, 4, 0, 0, 0.0
48, 1, 5, 0, 0, 0.0
48, 1, 6, 0, 0, 0.0
48, 1, 7, 0, 0, 0.0
48, 1, 8, 0, 0, 0.0
48, 1, 9, 0, 0, 0.0
48, 1, 10, 0, 0, 0.0
48, 1, 11, 0, 0, 0.0
48, 1, 12, 0, 0, 0.0
48, 1, 13, 0, 0, 0.0
48, 1, 14, 0, 0, 0.0
48, 1, 15, 0, 0, 0.0
48, 1, 16, 0, 0, 0.0
48, 1, 17, 0, 0, 0.0
48, 1, 18, 0, 0, 0.0
48, 1, 19, 0, 0, 0.0
48, 1, 20, 0, 0, 0.0
49, 0, 0, 493, 460, -2.0675810219472623e-07
49, 0, 1, 461, 458, -0.0019607502035796642
49, 0, 2, 424, 463, -0.007684033364057541
49, 0, 3, 399, 472, -0.014267497695982456
49, 0, 4, 382, 485, -0.022795507684350014
49, 0, 5, 404, 442, -0.02236863411962986
49, 0, 6, 376, 446, -0.04367776960134506
49, 0, 7, 358, 458, -0.0583157055079937
49, 0, 8, 345, 469, -0.06783155351877213
49, 0, 9, 417, 446, -0.03214069455862045
49, 0, 10, 387, 471, -0.05277421697974205
49, 0, 11, 385, 498, -0.0587860606610775
49, 0, 12, 389, 513, -0.06165953725576401
49, 0, 13, 438, 457, -0.042135823518037796
49, 0, 14, 412, 482, -0.06432437896728516
49, 0, 15, 410, 507, -0.06623858213424683
49, 0, 16, 413, 522, -0.06468397378921509
49, 0, 17, 460, 470, -0.051477644592523575
49, 0, 18, 443, 492, -0.07138976454734802
49, 0, 19, 439, 509, -0.07359753549098969
49, 0, 20, 438, 520, -0.07188388705253601
49, 1, 0, 0, 0, 0.0
49, 1, 1, 0, 0, 0.0
49, 1, 2, 0, 0, 0.0
49, 1, 3, 0, 0, 0.0
49, 1, 4, 0, 0, 0.0
49, 1, 5, 0, 0, 0.0
49, 1, 6, 0, 0, 0.0
49, 1, 7, 0, 0, 0.0
49, 1, 8, 0, 0, 0.0
49, 1, 9, 0, 0, 0.0
49, 1, 10, 0, 0, 0.0
49, 1, 11, 0, 0, 0.0
49, 1, 12, 0, 0, 0.0
49, 1, 13, 0, 0, 0.0
49, 1, 14, 0, 0, 0.0
49, 1, 15, 0, 0, 0.0
49, 1, 16, 0, 0, 0.0
49, 1, 17, 0, 0, 0.0
49, 1, 18, 0, 0, 0.0
49, 1, 19, 0, 0, 0.0
49, 1, 20, 0, 0, 0.0
50, 0, 0, 492, 460, -1.8279258995335113e-07
50, 0, 1, 460, 458, -0.00010844918870134279
50, 0, 2, 422, 461, -0.005988552700728178
50, 0, 3, 395, 469, -0.012669840827584267
50, 0, 4, 375, 480, -0.021363845095038414
50, 0, 5, 405, 443, -0.025831103324890137
50, 0, 6, 375, 447, -0.04678460583090782
50, 0, 7, 356, 460, -0.06077637895941734
50, 0, 8, 342, 472, -0.06987178325653076
50, 0, 9, 418, 447, -0.03627642244100571
50, 0, 10, 385, 470, -0.05648358538746834
50, 0, 11, 380, 495, -0.06259449571371078
50, 0, 12, 383, 510, -0.0659424290060997
50, 0, 13, 437, 458, -0.046237826347351074
50, 0, 14, 408, 481, -0.06645168364048004
50, 0, 15, 403, 504, -0.06816735118627548
50, 0, 16, 405, 518, -0.06740923970937729
50, 0, 17, 458, 472, -0.05531945079565048
50, 0, 18, 437, 492, -0.07354286313056946
50, 0, 19, 431, 508, -0.0758216381072998
50, 0, 20, 430, 518, -0.07487931102514267
50, 1, 0, 0, 0, 0.0
50, 1, 1, 0, 0, 0.0
50, 1, 2, 0, 0, 0.0
50, 1, 3, 0, 0, 0.0
50, 1, 4, 0, 0, 0.0
50, 1, 5, 0, 0, 0.0
50, 1, 6, 0, 0, 0.0
50, 1, 7, 0, 0, 0.0
50, 1, 8, 0, 0, 0.0
50, 1, 9, 0, 0, 0.0
50, 1, 10, 0, 0, 0.0
50, 1, 11, 0, 0, 0.0
50, 1, 12, 0, 0, 0.0
50, 1, 13, 0, 0, 0.0
50, 1, 14, 0, 0, 0.0
50, 1, 15, 0, 0, 0.0
50, 1, 16, 0, 0, 0.0
50, 1, 17, 0, 0, 0.0
50, 1, 18, 0, 0, 0.0
50, 1, 19, 0, 0, 0.0
50, 1, 20, 0, 0, 0.0
51, 0, 0, 486, 462, -1.6280890235975676e-07
51, 0, 1, 452, 460, 0.0009622942889109254
51, 0, 2, 416, 464, -0.005874869413673878
51, 0, 3, 391, 474, -0.013517718762159348
51, 0, 4, 373, 486, -0.023468157276511192
51, 0, 5, 401, 443, -0.02867943048477173
51, 0, 6, 372, 448, -0.04869912192225456
51, 0, 7, 353, 461, -0.062059514224529266
51, 0, 8, 340, 473, -0.0710466057062149
51, 0, 9, 415, 447, -0.039433423429727554
51, 0, 10, 383, 470, -0.05803146958351135
51, 0, 11, 376, 495, -0.06371176242828369
51, 0, 12, 377, 512, -0.06770430505275726
51, 0, 13, 434, 458, -0.04925708472728729
51, 0, 14, 406, 483, -0.06675005704164505
51, 0, 15, 400, 506, -0.06732126325368881
51, 0, 16, 400, 519, -0.06684020161628723
51, 0, 17, 455, 473, -0.05824553593993187
51, 0, 18, 435, 495, -0.07508834451436996
51, 0, 19, 428, 510, -0.07711555063724518
51, 0, 20, 426, 520, -0.07640239596366882
51, 1, 0, 0, 0, 0.0
51, 1, 1, 0, 0, 0.0
51, 1, 2, 0, 0, 0.0
51, 1, 3, 0, 0, 0.0
51, 1, 4, 0, 0, 0.0
51, 1, 5, 0, 0, 0.0
51, 1, 6, 0, 0, 0.0
51, 1, 7, 0, 0, 0.0
51, 1, 8, 0, 0, 0.0
51, 1, 9, 0, 0, 0.0
51, 1, 10, 0, 0, 0.0
51, 1, 11, 0, 0, 0.0
51, 1, 12, 0, 0, 0.0
51, 1, 13, 0, 0, 0.0
51, 1, 14, 0, 0, 0.0
51, 1, 15, 0, 0, 0.0
51, 1, 16, 0, 0, 0.0
51, 1, 17, 0, 0, 0.0
51, 1, 18, 0, 0, 0.0
51, 1, 19, 0, 0, 0.0
51, 1, 20, 0, 0, 0.0
52, 0, 0, 481, 461, -1.8362878506650304e-07
52, 0, 1, 449, 458, -0.0003988526004832238
52, 0, 2, 414, 463, -0.007853138260543346
52, 0, 3, 389, 472, -0.015844717621803284
52, 0, 4, 372, 486, -0.02637326531112194
52, 0, 5, 399, 443, -0.031309325248003006
52, 0, 6, 370, 449, -0.05231448635458946
52, 0, 7, 351, 463, -0.06601041555404663
52, 0, 8, 338, 475, -0.07501053810119629
52, 0, 9, 413, 447, -0.04140641912817955
52, 0, 10, 382, 471, -0.06030157953500748
52, 0, 11, 374, 496, -0.06561669707298279
52, 0, 12, 374, 512, -0.0695188120007515
52, 0, 13, 432, 458, -0.050799284130334854
52, 0, 14, 405, 485, -0.06920477747917175
52, 0, 15, 397, 508, -0.07011092454195023
52, 0, 16, 396, 521, -0.06990795582532883
52, 0, 17, 453, 473, -0.059370432049036026
52, 0, 18, 433, 497, -0.07782216370105743
52, 0, 19, 425, 513, -0.08081521838903427
52, 0, 20, 422, 523, -0.08075107634067535
52, 1, 0, 0, 0, 0.0
52, 1, 1, 0, 0, 0.0
52, 1, 2, 0, 0, 0.0
52, 1, 3, 0, 0, 0.0
52, 1, 4, 0, 0, 0.0
52, 1, 5, 0, 0, 0.0
52, 1, 6, 0, 0, 0.0
52, 1, 7, 0, 0, 0.0
52, 1, 8, 0, 0, 0.0
52, 1, 9, 0, 0, 0.0
52, 1, 10, 0, 0, 0.0
52, 1, 11, 0, 0, 0.0
52, 1, 12, 0, 0, 0.0
52, 1, 13, 0, 0, 0.0
52, 1, 14, 0, 0, 0.0
52, 1, 15, 0, 0, 0.0
52, 1, 16, 0, 0, 0.0
52, 1, 17, 0, 0, 0.0
52, 1, 18, 0, 0, 0.0
52, 1, 19, 0, 0, 0.0
52, 1, 20, 0, 0, 0.0
53, 0, 0, 473, 462, -1.4530822056713077e-07
53, 0, 1, 441, 458, -0.004050068091601133
53, 0, 2, 407, 462, -0.014755651354789734
53, 0, 3, 382, 473, -0.024924300611019135
53, 0, 4, 364, 486, -0.03785906359553337
53, 0, 5, 397, 443, -0.04027290269732475
53, 0, 6, 367, 450, -0.06306427717208862
53, 0, 7, 349, 465, -0.07744411379098892
53, 0, 8, 336, 477, -0.08672475814819336
53, 0, 9, 412, 448, -0.04899449646472931
53, 0, 10, 380, 472, -0.06912629306316376
53, 0, 11, 370, 497, -0.07497351616621017
53, 0, 12, 367, 513, -0.07971455901861191
53, 0, 13, 430, 460, -0.05684736743569374
53, 0, 14, 404, 488, -0.07549086213111877
53, 0, 15, 394, 510, -0.07641218602657318
53, 0, 16, 391, 523, -0.07681534439325333
53, 0, 17, 450, 474, -0.06412001699209213
53, 0, 18, 431, 499, -0.08249248564243317
53, 0, 19, 423, 513, -0.08490819483995438
53, 0, 20, 420, 522, -0.08482284098863602
53, 1, 0, 0, 0, 0.0
53, 1, 1, 0, 0, 0.0
53, 1, 2, 0, 0, 0.0
53, 1, 3, 0, 0, 0.0
53, 1, 4, 0, 0, 0.0
53, 1, 5, 0, 0, 0.0
53, 1, 6, 0, 0, 0.0
53, 1, 7, 0, 0, 0.0
53, 1, 8, 0, 0, 0.0
53, 1, 9, 0, 0, 0.0
53, 1, 10, 0, 0, 0.0
53, 1, 11, 0, 0, 0.0
53, 1, 12, 0, 0, 0.0
53, 1, 13, 0, 0, 0.0
53, 1, 14, 0, 0, 0.0
53, 1, 15, 0, 0, 0.0
53, 1, 16, 0, 0, 0.0
53, 1, 17, 0, 0, 0.0
53, 1, 18, 0, 0, 0.0
53, 1, 19, 0, 0, 0.0
53, 1, 20, 0, 0, 0.0
54, 0, 0, 465, 462, -1.6543768310839368e-07
54, 0, 1, 435, 456, -0.0028753154911100864
54, 0, 2, 403, 458, -0.011203937232494354
54, 0, 3, 380, 467, -0.01906571537256241
54, 0, 4, 364, 480, -0.029585538432002068
54, 0, 5, 394, 443, -0.03349084407091141
54, 0, 6, 365, 451, -0.051447078585624695
54, 0, 7, 347, 464, -0.062760129570961
54, 0, 8, 334, 475, -0.0705961361527443
54, 0, 9, 409, 449, -0.04104163870215416
54, 0, 10, 379, 473, -0.057066161185503006
54, 0, 11, 372, 495, -0.061002351343631744
54, 0, 12, 372, 508, -0.06479168683290482
54, 0, 13, 427, 461, -0.04767199978232384
54, 0, 14, 401, 487, -0.06244959682226181
54, 0, 15, 394, 507, -0.06189371272921562
54, 0, 16, 392, 517, -0.061858102679252625
54, 0, 17, 445, 475, -0.0538143627345562
54, 0, 18, 426, 497, -0.06852129101753235
54, 0, 19, 419, 511, -0.0693708211183548
54, 0, 20, 417, 519, -0.06877783685922623
54, 1, 0, 0, 0, 0.0
54, 1, 1, 0, 0, 0.0
54, 1, 2, 0, 0, 0.0
54, 1, 3, 0, 0, 0.0
54, 1, 4, 0, 0, 0.0
54, 1, 5, 0, 0, 0.0
54, 1, 6, 0, 0, 0.0
54, 1, 7, 0, 0, 0.0
54, 1, 8, 0, 0, 0.0
54, 1, 9, 0, 0, 0.0
54, 1, 10, 0, 0, 0.0
54, 1, 11, 0, 0, 0.0
54, 1, 12, 0, 0, 0.0
54, 1, 13, 0, 0, 0.0
54, 1, 14, 0, 0, 0.0
54, 1, 15, 0, 0, 0.0
54, 1, 16, 0, 0, 0.0
54, 1, 17, 0, 0, 0.0
54, 1, 18, 0, 0, 0.0
54, 1, 19, 0, 0, 0.0
54, 1, 20, 0, 0, 0.0
55, 0, 0, 459, 460, -1.4887041288602632e-07
55, 0, 1, 431, 454, -0.004014149308204651
55, 0, 2, 401, 456, -0.01319378986954689
55, 0, 3, 378, 464, -0.021485622972249985
55, 0, 4, 362, 475, -0.03257936239242554
55, 0, 5, 393, 442, -0.037497036159038544
55, 0, 6, 363, 452, -0.05578654259443283
55, 0, 7, 346, 465, -0.06699430197477341
55, 0, 8, 332, 477, -0.07472750544548035
55, 0, 9, 408, 450, -0.04453601688146591
55, 0, 10, 377, 475, -0.06038214638829231
55, 0, 11, 368, 497, -0.06451985239982605
55, 0, 12, 366, 510, -0.06882317364215851
55, 0, 13, 426, 462, -0.05048804730176926
55, 0, 14, 399, 489, -0.0647241547703743
55, 0, 15, 390, 508, -0.06396394968032837
55, 0, 16, 386, 518, -0.06409228593111038
55, 0, 17, 443, 476, -0.0560271292924881
55, 0, 18, 424, 498, -0.07023542374372482
55, 0, 19, 416, 511, -0.07072380930185318
55, 0, 20, 412, 519, -0.06999840587377548
55, 1, 0, 0, 0, 0.0
55, 1, 1, 0, 0, 0.0
55, 1, 2, 0, 0, 0.0
55, 1, 3, 0, 0, 0.0
55, 1, 4, 0, 0, 0.0
55, 1, 5, 0, 0, 0.0
55, 1, 6, 0, 0, 0.0
55, 1, 7, 0, 0, 0.0
55, 1, 8, 0, 0, 0.0
55, 1, 9, 0, 0, 0.0
55, 1, 10, 0, 0, 0.0
55, 1, 11, 0, 0, 0.0
55, 1, 12, 0, 0, 0.0
55, 1, 13, 0, 0, 0.0
55, 1, 14, 0, 0, 0.0
55, 1, 15, 0, 0, 0.0
55, 1, 16, 0, 0, 0.0
55, 1, 17, 0, 0, 0.0
55, 1, 18, 0, 0, 0.0
55, 1, 19, 0, 0, 0.0
55, 1, 20, 0, 0, 0.0
56, 0, 0, 454, 460, -1.145943144820194e-07
56, 0, 1, 426, 454, -0.0038045933470129967
56, 0, 2, 396, 457, -0.013350398279726505
56, 0, 3, 374, 465, -0.022092901170253754
56, 0, 4, 358, 476, -0.03375045582652092
56, 0, 5, 392, 444, -0.03926596790552139
56, 0, 6, 362, 453, -0.058165885508060455
56, 0, 7, 344, 466, -0.06965001672506332
56, 0, 8, 330, 477, -0.0775117352604866
56, 0, 9, 406, 450, -0.046872470527887344
56, 0, 10, 377, 474, -0.0636373981833458
56, 0, 11, 367, 496, -0.06837130337953568
56, 0, 12, 363, 510, -0.0729176253080368
56, 0, 13, 424, 462, -0.05318767949938774
56, 0, 14, 399, 488, -0.06784743070602417
56, 0, 15, 390, 505, -0.06666052341461182
56, 0, 16, 386, 515, -0.06634130328893661
56, 0, 17, 441, 475, -0.059064023196697235
56, 0, 18, 423, 496, -0.07343554496765137
56, 0, 19, 415, 507, -0.07320044934749603
56, 0, 20, 412, 515, -0.071852907538414
56, 1, 0, 0, 0, 0.0
56, 1, 1, 0, 0, 0.0
56, 1, 2, 0, 0, 0.0
56, 1, 3, 0, 0, 0.0
56, 1, 4, 0, 0, 0.0
56, 1, 5, 0, 0, 0.0
56, 1, 6, 0, 0, 0.0
56, 1, 7, 0, 0, 0.0
56, 1, 8, 0, 0, 0.0
56, 1, 9, 0, 0, 0.0
56, 1, 10, 0, 0, 0.0
56, 1, 11, 0, 0, 0.0
56, 1, 12, 0, 0, 0.0
56, 1, 13, 0, 0, 0.0
56, 1, 14, 0, 0, 0.0
56, 1, 15, 0, 0, 0.0
56, 1, 16, 0, 0, 0.0
56, 1, 17, 0, 0, 0.0
56, 1, 18, 0, 0, 0.0
56, 1, 19, 0, 0, 0.0
56, 1, 20, 0, 0, 0.0
57, 0, 0, 450, 460, -9.452661231534876e-08
57, 0, 1, 425, 453, -0.005346737802028656
57, 0, 2, 396, 456, -0.015849148854613304
57, 0, 3, 375, 466, -0.02518598362803459
57, 0, 4, 360, 478, -0.037145234644412994
57, 0, 5, 390, 444, -0.039137646555900574
57, 0, 6, 359, 453, -0.05787728354334831
57, 0, 7, 341, 466, -0.06968064606189728
57, 0, 8, 328, 478, -0.07764987647533417
57, 0, 9, 404, 452, -0.045427821576595306
57, 0, 10, 375, 478, -0.06168597936630249
57, 0, 11, 365, 498, -0.06667256355285645
57, 0, 12, 361, 511, -0.07154315710067749
57, 0, 13, 420, 465, -0.05056189000606537
57, 0, 14, 394, 489, -0.06491395086050034
57, 0, 15, 386, 505, -0.06350080668926239
57, 0, 16, 382, 514, -0.06284241378307343
57, 0, 17, 436, 477, -0.055360548198223114
57, 0, 18, 416, 495, -0.06925000995397568
57, 0, 19, 409, 507, -0.06836309283971786
57, 0, 20, 406, 514, -0.0663396418094635
57, 1, 0, 0, 0, 0.0
57, 1, 1, 0, 0, 0.0
57, 1, 2, 0, 0, 0.0
57, 1, 3, 0, 0, 0.0
57, 1, 4, 0, 0, 0.0
57, 1, 5, 0, 0, 0.0
57, 1, 6, 0, 0, 0.0
57, 1, 7, 0, 0, 0.0
57, 1, 8, 0, 0, 0.0
57, 1, 9, 0, 0, 0.0
57, 1, 10, 0, 0, 0.0
57, 1, 11, 0, 0, 0.0
57, 1, 12, 0, 0, 0.0
57, 1, 13, 0, 0, 0.0
57, 1, 14, 0, 0, 0.0
57, 1, 15, 0, 0, 0.0
57, 1, 16, 0, 0, 0.0
57, 1, 17, 0, 0, 0.0
57, 1, 18, 0, 0, 0.0
57, 1, 19, 0, 0, 0.0
57, 1, 20, 0, 0, 0.0
58, 0, 0, 449, 459, -6.732286550459321e-08
58, 0, 1, 424, 453, -0.00577044440433383
58, 0, 2, 395, 458, -0.017784483730793
58, 0, 3, 374, 469, -0.028468046337366104
58, 0, 4, 360, 482, -0.04206901788711548
58, 0, 5, 389, 445, -0.044319819658994675
58, 0, 6, 357, 456, -0.06521409749984741
58, 0, 7, 339, 470, -0.07805375009775162
58, 0, 8, 326, 482, -0.08642548322677612
58, 0, 9, 403, 453, -0.05135105550289154
58, 0, 10, 372, 479, -0.06877133995294571
58, 0, 11, 359, 500, -0.07392463833093643
58, 0, 12, 352, 514, -0.07895293831825256
58, 0, 13, 420, 465, -0.05710289999842644
58, 0, 14, 393, 492, -0.07173445075750351
58, 0, 15, 382, 509, -0.06987827271223068
58, 0, 16, 376, 518, -0.06900031864643097
58, 0, 17, 436, 478, -0.0626455545425415
58, 0, 18, 415, 499, -0.07690652459859848
58, 0, 19, 406, 511, -0.07594891637563705
58, 0, 20, 401, 518, -0.0738511011004448
58, 1, 0, 0, 0, 0.0
58, 1, 1, 0, 0, 0.0
58, 1, 2, 0, 0, 0.0
58, 1, 3, 0, 0, 0.0
58, 1, 4, 0, 0, 0.0
58, 1, 5, 0, 0, 0.0
58, 1, 6, 0, 0, 0.0
58, 1, 7, 0, 0, 0.0
58, 1, 8, 0, 0, 0.0
58, 1, 9, 0, 0, 0.0
58, 1, 10, 0, 0, 0.0
58, 1, 11, 0, 0, 0.0
58, 1, 12, 0, 0, 0.0
58, 1, 13, 0, 0, 0.0
58, 1, 14, 0, 0, 0.0
58, 1, 15, 0, 0, 0.0
58, 1, 16, 0, 0, 0.0
58, 1, 17, 0, 0, 0.0
58, 1, 18, 0, 0, 0.0
58, 1, 19, 0, 0, 0.0
58, 1, 20, 0, 0, 0.0
59, 0, 0, 448, 461, -8.429518771890798e-08
59, 0, 1, 423, 455, -0.002766645746305585
59, 0, 2, 396, 459, -0.012806357815861702
59, 0, 3, 375, 469, -0.022149231284856796
59, 0, 4, 362, 482, -0.03443489968776703
59, 0, 5, 387, 446, -0.039295971393585205
59, 0, 6, 356, 456, -0.05896318703889847
59, 0, 7, 338, 470, -0.07102471590042114
59, 0, 8, 325, 482, -0.0790007933974266
59, 0, 9, 401, 453, -0.04741901159286499
59, 0, 10, 373, 479, -0.06364857405424118
59, 0, 11, 368, 497, -0.06656228750944138
59, 0, 12, 367, 506, -0.06970439106225967
59, 0, 13, 418, 465, -0.05423968657851219
59, 0, 14, 393, 491, -0.0689045712351799
59, 0, 15, 389, 504, -0.06465742737054825
59, 0, 16, 388, 510, -0.061883121728897095
59, 0, 17, 435, 478, -0.06052551418542862
59, 0, 18, 414, 498, -0.07399871200323105
59, 0, 19, 411, 506, -0.0702613890171051
59, 0, 20, 412, 509, -0.06618606299161911
59, 1, 0, 0, 0, 0.0
59, 1, 1, 0, 0, 0.0
59, 1, 2, 0, 0, 0.0
59, 1, 3, 0, 0, 0.0
59, 1, 4, 0, 0, 0.0
59, 1, 5, 0, 0, 0.0
59, 1, 6, 0, 0, 0.0
59, 1, 7, 0, 0, 0.0
59, 1, 8, 0, 0, 0.0
59, 1, 9, 0, 0, 0.0
59, 1, 10, 0, 0, 0.0
59, 1, 11, 0, 0, 0.0
59, 1, 12, 0, 0, 0.0
59, 1, 13, 0, 0, 0.0
59, 1, 14, 0, 0, 0.0
59, 1, 15, 0, 0, 0.0
59, 1, 16, 0, 0, 0.0
59, 1, 17, 0, 0, 0.0
59, 1, 18, 0, 0, 0.0
59, 1, 19, 0, 0, 0.0
59, 1, 20, 0, 0, 0.0
60, 0, 0, 447, 460, -6.677537811583534e-08
60, 0, 1, 422, 455, -0.005611610598862171
60, 0, 2, 393, 459, -0.016897179186344147
60, 0, 3, 371, 470, -0.02685180865228176
60, 0, 4, 356, 482, -0.03956203907728195
60, 0, 5, 387, 448, -0.04408417269587517
60, 0, 6, 354, 458, -0.06443068385124207
60, 0, 7, 336, 473, -0.07674893736839294
60, 0, 8, 323, 486, -0.0845533162355423
60, 0, 9, 401, 456, -0.05073221027851105
60, 0, 10, 370, 480, -0.067726731300354
60, 0, 11, 359, 500, -0.07249201089143753
60, 0, 12, 353, 513, -0.07703070342540741
60, 0, 13, 418, 467, -0.055965110659599304
60, 0, 14, 391, 492, -0.06999875605106354
60, 0, 15, 382, 507, -0.06785638630390167
60, 0, 16, 377, 515, -0.06681211292743683
60, 0, 17, 433, 479, -0.060930393636226654
60, 0, 18, 413, 498, -0.07452033460140228
60, 0, 19, 406, 508, -0.07295430451631546
60, 0, 20, 403, 514, -0.07037460803985596
60, 1, 0, 0, 0, 0.0
60, 1, 1, 0, 0, 0.0
60, 1, 2, 0, 0, 0.0
60, 1, 3, 0, 0, 0.0
60, 1, 4, 0, 0, 0.0
60, 1, 5, 0, 0, 0.0
60, 1, 6, 0, 0, 0.0
60, 1, 7, 0, 0, 0.0
60, 1, 8, 0, 0, 0.0
60, 1, 9, 0, 0, 0.0
60, 1, 10, 0, 0, 0.0
60, 1, 11, 0, 0, 0.0
60, 1, 12, 0, 0, 0.0
60, 1, 13, 0, 0, 0.0
60, 1, 14, 0, 0, 0.0
60, 1, 15, 0, 0, 0.0
60, 1, 16, 0, 0, 0.0
60, 1, 17, 0, 0, 0.0
60, 1, 18, 0, 0, 0.0
60, 1, 19, 0, 0, 0.0
60, 1, 20, 0, 0, 0.0
61, 0, 0, 444, 461, -3.59598928412197e-08
61, 0, 1, 420, 455, -0.004169011488556862
61, 0, 2, 390, 460, -0.014703330583870411
61, 0, 3, 367, 472, -0.023866428062319756
61, 0, 4, 352, 485, -0.0359048955142498
61, 0, 5, 384, 448, -0.04181428253650665
61, 0, 6, 352, 459, -0.06043604016304016
61, 0, 7, 334, 472, -0.0715390220284462
61, 0, 8, 321, 485, -0.07897385209798813
61, 0, 9, 399, 456, -0.049124930053949356
61, 0, 10, 368, 483, -0.06442560255527496
61, 0, 11, 360, 498, -0.06745006144046783
61, 0, 12, 358, 505, -0.07090289145708084
61, 0, 13, 415, 467, -0.05483607202768326
61, 0, 14, 387, 494, -0.06855260580778122
61, 0, 15, 383, 504, -0.06325305998325348
61, 0, 16, 381, 507, -0.05986684560775757
61, 0, 17, 430, 480, -0.060063425451517105
61, 0, 18, 408, 501, -0.0729132890701294
61, 0, 19, 406, 506, -0.06789743155241013
61, 0, 20, 408, 506, -0.0628640279173851
61, 1, 0, 0, 0, 0.0
61, 1, 1, 0, 0, 0.0
61, 1, 2, 0, 0, 0.0
61, 1, 3, 0, 0, 0.0
61, 1, 4, 0, 0, 0.0
61, 1, 5, 0, 0, 0.0
61, 1, 6, 0, 0, 0.0
61, 1, 7, 0, 0, 0.0
61, 1, 8, 0, 0, 0.0
61, 1, 9, 0, 0, 0.0
61, 1, 10, 0, 0, 0.0
61, 1, 11, 0, 0, 0.0
61, 1, 12, 0, 0, 0.0
61, 1, 13, 0, 0, 0.0
61, 1, 14, 0, 0, 0.0
61, 1, 15, 0, 0, 0.0
61, 1, 16, 0, 0, 0.0
61, 1, 17, 0, 0, 0.0
61, 1, 18, 0, 0, 0.0
61, 1, 19, 0, 0, 0.0
61, 1, 20, 0, 0, 0.0
62, 0, 0, 442, 461, -3.1876304262823396e-08
62, 0, 1, 417, 454, -0.004570529796183109
62, 0, 2, 388, 458, -0.015845326706767082
62, 0, 3, 367, 469, -0.025507057085633278
62, 0, 4, 352, 482, -0.038137368857860565
62, 0, 5, 383, 448, -0.04420429468154907
62, 0, 6, 351, 460, -0.06399775296449661
62, 0, 7, 333, 473, -0.07584642618894577
62, 0, 8, 320, 485, -0.08350439369678497
62, 0, 9, 398, 456, -0.05076553300023079
62, 0, 10, 367, 484, -0.06608906388282776
62, 0, 11, 358, 500, -0.06851621717214584
62, 0, 12, 355, 508, -0.07165202498435974
62, 0, 13, 415, 468, -0.05579652264714241
62, 0, 14, 387, 496, -0.06878309696912766
62, 0, 15, 380, 507, -0.0632534995675087
62, 0, 16, 377, 510, -0.05988168716430664
62, 0, 17, 429, 481, -0.060426391661167145
62, 0, 18, 407, 502, -0.07226259261369705
62, 0, 19, 404, 509, -0.06718986481428146
62, 0, 20, 404, 509, -0.06227170303463936
62, 1, 0, 0, 0, 0.0
62, 1, 1, 0, 0, 0.0
62, 1, 2, 0, 0, 0.0
62, 1, 3, 0, 0, 0.0
62, 1, 4, 0, 0, 0.0
62, 1, 5, 0, 0, 0.0
62, 1, 6, 0, 0, 0.0
62, 1, 7, 0, 0, 0.0
62, 1, 8, 0, 0, 0.0
62, 1, 9, 0, 0, 0.0
62, 1, 10, 0, 0, 0.0
62, 1, 11, 0, 0, 0.0
62, 1, 12, 0, 0, 0.0
62, 1, 13, 0, 0, 0.0
62, 1, 14, 0, 0, 0.0
62, 1, 15, 0, 0, 0.0
62, 1, 16, 0, 0, 0.0
62, 1, 17, 0, 0, 0.0
62, 1, 18, 0, 0, 0.0
62, 1, 19, 0, 0, 0.0
62, 1, 20, 0, 0, 0.0
63, 0, 0, 442, 462, -3.605319420785236e-08
63, 0, 1, 417, 456, -0.003237236989662051
63, 0, 2, 389, 460, -0.013574643060564995
63, 0, 3, 369, 470, -0.0229194313287735
63, 0, 4, 358, 483, -0.0351128876209259
63, 0, 5, 382, 449, -0.0412813164293766
63, 0, 6, 350, 460, -0.060689281672239304
63, 0, 7, 332, 472, -0.0718989148736
63, 0, 8, 319, 483, -0.0795917809009552
63, 0, 9, 396, 456, -0.04909280315041542
63, 0, 10, 366, 486, -0.06593592464923859
63, 0, 11, 364, 498, -0.06764262169599533
63, 0, 12, 366, 503, -0.06977178901433945
63, 0, 13, 412, 467, -0.05535459890961647
63, 0, 14, 386, 497, -0.07117533683776855
63, 0, 15, 390, 502, -0.06348749250173569
63, 0, 16, 395, 498, -0.057535942643880844
63, 0, 17, 427, 480, -0.06114569306373596
63, 0, 18, 405, 502, -0.07535459101200104
63, 0, 19, 409, 503, -0.069126658141613
63, 0, 20, 415, 498, -0.06274202466011047
63, 1, 0, 0, 0, 0.0
63, 1, 1, 0, 0, 0.0
63, 1, 2, 0, 0, 0.0
63, 1, 3, 0, 0, 0.0
63, 1, 4, 0, 0, 0.0
63, 1, 5, 0, 0, 0.0
63, 1, 6, 0, 0, 0.0
63, 1, 7, 0, 0, 0.0
63, 1, 8, 0, 0, 0.0
63, 1, 9, 0, 0, 0.0
63, 1, 10, 0, 0, 0.0
63, 1, 11, 0, 0, 0.0
63, 1, 12, 0, 0, 0.0
63, 1, 13, 0, 0, 0.0
63, 1, 14, 0, 0, 0.0
63, 1, 15, 0, 0, 0.0
63, 1, 16, 0, 0, 0.0
63, 1, 17, 0, 0, 0.0
63, 1, 18, 0, 0, 0.0
63, 1, 19, 0, 0, 0.0
63, 1, 20, 0, 0, 0.0
64, 0, 0, 442, 462, -5.2425402685685185e-08
64, 0, 1, 417, 456, -0.004756414331495762
64, 0, 2, 389, 461, -0.015894001349806786
64, 0, 3, 367, 472, -0.025526011362671852
64, 0, 4, 352, 485, -0.03793212026357651
64, 0, 5, 381, 450, -0.04312640801072121
64, 0, 6, 350, 461, -0.06345272064208984
64, 0, 7, 332, 474, -0.07567784935235977
64, 0, 8, 319, 486, -0.08386275172233582
64, 0, 9, 396, 458, -0.049748532474040985
64, 0, 10, 365, 488, -0.0665806233882904
64, 0, 11, 359, 504, -0.06920954585075378
64, 0, 12, 357, 512, -0.07230038195848465
64, 0, 13, 411, 469, -0.05505313351750374
64, 0, 14, 385, 498, -0.06990470737218857
64, 0, 15, 381, 509, -0.06410454213619232
64, 0, 16, 380, 511, -0.06009506434202194
64, 0, 17, 426, 482, -0.06002756953239441
64, 0, 18, 404, 504, -0.07366519421339035
64, 0, 19, 402, 510, -0.06932862102985382
64, 0, 20, 404, 511, -0.0646447017788887
64, 1, 0, 0, 0, 0.0
64, 1, 1, 0, 0, 0.0
64, 1, 2, 0, 0, 0.0
64, 1, 3, 0, 0, 0.0
64, 1, 4, 0, 0, 0.0
64, 1, 5, 0, 0, 0.0
64, 1, 6, 0, 0, 0.0
64, 1, 7, 0, 0, 0.0
64, 1, 8, 0, 0, 0.0
64, 1, 9, 0, 0, 0.0
64, 1, 10, 0, 0, 0.0
64, 1, 11, 0, 0, 0.0
64, 1, 12, 0, 0, 0.0
64, 1, 13, 0, 0, 0.0
64, 1, 14, 0, 0, 0.0
64, 1, 15, 0, 0, 0.0
64, 1, 16, 0, 0, 0.0
64, 1, 17, 0, 0, 0.0
64, 1, 18, 0, 0, 0.0
64, 1, 19, 0, 0, 0.0
64, 1, 20, 0, 0, 0.0
65, 0, 0, 441, 462, -2.5047032892189236e-08
65, 0, 1, 416, 456, -0.004316501319408417
65, 0, 2, 386, 461, -0.01533958874642849
65, 0, 3, 363, 472, -0.02452257089316845
65, 0, 4, 347, 485, -0.03655930981040001
65, 0, 5, 383, 450, -0.04610861465334892
65, 0, 6, 350, 461, -0.06548773497343063
65, 0, 7, 331, 474, -0.07649831473827362
65, 0, 8, 318, 485, -0.08375474065542221
65, 0, 9, 398, 459, -0.05232842639088631
65, 0, 10, 365, 487, -0.06717915087938309
65, 0, 11, 358, 501, -0.06826682388782501
65, 0, 12, 356, 507, -0.07063997536897659
65, 0, 13, 414, 471, -0.05682915449142456
65, 0, 14, 384, 499, -0.06927028298377991
65, 0, 15, 378, 508, -0.06253296881914139
65, 0, 16, 376, 511, -0.058583155274391174
65, 0, 17, 428, 484, -0.06085965409874916
65, 0, 18, 405, 505, -0.0728139653801918
65, 0, 19, 402, 511, -0.06798238307237625
65, 0, 20, 402, 512, -0.06335335224866867
65, 1, 0, 0, 0, 0.0
65, 1, 1, 0, 0, 0.0
65, 1, 2, 0, 0, 0.0
65, 1, 3, 0, 0, 0.0
65, 1, 4, 0, 0, 0.0
65, 1, 5, 0, 0, 0.0
65, 1, 6, 0, 0, 0.0
65, 1, 7, 0, 0, 0.0
65, 1, 8, 0, 0, 0.0
65, 1, 9, 0, 0, 0.0
65, 1, 10, 0, 0, 0.0
65, 1, 11, 0, 0, 0.0
65, 1, 12, 0, 0, 0.0
65, 1, 13, 0, 0, 0.0
65, 1, 14, 0, 0, 0.0
65, 1, 15, 0, 0, 0.0
65, 1, 16, 0, 0, 0.0
65, 1, 17, 0, 0, 0.0
65, 1, 18, 0, 0, 0.0
65, 1, 19, 0, 0, 0.0
65, 1, 20, 0, 0, 0.0
66, 0, 0, 441, 462, -2.5610706444467723e-08
66, 0, 1, 416, 456, -0.004942691884934902
66, 0, 2, 386, 460, -0.016097621992230415
66, 0, 3, 364, 470, -0.025390326976776123
66, 0, 4, 349, 484, -0.03747949004173279
66, 0, 5, 382, 450, -0.04524138197302818
66, 0, 6, 350, 460, -0.06448739022016525
66, 0, 7, 331, 473, -0.07548289746046066
66, 0, 8, 318, 485, -0.08277192711830139
66, 0, 9, 396, 458, -0.0514129213988781
66, 0, 10, 364, 487, -0.06693525612354279
66, 0, 11, 356, 503, -0.06887354701757431
66, 0, 12, 353, 511, -0.07156733423471451
66, 0, 13, 412, 470, -0.055951595306396484
66, 0, 14, 383, 499, -0.06918320059776306
66, 0, 15, 377, 509, -0.0631447285413742
66, 0, 16, 374, 512, -0.059300776571035385
66, 0, 17, 426, 483, -0.06007253751158714
66, 0, 18, 403, 505, -0.0726013332605362
66, 0, 19, 399, 512, -0.06812445819377899
66, 0, 20, 399, 514, -0.06349262595176697
66, 1, 0, 0, 0, 0.0
66, 1, 1, 0, 0, 0.0
66, 1, 2, 0, 0, 0.0
66, 1, 3, 0, 0, 0.0
66, 1, 4, 0, 0, 0.0
66, 1, 5, 0, 0, 0.0
66, 1, 6, 0, 0, 0.0
66, 1, 7, 0, 0, 0.0
66, 1, 8, 0, 0, 0.0
66, 1, 9, 0, 0, 0.0
66, 1, 10, 0, 0, 0.0
66, 1, 11, 0, 0, 0.0
66, 1, 12, 0, 0, 0.0
66, 1, 13, 0, 0, 0.0
66, 1, 14, 0, 0, 0.0
66, 1, 15, 0, 0, 0.0
66, 1, 16, 0, 0, 0.0
66, 1, 17, 0, 0, 0.0
66, 1, 18, 0, 0, 0.0
66, 1, 19, 0, 0, 0.0
66, 1, 20, 0, 0, 0.0
67, 0, 0, 442, 462, -1.925969428384633e-08
67, 0, 1, 416, 456, -0.005202269647270441
67, 0, 2, 387, 460, -0.016429349780082703
67, 0, 3, 364, 471, -0.025888370350003242
67, 0, 4, 349, 484, -0.03808774799108505
67, 0, 5, 382, 450, -0.04465319216251373
67, 0, 6, 349, 460, -0.06395858526229858
67, 0, 7, 331, 473, -0.07503329962491989
67, 0, 8, 318, 485, -0.08247736841440201
67, 0, 9, 396, 458, -0.05097278207540512
67, 0, 10, 364, 487, -0.06668845564126968
67, 0, 11, 356, 502, -0.06872059404850006
67, 0, 12, 353, 509, -0.07147882878780365
67, 0, 13, 411, 470, -0.055745434015989304
67, 0, 14, 383, 499, -0.06953783333301544
67, 0, 15, 378, 508, -0.06309095770120621
67, 0, 16, 377, 509, -0.058816127479076385
67, 0, 17, 426, 483, -0.06017864868044853
67, 0, 18, 403, 505, -0.07327535003423691
67, 0, 19, 401, 511, -0.0685940608382225
67, 0, 20, 402, 511, -0.06372286379337311
67, 1, 0, 0, 0, 0.0
67, 1, 1, 0, 0, 0.0
67, 1, 2, 0, 0, 0.0
67, 1, 3, 0, 0, 0.0
67, 1, 4, 0, 0, 0.0
67, 1, 5, 0, 0, 0.0
67, 1, 6, 0, 0, 0.0
67, 1, 7, 0, 0, 0.0
67, 1, 8, 0, 0, 0.0
67, 1, 9, 0, 0, 0.0
67, 1, 10, 0, 0, 0.0
67, 1, 11, 0, 0, 0.0
67, 1, 12, 0, 0, 0.0
67, 1, 13, 0, 0, 0.0
67, 1, 14, 0, 0, 0.0
67, 1, 15, 0, 0, 0.0
67, 1, 16, 0, 0, 0.0
67, 1, 17, 0, 0, 0.0
67, 1, 18, 0, 0, 0.0
67, 1, 19, 0, 0, 0.0
67, 1, 20, 0, 0, 0.0
