0, 0, 0, 0, 0, 0.0
0, 0, 1, 0, 0, 0.0
0, 0, 2, 0, 0, 0.0
0, 0, 3, 0, 0, 0.0
0, 0, 4, 0, 0, 0.0
0, 0, 5, 0, 0, 0.0
0, 0, 6, 0, 0, 0.0
0, 0, 7, 0, 0, 0.0
0, 0, 8, 0, 0, 0.0
0, 0, 9, 0, 0, 0.0
0, 0, 10, 0, 0, 0.0
0, 0, 11, 0, 0, 0.0
0, 0, 12, 0, 0, 0.0
0, 0, 13, 0, 0, 0.0
0, 0, 14, 0, 0, 0.0
0, 0, 15, 0, 0, 0.0
0, 0, 16, 0, 0, 0.0
0, 0, 17, 0, 0, 0.0
0, 0, 18, 0, 0, 0.0
0, 0, 19, 0, 0, 0.0
0, 0, 20, 0, 0, 0.0
0, 1, 0, 0, 0, 0.0
0, 1, 1, 0, 0, 0.0
0, 1, 2, 0, 0, 0.0
0, 1, 3, 0, 0, 0.0
0, 1, 4, 0, 0, 0.0
0, 1, 5, 0, 0, 0.0
0, 1, 6, 0, 0, 0.0
0, 1, 7, 0, 0, 0.0
0, 1, 8, 0, 0, 0.0
0, 1, 9, 0, 0, 0.0
0, 1, 10, 0, 0, 0.0
0, 1, 11, 0, 0, 0.0
0, 1, 12, 0, 0, 0.0
0, 1, 13, 0, 0, 0.0
0, 1, 14, 0, 0, 0.0
0, 1, 15, 0, 0, 0.0
0, 1, 16, 0, 0, 0.0
0, 1, 17, 0, 0, 0.0
0, 1, 18, 0, 0, 0.0
0, 1, 19, 0, 0, 0.0
0, 1, 20, 0, 0, 0.0
1, 0, 0, 0, 0, 0.0
1, 0, 1, 0, 0, 0.0
1, 0, 2, 0, 0, 0.0
1, 0, 3, 0, 0, 0.0
1, 0, 4, 0, 0, 0.0
1, 0, 5, 0, 0, 0.0
1, 0, 6, 0, 0, 0.0
1, 0, 7, 0, 0, 0.0
1, 0, 8, 0, 0, 0.0
1, 0, 9, 0, 0, 0.0
1, 0, 10, 0, 0, 0.0
1, 0, 11, 0, 0, 0.0
1, 0, 12, 0, 0, 0.0
1, 0, 13, 0, 0, 0.0
1, 0, 14, 0, 0, 0.0
1, 0, 15, 0, 0, 0.0
1, 0, 16, 0, 0, 0.0
1, 0, 17, 0, 0, 0.0
1, 0, 18, 0, 0, 0.0
1, 0, 19, 0, 0, 0.0
1, 0, 20, 0, 0, 0.0
1, 1, 0, 0, 0, 0.0
1, 1, 1, 0, 0, 0.0
1, 1, 2, 0, 0, 0.0
1, 1, 3, 0, 0, 0.0
1, 1, 4, 0, 0, 0.0
1, 1, 5, 0, 0, 0.0
1, 1, 6, 0, 0, 0.0
1, 1, 7, 0, 0, 0.0
1, 1, 8, 0, 0, 0.0
1, 1, 9, 0, 0, 0.0
1, 1, 10, 0, 0, 0.0
1, 1, 11, 0, 0, 0.0
1, 1, 12, 0, 0, 0.0
1, 1, 13, 0, 0, 0.0
1, 1, 14, 0, 0, 0.0
1, 1, 15, 0, 0, 0.0
1, 1, 16, 0, 0, 0.0
1, 1, 17, 0, 0, 0.0
1, 1, 18, 0, 0, 0.0
1, 1, 19, 0, 0, 0.0
1, 1, 20, 0, 0, 0.0
2, 0, 0, 0, 0, 0.0
2, 0, 1, 0, 0, 0.0
2, 0, 2, 0, 0, 0.0
2, 0, 3, 0, 0, 0.0
2, 0, 4, 0, 0, 0.0
2, 0, 5, 0, 0, 0.0
2, 0, 6, 0, 0, 0.0
2, 0, 7, 0, 0, 0.0
2, 0, 8, 0, 0, 0.0
2, 0, 9, 0, 0, 0.0
2, 0, 10, 0, 0, 0.0
2, 0, 11, 0, 0, 0.0
2, 0, 12, 0, 0, 0.0
2, 0, 13, 0, 0, 0.0
2, 0, 14, 0, 0, 0.0
2, 0, 15, 0, 0, 0.0
2, 0, 16, 0, 0, 0.0
2, 0, 17, 0, 0, 0.0
2, 0, 18, 0, 0, 0.0
2, 0, 19, 0, 0, 0.0
2, 0, 20, 0, 0, 0.0
2, 1, 0, 0, 0, 0.0
2, 1, 1, 0, 0, 0.0
2, 1, 2, 0, 0, 0.0
2, 1, 3, 0, 0, 0.0
2, 1, 4, 0, 0, 0.0
2, 1, 5, 0, 0, 0.0
2, 1, 6, 0, 0, 0.0
2, 1, 7, 0, 0, 0.0
2, 1, 8, 0, 0, 0.0
2, 1, 9, 0, 0, 0.0
2, 1, 10, 0, 0, 0.0
2, 1, 11, 0, 0, 0.0
2, 1, 12, 0, 0, 0.0
2, 1, 13, 0, 0, 0.0
2, 1, 14, 0, 0, 0.0
2, 1, 15, 0, 0, 0.0
2, 1, 16, 0, 0, 0.0
2, 1, 17, 0, 0, 0.0
2, 1, 18, 0, 0, 0.0
2, 1, 19, 0, 0, 0.0
2, 1, 20, 0, 0, 0.0
3, 0, 0, 0, 0, 0.0
3, 0, 1, 0, 0, 0.0
3, 0, 2, 0, 0, 0.0
3, 0, 3, 0, 0, 0.0
3, 0, 4, 0, 0, 0.0
3, 0, 5, 0, 0, 0.0
3, 0, 6, 0, 0, 0.0
3, 0, 7, 0, 0, 0.0
3, 0, 8, 0, 0, 0.0
3, 0, 9, 0, 0, 0.0
3, 0, 10, 0, 0, 0.0
3, 0, 11, 0, 0, 0.0
3, 0, 12, 0, 0, 0.0
3, 0, 13, 0, 0, 0.0
3, 0, 14, 0, 0, 0.0
3, 0, 15, 0, 0, 0.0
3, 0, 16, 0, 0, 0.0
3, 0, 17, 0, 0, 0.0
3, 0, 18, 0, 0, 0.0
3, 0, 19, 0, 0, 0.0
3, 0, 20, 0, 0, 0.0
3, 1, 0, 0, 0, 0.0
3, 1, 1, 0, 0, 0.0
3, 1, 2, 0, 0, 0.0
3, 1, 3, 0, 0, 0.0
3, 1, 4, 0, 0, 0.0
3, 1, 5, 0, 0, 0.0
3, 1, 6, 0, 0, 0.0
3, 1, 7, 0, 0, 0.0
3, 1, 8, 0, 0, 0.0
3, 1, 9, 0, 0, 0.0
3, 1, 10, 0, 0, 0.0
3, 1, 11, 0, 0, 0.0
3, 1, 12, 0, 0, 0.0
3, 1, 13, 0, 0, 0.0
3, 1, 14, 0, 0, 0.0
3, 1, 15, 0, 0, 0.0
3, 1, 16, 0, 0, 0.0
3, 1, 17, 0, 0, 0.0
3, 1, 18, 0, 0, 0.0
3, 1, 19, 0, 0, 0.0
3, 1, 20, 0, 0, 0.0
4, 0, 0, 0, 0, 0.0
4, 0, 1, 0, 0, 0.0
4, 0, 2, 0, 0, 0.0
4, 0, 3, 0, 0, 0.0
4, 0, 4, 0, 0, 0.0
4, 0, 5, 0, 0, 0.0
4, 0, 6, 0, 0, 0.0
4, 0, 7, 0, 0, 0.0
4, 0, 8, 0, 0, 0.0
4, 0, 9, 0, 0, 0.0
4, 0, 10, 0, 0, 0.0
4, 0, 11, 0, 0, 0.0
4, 0, 12, 0, 0, 0.0
4, 0, 13, 0, 0, 0.0
4, 0, 14, 0, 0, 0.0
4, 0, 15, 0, 0, 0.0
4, 0, 16, 0, 0, 0.0
4, 0, 17, 0, 0, 0.0
4, 0, 18, 0, 0, 0.0
4, 0, 19, 0, 0, 0.0
4, 0, 20, 0, 0, 0.0
4, 1, 0, 0, 0, 0.0
4, 1, 1, 0, 0, 0.0
4, 1, 2, 0, 0, 0.0
4, 1, 3, 0, 0, 0.0
4, 1, 4, 0, 0, 0.0
4, 1, 5, 0, 0, 0.0
4, 1, 6, 0, 0, 0.0
4, 1, 7, 0, 0, 0.0
4, 1, 8, 0, 0, 0.0
4, 1, 9, 0, 0, 0.0
4, 1, 10, 0, 0, 0.0
4, 1, 11, 0, 0, 0.0
4, 1, 12, 0, 0, 0.0
4, 1, 13, 0, 0, 0.0
4, 1, 14, 0, 0, 0.0
4, 1, 15, 0, 0, 0.0
4, 1, 16, 0, 0, 0.0
4, 1, 17, 0, 0, 0.0
4, 1, 18, 0, 0, 0.0
4, 1, 19, 0, 0, 0.0
4, 1, 20, 0, 0, 0.0
5, 0, 0, 0, 0, 0.0
5, 0, 1, 0, 0, 0.0
5, 0, 2, 0, 0, 0.0
5, 0, 3, 0, 0, 0.0
5, 0, 4, 0, 0, 0.0
5, 0, 5, 0, 0, 0.0
5, 0, 6, 0, 0, 0.0
5, 0, 7, 0, 0, 0.0
5, 0, 8, 0, 0, 0.0
5, 0, 9, 0, 0, 0.0
5, 0, 10, 0, 0, 0.0
5, 0, 11, 0, 0, 0.0
5, 0, 12, 0, 0, 0.0
5, 0, 13, 0, 0, 0.0
5, 0, 14, 0, 0, 0.0
5, 0, 15, 0, 0, 0.0
5, 0, 16, 0, 0, 0.0
5, 0, 17, 0, 0, 0.0
5, 0, 18, 0, 0, 0.0
5, 0, 19, 0, 0, 0.0
5, 0, 20, 0, 0, 0.0
5, 1, 0, 0, 0, 0.0
5, 1, 1, 0, 0, 0.0
5, 1, 2, 0, 0, 0.0
5, 1, 3, 0, 0, 0.0
5, 1, 4, 0, 0, 0.0
5, 1, 5, 0, 0, 0.0
5, 1, 6, 0, 0, 0.0
5, 1, 7, 0, 0, 0.0
5, 1, 8, 0, 0, 0.0
5, 1, 9, 0, 0, 0.0
5, 1, 10, 0, 0, 0.0
5, 1, 11, 0, 0, 0.0
5, 1, 12, 0, 0, 0.0
5, 1, 13, 0, 0, 0.0
5, 1, 14, 0, 0, 0.0
5, 1, 15, 0, 0, 0.0
5, 1, 16, 0, 0, 0.0
5, 1, 17, 0, 0, 0.0
5, 1, 18, 0, 0, 0.0
5, 1, 19, 0, 0, 0.0
5, 1, 20, 0, 0, 0.0
6, 0, 0, 0, 0, 0.0
6, 0, 1, 0, 0, 0.0
6, 0, 2, 0, 0, 0.0
6, 0, 3, 0, 0, 0.0
6, 0, 4, 0, 0, 0.0
6, 0, 5, 0, 0, 0.0
6, 0, 6, 0, 0, 0.0
6, 0, 7, 0, 0, 0.0
6, 0, 8, 0, 0, 0.0
6, 0, 9, 0, 0, 0.0
6, 0, 10, 0, 0, 0.0
6, 0, 11, 0, 0, 0.0
6, 0, 12, 0, 0, 0.0
6, 0, 13, 0, 0, 0.0
6, 0, 14, 0, 0, 0.0
6, 0, 15, 0, 0, 0.0
6, 0, 16, 0, 0, 0.0
6, 0, 17, 0, 0, 0.0
6, 0, 18, 0, 0, 0.0
6, 0, 19, 0, 0, 0.0
6, 0, 20, 0, 0, 0.0
6, 1, 0, 0, 0, 0.0
6, 1, 1, 0, 0, 0.0
6, 1, 2, 0, 0, 0.0
6, 1, 3, 0, 0, 0.0
6, 1, 4, 0, 0, 0.0
6, 1, 5, 0, 0, 0.0
6, 1, 6, 0, 0, 0.0
6, 1, 7, 0, 0, 0.0
6, 1, 8, 0, 0, 0.0
6, 1, 9, 0, 0, 0.0
6, 1, 10, 0, 0, 0.0
6, 1, 11, 0, 0, 0.0
6, 1, 12, 0, 0, 0.0
6, 1, 13, 0, 0, 0.0
6, 1, 14, 0, 0, 0.0
6, 1, 15, 0, 0, 0.0
6, 1, 16, 0, 0, 0.0
6, 1, 17, 0, 0, 0.0
6, 1, 18, 0, 0, 0.0
6, 1, 19, 0, 0, 0.0
6, 1, 20, 0, 0, 0.0
7, 0, 0, 0, 0, 0.0
7, 0, 1, 0, 0, 0.0
7, 0, 2, 0, 0, 0.0
7, 0, 3, 0, 0, 0.0
7, 0, 4, 0, 0, 0.0
7, 0, 5, 0, 0, 0.0
7, 0, 6, 0, 0, 0.0
7, 0, 7, 0, 0, 0.0
7, 0, 8, 0, 0, 0.0
7, 0, 9, 0, 0, 0.0
7, 0, 10, 0, 0, 0.0
7, 0, 11, 0, 0, 0.0
7, 0, 12, 0, 0, 0.0
7, 0, 13, 0, 0, 0.0
7, 0, 14, 0, 0, 0.0
7, 0, 15, 0, 0, 0.0
7, 0, 16, 0, 0, 0.0
7, 0, 17, 0, 0, 0.0
7, 0, 18, 0, 0, 0.0
7, 0, 19, 0, 0, 0.0
7, 0, 20, 0, 0, 0.0
7, 1, 0, 0, 0, 0.0
7, 1, 1, 0, 0, 0.0
7, 1, 2, 0, 0, 0.0
7, 1, 3, 0, 0, 0.0
7, 1, 4, 0, 0, 0.0
7, 1, 5, 0, 0, 0.0
7, 1, 6, 0, 0, 0.0
7, 1, 7, 0, 0, 0.0
7, 1, 8, 0, 0, 0.0
7, 1, 9, 0, 0, 0.0
7, 1, 10, 0, 0, 0.0
7, 1, 11, 0, 0, 0.0
7, 1, 12, 0, 0, 0.0
7, 1, 13, 0, 0, 0.0
7, 1, 14, 0, 0, 0.0
7, 1, 15, 0, 0, 0.0
7, 1, 16, 0, 0, 0.0
7, 1, 17, 0, 0, 0.0
7, 1, 18, 0, 0, 0.0
7, 1, 19, 0, 0, 0.0
7, 1, 20, 0, 0, 0.0
8, 0, 0, 0, 0, 0.0
8, 0, 1, 0, 0, 0.0
8, 0, 2, 0, 0, 0.0
8, 0, 3, 0, 0, 0.0
8, 0, 4, 0, 0, 0.0
8, 0, 5, 0, 0, 0.0
8, 0, 6, 0, 0, 0.0
8, 0, 7, 0, 0, 0.0
8, 0, 8, 0, 0, 0.0
8, 0, 9, 0, 0, 0.0
8, 0, 10, 0, 0, 0.0
8, 0, 11, 0, 0, 0.0
8, 0, 12, 0, 0, 0.0
8, 0, 13, 0, 0, 0.0
8, 0, 14, 0, 0, 0.0
8, 0, 15, 0, 0, 0.0
8, 0, 16, 0, 0, 0.0
8, 0, 17, 0, 0, 0.0
8, 0, 18, 0, 0, 0.0
8, 0, 19, 0, 0, 0.0
8, 0, 20, 0, 0, 0.0
8, 1, 0, 0, 0, 0.0
8, 1, 1, 0, 0, 0.0
8, 1, 2, 0, 0, 0.0
8, 1, 3, 0, 0, 0.0
8, 1, 4, 0, 0, 0.0
8, 1, 5, 0, 0, 0.0
8, 1, 6, 0, 0, 0.0
8, 1, 7, 0, 0, 0.0
8, 1, 8, 0, 0, 0.0
8, 1, 9, 0, 0, 0.0
8, 1, 10, 0, 0, 0.0
8, 1, 11, 0, 0, 0.0
8, 1, 12, 0, 0, 0.0
8, 1, 13, 0, 0, 0.0
8, 1, 14, 0, 0, 0.0
8, 1, 15, 0, 0, 0.0
8, 1, 16, 0, 0, 0.0
8, 1, 17, 0, 0, 0.0
8, 1, 18, 0, 0, 0.0
8, 1, 19, 0, 0, 0.0
8, 1, 20, 0, 0, 0.0
9, 0, 0, 0, 0, 0.0
9, 0, 1, 0, 0, 0.0
9, 0, 2, 0, 0, 0.0
9, 0, 3, 0, 0, 0.0
9, 0, 4, 0, 0, 0.0
9, 0, 5, 0, 0, 0.0
9, 0, 6, 0, 0, 0.0
9, 0, 7, 0, 0, 0.0
9, 0, 8, 0, 0, 0.0
9, 0, 9, 0, 0, 0.0
9, 0, 10, 0, 0, 0.0
9, 0, 11, 0, 0, 0.0
9, 0, 12, 0, 0, 0.0
9, 0, 13, 0, 0, 0.0
9, 0, 14, 0, 0, 0.0
9, 0, 15, 0, 0, 0.0
9, 0, 16, 0, 0, 0.0
9, 0, 17, 0, 0, 0.0
9, 0, 18, 0, 0, 0.0
9, 0, 19, 0, 0, 0.0
9, 0, 20, 0, 0, 0.0
9, 1, 0, 0, 0, 0.0
9, 1, 1, 0, 0, 0.0
9, 1, 2, 0, 0, 0.0
9, 1, 3, 0, 0, 0.0
9, 1, 4, 0, 0, 0.0
9, 1, 5, 0, 0, 0.0
9, 1, 6, 0, 0, 0.0
9, 1, 7, 0, 0, 0.0
9, 1, 8, 0, 0, 0.0
9, 1, 9, 0, 0, 0.0
9, 1, 10, 0, 0, 0.0
9, 1, 11, 0, 0, 0.0
9, 1, 12, 0, 0, 0.0
9, 1, 13, 0, 0, 0.0
9, 1, 14, 0, 0, 0.0
9, 1, 15, 0, 0, 0.0
9, 1, 16, 0, 0, 0.0
9, 1, 17, 0, 0, 0.0
9, 1, 18, 0, 0, 0.0
9, 1, 19, 0, 0, 0.0
9, 1, 20, 0, 0, 0.0
10, 0, 0, 0, 0, 0.0
10, 0, 1, 0, 0, 0.0
10, 0, 2, 0, 0, 0.0
10, 0, 3, 0, 0, 0.0
10, 0, 4, 0, 0, 0.0
10, 0, 5, 0, 0, 0.0
10, 0, 6, 0, 0, 0.0
10, 0, 7, 0, 0, 0.0
10, 0, 8, 0, 0, 0.0
10, 0, 9, 0, 0, 0.0
10, 0, 10, 0, 0, 0.0
10, 0, 11, 0, 0, 0.0
10, 0, 12, 0, 0, 0.0
10, 0, 13, 0, 0, 0.0
10, 0, 14, 0, 0, 0.0
10, 0, 15, 0, 0, 0.0
10, 0, 16, 0, 0, 0.0
10, 0, 17, 0, 0, 0.0
10, 0, 18, 0, 0, 0.0
10, 0, 19, 0, 0, 0.0
10, 0, 20, 0, 0, 0.0
10, 1, 0, 0, 0, 0.0
10, 1, 1, 0, 0, 0.0
10, 1, 2, 0, 0, 0.0
10, 1, 3, 0, 0, 0.0
10, 1, 4, 0, 0, 0.0
10, 1, 5, 0, 0, 0.0
10, 1, 6, 0, 0, 0.0
10, 1, 7, 0, 0, 0.0
10, 1, 8, 0, 0, 0.0
10, 1, 9, 0, 0, 0.0
10, 1, 10, 0, 0, 0.0
10, 1, 11, 0, 0, 0.0
10, 1, 12, 0, 0, 0.0
10, 1, 13, 0, 0, 0.0
10, 1, 14, 0, 0, 0.0
10, 1, 15, 0, 0, 0.0
10, 1, 16, 0, 0, 0.0
10, 1, 17, 0, 0, 0.0
10, 1, 18, 0, 0, 0.0
10, 1, 19, 0, 0, 0.0
10, 1, 20, 0, 0, 0.0
11, 0, 0, 0, 0, 0.0
11, 0, 1, 0, 0, 0.0
11, 0, 2, 0, 0, 0.0
11, 0, 3, 0, 0, 0.0
11, 0, 4, 0, 0, 0.0
11, 0, 5, 0, 0, 0.0
11, 0, 6, 0, 0, 0.0
11, 0, 7, 0, 0, 0.0
11, 0, 8, 0, 0, 0.0
11, 0, 9, 0, 0, 0.0
11, 0, 10, 0, 0, 0.0
11, 0, 11, 0, 0, 0.0
11, 0, 12, 0, 0, 0.0
11, 0, 13, 0, 0, 0.0
11, 0, 14, 0, 0, 0.0
11, 0, 15, 0, 0, 0.0
11, 0, 16, 0, 0, 0.0
11, 0, 17, 0, 0, 0.0
11, 0, 18, 0, 0, 0.0
11, 0, 19, 0, 0, 0.0
11, 0, 20, 0, 0, 0.0
11, 1, 0, 0, 0, 0.0
11, 1, 1, 0, 0, 0.0
11, 1, 2, 0, 0, 0.0
11, 1, 3, 0, 0, 0.0
11, 1, 4, 0, 0, 0.0
11, 1, 5, 0, 0, 0.0
11, 1, 6, 0, 0, 0.0
11, 1, 7, 0, 0, 0.0
11, 1, 8, 0, 0, 0.0
11, 1, 9, 0, 0, 0.0
11, 1, 10, 0, 0, 0.0
11, 1, 11, 0, 0, 0.0
11, 1, 12, 0, 0, 0.0
11, 1, 13, 0, 0, 0.0
11, 1, 14, 0, 0, 0.0
11, 1, 15, 0, 0, 0.0
11, 1, 16, 0, 0, 0.0
11, 1, 17, 0, 0, 0.0
11, 1, 18, 0, 0, 0.0
11, 1, 19, 0, 0, 0.0
11, 1, 20, 0, 0, 0.0
12, 0, 0, 0, 0, 0.0
12, 0, 1, 0, 0, 0.0
12, 0, 2, 0, 0, 0.0
12, 0, 3, 0, 0, 0.0
12, 0, 4, 0, 0, 0.0
12, 0, 5, 0, 0, 0.0
12, 0, 6, 0, 0, 0.0
12, 0, 7, 0, 0, 0.0
12, 0, 8, 0, 0, 0.0
12, 0, 9, 0, 0, 0.0
12, 0, 10, 0, 0, 0.0
12, 0, 11, 0, 0, 0.0
12, 0, 12, 0, 0, 0.0
12, 0, 13, 0, 0, 0.0
12, 0, 14, 0, 0, 0.0
12, 0, 15, 0, 0, 0.0
12, 0, 16, 0, 0, 0.0
12, 0, 17, 0, 0, 0.0
12, 0, 18, 0, 0, 0.0
12, 0, 19, 0, 0, 0.0
12, 0, 20, 0, 0, 0.0
12, 1, 0, 0, 0, 0.0
12, 1, 1, 0, 0, 0.0
12, 1, 2, 0, 0, 0.0
12, 1, 3, 0, 0, 0.0
12, 1, 4, 0, 0, 0.0
12, 1, 5, 0, 0, 0.0
12, 1, 6, 0, 0, 0.0
12, 1, 7, 0, 0, 0.0
12, 1, 8, 0, 0, 0.0
12, 1, 9, 0, 0, 0.0
12, 1, 10, 0, 0, 0.0
12, 1, 11, 0, 0, 0.0
12, 1, 12, 0, 0, 0.0
12, 1, 13, 0, 0, 0.0
12, 1, 14, 0, 0, 0.0
12, 1, 15, 0, 0, 0.0
12, 1, 16, 0, 0, 0.0
12, 1, 17, 0, 0, 0.0
12, 1, 18, 0, 0, 0.0
12, 1, 19, 0, 0, 0.0
12, 1, 20, 0, 0, 0.0
13, 0, 0, 0, 0, 0.0
13, 0, 1, 0, 0, 0.0
13, 0, 2, 0, 0, 0.0
13, 0, 3, 0, 0, 0.0
13, 0, 4, 0, 0, 0.0
13, 0, 5, 0, 0, 0.0
13, 0, 6, 0, 0, 0.0
13, 0, 7, 0, 0, 0.0
13, 0, 8, 0, 0, 0.0
13, 0, 9, 0, 0, 0.0
13, 0, 10, 0, 0, 0.0
13, 0, 11, 0, 0, 0.0
13, 0, 12, 0, 0, 0.0
13, 0, 13, 0, 0, 0.0
13, 0, 14, 0, 0, 0.0
13, 0, 15, 0, 0, 0.0
13, 0, 16, 0, 0, 0.0
13, 0, 17, 0, 0, 0.0
13, 0, 18, 0, 0, 0.0
13, 0, 19, 0, 0, 0.0
13, 0, 20, 0, 0, 0.0
13, 1, 0, 0, 0, 0.0
13, 1, 1, 0, 0, 0.0
13, 1, 2, 0, 0, 0.0
13, 1, 3, 0, 0, 0.0
13, 1, 4, 0, 0, 0.0
13, 1, 5, 0, 0, 0.0
13, 1, 6, 0, 0, 0.0
13, 1, 7, 0, 0, 0.0
13, 1, 8, 0, 0, 0.0
13, 1, 9, 0, 0, 0.0
13, 1, 10, 0, 0, 0.0
13, 1, 11, 0, 0, 0.0
13, 1, 12, 0, 0, 0.0
13, 1, 13, 0, 0, 0.0
13, 1, 14, 0, 0, 0.0
13, 1, 15, 0, 0, 0.0
13, 1, 16, 0, 0, 0.0
13, 1, 17, 0, 0, 0.0
13, 1, 18, 0, 0, 0.0
13, 1, 19, 0, 0, 0.0
13, 1, 20, 0, 0, 0.0
14, 0, 0, 0, 0, 0.0
14, 0, 1, 0, 0, 0.0
14, 0, 2, 0, 0, 0.0
14, 0, 3, 0, 0, 0.0
14, 0, 4, 0, 0, 0.0
14, 0, 5, 0, 0, 0.0
14, 0, 6, 0, 0, 0.0
14, 0, 7, 0, 0, 0.0
14, 0, 8, 0, 0, 0.0
14, 0, 9, 0, 0, 0.0
14, 0, 10, 0, 0, 0.0
14, 0, 11, 0, 0, 0.0
14, 0, 12, 0, 0, 0.0
14, 0, 13, 0, 0, 0.0
14, 0, 14, 0, 0, 0.0
14, 0, 15, 0, 0, 0.0
14, 0, 16, 0, 0, 0.0
14, 0, 17, 0, 0, 0.0
14, 0, 18, 0, 0, 0.0
14, 0, 19, 0, 0, 0.0
14, 0, 20, 0, 0, 0.0
14, 1, 0, 0, 0, 0.0
14, 1, 1, 0, 0, 0.0
14, 1, 2, 0, 0, 0.0
14, 1, 3, 0, 0, 0.0
14, 1, 4, 0, 0, 0.0
14, 1, 5, 0, 0, 0.0
14, 1, 6, 0, 0, 0.0
14, 1, 7, 0, 0, 0.0
14, 1, 8, 0, 0, 0.0
14, 1, 9, 0, 0, 0.0
14, 1, 10, 0, 0, 0.0
14, 1, 11, 0, 0, 0.0
14, 1, 12, 0, 0, 0.0
14, 1, 13, 0, 0, 0.0
14, 1, 14, 0, 0, 0.0
14, 1, 15, 0, 0, 0.0
14, 1, 16, 0, 0, 0.0
14, 1, 17, 0, 0, 0.0
14, 1, 18, 0, 0, 0.0
14, 1, 19, 0, 0, 0.0
14, 1, 20, 0, 0, 0.0
15, 0, 0, 0, 0, 0.0
15, 0, 1, 0, 0, 0.0
15, 0, 2, 0, 0, 0.0
15, 0, 3, 0, 0, 0.0
15, 0, 4, 0, 0, 0.0
15, 0, 5, 0, 0, 0.0
15, 0, 6, 0, 0, 0.0
15, 0, 7, 0, 0, 0.0
15, 0, 8, 0, 0, 0.0
15, 0, 9, 0, 0, 0.0
15, 0, 10, 0, 0, 0.0
15, 0, 11, 0, 0, 0.0
15, 0, 12, 0, 0, 0.0
15, 0, 13, 0, 0, 0.0
15, 0, 14, 0, 0, 0.0
15, 0, 15, 0, 0, 0.0
15, 0, 16, 0, 0, 0.0
15, 0, 17, 0, 0, 0.0
15, 0, 18, 0, 0, 0.0
15, 0, 19, 0, 0, 0.0
15, 0, 20, 0, 0, 0.0
15, 1, 0, 0, 0, 0.0
15, 1, 1, 0, 0, 0.0
15, 1, 2, 0, 0, 0.0
15, 1, 3, 0, 0, 0.0
15, 1, 4, 0, 0, 0.0
15, 1, 5, 0, 0, 0.0
15, 1, 6, 0, 0, 0.0
15, 1, 7, 0, 0, 0.0
15, 1, 8, 0, 0, 0.0
15, 1, 9, 0, 0, 0.0
15, 1, 10, 0, 0, 0.0
15, 1, 11, 0, 0, 0.0
15, 1, 12, 0, 0, 0.0
15, 1, 13, 0, 0, 0.0
15, 1, 14, 0, 0, 0.0
15, 1, 15, 0, 0, 0.0
15, 1, 16, 0, 0, 0.0
15, 1, 17, 0, 0, 0.0
15, 1, 18, 0, 0, 0.0
15, 1, 19, 0, 0, 0.0
15, 1, 20, 0, 0, 0.0
16, 0, 0, 0, 0, 0.0
16, 0, 1, 0, 0, 0.0
16, 0, 2, 0, 0, 0.0
16, 0, 3, 0, 0, 0.0
16, 0, 4, 0, 0, 0.0
16, 0, 5, 0, 0, 0.0
16, 0, 6, 0, 0, 0.0
16, 0, 7, 0, 0, 0.0
16, 0, 8, 0, 0, 0.0
16, 0, 9, 0, 0, 0.0
16, 0, 10, 0, 0, 0.0
16, 0, 11, 0, 0, 0.0
16, 0, 12, 0, 0, 0.0
16, 0, 13, 0, 0, 0.0
16, 0, 14, 0, 0, 0.0
16, 0, 15, 0, 0, 0.0
16, 0, 16, 0, 0, 0.0
16, 0, 17, 0, 0, 0.0
16, 0, 18, 0, 0, 0.0
16, 0, 19, 0, 0, 0.0
16, 0, 20, 0, 0, 0.0
16, 1, 0, 0, 0, 0.0
16, 1, 1, 0, 0, 0.0
16, 1, 2, 0, 0, 0.0
16, 1, 3, 0, 0, 0.0
16, 1, 4, 0, 0, 0.0
16, 1, 5, 0, 0, 0.0
16, 1, 6, 0, 0, 0.0
16, 1, 7, 0, 0, 0.0
16, 1, 8, 0, 0, 0.0
16, 1, 9, 0, 0, 0.0
16, 1, 10, 0, 0, 0.0
16, 1, 11, 0, 0, 0.0
16, 1, 12, 0, 0, 0.0
16, 1, 13, 0, 0, 0.0
16, 1, 14, 0, 0, 0.0
16, 1, 15, 0, 0, 0.0
16, 1, 16, 0, 0, 0.0
16, 1, 17, 0, 0, 0.0
16, 1, 18, 0, 0, 0.0
16, 1, 19, 0, 0, 0.0
16, 1, 20, 0, 0, 0.0
17, 0, 0, 0, 0, 0.0
17, 0, 1, 0, 0, 0.0
17, 0, 2, 0, 0, 0.0
17, 0, 3, 0, 0, 0.0
17, 0, 4, 0, 0, 0.0
17, 0, 5, 0, 0, 0.0
17, 0, 6, 0, 0, 0.0
17, 0, 7, 0, 0, 0.0
17, 0, 8, 0, 0, 0.0
17, 0, 9, 0, 0, 0.0
17, 0, 10, 0, 0, 0.0
17, 0, 11, 0, 0, 0.0
17, 0, 12, 0, 0, 0.0
17, 0, 13, 0, 0, 0.0
17, 0, 14, 0, 0, 0.0
17, 0, 15, 0, 0, 0.0
17, 0, 16, 0, 0, 0.0
17, 0, 17, 0, 0, 0.0
17, 0, 18, 0, 0, 0.0
17, 0, 19, 0, 0, 0.0
17, 0, 20, 0, 0, 0.0
17, 1, 0, 0, 0, 0.0
17, 1, 1, 0, 0, 0.0
17, 1, 2, 0, 0, 0.0
17, 1, 3, 0, 0, 0.0
17, 1, 4, 0, 0, 0.0
17, 1, 5, 0, 0, 0.0
17, 1, 6, 0, 0, 0.0
17, 1, 7, 0, 0, 0.0
17, 1, 8, 0, 0, 0.0
17, 1, 9, 0, 0, 0.0
17, 1, 10, 0, 0, 0.0
17, 1, 11, 0, 0, 0.0
17, 1, 12, 0, 0, 0.0
17, 1, 13, 0, 0, 0.0
17, 1, 14, 0, 0, 0.0
17, 1, 15, 0, 0, 0.0
17, 1, 16, 0, 0, 0.0
17, 1, 17, 0, 0, 0.0
17, 1, 18, 0, 0, 0.0
17, 1, 19, 0, 0, 0.0
17, 1, 20, 0, 0, 0.0
18, 0, 0, 0, 0, 0.0
18, 0, 1, 0, 0, 0.0
18, 0, 2, 0, 0, 0.0
18, 0, 3, 0, 0, 0.0
18, 0, 4, 0, 0, 0.0
18, 0, 5, 0, 0, 0.0
18, 0, 6, 0, 0, 0.0
18, 0, 7, 0, 0, 0.0
18, 0, 8, 0, 0, 0.0
18, 0, 9, 0, 0, 0.0
18, 0, 10, 0, 0, 0.0
18, 0, 11, 0, 0, 0.0
18, 0, 12, 0, 0, 0.0
18, 0, 13, 0, 0, 0.0
18, 0, 14, 0, 0, 0.0
18, 0, 15, 0, 0, 0.0
18, 0, 16, 0, 0, 0.0
18, 0, 17, 0, 0, 0.0
18, 0, 18, 0, 0, 0.0
18, 0, 19, 0, 0, 0.0
18, 0, 20, 0, 0, 0.0
18, 1, 0, 0, 0, 0.0
18, 1, 1, 0, 0, 0.0
18, 1, 2, 0, 0, 0.0
18, 1, 3, 0, 0, 0.0
18, 1, 4, 0, 0, 0.0
18, 1, 5, 0, 0, 0.0
18, 1, 6, 0, 0, 0.0
18, 1, 7, 0, 0, 0.0
18, 1, 8, 0, 0, 0.0
18, 1, 9, 0, 0, 0.0
18, 1, 10, 0, 0, 0.0
18, 1, 11, 0, 0, 0.0
18, 1, 12, 0, 0, 0.0
18, 1, 13, 0, 0, 0.0
18, 1, 14, 0, 0, 0.0
18, 1, 15, 0, 0, 0.0
18, 1, 16, 0, 0, 0.0
18, 1, 17, 0, 0, 0.0
18, 1, 18, 0, 0, 0.0
18, 1, 19, 0, 0, 0.0
18, 1, 20, 0, 0, 0.0
19, 0, 0, 0, 0, 0.0
19, 0, 1, 0, 0, 0.0
19, 0, 2, 0, 0, 0.0
19, 0, 3, 0, 0, 0.0
19, 0, 4, 0, 0, 0.0
19, 0, 5, 0, 0, 0.0
19, 0, 6, 0, 0, 0.0
19, 0, 7, 0, 0, 0.0
19, 0, 8, 0, 0, 0.0
19, 0, 9, 0, 0, 0.0
19, 0, 10, 0, 0, 0.0
19, 0, 11, 0, 0, 0.0
19, 0, 12, 0, 0, 0.0
19, 0, 13, 0, 0, 0.0
19, 0, 14, 0, 0, 0.0
19, 0, 15, 0, 0, 0.0
19, 0, 16, 0, 0, 0.0
19, 0, 17, 0, 0, 0.0
19, 0, 18, 0, 0, 0.0
19, 0, 19, 0, 0, 0.0
19, 0, 20, 0, 0, 0.0
19, 1, 0, 0, 0, 0.0
19, 1, 1, 0, 0, 0.0
19, 1, 2, 0, 0, 0.0
19, 1, 3, 0, 0, 0.0
19, 1, 4, 0, 0, 0.0
19, 1, 5, 0, 0, 0.0
19, 1, 6, 0, 0, 0.0
19, 1, 7, 0, 0, 0.0
19, 1, 8, 0, 0, 0.0
19, 1, 9, 0, 0, 0.0
19, 1, 10, 0, 0, 0.0
19, 1, 11, 0, 0, 0.0
19, 1, 12, 0, 0, 0.0
19, 1, 13, 0, 0, 0.0
19, 1, 14, 0, 0, 0.0
19, 1, 15, 0, 0, 0.0
19, 1, 16, 0, 0, 0.0
19, 1, 17, 0, 0, 0.0
19, 1, 18, 0, 0, 0.0
19, 1, 19, 0, 0, 0.0
19, 1, 20, 0, 0, 0.0
20, 0, 0, 0, 0, 0.0
20, 0, 1, 0, 0, 0.0
20, 0, 2, 0, 0, 0.0
20, 0, 3, 0, 0, 0.0
20, 0, 4, 0, 0, 0.0
20, 0, 5, 0, 0, 0.0
20, 0, 6, 0, 0, 0.0
20, 0, 7, 0, 0, 0.0
20, 0, 8, 0, 0, 0.0
20, 0, 9, 0, 0, 0.0
20, 0, 10, 0, 0, 0.0
20, 0, 11, 0, 0, 0.0
20, 0, 12, 0, 0, 0.0
20, 0, 13, 0, 0, 0.0
20, 0, 14, 0, 0, 0.0
20, 0, 15, 0, 0, 0.0
20, 0, 16, 0, 0, 0.0
20, 0, 17, 0, 0, 0.0
20, 0, 18, 0, 0, 0.0
20, 0, 19, 0, 0, 0.0
20, 0, 20, 0, 0, 0.0
20, 1, 0, 0, 0, 0.0
20, 1, 1, 0, 0, 0.0
20, 1, 2, 0, 0, 0.0
20, 1, 3, 0, 0, 0.0
20, 1, 4, 0, 0, 0.0
20, 1, 5, 0, 0, 0.0
20, 1, 6, 0, 0, 0.0
20, 1, 7, 0, 0, 0.0
20, 1, 8, 0, 0, 0.0
20, 1, 9, 0, 0, 0.0
20, 1, 10, 0, 0, 0.0
20, 1, 11, 0, 0, 0.0
20, 1, 12, 0, 0, 0.0
20, 1, 13, 0, 0, 0.0
20, 1, 14, 0, 0, 0.0
20, 1, 15, 0, 0, 0.0
20, 1, 16, 0, 0, 0.0
20, 1, 17, 0, 0, 0.0
20, 1, 18, 0, 0, 0.0
20, 1, 19, 0, 0, 0.0
20, 1, 20, 0, 0, 0.0
21, 0, 0, 0, 0, 0.0
21, 0, 1, 0, 0, 0.0
21, 0, 2, 0, 0, 0.0
21, 0, 3, 0, 0, 0.0
21, 0, 4, 0, 0, 0.0
21, 0, 5, 0, 0, 0.0
21, 0, 6, 0, 0, 0.0
21, 0, 7, 0, 0, 0.0
21, 0, 8, 0, 0, 0.0
21, 0, 9, 0, 0, 0.0
21, 0, 10, 0, 0, 0.0
21, 0, 11, 0, 0, 0.0
21, 0, 12, 0, 0, 0.0
21, 0, 13, 0, 0, 0.0
21, 0, 14, 0, 0, 0.0
21, 0, 15, 0, 0, 0.0
21, 0, 16, 0, 0, 0.0
21, 0, 17, 0, 0, 0.0
21, 0, 18, 0, 0, 0.0
21, 0, 19, 0, 0, 0.0
21, 0, 20, 0, 0, 0.0
21, 1, 0, 0, 0, 0.0
21, 1, 1, 0, 0, 0.0
21, 1, 2, 0, 0, 0.0
21, 1, 3, 0, 0, 0.0
21, 1, 4, 0, 0, 0.0
21, 1, 5, 0, 0, 0.0
21, 1, 6, 0, 0, 0.0
21, 1, 7, 0, 0, 0.0
21, 1, 8, 0, 0, 0.0
21, 1, 9, 0, 0, 0.0
21, 1, 10, 0, 0, 0.0
21, 1, 11, 0, 0, 0.0
21, 1, 12, 0, 0, 0.0
21, 1, 13, 0, 0, 0.0
21, 1, 14, 0, 0, 0.0
21, 1, 15, 0, 0, 0.0
21, 1, 16, 0, 0, 0.0
21, 1, 17, 0, 0, 0.0
21, 1, 18, 0, 0, 0.0
21, 1, 19, 0, 0, 0.0
21, 1, 20, 0, 0, 0.0
22, 0, 0, 0, 0, 0.0
22, 0, 1, 0, 0, 0.0
22, 0, 2, 0, 0, 0.0
22, 0, 3, 0, 0, 0.0
22, 0, 4, 0, 0, 0.0
22, 0, 5, 0, 0, 0.0
22, 0, 6, 0, 0, 0.0
22, 0, 7, 0, 0, 0.0
22, 0, 8, 0, 0, 0.0
22, 0, 9, 0, 0, 0.0
22, 0, 10, 0, 0, 0.0
22, 0, 11, 0, 0, 0.0
22, 0, 12, 0, 0, 0.0
22, 0, 13, 0, 0, 0.0
22, 0, 14, 0, 0, 0.0
22, 0, 15, 0, 0, 0.0
22, 0, 16, 0, 0, 0.0
22, 0, 17, 0, 0, 0.0
22, 0, 18, 0, 0, 0.0
22, 0, 19, 0, 0, 0.0
22, 0, 20, 0, 0, 0.0
22, 1, 0, 0, 0, 0.0
22, 1, 1, 0, 0, 0.0
22, 1, 2, 0, 0, 0.0
22, 1, 3, 0, 0, 0.0
22, 1, 4, 0, 0, 0.0
22, 1, 5, 0, 0, 0.0
22, 1, 6, 0, 0, 0.0
22, 1, 7, 0, 0, 0.0
22, 1, 8, 0, 0, 0.0
22, 1, 9, 0, 0, 0.0
22, 1, 10, 0, 0, 0.0
22, 1, 11, 0, 0, 0.0
22, 1, 12, 0, 0, 0.0
22, 1, 13, 0, 0, 0.0
22, 1, 14, 0, 0, 0.0
22, 1, 15, 0, 0, 0.0
22, 1, 16, 0, 0, 0.0
22, 1, 17, 0, 0, 0.0
22, 1, 18, 0, 0, 0.0
22, 1, 19, 0, 0, 0.0
22, 1, 20, 0, 0, 0.0
23, 0, 0, 0, 0, 0.0
23, 0, 1, 0, 0, 0.0
23, 0, 2, 0, 0, 0.0
23, 0, 3, 0, 0, 0.0
23, 0, 4, 0, 0, 0.0
23, 0, 5, 0, 0, 0.0
23, 0, 6, 0, 0, 0.0
23, 0, 7, 0, 0, 0.0
23, 0, 8, 0, 0, 0.0
23, 0, 9, 0, 0, 0.0
23, 0, 10, 0, 0, 0.0
23, 0, 11, 0, 0, 0.0
23, 0, 12, 0, 0, 0.0
23, 0, 13, 0, 0, 0.0
23, 0, 14, 0, 0, 0.0
23, 0, 15, 0, 0, 0.0
23, 0, 16, 0, 0, 0.0
23, 0, 17, 0, 0, 0.0
23, 0, 18, 0, 0, 0.0
23, 0, 19, 0, 0, 0.0
23, 0, 20, 0, 0, 0.0
23, 1, 0, 0, 0, 0.0
23, 1, 1, 0, 0, 0.0
23, 1, 2, 0, 0, 0.0
23, 1, 3, 0, 0, 0.0
23, 1, 4, 0, 0, 0.0
23, 1, 5, 0, 0, 0.0
23, 1, 6, 0, 0, 0.0
23, 1, 7, 0, 0, 0.0
23, 1, 8, 0, 0, 0.0
23, 1, 9, 0, 0, 0.0
23, 1, 10, 0, 0, 0.0
23, 1, 11, 0, 0, 0.0
23, 1, 12, 0, 0, 0.0
23, 1, 13, 0, 0, 0.0
23, 1, 14, 0, 0, 0.0
23, 1, 15, 0, 0, 0.0
23, 1, 16, 0, 0, 0.0
23, 1, 17, 0, 0, 0.0
23, 1, 18, 0, 0, 0.0
23, 1, 19, 0, 0, 0.0
23, 1, 20, 0, 0, 0.0
24, 0, 0, 0, 0, 0.0
24, 0, 1, 0, 0, 0.0
24, 0, 2, 0, 0, 0.0
24, 0, 3, 0, 0, 0.0
24, 0, 4, 0, 0, 0.0
24, 0, 5, 0, 0, 0.0
24, 0, 6, 0, 0, 0.0
24, 0, 7, 0, 0, 0.0
24, 0, 8, 0, 0, 0.0
24, 0, 9, 0, 0, 0.0
24, 0, 10, 0, 0, 0.0
24, 0, 11, 0, 0, 0.0
24, 0, 12, 0, 0, 0.0
24, 0, 13, 0, 0, 0.0
24, 0, 14, 0, 0, 0.0
24, 0, 15, 0, 0, 0.0
24, 0, 16, 0, 0, 0.0
24, 0, 17, 0, 0, 0.0
24, 0, 18, 0, 0, 0.0
24, 0, 19, 0, 0, 0.0
24, 0, 20, 0, 0, 0.0
24, 1, 0, 0, 0, 0.0
24, 1, 1, 0, 0, 0.0
24, 1, 2, 0, 0, 0.0
24, 1, 3, 0, 0, 0.0
24, 1, 4, 0, 0, 0.0
24, 1, 5, 0, 0, 0.0
24, 1, 6, 0, 0, 0.0
24, 1, 7, 0, 0, 0.0
24, 1, 8, 0, 0, 0.0
24, 1, 9, 0, 0, 0.0
24, 1, 10, 0, 0, 0.0
24, 1, 11, 0, 0, 0.0
24, 1, 12, 0, 0, 0.0
24, 1, 13, 0, 0, 0.0
24, 1, 14, 0, 0, 0.0
24, 1, 15, 0, 0, 0.0
24, 1, 16, 0, 0, 0.0
24, 1, 17, 0, 0, 0.0
24, 1, 18, 0, 0, 0.0
24, 1, 19, 0, 0, 0.0
24, 1, 20, 0, 0, 0.0
25, 0, 0, 0, 0, 0.0
25, 0, 1, 0, 0, 0.0
25, 0, 2, 0, 0, 0.0
25, 0, 3, 0, 0, 0.0
25, 0, 4, 0, 0, 0.0
25, 0, 5, 0, 0, 0.0
25, 0, 6, 0, 0, 0.0
25, 0, 7, 0, 0, 0.0
25, 0, 8, 0, 0, 0.0
25, 0, 9, 0, 0, 0.0
25, 0, 10, 0, 0, 0.0
25, 0, 11, 0, 0, 0.0
25, 0, 12, 0, 0, 0.0
25, 0, 13, 0, 0, 0.0
25, 0, 14, 0, 0, 0.0
25, 0, 15, 0, 0, 0.0
25, 0, 16, 0, 0, 0.0
25, 0, 17, 0, 0, 0.0
25, 0, 18, 0, 0, 0.0
25, 0, 19, 0, 0, 0.0
25, 0, 20, 0, 0, 0.0
25, 1, 0, 0, 0, 0.0
25, 1, 1, 0, 0, 0.0
25, 1, 2, 0, 0, 0.0
25, 1, 3, 0, 0, 0.0
25, 1, 4, 0, 0, 0.0
25, 1, 5, 0, 0, 0.0
25, 1, 6, 0, 0, 0.0
25, 1, 7, 0, 0, 0.0
25, 1, 8, 0, 0, 0.0
25, 1, 9, 0, 0, 0.0
25, 1, 10, 0, 0, 0.0
25, 1, 11, 0, 0, 0.0
25, 1, 12, 0, 0, 0.0
25, 1, 13, 0, 0, 0.0
25, 1, 14, 0, 0, 0.0
25, 1, 15, 0, 0, 0.0
25, 1, 16, 0, 0, 0.0
25, 1, 17, 0, 0, 0.0
25, 1, 18, 0, 0, 0.0
25, 1, 19, 0, 0, 0.0
25, 1, 20, 0, 0, 0.0
26, 0, 0, 431, 392, -1.1552896239663824e-07
26, 0, 1, 407, 413, 0.00856785848736763
26, 0, 2, 378, 416, 0.006602514069527388
26, 0, 3, 361, 402, -0.0002091130445478484
26, 0, 4, 354, 382, -0.005957840476185083
26, 0, 5, 353, 421, 0.011432613246142864
26, 0, 6, 330, 411, 0.0037920076865702868
26, 0, 7, 324, 401, -0.002390454988926649
26, 0, 8, 325, 393, -0.007006317377090454
26, 0, 9, 350, 404, -0.0013885858934372663
26, 0, 10, 335, 376, -0.009160105139017105
26, 0, 11, 348, 369, -0.012858552858233452
26, 0, 12, 360, 374, -0.014718507416546345
26, 0, 13, 353, 384, -0.014552687294781208
26, 0, 14, 339, 356, -0.020905913785099983
26, 0, 15, 353, 353, -0.016142206266522408
26, 0, 16, 363, 360, -0.012736374512314796
26, 0, 17, 360, 363, -0.027668854221701622
26, 0, 18, 348, 339, -0.028815850615501404
26, 0, 19, 361, 339, -0.020101532340049744
26, 0, 20, 372, 347, -0.013514961116015911
26, 1, 0, 0, 0, 0.0
26, 1, 1, 0, 0, 0.0
26, 1, 2, 0, 0, 0.0
26, 1, 3, 0, 0, 0.0
26, 1, 4, 0, 0, 0.0
26, 1, 5, 0, 0, 0.0
26, 1, 6, 0, 0, 0.0
26, 1, 7, 0, 0, 0.0
26, 1, 8, 0, 0, 0.0
26, 1, 9, 0, 0, 0.0
26, 1, 10, 0, 0, 0.0
26, 1, 11, 0, 0, 0.0
26, 1, 12, 0, 0, 0.0
26, 1, 13, 0, 0, 0.0
26, 1, 14, 0, 0, 0.0
26, 1, 15, 0, 0, 0.0
26, 1, 16, 0, 0, 0.0
26, 1, 17, 0, 0, 0.0
26, 1, 18, 0, 0, 0.0
26, 1, 19, 0, 0, 0.0
26, 1, 20, 0, 0, 0.0
27, 0, 0, 431, 374, -3.8893148257557186e-08
27, 0, 1, 401, 385, 0.013434458523988724
27, 0, 2, 369, 383, 0.011634177528321743
27, 0, 3, 350, 373, 0.0049119810573756695
27, 0, 4, 340, 357, -0.001876773894764483
27, 0, 5, 360, 386, -0.0014354160521179438
27, 0, 6, 328, 389, -0.01127352099865675
27, 0, 7, 314, 377, -0.016371428966522217
27, 0, 8, 310, 366, -0.018242426216602325
27, 0, 9, 362, 371, -0.017023352906107903
27, 0, 10, 329, 349, -0.029703889042139053
27, 0, 11, 335, 340, -0.03290679678320885
27, 0, 12, 348, 344, -0.031921688467264175
27, 0, 13, 367, 353, -0.03099682927131653
27, 0, 14, 335, 330, -0.0378214567899704
27, 0, 15, 342, 326, -0.031555645167827606
27, 0, 16, 354, 332, -0.025249578058719635
27, 0, 17, 375, 335, -0.04424102604389191
27, 0, 18, 346, 316, -0.04417411610484123
27, 0, 19, 350, 313, -0.03394145146012306
27, 0, 20, 361, 318, -0.02523331344127655
27, 1, 0, 0, 0, 0.0
27, 1, 1, 0, 0, 0.0
27, 1, 2, 0, 0, 0.0
27, 1, 3, 0, 0, 0.0
27, 1, 4, 0, 0, 0.0
27, 1, 5, 0, 0, 0.0
27, 1, 6, 0, 0, 0.0
27, 1, 7, 0, 0, 0.0
27, 1, 8, 0, 0, 0.0
27, 1, 9, 0, 0, 0.0
27, 1, 10, 0, 0, 0.0
27, 1, 11, 0, 0, 0.0
27, 1, 12, 0, 0, 0.0
27, 1, 13, 0, 0, 0.0
27, 1, 14, 0, 0, 0.0
27, 1, 15, 0, 0, 0.0
27, 1, 16, 0, 0, 0.0
27, 1, 17, 0, 0, 0.0
27, 1, 18, 0, 0, 0.0
27, 1, 19, 0, 0, 0.0
27, 1, 20, 0, 0, 0.0
28, 0, 0, 176, 353, -1.2250602310359682e-07
28, 0, 1, 181, 327, -0.0046319616958498955
28, 0, 2, 199, 308, -0.013324555940926075
28, 0, 3, 220, 304, -0.021622680127620697
28, 0, 4, 236, 308, -0.027994975447654724
28, 0, 5, 209, 314, -0.024230025708675385
28, 0, 6, 239, 308, -0.039050664752721786
28, 0, 7, 237, 310, -0.04568895325064659
28, 0, 8, 227, 312, -0.04729881137609482
28, 0, 9, 213, 330, -0.027825936675071716
28, 0, 10, 244, 327, -0.03634542226791382
28, 0, 11, 241, 327, -0.03487662598490715
28, 0, 12, 230, 328, -0.03361290693283081
28, 0, 13, 216, 347, -0.03128071129322052
28, 0, 14, 245, 346, -0.03615754097700119
28, 0, 15, 240, 344, -0.029244592413306236
28, 0, 16, 228, 344, -0.024568745866417885
28, 0, 17, 217, 364, -0.035101380199193954
28, 0, 18, 241, 361, -0.03596050292253494
28, 0, 19, 236, 359, -0.029077209532260895
28, 0, 20, 226, 358, -0.02400299534201622
28, 1, 0, 418, 346, -2.0520553789538098e-07
28, 1, 1, 388, 357, 0.010477921925485134
28, 1, 2, 358, 355, 0.007721972186118364
28, 1, 3, 335, 345, 0.00024488664348609746
28, 1, 4, 322, 326, -0.006107424385845661
28, 1, 5, 355, 354, 0.0008559679845348
28, 1, 6, 319, 345, -0.012032444588840008
28, 1, 7, 323, 337, -0.01759951375424862
28, 1, 8, 332, 335, -0.01816543936729431
28, 1, 9, 356, 342, -0.011764093302190304
28, 1, 10, 321, 324, -0.021601494401693344
28, 1, 11, 333, 318, -0.023077476769685745
28, 1, 12, 347, 323, -0.02185540646314621
28, 1, 13, 359, 326, -0.023979878053069115
28, 1, 14, 327, 307, -0.028330205008387566
28, 1, 15, 337, 305, -0.021182386204600334
28, 1, 16, 350, 311, -0.015210907906293869
28, 1, 17, 364, 310, -0.035857878625392914
28, 1, 18, 336, 295, -0.0340898334980011
28, 1, 19, 342, 294, -0.024638833478093147
28, 1, 20, 353, 298, -0.01749894581735134
29, 0, 0, 178, 349, 6.194881052579149e-08
29, 0, 1, 184, 329, -0.0017817082116380334
29, 0, 2, 202, 309, -0.005684257484972477
29, 0, 3, 222, 299, -0.01082070916891098
29, 0, 4, 238, 293, -0.013533960096538067
29, 0, 5, 205, 297, -0.003321082564070821
29, 0, 6, 234, 287, -0.018785061314702034
29, 0, 7, 242, 291, -0.029051311314105988
29, 0, 8, 238, 295, -0.03229675814509392
29, 0, 9, 209, 307, -0.007810665760189295
29, 0, 10, 239, 299, -0.017903119325637817
29, 0, 11, 243, 305, -0.02271110750734806
29, 0, 12, 238, 307, -0.024809611961245537
29, 0, 13, 213, 319, -0.013529220595955849
29, 0, 14, 242, 314, -0.020463518798351288
29, 0, 15, 243, 318, -0.017773130908608437
29, 0, 16, 235, 319, -0.014736685901880264
29, 0, 17, 216, 333, -0.019778883084654808
29, 0, 18, 241, 328, -0.022445717826485634
29, 0, 19, 242, 331, -0.017899636179208755
29, 0, 20, 236, 332, -0.013704896904528141
29, 1, 0, 411, 320, -2.8975296118005645e-07
29, 1, 1, 395, 294, 0.00702501367777586
29, 1, 2, 368, 281, 0.005742375738918781
29, 1, 3, 345, 282, 0.0023602957371622324
29, 1, 4, 333, 291, 0.0003728625597432256
29, 1, 5, 359, 278, -0.010176739655435085
29, 1, 6, 324, 272, -0.02191830240190029
29, 1, 7, 332, 279, -0.02435726672410965
29, 1, 8, 344, 284, -0.022941093891859055
29, 1, 9, 355, 295, -0.017663506790995598
29, 1, 10, 319, 294, -0.027913443744182587
29, 1, 11, 330, 299, -0.026668522506952286
29, 1, 12, 343, 300, -0.023577291518449783
29, 1, 13, 354, 313, -0.024158349260687828
29, 1, 14, 321, 311, -0.02900824323296547
29, 1, 15, 330, 313, -0.02225952222943306
29, 1, 16, 343, 313, -0.01692378893494606
29, 1, 17, 353, 329, -0.030013760551810265
29, 1, 18, 324, 331, -0.031700026243925095
29, 1, 19, 309, 329, -0.029468022286891937
29, 1, 20, 299, 325, -0.027821799740195274
30, 0, 0, 187, 339, 2.3608023980159487e-07
30, 0, 1, 214, 333, -0.0017113802023231983
30, 0, 2, 237, 318, -0.0033761519007384777
30, 0, 3, 251, 304, -0.007599709089845419
30, 0, 4, 257, 289, -0.011733382940292358
30, 0, 5, 225, 281, 0.006195682100951672
30, 0, 6, 236, 268, -0.006591837853193283
30, 0, 7, 249, 270, -0.01838081143796444
30, 0, 8, 257, 277, -0.02465556375682354
30, 0, 9, 215, 281, 0.0006667968700639904
30, 0, 10, 233, 272, -0.0110471211373806
30, 0, 11, 244, 281, -0.01963902823626995
30, 0, 12, 248, 293, -0.023808898404240608
30, 0, 13, 206, 286, -0.006567586213350296
30, 0, 14, 225, 282, -0.018212750554084778
30, 0, 15, 236, 293, -0.020595502108335495
30, 0, 16, 239, 305, -0.019868746399879456
30, 0, 17, 197, 295, -0.014462601393461227
30, 0, 18, 214, 294, -0.023499764502048492
30, 0, 19, 225, 302, -0.02405799739062786
30, 0, 20, 230, 311, -0.02220183052122593
30, 1, 0, 406, 302, -2.6230731009491137e-07
30, 1, 1, 389, 275, 0.009667748585343361
30, 1, 2, 363, 262, 0.008284546434879303
30, 1, 3, 338, 263, 0.00452166423201561
30, 1, 4, 326, 271, 0.0013161946553736925
30, 1, 5, 356, 258, -0.008587967604398727
30, 1, 6, 322, 252, -0.016967693343758583
30, 1, 7, 328, 259, -0.018550217151641846
30, 1, 8, 339, 264, -0.017538487911224365
30, 1, 9, 352, 275, -0.016479693353176117
30, 1, 10, 318, 273, -0.022625595331192017
30, 1, 11, 327, 277, -0.020752515643835068
30, 1, 12, 339, 280, -0.019094713032245636
30, 1, 13, 350, 293, -0.022891540080308914
30, 1, 14, 319, 290, -0.025112342089414597
30, 1, 15, 328, 291, -0.019430067390203476
30, 1, 16, 338, 292, -0.01652190275490284
30, 1, 17, 349, 309, -0.028137102723121643
30, 1, 18, 322, 311, -0.027873165905475616
30, 1, 19, 307, 311, -0.02598469890654087
30, 1, 20, 295, 310, -0.02584220841526985
31, 0, 0, 194, 329, 6.655910311792468e-08
31, 0, 1, 219, 325, -0.002026970963925123
31, 0, 2, 242, 312, -0.003971461206674576
31, 0, 3, 255, 300, -0.009375792928040028
31, 0, 4, 255, 287, -0.0149899423122406
31, 0, 5, 239, 275, 0.009616860188543797
31, 0, 6, 253, 259, -0.0036649054381996393
31, 0, 7, 262, 264, -0.015382504090666771
31, 0, 8, 266, 273, -0.01948641985654831
31, 0, 9, 229, 273, 0.003279723459854722
31, 0, 10, 246, 259, -0.011567645706236362
31, 0, 11, 255, 269, -0.024106459692120552
31, 0, 12, 257, 282, -0.028060346841812134
31, 0, 13, 219, 274, -0.004852532874792814
31, 0, 14, 235, 265, -0.01737908646464348
31, 0, 15, 245, 276, -0.02246141992509365
31, 0, 16, 247, 289, -0.0209528598934412
31, 0, 17, 207, 278, -0.013630709610879421
31, 0, 18, 222, 262, -0.017673609778285027
31, 0, 19, 233, 255, -0.016997160390019417
31, 0, 20, 241, 251, -0.014331529848277569
31, 1, 0, 403, 286, -2.9536812462538364e-07
31, 1, 1, 387, 260, 0.008991855196654797
31, 1, 2, 360, 248, 0.00812737736850977
31, 1, 3, 337, 248, 0.004871646407991648
31, 1, 4, 324, 254, 0.002120260614901781
31, 1, 5, 351, 242, -0.006945501547306776
31, 1, 6, 320, 243, -0.015753738582134247
31, 1, 7, 325, 252, -0.018543200567364693
31, 1, 8, 337, 257, -0.018576858565211296
31, 1, 9, 348, 259, -0.01472250372171402
31, 1, 10, 317, 264, -0.021716034039855003
31, 1, 11, 325, 271, -0.019975394010543823
31, 1, 12, 336, 272, -0.018506284803152084
31, 1, 13, 347, 276, -0.02131529338657856
31, 1, 14, 318, 281, -0.026062997058033943
31, 1, 15, 326, 284, -0.020352497696876526
31, 1, 16, 337, 284, -0.016680680215358734
31, 1, 17, 347, 293, -0.026740046218037605
31, 1, 18, 321, 296, -0.028310606256127357
31, 1, 19, 306, 296, -0.025851378217339516
31, 1, 20, 293, 296, -0.024708107113838196
32, 0, 0, 199, 318, 1.4067033760056802e-07
32, 0, 1, 223, 315, -0.002035497222095728
32, 0, 2, 245, 303, -0.005220331251621246
32, 0, 3, 260, 292, -0.011367825791239738
32, 0, 4, 262, 279, -0.016228141263127327
32, 0, 5, 242, 262, 0.007404320407658815
32, 0, 6, 256, 243, -0.00635033892467618
32, 0, 7, 267, 251, -0.01859363541007042
32, 0, 8, 270, 263, -0.02410462498664856
32, 0, 9, 233, 259, 0.0017050241585820913
32, 0, 10, 250, 242, -0.010422027669847012
32, 0, 11, 262, 253, -0.02026659995317459
32, 0, 12, 264, 268, -0.024496452882885933
32, 0, 13, 223, 260, -0.006008728872984648
32, 0, 14, 242, 248, -0.01790517009794712
32, 0, 15, 254, 261, -0.02298390120267868
32, 0, 16, 257, 275, -0.023554280400276184
32, 0, 17, 213, 266, -0.014318330213427544
32, 0, 18, 232, 262, -0.02418588474392891
32, 0, 19, 245, 271, -0.02719607949256897
32, 0, 20, 251, 282, -0.02686472050845623
32, 1, 0, 403, 274, -2.504650638002204e-07
32, 1, 1, 386, 249, 0.010771702975034714
32, 1, 2, 361, 239, 0.011571704410016537
32, 1, 3, 341, 243, 0.00910217221826315
32, 1, 4, 329, 253, 0.006981447339057922
32, 1, 5, 350, 232, 0.0030260419007390738
32, 1, 6, 324, 228, -0.00477390643209219
32, 1, 7, 326, 239, -0.008238611742854118
32, 1, 8, 336, 246, -0.008676400408148766
32, 1, 9, 346, 247, -0.005081516224890947
32, 1, 10, 318, 248, -0.01175589207559824
32, 1, 11, 321, 257, -0.01242457889020443
32, 1, 12, 330, 260, -0.011389311403036118
32, 1, 13, 343, 264, -0.012609516270458698
32, 1, 14, 315, 265, -0.01619693636894226
32, 1, 15, 315, 271, -0.01498869713395834
32, 1, 16, 319, 272, -0.013785172253847122
32, 1, 17, 342, 280, -0.018783526495099068
32, 1, 18, 317, 282, -0.0192487183958292
32, 1, 19, 303, 285, -0.017987143248319626
32, 1, 20, 293, 287, -0.017013389617204666
33, 0, 0, 205, 310, 1.0382541404396761e-07
33, 0, 1, 229, 307, -0.0015848944894969463
33, 0, 2, 251, 294, -0.00501995487138629
33, 0, 3, 265, 282, -0.011654077097773552
33, 0, 4, 266, 268, -0.016787638887763023
33, 0, 5, 245, 253, 0.006979699246585369
33, 0, 6, 259, 232, -0.007715349551290274
33, 0, 7, 271, 241, -0.020416399464011192
33, 0, 8, 273, 255, -0.025961928069591522
33, 0, 9, 237, 250, 0.0007874725852161646
33, 0, 10, 255, 231, -0.012345490045845509
33, 0, 11, 268, 243, -0.02199964039027691
33, 0, 12, 269, 258, -0.02570478990674019
33, 0, 13, 228, 251, -0.007479818072170019
33, 0, 14, 247, 237, -0.02046726644039154
33, 0, 15, 261, 251, -0.025263525545597076
33, 0, 16, 263, 266, -0.025123782455921173
33, 0, 17, 219, 257, -0.016266129910945892
33, 0, 18, 239, 252, -0.02689068764448166
33, 0, 19, 252, 262, -0.029724817723035812
33, 0, 20, 257, 273, -0.028946399688720703
33, 1, 0, 402, 264, -2.749158340975555e-07
33, 1, 1, 385, 239, 0.013272954151034355
33, 1, 2, 362, 230, 0.015174931846559048
33, 1, 3, 342, 234, 0.012917190790176392
33, 1, 4, 332, 244, 0.010684012435376644
33, 1, 5, 351, 221, 0.007480066269636154
33, 1, 6, 325, 222, 0.001305563491769135
33, 1, 7, 329, 232, -0.0020704513881355524
33, 1, 8, 338, 236, -0.0025920055340975523
33, 1, 9, 347, 235, -0.0018198464531451464
33, 1, 10, 321, 240, -0.006237253081053495
33, 1, 11, 327, 248, -0.006706001237034798
33, 1, 12, 335, 250, -0.006340497639030218
33, 1, 13, 345, 252, -0.0103596867993474
33, 1, 14, 321, 256, -0.012334728613495827
33, 1, 15, 325, 261, -0.010100362822413445
33, 1, 16, 332, 263, -0.008569971658289433
33, 1, 17, 344, 268, -0.01754593476653099
33, 1, 18, 320, 271, -0.01599292643368244
33, 1, 19, 307, 274, -0.013125531375408173
33, 1, 20, 297, 276, -0.011416647583246231
34, 0, 0, 209, 304, 7.604484864032202e-08
34, 0, 1, 235, 300, -0.001246232190169394
34, 0, 2, 256, 287, -0.004719219170510769
34, 0, 3, 269, 274, -0.011567909270524979
34, 0, 4, 269, 261, -0.016813436523079872
34, 0, 5, 251, 248, 0.00609758123755455
34, 0, 6, 265, 228, -0.009117446839809418
34, 0, 7, 276, 238, -0.02199593000113964
34, 0, 8, 278, 252, -0.027715573087334633
34, 0, 9, 242, 245, -0.0004741539596579969
34, 0, 10, 259, 224, -0.0139924306422472
34, 0, 11, 272, 237, -0.0237240269780159
34, 0, 12, 273, 252, -0.02762538753449917
34, 0, 13, 233, 245, -0.009096360765397549
34, 0, 14, 251, 227, -0.02286165952682495
34, 0, 15, 265, 241, -0.02841028943657875
34, 0, 16, 268, 256, -0.02896963618695736
34, 0, 17, 223, 250, -0.018158763647079468
34, 0, 18, 244, 245, -0.02981790527701378
34, 0, 19, 258, 255, -0.03386501222848892
34, 0, 20, 264, 266, -0.03417478874325752
34, 1, 0, 405, 258, -2.9622890451719286e-07
34, 1, 1, 389, 233, 0.01094344537705183
34, 1, 2, 366, 223, 0.013151529245078564
34, 1, 3, 345, 224, 0.011649100109934807
34, 1, 4, 332, 230, 0.010677451267838478
34, 1, 5, 355, 215, 0.010132193565368652
34, 1, 6, 330, 217, 0.0040306206792593
34, 1, 7, 333, 227, 7.21234391676262e-05
34, 1, 8, 342, 232, -0.0008614032994955778
34, 1, 9, 351, 228, 0.002342723309993744
34, 1, 10, 325, 235, -0.0025934292934834957
34, 1, 11, 330, 243, -0.004096777178347111
34, 1, 12, 339, 246, -0.004043226130306721
34, 1, 13, 348, 243, -0.005148161202669144
34, 1, 14, 324, 250, -0.008195945993065834
34, 1, 15, 328, 257, -0.00659205624833703
34, 1, 16, 335, 258, -0.004996349569410086
34, 1, 17, 346, 258, -0.011457812041044235
34, 1, 18, 323, 262, -0.010125781409442425
34, 1, 19, 312, 267, -0.0068160356022417545
34, 1, 20, 304, 270, -0.004397646524012089
35, 0, 0, 213, 300, 7.686347913704594e-08
35, 0, 1, 238, 296, 0.00019885899382643402
35, 0, 2, 259, 283, -0.0025743008591234684
35, 0, 3, 272, 272, -0.008998001925647259
35, 0, 4, 276, 259, -0.013893806375563145
35, 0, 5, 254, 245, 0.007655313238501549
35, 0, 6, 269, 226, -0.006899138912558556
35, 0, 7, 280, 235, -0.019447246566414833
35, 0, 8, 283, 248, -0.025287747383117676
35, 0, 9, 246, 241, 0.00032418445334769785
35, 0, 10, 263, 220, -0.012921812944114208
35, 0, 11, 276, 232, -0.02273750677704811
35, 0, 12, 278, 247, -0.02685733698308468
35, 0, 13, 237, 241, -0.008978920057415962
35, 0, 14, 255, 222, -0.02281438559293747
35, 0, 15, 269, 234, -0.02886234037578106
35, 0, 16, 273, 249, -0.029886407777667046
35, 0, 17, 228, 245, -0.0185428224503994
35, 0, 18, 248, 241, -0.030396385118365288
35, 0, 19, 262, 250, -0.034584615379571915
35, 0, 20, 269, 261, -0.035067927092313766
35, 1, 0, 407, 253, -2.7849694106407696e-07
35, 1, 1, 393, 229, 0.012523869052529335
35, 1, 2, 371, 218, 0.016849778592586517
35, 1, 3, 350, 217, 0.01770062744617462
35, 1, 4, 337, 222, 0.01908092573285103
35, 1, 5, 360, 209, 0.012040085159242153
35, 1, 6, 334, 212, 0.009247603826224804
35, 1, 7, 337, 222, 0.007595297880470753
35, 1, 8, 346, 226, 0.007619304582476616
35, 1, 9, 354, 222, 0.004488001577556133
35, 1, 10, 328, 229, 0.0030698045156896114
35, 1, 11, 333, 238, 0.0036827572621405125
35, 1, 12, 342, 240, 0.0046404460445046425
35, 1, 13, 351, 237, -0.00243370677344501
35, 1, 14, 328, 245, -0.00279031740501523
35, 1, 15, 333, 251, 0.00017668009968474507
35, 1, 16, 340, 251, 0.0020746970549225807
35, 1, 17, 349, 252, -0.00809047557413578
35, 1, 18, 328, 255, -0.005748226772993803
35, 1, 19, 321, 260, -0.001328062848187983
35, 1, 20, 317, 262, 0.0019249306060373783
36, 0, 0, 219, 295, 8.227113568182176e-08
36, 0, 1, 244, 291, 0.0010516775073483586
36, 0, 2, 264, 278, -0.0010039458284154534
36, 0, 3, 278, 266, -0.006669990718364716
36, 0, 4, 283, 255, -0.01077374629676342
36, 0, 5, 259, 240, 0.007793819531798363
36, 0, 6, 274, 223, -0.006588479969650507
36, 0, 7, 286, 232, -0.01887510158121586
36, 0, 8, 288, 245, -0.024613123387098312
36, 0, 9, 251, 236, 0.00010025547817349434
36, 0, 10, 268, 217, -0.012835472822189331
36, 0, 11, 282, 228, -0.022190595045685768
36, 0, 12, 284, 243, -0.02609480358660221
36, 0, 13, 241, 236, -0.00948389433324337
36, 0, 14, 260, 218, -0.023155011236667633
36, 0, 15, 275, 230, -0.028742199763655663
36, 0, 16, 279, 244, -0.029644442722201347
36, 0, 17, 232, 242, -0.0192429032176733
36, 0, 18, 253, 239, -0.031079906970262527
36, 0, 19, 267, 248, -0.03501054272055626
36, 0, 20, 273, 259, -0.03541714698076248
36, 1, 0, 412, 249, -2.6187009893874347e-07
36, 1, 1, 397, 224, 0.01456236932426691
36, 1, 2, 377, 214, 0.020262856036424637
36, 1, 3, 358, 215, 0.022173883393406868
36, 1, 4, 347, 222, 0.02409197762608528
36, 1, 5, 364, 205, 0.014766122214496136
36, 1, 6, 340, 208, 0.014665734954178333
36, 1, 7, 343, 217, 0.014296249486505985
36, 1, 8, 352, 221, 0.014827797189354897
36, 1, 9, 358, 218, 0.0068141259253025055
36, 1, 10, 334, 224, 0.008161216974258423
36, 1, 11, 339, 232, 0.009250540286302567
36, 1, 12, 347, 233, 0.010038893669843674
36, 1, 13, 355, 233, -0.00014973866927903146
36, 1, 14, 333, 240, 0.0014578646514564753
36, 1, 15, 339, 245, 0.004153048619627953
36, 1, 16, 346, 245, 0.00541524076834321
36, 1, 17, 353, 249, -0.00569492019712925
36, 1, 18, 333, 249, -0.003220292739570141
36, 1, 19, 323, 251, 0.0005210225936025381
36, 1, 20, 316, 253, 0.0031378502026200294
37, 0, 0, 224, 293, 8.516097693700431e-08
37, 0, 1, 249, 289, 0.0004413530114106834
37, 0, 2, 270, 276, -0.0017512273043394089
37, 0, 3, 283, 265, -0.007515483535826206
37, 0, 4, 287, 254, -0.011889247223734856
37, 0, 5, 265, 239, 0.007401888258755207
37, 0, 6, 278, 221, -0.00672906031832099
37, 0, 7, 290, 229, -0.018858565017580986
37, 0, 8, 293, 241, -0.02470582351088524
37, 0, 9, 256, 235, -2.1895790268899873e-05
37, 0, 10, 273, 215, -0.013343692757189274
37, 0, 11, 286, 226, -0.022940685972571373
37, 0, 12, 289, 240, -0.026920439675450325
37, 0, 13, 247, 235, -0.009343217127025127
37, 0, 14, 265, 217, -0.023832766339182854
37, 0, 15, 279, 230, -0.0297616608440876
37, 0, 16, 284, 244, -0.03056139498949051
37, 0, 17, 237, 240, -0.01886621303856373
37, 0, 18, 259, 237, -0.03133011981844902
37, 0, 19, 272, 246, -0.03556101769208908
37, 0, 20, 279, 256, -0.036019135266542435
37, 1, 0, 415, 246, -2.770120488548855e-07
37, 1, 1, 402, 222, 0.012503507547080517
37, 1, 2, 382, 212, 0.017021866515278816
37, 1, 3, 363, 214, 0.018321307376027107
37, 1, 4, 352, 222, 0.019899863749742508
37, 1, 5, 369, 202, 0.011005495674908161
37, 1, 6, 344, 205, 0.009252571500837803
37, 1, 7, 348, 214, 0.008230348117649555
37, 1, 8, 357, 217, 0.0085211843252182
37, 1, 9, 362, 215, 0.0036427455488592386
37, 1, 10, 338, 220, 0.0026185628958046436
37, 1, 11, 343, 228, 0.003373518353328109
37, 1, 12, 351, 230, 0.004346692934632301
37, 1, 13, 359, 231, -0.0028359026182442904
37, 1, 14, 337, 237, -0.003942723385989666
37, 1, 15, 343, 242, -0.001578121562488377
37, 1, 16, 351, 243, 0.00012025763135170564
37, 1, 17, 357, 247, -0.007957876659929752
37, 1, 18, 335, 247, -0.008454377762973309
37, 1, 19, 322, 249, -0.00670494232326746
37, 1, 20, 311, 251, -0.005229045171290636
38, 0, 0, 228, 293, 7.542602276089383e-08
38, 0, 1, 252, 290, -0.0005370534490793943
38, 0, 2, 273, 278, -0.0028246184810996056
38, 0, 3, 287, 266, -0.008412697352468967
38, 0, 4, 292, 255, -0.012598834931850433
38, 0, 5, 269, 241, 0.00642569363117218
38, 0, 6, 283, 222, -0.007318155840039253
38, 0, 7, 295, 231, -0.019170284271240234
38, 0, 8, 299, 243, -0.025045745074748993
38, 0, 9, 261, 237, -0.0003291604807600379
38, 0, 10, 278, 216, -0.013694977387785912
38, 0, 11, 291, 227, -0.02336879074573517
38, 0, 12, 294, 241, -0.027559492737054825
38, 0, 13, 252, 236, -0.00900574866682291
38, 0, 14, 270, 217, -0.023373257368803024
38, 0, 15, 285, 229, -0.029693594202399254
38, 0, 16, 289, 243, -0.030999474227428436
38, 0, 17, 243, 240, -0.01795247755944729
38, 0, 18, 264, 235, -0.03063078597187996
38, 0, 19, 278, 244, -0.03528597578406334
38, 0, 20, 284, 255, -0.03625404089689255
38, 1, 0, 419, 246, -2.923239037500025e-07
38, 1, 1, 407, 222, 0.01338494848459959
38, 1, 2, 388, 211, 0.019098643213510513
38, 1, 3, 369, 212, 0.021742641925811768
38, 1, 4, 357, 220, 0.024632679298520088
38, 1, 5, 374, 201, 0.011600295081734657
38, 1, 6, 349, 203, 0.010910113342106342
38, 1, 7, 353, 212, 0.01083055417984724
38, 1, 8, 362, 215, 0.011661514639854431
38, 1, 9, 367, 214, 0.004323474131524563
38, 1, 10, 342, 219, 0.004656784702092409
38, 1, 11, 348, 226, 0.006451103370636702
38, 1, 12, 356, 227, 0.007849820889532566
38, 1, 13, 363, 230, -0.001946376054547727
38, 1, 14, 341, 235, -0.002336072036996484
38, 1, 15, 348, 240, 0.0007688282057642937
38, 1, 16, 356, 240, 0.00271404255181551
38, 1, 17, 362, 246, -0.006767346523702145
38, 1, 18, 339, 245, -0.007781915832310915
38, 1, 19, 326, 247, -0.006578261964023113
38, 1, 20, 314, 247, -0.005565656814724207
39, 0, 0, 234, 294, 8.331131340355569e-08
39, 0, 1, 258, 291, -0.0014965676236897707
39, 0, 2, 279, 279, -0.00429009972140193
39, 0, 3, 293, 268, -0.010212525725364685
39, 0, 4, 299, 257, -0.014698424376547337
39, 0, 5, 276, 244, 0.005016773007810116
39, 0, 6, 289, 223, -0.00939972698688507
39, 0, 7, 301, 232, -0.021591316908597946
39, 0, 8, 304, 244, -0.027489781379699707
39, 0, 9, 267, 239, -0.0012225288664922118
39, 0, 10, 284, 217, -0.01557034719735384
39, 0, 11, 297, 228, -0.025820165872573853
39, 0, 12, 300, 242, -0.0302050169557333
39, 0, 13, 258, 238, -0.009412976913154125
39, 0, 14, 276, 218, -0.024228548631072044
39, 0, 15, 290, 230, -0.03085043840110302
39, 0, 16, 294, 244, -0.03223077952861786
39, 0, 17, 248, 241, -0.017931850627064705
39, 0, 18, 269, 235, -0.03080778196454048
39, 0, 19, 282, 244, -0.035752806812524796
39, 0, 20, 289, 254, -0.03687967732548714
39, 1, 0, 421, 246, -2.7575953254199703e-07
39, 1, 1, 409, 222, 0.01374753750860691
39, 1, 2, 391, 211, 0.01923009566962719
39, 1, 3, 372, 212, 0.021600183099508286
39, 1, 4, 361, 220, 0.024116864427924156
39, 1, 5, 377, 201, 0.012389919720590115
39, 1, 6, 353, 203, 0.013143897987902164
39, 1, 7, 357, 212, 0.013509757816791534
39, 1, 8, 365, 215, 0.014414133504033089
39, 1, 9, 369, 214, 0.005237468518316746
39, 1, 10, 346, 217, 0.007351618260145187
39, 1, 11, 352, 226, 0.00922067929059267
39, 1, 12, 359, 227, 0.010320437140762806
39, 1, 13, 365, 229, -0.0006904065376147628
39, 1, 14, 344, 234, 0.0006966099026612937
39, 1, 15, 351, 240, 0.0035775755532085896
39, 1, 16, 359, 241, 0.004969913512468338
39, 1, 17, 363, 245, -0.005115208216011524
39, 1, 18, 341, 244, -0.0040916865691542625
39, 1, 19, 328, 246, -0.001704646972939372
39, 1, 20, 318, 247, -5.791514558950439e-05
40, 0, 0, 239, 294, 8.914894067402201e-08
40, 0, 1, 262, 293, -0.0020285206846892834
40, 0, 2, 284, 280, -0.005078693386167288
40, 0, 3, 299, 270, -0.010888471268117428
40, 0, 4, 305, 258, -0.015240038745105267
40, 0, 5, 281, 244, 0.002535881707444787
40, 0, 6, 295, 224, -0.011938844807446003
40, 0, 7, 306, 233, -0.023373400792479515
40, 0, 8, 309, 245, -0.028565099462866783
40, 0, 9, 273, 240, -0.003483622567728162
40, 0, 10, 289, 217, -0.017924508079886436
40, 0, 11, 303, 228, -0.02779017575085163
40, 0, 12, 305, 242, -0.03177588805556297
40, 0, 13, 263, 239, -0.011267796158790588
40, 0, 14, 280, 218, -0.02615690603852272
40, 0, 15, 295, 230, -0.03244055435061455
40, 0, 16, 300, 244, -0.03355514258146286
40, 0, 17, 253, 242, -0.019331570714712143
40, 0, 18, 273, 236, -0.03229597955942154
40, 0, 19, 287, 244, -0.03688529506325722
40, 0, 20, 294, 255, -0.03771601617336273
40, 1, 0, 424, 248, -2.9539270940404094e-07
40, 1, 1, 414, 223, 0.012344371527433395
40, 1, 2, 395, 210, 0.017074156552553177
40, 1, 3, 376, 211, 0.019328223541378975
40, 1, 4, 365, 219, 0.021829016506671906
40, 1, 5, 382, 200, 0.006388104520738125
40, 1, 6, 357, 202, 0.0053985510021448135
40, 1, 7, 360, 211, 0.0063806744292378426
40, 1, 8, 368, 215, 0.007809546310454607
40, 1, 9, 375, 213, -0.0006007918855175376
40, 1, 10, 349, 217, -0.0009624403901398182
40, 1, 11, 354, 226, 0.0016000561881810427
40, 1, 12, 361, 228, 0.0034927683882415295
40, 1, 13, 371, 229, -0.006269634701311588
40, 1, 14, 347, 234, -0.007509589660912752
40, 1, 15, 354, 241, -0.004056901670992374
40, 1, 16, 362, 242, -0.0018269293941557407
40, 1, 17, 369, 245, -0.010395141318440437
40, 1, 18, 346, 243, -0.012500912882387638
40, 1, 19, 333, 244, -0.011350849643349648
40, 1, 20, 322, 244, -0.01026677805930376
41, 0, 0, 243, 294, 1.0284234974733408e-07
41, 0, 1, 267, 293, -0.0025326653849333525
41, 0, 2, 289, 281, -0.00593258673325181
41, 0, 3, 304, 271, -0.01206065621227026
41, 0, 4, 310, 258, -0.01674870029091835
41, 0, 5, 286, 245, 0.002393103204667568
41, 0, 6, 300, 224, -0.01208039466291666
41, 0, 7, 312, 233, -0.02348981611430645
41, 0, 8, 316, 245, -0.028657764196395874
41, 0, 9, 278, 241, -0.003476926125586033
41, 0, 10, 295, 218, -0.017650095745921135
41, 0, 11, 308, 228, -0.027151869609951973
41, 0, 12, 311, 242, -0.030903000384569168
41, 0, 13, 268, 239, -0.01120374072343111
41, 0, 14, 286, 219, -0.025908824056386948
41, 0, 15, 301, 230, -0.031669240444898605
41, 0, 16, 305, 244, -0.03237009048461914
41, 0, 17, 258, 242, -0.019323529675602913
41, 0, 18, 278, 236, -0.03208876773715019
41, 0, 19, 292, 245, -0.03617556765675545
41, 0, 20, 298, 255, -0.03651183098554611
41, 1, 0, 428, 247, -2.917488188813877e-07
41, 1, 1, 418, 222, 0.01199248991906643
41, 1, 2, 399, 210, 0.016903884708881378
41, 1, 3, 379, 210, 0.019487041980028152
41, 1, 4, 367, 218, 0.02239893563091755
41, 1, 5, 385, 200, 0.0070258439518511295
41, 1, 6, 360, 201, 0.0069844406098127365
41, 1, 7, 363, 211, 0.008309388533234596
41, 1, 8, 371, 214, 0.009747528471052647
41, 1, 9, 377, 213, 0.0004282318986952305
41, 1, 10, 352, 216, 0.000718310649972409
41, 1, 11, 358, 225, 0.003619274590164423
41, 1, 12, 366, 226, 0.0056013623252511024
41, 1, 13, 373, 229, -0.004918817430734634
41, 1, 14, 350, 233, -0.006164490710943937
41, 1, 15, 358, 239, -0.0028689757455140352
41, 1, 16, 366, 240, -0.0007494880119338632
41, 1, 17, 371, 244, -0.00869937427341938
41, 1, 18, 349, 242, -0.011048009619116783
41, 1, 19, 336, 243, -0.01031962689012289
41, 1, 20, 325, 243, -0.00956653244793415
42, 0, 0, 247, 293, 9.346416618427611e-08
42, 0, 1, 271, 293, -0.0026696822606027126
42, 0, 2, 293, 282, -0.006708371918648481
42, 0, 3, 309, 272, -0.013444658368825912
42, 0, 4, 314, 259, -0.018694857135415077
42, 0, 5, 291, 245, -0.0001619855174794793
42, 0, 6, 305, 223, -0.015203018672764301
42, 0, 7, 317, 233, -0.026440517976880074
42, 0, 8, 319, 245, -0.03132657706737518
42, 0, 9, 282, 241, -0.006097310688346624
42, 0, 10, 300, 217, -0.02049429528415203
42, 0, 11, 313, 229, -0.02952294796705246
42, 0, 12, 314, 243, -0.0330219641327858
42, 0, 13, 273, 239, -0.013748274184763432
42, 0, 14, 291, 218, -0.028069328516721725
42, 0, 15, 305, 231, -0.032954808324575424
42, 0, 16, 308, 245, -0.03326907008886337
42, 0, 17, 263, 242, -0.021840468049049377
42, 0, 18, 283, 235, -0.034173496067523956
42, 0, 19, 297, 244, -0.03799363970756531
42, 0, 20, 302, 254, -0.03833291679620743
42, 1, 0, 431, 247, -2.6027700528175046e-07
42, 1, 1, 420, 221, 0.013545088469982147
42, 1, 2, 401, 209, 0.018432587385177612
42, 1, 3, 383, 210, 0.020261196419596672
42, 1, 4, 372, 219, 0.022039368748664856
42, 1, 5, 388, 199, 0.010487374849617481
42, 1, 6, 363, 200, 0.010564565658569336
42, 1, 7, 366, 209, 0.010948140174150467
42, 1, 8, 374, 213, 0.011994337663054466
42, 1, 9, 380, 212, 0.002804551273584366
42, 1, 10, 355, 214, 0.0040834867395460606
42, 1, 11, 360, 223, 0.006262521259486675
42, 1, 12, 368, 225, 0.007911507040262222
42, 1, 13, 376, 228, -0.0036438540555536747
42, 1, 14, 354, 231, -0.0033897156827151775
42, 1, 15, 361, 237, -0.0002736089809332043
42, 1, 16, 369, 238, 0.0017441754462197423
42, 1, 17, 374, 244, -0.008529569953680038
42, 1, 18, 351, 242, -0.007989834062755108
42, 1, 19, 339, 243, -0.005113637540489435
42, 1, 20, 330, 243, -0.002908548805862665
43, 0, 0, 251, 292, 1.1070921601685768e-07
43, 0, 1, 275, 292, -0.002918672515079379
43, 0, 2, 297, 281, -0.0066185868345201015
43, 0, 3, 312, 271, -0.012973137199878693
43, 0, 4, 316, 257, -0.017833033576607704
43, 0, 5, 294, 245, -9.563528146827593e-05
43, 0, 6, 308, 222, -0.014901178888976574
43, 0, 7, 320, 229, -0.025677146390080452
43, 0, 8, 324, 241, -0.030187489464879036
43, 0, 9, 286, 241, -0.005826076492667198
43, 0, 10, 303, 216, -0.019627733156085014
43, 0, 11, 317, 226, -0.027689021080732346
43, 0, 12, 319, 240, -0.030481496825814247
43, 0, 13, 277, 239, -0.01336886826902628
43, 0, 14, 295, 220, -0.027753787115216255
43, 0, 15, 310, 232, -0.032078009098768234
43, 0, 16, 314, 246, -0.03169833868741989
43, 0, 17, 267, 242, -0.021392174065113068
43, 0, 18, 288, 235, -0.0336993932723999
43, 0, 19, 301, 244, -0.03690725192427635
43, 0, 20, 307, 254, -0.03649884834885597
43, 1, 0, 434, 246, -2.97886060707242e-07
43, 1, 1, 422, 220, 0.013160555623471737
43, 1, 2, 403, 208, 0.01757161319255829
43, 1, 3, 384, 208, 0.019244233146309853
43, 1, 4, 371, 214, 0.020987559109926224
43, 1, 5, 390, 198, 0.006678965874016285
43, 1, 6, 366, 200, 0.005559920333325863
43, 1, 7, 368, 209, 0.0062692733481526375
43, 1, 8, 377, 213, 0.0075832149013876915
43, 1, 9, 383, 211, -0.0011503008427098393
43, 1, 10, 358, 215, -0.0018903735326603055
43, 1, 11, 363, 223, 0.0005482655251398683
43, 1, 12, 371, 225, 0.0023984936997294426
43, 1, 13, 379, 227, -0.007631061598658562
43, 1, 14, 356, 232, -0.0096893934533
43, 1, 15, 363, 238, -0.006303231231868267
43, 1, 16, 371, 238, -0.003950126934796572
43, 1, 17, 377, 243, -0.01243031956255436
43, 1, 18, 353, 241, -0.015065993182361126
43, 1, 19, 339, 243, -0.013766242191195488
43, 1, 20, 327, 243, -0.01248563826084137
44, 0, 0, 254, 291, 1.0138662531744558e-07
44, 0, 1, 278, 291, -0.0029147081077098846
44, 0, 2, 300, 281, -0.007347008679062128
44, 0, 3, 315, 270, -0.014582768082618713
44, 0, 4, 318, 256, -0.02022871933877468
44, 0, 5, 297, 244, -0.0009575860458426178
44, 0, 6, 312, 220, -0.017166290432214737
44, 0, 7, 324, 230, -0.02899082936346531
44, 0, 8, 327, 242, -0.03396487608551979
44, 0, 9, 290, 240, -0.007068512961268425
44, 0, 10, 307, 215, -0.022260334342718124
44, 0, 11, 321, 228, -0.0309765562415123
44, 0, 12, 323, 242, -0.033922553062438965
44, 0, 13, 280, 239, -0.01501130685210228
44, 0, 14, 300, 219, -0.029977397993206978
44, 0, 15, 314, 233, -0.03418651595711708
44, 0, 16, 317, 247, -0.03355536237359047
44, 0, 17, 271, 241, -0.023447813466191292
44, 0, 18, 292, 234, -0.035709772258996964
44, 0, 19, 306, 244, -0.03878231346607208
44, 0, 20, 311, 254, -0.03831048682332039
44, 1, 0, 437, 246, -2.9206549356786127e-07
44, 1, 1, 425, 221, 0.014243838377296925
44, 1, 2, 407, 209, 0.019615523517131805
44, 1, 3, 389, 210, 0.021920163184404373
44, 1, 4, 378, 218, 0.024092143401503563
44, 1, 5, 393, 198, 0.00989604089409113
44, 1, 6, 370, 199, 0.010208778083324432
44, 1, 7, 372, 208, 0.011388102546334267
44, 1, 8, 380, 212, 0.012766154482960701
44, 1, 9, 386, 211, 0.0018098565051332116
44, 1, 10, 361, 214, 0.002339644357562065
44, 1, 11, 366, 222, 0.004808866884559393
44, 1, 12, 373, 224, 0.006628277245908976
44, 1, 13, 382, 227, -0.004928736016154289
44, 1, 14, 358, 231, -0.0058779846876859665
44, 1, 15, 365, 237, -0.0026498225051909685
44, 1, 16, 373, 238, -0.0004796717257704586
44, 1, 17, 380, 243, -0.009975764900445938
44, 1, 18, 356, 242, -0.011972108855843544
44, 1, 19, 342, 243, -0.01073579490184784
44, 1, 20, 330, 242, -0.00959178525954485
45, 0, 0, 257, 291, 9.012511981154603e-08
45, 0, 1, 279, 290, -0.002620078856125474
45, 0, 2, 301, 280, -0.0073890043422579765
45, 0, 3, 316, 270, -0.015101604163646698
45, 0, 4, 320, 257, -0.02119353413581848
45, 0, 5, 300, 244, -0.0008728518150746822
45, 0, 6, 315, 220, -0.017305050045251846
45, 0, 7, 327, 230, -0.029353508725762367
45, 0, 8, 330, 242, -0.03444664925336838
45, 0, 9, 293, 240, -0.007443455047905445
45, 0, 10, 310, 215, -0.022654090076684952
45, 0, 11, 324, 227, -0.03149496763944626
45, 0, 12, 325, 241, -0.034571800380945206
45, 0, 13, 283, 238, -0.01586175337433815
45, 0, 14, 302, 218, -0.03099239617586136
45, 0, 15, 317, 233, -0.03534884378314018
45, 0, 16, 320, 246, -0.03479059785604477
45, 0, 17, 274, 241, -0.0247325599193573
45, 0, 18, 295, 233, -0.03718585520982742
45, 0, 19, 308, 243, -0.040108274668455124
45, 0, 20, 313, 253, -0.03947639837861061
45, 1, 0, 440, 246, -2.911556578055752e-07
45, 1, 1, 429, 221, 0.013739507645368576
45, 1, 2, 410, 208, 0.019297068938612938
45, 1, 3, 392, 208, 0.022084631025791168
45, 1, 4, 381, 217, 0.024948615580797195
45, 1, 5, 396, 198, 0.009513194672763348
45, 1, 6, 372, 200, 0.010328482836484909
45, 1, 7, 375, 209, 0.011733428575098515
45, 1, 8, 383, 212, 0.013152536004781723
45, 1, 9, 388, 211, 0.0018575540743768215
45, 1, 10, 364, 214, 0.0028843434993177652
45, 1, 11, 369, 222, 0.005791888106614351
45, 1, 12, 377, 224, 0.007913060486316681
45, 1, 13, 384, 227, -0.004429836291819811
45, 1, 14, 361, 231, -0.004984286613762379
45, 1, 15, 368, 237, -0.001682031899690628
45, 1, 16, 376, 238, 0.00048059775144793093
45, 1, 17, 382, 243, -0.009068777784705162
45, 1, 18, 358, 242, -0.010659301653504372
45, 1, 19, 344, 243, -0.009314840659499168
45, 1, 20, 333, 242, -0.00812129583209753
46, 0, 0, 259, 290, 6.951911046826353e-08
46, 0, 1, 282, 289, -0.002868531970307231
46, 0, 2, 303, 279, -0.007726137526333332
46, 0, 3, 318, 268, -0.015462245792150497
46, 0, 4, 321, 254, -0.02156190760433674
46, 0, 5, 304, 242, -0.0011749096447601914
46, 0, 6, 319, 219, -0.01789931021630764
46, 0, 7, 330, 230, -0.03035885840654373
46, 0, 8, 332, 242, -0.03588548302650452
46, 0, 9, 296, 238, -0.007676014676690102
46, 0, 10, 313, 214, -0.022733915597200394
46, 0, 11, 326, 227, -0.03143592178821564
46, 0, 12, 327, 241, -0.03468473255634308
46, 0, 13, 286, 237, -0.01607130654156208
46, 0, 14, 305, 218, -0.030685512349009514
46, 0, 15, 319, 232, -0.034686945378780365
46, 0, 16, 322, 246, -0.034237105399370193
46, 0, 17, 277, 240, -0.025021929293870926
46, 0, 18, 297, 233, -0.03709280863404274
46, 0, 19, 311, 243, -0.039891090244054794
46, 0, 20, 316, 253, -0.039421919733285904
46, 1, 0, 441, 245, -2.8779220428987173e-07
46, 1, 1, 429, 221, 0.01423618383705616
46, 1, 2, 411, 209, 0.019362563267350197
46, 1, 3, 393, 209, 0.02139667235314846
46, 1, 4, 382, 218, 0.023496264591813087
46, 1, 5, 398, 198, 0.009818782098591328
46, 1, 6, 374, 200, 0.01029883325099945
46, 1, 7, 377, 209, 0.011445855721831322
46, 1, 8, 385, 212, 0.012680492363870144
46, 1, 9, 390, 211, 0.0015962079633027315
46, 1, 10, 366, 214, 0.002161526819691062
46, 1, 11, 372, 222, 0.004747296683490276
46, 1, 12, 380, 224, 0.006636820267885923
46, 1, 13, 386, 227, -0.005233879666775465
46, 1, 14, 363, 230, -0.005748725030571222
46, 1, 15, 370, 236, -0.002187452046200633
46, 1, 16, 378, 237, 5.9392164985183626e-05
46, 1, 17, 384, 243, -0.010446097701787949
46, 1, 18, 360, 241, -0.011726434342563152
46, 1, 19, 346, 242, -0.01011856459081173
46, 1, 20, 335, 242, -0.00883498415350914
47, 0, 0, 260, 289, 4.786375029652845e-08
47, 0, 1, 283, 288, -0.0025009592063724995
47, 0, 2, 305, 278, -0.007150842808187008
47, 0, 3, 319, 268, -0.014896223321557045
47, 0, 4, 323, 254, -0.020958716049790382
47, 0, 5, 305, 242, 0.0010867237579077482
47, 0, 6, 321, 219, -0.01540167536586523
47, 0, 7, 332, 230, -0.028113044798374176
47, 0, 8, 333, 243, -0.03378971666097641
47, 0, 9, 298, 238, -0.0055396463721990585
47, 0, 10, 316, 214, -0.02033470943570137
47, 0, 11, 328, 228, -0.02927086129784584
47, 0, 12, 328, 242, -0.03273884207010269
47, 0, 13, 289, 236, -0.014211720786988735
47, 0, 14, 308, 217, -0.028403203934431076
47, 0, 15, 321, 231, -0.03251621872186661
47, 0, 16, 323, 245, -0.032305002212524414
47, 0, 17, 279, 238, -0.023503005504608154
47, 0, 18, 300, 232, -0.03521879389882088
47, 0, 19, 313, 242, -0.03809923306107521
47, 0, 20, 317, 252, -0.03786974400281906
47, 1, 0, 444, 245, -2.858308789654984e-07
47, 1, 1, 432, 221, 0.013997015543282032
47, 1, 2, 413, 209, 0.01906576380133629
47, 1, 3, 395, 210, 0.0209914930164814
47, 1, 4, 383, 218, 0.023022804409265518
47, 1, 5, 399, 198, 0.01004485972225666
47, 1, 6, 375, 200, 0.010452604852616787
47, 1, 7, 378, 210, 0.011423191986978054
47, 1, 8, 387, 213, 0.012574305757880211
47, 1, 9, 392, 211, 0.001958458684384823
47, 1, 10, 368, 215, 0.003015673253685236
47, 1, 11, 374, 223, 0.005938237067312002
47, 1, 12, 381, 225, 0.007925933226943016
47, 1, 13, 388, 226, -0.004828202538192272
47, 1, 14, 365, 231, -0.004795275162905455
47, 1, 15, 372, 237, -0.0007561914972029626
47, 1, 16, 380, 238, 0.001677968422882259
47, 1, 17, 386, 242, -0.010102915577590466
47, 1, 18, 362, 241, -0.010452235117554665
47, 1, 19, 349, 242, -0.00807169545441866
47, 1, 20, 338, 242, -0.006322565022855997
48, 0, 0, 261, 289, 5.7335324044061053e-08
48, 0, 1, 285, 289, -0.0028453939594328403
48, 0, 2, 306, 278, -0.0071672843769192696
48, 0, 3, 321, 268, -0.014352282509207726
48, 0, 4, 325, 254, -0.019932065159082413
48, 0, 5, 308, 243, 0.001029660226777196
48, 0, 6, 323, 220, -0.014804158359766006
48, 0, 7, 334, 230, -0.02714885026216507
48, 0, 8, 335, 242, -0.03275759890675545
48, 0, 9, 300, 238, -0.005004604812711477
48, 0, 10, 318, 214, -0.01944081485271454
48, 0, 11, 330, 227, -0.028471805155277252
48, 0, 12, 331, 241, -0.03215539827942848
48, 0, 13, 291, 236, -0.013050994835793972
48, 0, 14, 309, 217, -0.027104351669549942
48, 0, 15, 323, 231, -0.031897492706775665
48, 0, 16, 325, 244, -0.03228788077831268
48, 0, 17, 281, 238, -0.021692544221878052
48, 0, 18, 302, 232, -0.03343725576996803
48, 0, 19, 314, 241, -0.036950986832380295
48, 0, 20, 319, 251, -0.037272680550813675
48, 1, 0, 446, 245, -2.850152611699741e-07
48, 1, 1, 433, 221, 0.013505622744560242
48, 1, 2, 414, 209, 0.01756993681192398
48, 1, 3, 395, 210, 0.018644606694579124
48, 1, 4, 384, 219, 0.019782697781920433
48, 1, 5, 400, 198, 0.007528544403612614
48, 1, 6, 375, 201, 0.007503856439143419
48, 1, 7, 379, 211, 0.008370984345674515
48, 1, 8, 388, 213, 0.009401599876582623
48, 1, 9, 393, 211, -0.0007601622492074966
48, 1, 10, 369, 216, 2.308622788405046e-05
48, 1, 11, 375, 224, 0.0033083984162658453
48, 1, 12, 383, 226, 0.005406678654253483
48, 1, 13, 390, 227, -0.007639938034117222
48, 1, 14, 366, 232, -0.00781688466668129
48, 1, 15, 374, 238, -0.003259906778112054
48, 1, 16, 382, 238, -0.0005632476531900465
48, 1, 17, 388, 243, -0.01304551586508751
48, 1, 18, 364, 242, -0.01342226006090641
48, 1, 19, 350, 244, -0.010648850351572037
48, 1, 20, 339, 244, -0.008674092590808868
49, 0, 0, 262, 289, 6.379548267432256e-08
49, 0, 1, 286, 289, -0.003463160479441285
49, 0, 2, 308, 279, -0.007927345111966133
49, 0, 3, 323, 268, -0.015292936936020851
49, 0, 4, 325, 253, -0.02104349434375763
49, 0, 5, 309, 243, 0.003536731004714966
49, 0, 6, 324, 221, -0.011620900593698025
49, 0, 7, 334, 231, -0.024022459983825684
49, 0, 8, 336, 243, -0.029816681519150734
49, 0, 9, 302, 238, -0.0020155925303697586
49, 0, 10, 319, 215, -0.015515457838773727
49, 0, 11, 331, 227, -0.024788852781057358
49, 0, 12, 332, 241, -0.028909189626574516
49, 0, 13, 293, 236, -0.009819913655519485
49, 0, 14, 312, 217, -0.02353811077773571
49, 0, 15, 325, 231, -0.0292593315243721
49, 0, 16, 327, 244, -0.030458291992545128
49, 0, 17, 284, 238, -0.018310876563191414
49, 0, 18, 305, 232, -0.029574371874332428
49, 0, 19, 317, 242, -0.03351249545812607
49, 0, 20, 321, 253, -0.03433699533343315
49, 1, 0, 446, 246, -2.846995812433306e-07
49, 1, 1, 433, 222, 0.01268786657601595
49, 1, 2, 414, 210, 0.01602419652044773
49, 1, 3, 395, 211, 0.016544897109270096
49, 1, 4, 384, 220, 0.017153514549136162
49, 1, 5, 401, 198, 0.005685623735189438
49, 1, 6, 376, 202, 0.004862536210566759
49, 1, 7, 380, 211, 0.005508660804480314
49, 1, 8, 389, 214, 0.006396242883056402
49, 1, 9, 395, 212, -0.0025661448016762733
49, 1, 10, 369, 216, -0.002810955513268709
49, 1, 11, 376, 224, 0.0003832181100733578
49, 1, 12, 384, 226, 0.002513355342671275
49, 1, 13, 391, 227, -0.009427147917449474
49, 1, 14, 367, 232, -0.010612092912197113
49, 1, 15, 375, 238, -0.0058292122557759285
49, 1, 16, 383, 238, -0.002822405658662319
49, 1, 17, 390, 244, -0.014845064841210842
49, 1, 18, 364, 243, -0.015876462683081627
49, 1, 19, 351, 244, -0.013065462931990623
49, 1, 20, 339, 244, -0.011072883382439613
50, 0, 0, 264, 289, 7.381513711379739e-08
50, 0, 1, 288, 289, -0.0025288353208452463
50, 0, 2, 310, 281, -0.007186872884631157
50, 0, 3, 325, 270, -0.015058278106153011
50, 0, 4, 328, 256, -0.021505922079086304
50, 0, 5, 311, 245, 0.0032877293415367603
50, 0, 6, 326, 224, -0.012080135755240917
50, 0, 7, 337, 233, -0.02427489310503006
50, 0, 8, 339, 246, -0.029866661876440048
50, 0, 9, 304, 240, -0.0030189366079866886
50, 0, 10, 322, 218, -0.01720455475151539
50, 0, 11, 334, 230, -0.02631794847548008
50, 0, 12, 335, 244, -0.03004286251962185
50, 0, 13, 295, 237, -0.011461158283054829
50, 0, 14, 315, 220, -0.025951310992240906
50, 0, 15, 328, 234, -0.031606510281562805
50, 0, 16, 330, 247, -0.032432716339826584
50, 0, 17, 287, 239, -0.020447954535484314
50, 0, 18, 307, 234, -0.03228599578142166
50, 0, 19, 320, 244, -0.036162130534648895
50, 0, 20, 324, 256, -0.03669499233365059
50, 1, 0, 445, 246, -2.899753326346399e-07
50, 1, 1, 433, 222, 0.013256445527076721
50, 1, 2, 414, 210, 0.017073163762688637
50, 1, 3, 395, 210, 0.01826287992298603
50, 1, 4, 384, 219, 0.019397666677832603
50, 1, 5, 401, 199, 0.004161179065704346
50, 1, 6, 376, 203, 0.004374014213681221
50, 1, 7, 380, 212, 0.006248303223401308
50, 1, 8, 389, 215, 0.007683959789574146
50, 1, 9, 395, 213, -0.0037927725352346897
50, 1, 10, 369, 217, -0.0034980513155460358
50, 1, 11, 376, 226, 0.00032944235135801136
50, 1, 12, 384, 228, 0.002557612955570221
50, 1, 13, 391, 228, -0.010024079121649265
50, 1, 14, 366, 233, -0.010563820600509644
50, 1, 15, 374, 240, -0.005520522594451904
50, 1, 16, 382, 240, -0.0027672641444951296
50, 1, 17, 390, 244, -0.014660404995083809
50, 1, 18, 365, 243, -0.016104524955153465
50, 1, 19, 352, 245, -0.01373743824660778
50, 1, 20, 341, 244, -0.01217442937195301
51, 0, 0, 266, 289, 7.735525997532022e-08
51, 0, 1, 289, 289, -0.0006383839063346386
51, 0, 2, 311, 280, -0.004545758944004774
51, 0, 3, 326, 271, -0.011715295724570751
51, 0, 4, 330, 259, -0.017327768728137016
51, 0, 5, 313, 241, 0.002675118623301387
51, 0, 6, 328, 224, -0.012519527226686478
51, 0, 7, 339, 236, -0.023912865668535233
51, 0, 8, 340, 248, -0.028898416087031364
51, 0, 9, 305, 237, -0.004644947126507759
51, 0, 10, 324, 217, -0.018330009654164314
51, 0, 11, 336, 232, -0.025897277519106865
51, 0, 12, 337, 246, -0.028297267854213715
51, 0, 13, 296, 236, -0.013760441914200783
51, 0, 14, 316, 221, -0.02779579721391201
51, 0, 15, 330, 236, -0.031402185559272766
51, 0, 16, 332, 250, -0.030608737841248512
51, 0, 17, 287, 239, -0.023260483518242836
51, 0, 18, 308, 237, -0.035135719925165176
51, 0, 19, 321, 248, -0.03801005706191063
51, 0, 20, 326, 259, -0.037411585450172424
51, 1, 0, 446, 245, -2.868289641355659e-07
51, 1, 1, 433, 222, 0.012200884521007538
51, 1, 2, 415, 210, 0.01574101485311985
51, 1, 3, 396, 210, 0.01690119132399559
51, 1, 4, 385, 219, 0.018086178228259087
51, 1, 5, 401, 200, 0.00337520195171237
51, 1, 6, 377, 203, 0.0030765037517994642
51, 1, 7, 381, 213, 0.004528685938566923
51, 1, 8, 389, 216, 0.0057284836657345295
51, 1, 9, 395, 213, -0.003994979429990053
51, 1, 10, 370, 218, -0.004175372421741486
51, 1, 11, 376, 227, -0.0006335166981443763
51, 1, 12, 384, 229, 0.0015329384477809072
51, 1, 13, 391, 229, -0.009774353355169296
51, 1, 14, 367, 234, -0.010795299895107746
51, 1, 15, 374, 241, -0.006231705658137798
51, 1, 16, 383, 242, -0.0035731957759708166
51, 1, 17, 391, 245, -0.01401567179709673
51, 1, 18, 366, 244, -0.015688348561525345
51, 1, 19, 354, 245, -0.013636724092066288
51, 1, 20, 342, 245, -0.012190342880785465
52, 0, 0, 264, 287, 1.4311686413748248e-07
52, 0, 1, 298, 283, 0.004833514336496592
52, 0, 2, 316, 271, 0.002090943744406104
52, 0, 3, 330, 263, -0.005350767634809017
52, 0, 4, 336, 256, -0.011169405654072762
52, 0, 5, 305, 226, 0.009041644632816315
52, 0, 6, 322, 215, -0.006983458995819092
52, 0, 7, 336, 229, -0.02097548171877861
52, 0, 8, 341, 243, -0.028266726061701775
52, 0, 9, 297, 226, -0.001565743237733841
52, 0, 10, 320, 217, -0.014454960823059082
52, 0, 11, 335, 232, -0.02216746099293232
52, 0, 12, 339, 245, -0.025480961427092552
52, 0, 13, 291, 231, -0.013822494074702263
52, 0, 14, 315, 226, -0.026199696585536003
52, 0, 15, 331, 239, -0.029144667088985443
52, 0, 16, 337, 252, -0.02857322432100773
52, 0, 17, 288, 243, -0.026383597403764725
52, 0, 18, 312, 245, -0.03469591215252876
52, 0, 19, 325, 255, -0.034974757581949234
52, 0, 20, 332, 264, -0.03304188326001167
52, 1, 0, 447, 246, -3.013454090705636e-07
52, 1, 1, 434, 222, 0.012814908288419247
52, 1, 2, 415, 211, 0.01701376587152481
52, 1, 3, 396, 211, 0.018785642459988594
52, 1, 4, 386, 220, 0.02077489346265793
52, 1, 5, 401, 200, 0.004413722548633814
52, 1, 6, 377, 205, 0.004661165177822113
52, 1, 7, 382, 215, 0.006542774848639965
52, 1, 8, 390, 217, 0.007996611297130585
52, 1, 9, 395, 214, -0.0030878258403390646
52, 1, 10, 370, 220, -0.0025692773051559925
52, 1, 11, 377, 228, 0.0016437290469184518
52, 1, 12, 385, 230, 0.004176758229732513
52, 1, 13, 392, 230, -0.0090282978489995
52, 1, 14, 368, 235, -0.009525632485747337
52, 1, 15, 376, 242, -0.004573591519147158
52, 1, 16, 384, 242, -0.0017893684562295675
52, 1, 17, 391, 246, -0.013478062115609646
52, 1, 18, 368, 245, -0.015381957404315472
52, 1, 19, 355, 248, -0.013743190094828606
52, 1, 20, 344, 248, -0.012549937702715397
53, 0, 0, 261, 283, 1.5784956985953613e-07
53, 0, 1, 291, 272, 0.006573840044438839
53, 0, 2, 310, 256, 0.00492477510124445
53, 0, 3, 325, 245, -0.0004563476541079581
53, 0, 4, 335, 242, -0.005360225681215525
53, 0, 5, 296, 225, -0.0006279129884205759
53, 0, 6, 322, 218, -0.01316643226891756
53, 0, 7, 339, 226, -0.02247370406985283
53, 0, 8, 348, 236, -0.027967127040028572
53, 0, 9, 293, 231, -0.010860174894332886
53, 0, 10, 323, 224, -0.02072988823056221
53, 0, 11, 339, 233, -0.025959670543670654
53, 0, 12, 347, 243, -0.029538828879594803
53, 0, 13, 292, 243, -0.021228082478046417
53, 0, 14, 321, 241, -0.030616723001003265
53, 0, 15, 335, 249, -0.03260905295610428
53, 0, 16, 341, 257, -0.03331555798649788
53, 0, 17, 294, 258, -0.031378090381622314
53, 0, 18, 319, 260, -0.03629748523235321
53, 0, 19, 331, 265, -0.035735953599214554
53, 0, 20, 338, 271, -0.0349176749587059
53, 1, 0, 447, 246, -2.7823921300296206e-07
53, 1, 1, 434, 222, 0.01319604180753231
53, 1, 2, 416, 211, 0.017855649814009666
53, 1, 3, 397, 211, 0.019937140867114067
53, 1, 4, 387, 219, 0.022057415917515755
53, 1, 5, 402, 201, 0.006212049629539251
53, 1, 6, 378, 205, 0.00643529649823904
53, 1, 7, 382, 214, 0.0077536096796393394
53, 1, 8, 391, 216, 0.008983710780739784
53, 1, 9, 395, 214, -0.001329850871115923
53, 1, 10, 370, 219, -0.0004359358863439411
53, 1, 11, 377, 227, 0.0030790220480412245
53, 1, 12, 385, 229, 0.005285345483571291
53, 1, 13, 392, 230, -0.0073599680326879025
53, 1, 14, 368, 234, -0.007196961902081966
53, 1, 15, 376, 241, -0.0025926795788109303
53, 1, 16, 385, 241, 4.005290520581184e-06
53, 1, 17, 392, 246, -0.011903959326446056
53, 1, 18, 369, 245, -0.012685829773545265
53, 1, 19, 356, 246, -0.010592213831841946
53, 1, 20, 346, 246, -0.009112654253840446
54, 0, 0, 259, 278, 2.489568942110054e-07
54, 0, 1, 275, 254, 0.0019706832244992256
54, 0, 2, 296, 240, -0.004434778820723295
54, 0, 3, 315, 236, -0.013003546744585037
54, 0, 4, 330, 239, -0.02172563225030899
54, 0, 5, 295, 228, -0.01567848213016987
54, 0, 6, 325, 224, -0.02984040230512619
54, 0, 7, 340, 228, -0.037666596472263336
54, 0, 8, 351, 231, -0.042200084775686264
54, 0, 9, 294, 240, -0.024993985891342163
54, 0, 10, 324, 236, -0.03703344613313675
54, 0, 11, 340, 240, -0.041142068803310394
54, 0, 12, 351, 245, -0.04400668665766716
54, 0, 13, 294, 256, -0.03394593298435211
54, 0, 14, 321, 255, -0.04474892094731331
54, 0, 15, 336, 259, -0.04537617787718773
54, 0, 16, 347, 263, -0.045140590518713
54, 0, 17, 295, 273, -0.042763691395521164
54, 0, 18, 318, 273, -0.04789844900369644
54, 0, 19, 331, 274, -0.04604659229516983
54, 0, 20, 342, 275, -0.044462136924266815
54, 1, 0, 447, 247, -1.9768316406043596e-07
54, 1, 1, 435, 223, 0.012005585245788097
54, 1, 2, 416, 211, 0.015450097620487213
54, 1, 3, 398, 212, 0.016022363677620888
54, 1, 4, 388, 222, 0.01647763140499592
54, 1, 5, 404, 201, 0.008709238842129707
54, 1, 6, 380, 204, 0.008252903819084167
54, 1, 7, 384, 213, 0.0074696927331388
54, 1, 8, 393, 215, 0.007396197412163019
54, 1, 9, 397, 215, 0.0014358996413648129
54, 1, 10, 373, 218, 0.0032444146927446127
54, 1, 11, 379, 226, 0.005182141903787851
54, 1, 12, 387, 227, 0.006344354711472988
54, 1, 13, 393, 230, -0.004689390305429697
54, 1, 14, 371, 233, -0.002418975345790386
54, 1, 15, 377, 239, 0.0012832327047362924
54, 1, 16, 386, 239, 0.0031777811236679554
54, 1, 17, 391, 245, -0.009659119881689548
54, 1, 18, 371, 245, -0.006283466704189777
54, 1, 19, 368, 247, -0.0009659677743911743
54, 1, 20, 367, 248, 0.0028205327689647675
55, 0, 0, 262, 276, 3.426526689054299e-07
55, 0, 1, 274, 253, 0.0003917946887668222
55, 0, 2, 294, 239, -0.0071656834334135056
55, 0, 3, 316, 238, -0.015299057587981224
55, 0, 4, 331, 242, -0.02314191870391369
55, 0, 5, 296, 229, -0.024049118161201477
55, 0, 6, 329, 223, -0.036790620535612106
55, 0, 7, 345, 224, -0.04111945629119873
55, 0, 8, 356, 225, -0.04229649528861046
55, 0, 9, 297, 244, -0.030815090984106064
55, 0, 10, 333, 239, -0.04201272875070572
55, 0, 11, 351, 242, -0.041613493114709854
55, 0, 12, 361, 246, -0.03981141000986099
55, 0, 13, 299, 261, -0.036413971334695816
55, 0, 14, 333, 259, -0.0439230352640152
55, 0, 15, 346, 261, -0.038771189749240875
55, 0, 16, 352, 261, -0.03364934027194977
55, 0, 17, 302, 279, -0.041930779814720154
55, 0, 18, 329, 276, -0.04331958293914795
55, 0, 19, 340, 274, -0.03690286725759506
55, 0, 20, 345, 271, -0.031059661880135536
55, 1, 0, 448, 246, -1.6268596425561554e-07
55, 1, 1, 436, 222, 0.010589394718408585
55, 1, 2, 417, 210, 0.01356492005288601
55, 1, 3, 400, 212, 0.013966710306704044
55, 1, 4, 390, 223, 0.014315574429929256
55, 1, 5, 406, 201, 0.008673276752233505
55, 1, 6, 382, 203, 0.00790429674088955
55, 1, 7, 386, 212, 0.00676302332431078
55, 1, 8, 394, 214, 0.006278431974351406
55, 1, 9, 398, 214, 0.0021026330068707466
55, 1, 10, 374, 217, 0.0036258932668715715
55, 1, 11, 380, 224, 0.005517254583537579
55, 1, 12, 389, 225, 0.00677530188113451
55, 1, 13, 394, 229, -0.0035454449243843555
55, 1, 14, 373, 232, -0.0012643426889553666
55, 1, 15, 379, 237, 0.0024641412310302258
55, 1, 16, 387, 237, 0.004429146647453308
55, 1, 17, 392, 243, -0.008242861367762089
55, 1, 18, 374, 244, -0.004967860411852598
55, 1, 19, 376, 246, 0.0007577688666060567
55, 1, 20, 381, 246, 0.0050592925399541855
56, 0, 0, 263, 278, 3.154692365114897e-07
56, 0, 1, 275, 256, 0.00040032071410678327
56, 0, 2, 294, 240, -0.0060407668352127075
56, 0, 3, 313, 236, -0.013802438043057919
56, 0, 4, 327, 238, -0.02122396044433117
56, 0, 5, 295, 227, -0.017010612413287163
56, 0, 6, 324, 222, -0.0296500101685524
56, 0, 7, 341, 224, -0.03574017062783241
56, 0, 8, 353, 226, -0.0388379730284214
56, 0, 9, 294, 239, -0.02441509999334812
56, 0, 10, 326, 235, -0.03533053398132324
56, 0, 11, 343, 239, -0.03806912899017334
56, 0, 12, 356, 243, -0.03951053321361542
56, 0, 13, 295, 255, -0.03144600987434387
56, 0, 14, 325, 254, -0.04042189195752144
56, 0, 15, 339, 257, -0.039720334112644196
56, 0, 16, 349, 260, -0.03843414783477783
56, 0, 17, 297, 272, -0.03850356116890907
56, 0, 18, 322, 272, -0.04255066439509392
56, 0, 19, 334, 272, -0.040224768221378326
56, 0, 20, 343, 273, -0.03798390552401543
56, 1, 0, 449, 245, -1.5491133353862097e-07
56, 1, 1, 437, 221, 0.01059658546000719
56, 1, 2, 418, 210, 0.013616767711937428
56, 1, 3, 400, 212, 0.014086524955928326
56, 1, 4, 390, 223, 0.014535141177475452
56, 1, 5, 407, 200, 0.008396349847316742
56, 1, 6, 382, 202, 0.007680123206228018
56, 1, 7, 387, 211, 0.00666535971686244
56, 1, 8, 395, 214, 0.006316058803349733
56, 1, 9, 399, 213, 0.001898583839647472
56, 1, 10, 375, 216, 0.0036642467603087425
56, 1, 11, 381, 224, 0.0058271619491279125
56, 1, 12, 389, 225, 0.007185370195657015
56, 1, 13, 395, 228, -0.0036631666589528322
56, 1, 14, 373, 231, -0.001196998986415565
56, 1, 15, 379, 236, 0.0028087575919926167
56, 1, 16, 388, 237, 0.004919652361422777
56, 1, 17, 393, 243, -0.0082570044323802
56, 1, 18, 375, 242, -0.0047550443559885025
56, 1, 19, 376, 245, 0.0011361800134181976
56, 1, 20, 379, 245, 0.00549464114010334
57, 0, 0, 269, 279, 2.134747063564646e-07
57, 0, 1, 296, 272, 0.0009550494723953307
57, 0, 2, 318, 257, -0.003178490325808525
57, 0, 3, 333, 248, -0.009444251656532288
57, 0, 4, 346, 242, -0.015361384488642216
57, 0, 5, 305, 227, -0.009049676358699799
57, 0, 6, 325, 218, -0.02340909093618393
57, 0, 7, 339, 220, -0.03297381475567818
57, 0, 8, 348, 223, -0.038541704416275024
57, 0, 9, 298, 232, -0.016992388293147087
57, 0, 10, 324, 227, -0.03132122755050659
57, 0, 11, 338, 235, -0.03747674450278282
57, 0, 12, 346, 244, -0.040487635880708694
57, 0, 13, 294, 243, -0.02527078054845333
57, 0, 14, 320, 243, -0.03999689966440201
57, 0, 15, 334, 251, -0.04283299669623375
57, 0, 16, 342, 259, -0.04269247502088547
57, 0, 17, 292, 258, -0.033363837748765945
57, 0, 18, 316, 261, -0.04392630606889725
57, 0, 19, 329, 266, -0.04575859755277634
57, 0, 20, 339, 271, -0.045613471418619156
57, 1, 0, 449, 245, -2.411655088963016e-07
57, 1, 1, 437, 222, 0.01116553321480751
57, 1, 2, 418, 210, 0.014218125492334366
57, 1, 3, 400, 212, 0.014844565652310848
57, 1, 4, 390, 222, 0.015605366788804531
57, 1, 5, 406, 200, 0.004946970846503973
57, 1, 6, 381, 205, 0.003832482500001788
57, 1, 7, 386, 213, 0.0035808312240988016
57, 1, 8, 395, 215, 0.0039110854268074036
57, 1, 9, 399, 214, -0.0019687635358422995
57, 1, 10, 375, 218, -0.0012022452428936958
57, 1, 11, 382, 226, 0.001808834495022893
57, 1, 12, 390, 227, 0.0034203098621219397
57, 1, 13, 395, 229, -0.0077031697146594524
57, 1, 14, 373, 233, -0.007354757748544216
57, 1, 15, 380, 239, -0.003070661798119545
57, 1, 16, 388, 239, -0.0008598268032073975
57, 1, 17, 394, 245, -0.012232430279254913
57, 1, 18, 372, 244, -0.012023373506963253
57, 1, 19, 360, 247, -0.009369996376335621
57, 1, 20, 351, 249, -0.007730442099273205
58, 0, 0, 277, 287, 9.864764649591962e-08
58, 0, 1, 303, 287, 0.00027134580886922777
58, 0, 2, 322, 275, -0.0036962300073355436
58, 0, 3, 335, 267, -0.010982437059283257
58, 0, 4, 341, 257, -0.016659364104270935
58, 0, 5, 317, 230, 0.004653084557503462
58, 0, 6, 332, 221, -0.010797063820064068
58, 0, 7, 344, 233, -0.02368912473320961
58, 0, 8, 347, 246, -0.030088258907198906
58, 0, 9, 308, 228, -0.003268977627158165
58, 0, 10, 328, 220, -0.014803644269704819
58, 0, 11, 341, 235, -0.02174128033220768
58, 0, 12, 343, 249, -0.024527404457330704
58, 0, 13, 300, 233, -0.013030926696956158
58, 0, 14, 322, 228, -0.025341516360640526
58, 0, 15, 336, 242, -0.02743830904364586
58, 0, 16, 339, 255, -0.026169581338763237
58, 0, 17, 293, 243, -0.023297280073165894
58, 0, 18, 316, 247, -0.033633891493082047
58, 0, 19, 329, 257, -0.034736186265945435
58, 0, 20, 334, 267, -0.032905206084251404
58, 1, 0, 449, 246, -2.711808519961778e-07
58, 1, 1, 436, 223, 0.010675483383238316
58, 1, 2, 418, 211, 0.013848381116986275
58, 1, 3, 400, 212, 0.014819500967860222
58, 1, 4, 389, 221, 0.016076810657978058
58, 1, 5, 406, 201, 0.003215234726667404
58, 1, 6, 381, 206, 0.0023901041131466627
58, 1, 7, 384, 216, 0.00340453814715147
58, 1, 8, 393, 219, 0.00424912478774786
58, 1, 9, 400, 214, -0.003339485265314579
58, 1, 10, 373, 221, -0.0038761328905820847
58, 1, 11, 379, 230, -0.0005438421503640711
58, 1, 12, 387, 231, 0.0014147909823805094
58, 1, 13, 396, 230, -0.008618626743555069
58, 1, 14, 371, 235, -0.009510163217782974
58, 1, 15, 378, 242, -0.00511689018458128
58, 1, 16, 386, 243, -0.0027071984950453043
58, 1, 17, 396, 245, -0.012703707441687584
58, 1, 18, 374, 246, -0.015064195729792118
58, 1, 19, 363, 249, -0.014141022227704525
58, 1, 20, 353, 250, -0.013367557898163795
59, 0, 0, 275, 290, 2.4389606778640882e-08
59, 0, 1, 297, 291, -0.005571192596107721
59, 0, 2, 319, 284, -0.011546017602086067
59, 0, 3, 333, 274, -0.020150315016508102
59, 0, 4, 338, 259, -0.02707032859325409
59, 0, 5, 320, 250, 4.029719275422394e-05
59, 0, 6, 335, 228, -0.016819197684526443
59, 0, 7, 344, 237, -0.029460130259394646
59, 0, 8, 345, 249, -0.034530822187662125
59, 0, 9, 313, 245, -0.0047134533524513245
59, 0, 10, 329, 221, -0.02020491287112236
59, 0, 11, 341, 233, -0.03027687594294548
59, 0, 12, 341, 247, -0.03397120162844658
59, 0, 13, 304, 242, -0.011729681864380836
59, 0, 14, 321, 222, -0.026097148656845093
59, 0, 15, 334, 236, -0.031043369323015213
59, 0, 16, 336, 249, -0.030843717977404594
59, 0, 17, 294, 242, -0.01952454075217247
59, 0, 18, 313, 234, -0.03080848976969719
59, 0, 19, 327, 243, -0.03428211435675621
59, 0, 20, 332, 253, -0.03414089232683182
59, 1, 0, 448, 247, -2.539336776408163e-07
59, 1, 1, 436, 224, 0.010878722183406353
59, 1, 2, 417, 212, 0.013882126659154892
59, 1, 3, 399, 213, 0.014626073651015759
59, 1, 4, 389, 222, 0.015666596591472626
59, 1, 5, 405, 202, 0.0038227669429033995
59, 1, 6, 381, 207, 0.003453424433246255
59, 1, 7, 385, 216, 0.004444029647856951
59, 1, 8, 393, 219, 0.005235419142991304
59, 1, 9, 399, 216, -0.0028701694682240486
59, 1, 10, 374, 221, -0.002640235936269164
59, 1, 11, 380, 230, 0.0006533937412314117
59, 1, 12, 388, 231, 0.0024151287507265806
59, 1, 13, 395, 231, -0.008226403966546059
59, 1, 14, 371, 236, -0.008226043544709682
59, 1, 15, 378, 242, -0.003641029354184866
59, 1, 16, 387, 243, -0.0014100037515163422
59, 1, 17, 395, 247, -0.012408769689500332
59, 1, 18, 373, 248, -0.01360225398093462
59, 1, 19, 361, 251, -0.012074657715857029
59, 1, 20, 351, 252, -0.011167063377797604
60, 0, 0, 276, 291, 5.550393922248986e-08
60, 0, 1, 298, 293, -0.0032160256523638964
60, 0, 2, 321, 285, -0.007832863368093967
60, 0, 3, 336, 274, -0.014972112141549587
60, 0, 4, 337, 260, -0.02066158317029476
60, 0, 5, 322, 251, -6.588672113139182e-05
60, 0, 6, 338, 230, -0.015113971196115017
60, 0, 7, 349, 240, -0.025671767070889473
60, 0, 8, 349, 252, -0.02966894581913948
60, 0, 9, 316, 246, -0.005436261184513569
60, 0, 10, 334, 223, -0.01852540858089924
60, 0, 11, 345, 235, -0.0257949810475111
60, 0, 12, 344, 249, -0.02811289019882679
60, 0, 13, 307, 243, -0.012693075463175774
60, 0, 14, 325, 224, -0.025746189057826996
60, 0, 15, 337, 238, -0.029081551358103752
60, 0, 16, 338, 252, -0.028282906860113144
60, 0, 17, 298, 244, -0.020510489121079445
60, 0, 18, 317, 236, -0.03158638998866081
60, 0, 19, 329, 246, -0.03426961228251457
60, 0, 20, 332, 257, -0.03380719572305679
60, 1, 0, 449, 248, -2.682654667296447e-07
60, 1, 1, 436, 224, 0.01164841279387474
60, 1, 2, 418, 212, 0.015429566614329815
60, 1, 3, 400, 213, 0.016872871667146683
60, 1, 4, 390, 222, 0.01833297871053219
60, 1, 5, 405, 204, 0.0027319276705384254
60, 1, 6, 380, 208, 0.0012924622278660536
60, 1, 7, 385, 217, 0.0019036114681512117
60, 1, 8, 394, 219, 0.0026748161762952805
60, 1, 9, 399, 218, -0.004231665749102831
60, 1, 10, 374, 223, -0.004518912173807621
60, 1, 11, 380, 231, -0.0008138736011460423
60, 1, 12, 388, 231, 0.001270274631679058
60, 1, 13, 396, 234, -0.009886236861348152
60, 1, 14, 372, 238, -0.01072954572737217
60, 1, 15, 379, 244, -0.005964498966932297
60, 1, 16, 387, 244, -0.00339160836301744
60, 1, 17, 396, 250, -0.014220058917999268
60, 1, 18, 374, 250, -0.016666339710354805
60, 1, 19, 362, 253, -0.015599655918776989
60, 1, 20, 353, 254, -0.014796670526266098
61, 0, 0, 276, 293, 9.098570785681659e-08
61, 0, 1, 301, 292, 8.488719322485849e-05
61, 0, 2, 321, 282, -0.003104765433818102
61, 0, 3, 336, 274, -0.009578519500792027
61, 0, 4, 339, 263, -0.014337103813886642
61, 0, 5, 321, 241, 0.006292331498116255
61, 0, 6, 335, 227, -0.007958278059959412
61, 0, 7, 346, 240, -0.019941432401537895
61, 0, 8, 348, 253, -0.025832585990428925
61, 0, 9, 314, 237, -0.0010005594231188297
61, 0, 10, 332, 222, -0.013170206919312477
61, 0, 11, 344, 237, -0.020515134558081627
61, 0, 12, 345, 250, -0.023313598707318306
61, 0, 13, 306, 237, -0.010252614505589008
61, 0, 14, 325, 226, -0.023039812222123146
61, 0, 15, 338, 241, -0.026710418984293938
61, 0, 16, 341, 254, -0.02641129679977894
61, 0, 17, 298, 243, -0.02001085877418518
61, 0, 18, 317, 245, -0.031451717019081116
61, 0, 19, 330, 255, -0.034711312502622604
61, 0, 20, 336, 265, -0.03446987271308899
61, 1, 0, 449, 249, -2.800776428557583e-07
61, 1, 1, 437, 225, 0.01186094805598259
61, 1, 2, 418, 213, 0.0161419864743948
61, 1, 3, 399, 215, 0.01814913935959339
61, 1, 4, 389, 224, 0.020309599116444588
61, 1, 5, 404, 204, 0.004330059979110956
61, 1, 6, 380, 210, 0.004017505794763565
61, 1, 7, 385, 219, 0.005030420608818531
61, 1, 8, 393, 221, 0.005901243072003126
61, 1, 9, 398, 218, -0.0027264030650258064
61, 1, 10, 374, 224, -0.002291457960382104
61, 1, 11, 380, 232, 0.0013520083157345653
61, 1, 12, 388, 232, 0.00331796589307487
61, 1, 13, 395, 234, -0.008462868630886078
61, 1, 14, 372, 239, -0.009036504663527012
61, 1, 15, 379, 245, -0.0045251562260091305
61, 1, 16, 387, 245, -0.0022033127024769783
61, 1, 17, 395, 250, -0.012876770459115505
61, 1, 18, 372, 251, -0.015415983274579048
61, 1, 19, 359, 254, -0.0146353580057621
61, 1, 20, 348, 256, -0.014148415066301823
62, 0, 0, 270, 288, 1.1565224156129261e-07
62, 0, 1, 307, 283, 0.004168011713773012
62, 0, 2, 325, 270, 0.001095668412744999
62, 0, 3, 338, 258, -0.005909774452447891
62, 0, 4, 346, 247, -0.011594749987125397
62, 0, 5, 312, 230, 0.0026863934472203255
62, 0, 6, 333, 224, -0.013576790690422058
62, 0, 7, 346, 237, -0.02611422725021839
62, 0, 8, 351, 250, -0.03261801600456238
62, 0, 9, 304, 232, -0.006787490099668503
62, 0, 10, 330, 227, -0.020863400772213936
62, 0, 11, 344, 243, -0.02749732881784439
62, 0, 12, 348, 256, -0.030076364055275917
62, 0, 13, 298, 239, -0.017430894076824188
62, 0, 14, 325, 240, -0.030766891315579414
62, 0, 15, 339, 253, -0.03255753219127655
62, 0, 16, 345, 266, -0.031163347885012627
62, 0, 17, 295, 253, -0.028195269405841827
62, 0, 18, 319, 258, -0.03708583861589432
62, 0, 19, 332, 266, -0.037706758826971054
62, 0, 20, 339, 274, -0.03605341911315918
62, 1, 0, 449, 249, -2.7034892013944045e-07
62, 1, 1, 437, 226, 0.011124640703201294
62, 1, 2, 419, 214, 0.01471556257456541
62, 1, 3, 401, 215, 0.015836995095014572
62, 1, 4, 391, 224, 0.017040373757481575
62, 1, 5, 405, 206, 0.004643825814127922
62, 1, 6, 381, 210, 0.003509754315018654
62, 1, 7, 386, 219, 0.0037774767260998487
62, 1, 8, 395, 221, 0.00445432448759675
62, 1, 9, 399, 219, -0.00211703241802752
62, 1, 10, 375, 224, -0.0023393428418785334
62, 1, 11, 381, 232, 0.0003643197997007519
62, 1, 12, 390, 233, 0.0020609674975275993
62, 1, 13, 397, 235, -0.0076565928757190704
62, 1, 14, 373, 240, -0.008234295062720776
62, 1, 15, 381, 246, -0.004131805617362261
62, 1, 16, 390, 246, -0.0017931696493178606
62, 1, 17, 396, 250, -0.011950129643082619
62, 1, 18, 374, 251, -0.012766544707119465
62, 1, 19, 363, 254, -0.010706819593906403
62, 1, 20, 353, 255, -0.009258056059479713
63, 0, 0, 263, 282, 1.3351026950658706e-07
63, 0, 1, 283, 261, 0.005590008106082678
63, 0, 2, 304, 246, 0.0012738723307847977
63, 0, 3, 322, 242, -0.006019679829478264
63, 0, 4, 336, 242, -0.013391271233558655
63, 0, 5, 304, 231, -0.00924614816904068
63, 0, 6, 330, 228, -0.02361215651035309
63, 0, 7, 344, 235, -0.032392218708992004
63, 0, 8, 350, 241, -0.03719285875558853
63, 0, 9, 301, 241, -0.02018803544342518
63, 0, 10, 331, 237, -0.0333072766661644
63, 0, 11, 344, 245, -0.039018552750349045
63, 0, 12, 351, 254, -0.04202647507190704
63, 0, 13, 299, 255, -0.03074435517191887
63, 0, 14, 328, 256, -0.04279378056526184
63, 0, 15, 340, 263, -0.04554709419608116
63, 0, 16, 347, 269, -0.04574552923440933
63, 0, 17, 299, 271, -0.040717583149671555
63, 0, 18, 323, 273, -0.047071367502212524
63, 0, 19, 335, 276, -0.04698739945888519
63, 0, 20, 344, 279, -0.04599544033408165
63, 1, 0, 450, 249, -2.493792123914318e-07
63, 1, 1, 438, 226, 0.010317162610590458
63, 1, 2, 420, 215, 0.013551467098295689
63, 1, 3, 402, 216, 0.014360246248543262
63, 1, 4, 393, 224, 0.015427546575665474
63, 1, 5, 406, 206, 0.0056256926618516445
63, 1, 6, 383, 211, 0.003688450902700424
63, 1, 7, 388, 219, 0.0028308508917689323
63, 1, 8, 397, 220, 0.002900008112192154
63, 1, 9, 400, 220, -0.0008373535238206387
63, 1, 10, 376, 225, -0.0016552865272387862
63, 1, 11, 382, 232, 0.0003737781662493944
63, 1, 12, 390, 232, 0.0018888062331825495
63, 1, 13, 397, 235, -0.0063516986556351185
63, 1, 14, 375, 240, -0.007117040455341339
63, 1, 15, 382, 245, -0.0036082302685827017
63, 1, 16, 390, 245, -0.0013845419744029641
63, 1, 17, 397, 250, -0.010771019384264946
63, 1, 18, 376, 251, -0.010898048989474773
63, 1, 19, 365, 254, -0.008802104741334915
63, 1, 20, 356, 255, -0.007288795430213213
64, 0, 0, 267, 279, 2.67519027374874e-07
64, 0, 1, 280, 257, 0.0008345473324880004
64, 0, 2, 301, 244, -0.005922411568462849
64, 0, 3, 321, 245, -0.013731089420616627
64, 0, 4, 336, 251, -0.02145031839609146
64, 0, 5, 303, 234, -0.019634250551462173
64, 0, 6, 331, 226, -0.030515382066369057
64, 0, 7, 346, 223, -0.035010576248168945
64, 0, 8, 357, 220, -0.037626251578330994
64, 0, 9, 301, 246, -0.0271164420992136
64, 0, 10, 333, 243, -0.038559917360544205
64, 0, 11, 346, 247, -0.03994724527001381
64, 0, 12, 354, 253, -0.03990253061056137
64, 0, 13, 302, 263, -0.03359288349747658
64, 0, 14, 333, 263, -0.042308200150728226
64, 0, 15, 345, 266, -0.039242565631866455
64, 0, 16, 350, 268, -0.03607149049639702
64, 0, 17, 303, 280, -0.03997606784105301
64, 0, 18, 328, 280, -0.04319324344396591
64, 0, 19, 340, 280, -0.03919162228703499
64, 0, 20, 347, 278, -0.035697661340236664
64, 1, 0, 451, 250, -1.6356599985556386e-07
64, 1, 1, 440, 227, 0.010635384358465672
64, 1, 2, 421, 216, 0.014335451647639275
64, 1, 3, 404, 217, 0.015469169244170189
64, 1, 4, 395, 227, 0.016633225604891777
64, 1, 5, 408, 207, 0.009497717022895813
64, 1, 6, 385, 210, 0.009077857248485088
64, 1, 7, 390, 217, 0.008003247901797295
64, 1, 8, 399, 219, 0.007614413276314735
64, 1, 9, 401, 220, 0.003393208608031273
64, 1, 10, 378, 224, 0.005603269208222628
64, 1, 11, 384, 230, 0.0074345264583826065
64, 1, 12, 393, 231, 0.008498363196849823
64, 1, 13, 397, 235, -0.001829828484915197
64, 1, 14, 378, 238, 0.0013670626794919372
64, 1, 15, 383, 243, 0.004880920052528381
64, 1, 16, 391, 242, 0.006492545362561941
64, 1, 17, 396, 250, -0.006170870270580053
64, 1, 18, 379, 250, -0.0020057286601513624
64, 1, 19, 380, 252, 0.0034454555716365576
64, 1, 20, 383, 253, 0.007364814169704914
65, 0, 0, 270, 280, 2.655928597050661e-07
65, 0, 1, 282, 258, 0.0015040053986012936
65, 0, 2, 302, 245, -0.004827163182199001
65, 0, 3, 321, 242, -0.01215385366231203
65, 0, 4, 335, 245, -0.019156955182552338
65, 0, 5, 304, 233, -0.01917523331940174
65, 0, 6, 333, 227, -0.029459083452820778
65, 0, 7, 348, 224, -0.03252026066184044
65, 0, 8, 358, 222, -0.03365626558661461
65, 0, 9, 302, 246, -0.026472074910998344
65, 0, 10, 335, 243, -0.03768276050686836
65, 0, 11, 348, 248, -0.03737829625606537
65, 0, 12, 354, 253, -0.035350002348423004
65, 0, 13, 303, 263, -0.0326971709728241
65, 0, 14, 334, 262, -0.040801312774419785
65, 0, 15, 346, 266, -0.0355551652610302
65, 0, 16, 350, 268, -0.030239500105381012
65, 0, 17, 304, 280, -0.038766875863075256
65, 0, 18, 330, 280, -0.04151834174990654
65, 0, 19, 342, 280, -0.03640439733862877
65, 0, 20, 349, 279, -0.03142588213086128
65, 1, 0, 453, 249, -2.0798061939331092e-07
65, 1, 1, 441, 226, 0.010883179493248463
65, 1, 2, 422, 215, 0.015070092864334583
65, 1, 3, 405, 216, 0.016752121970057487
65, 1, 4, 396, 225, 0.01855309121310711
65, 1, 5, 408, 206, 0.00834424514323473
65, 1, 6, 385, 210, 0.008343028835952282
65, 1, 7, 390, 218, 0.008231869898736477
65, 1, 8, 399, 220, 0.008532597683370113
65, 1, 9, 402, 220, 0.0020592794753611088
65, 1, 10, 379, 224, 0.00316964671947062
65, 1, 11, 385, 231, 0.00517059862613678
65, 1, 12, 393, 232, 0.006700502708554268
65, 1, 13, 399, 235, -0.003179868683218956
65, 1, 14, 378, 239, -0.002116427756845951
65, 1, 15, 384, 244, 0.0007246065069921315
65, 1, 16, 392, 244, 0.00240977737121284
65, 1, 17, 399, 250, -0.0072618587873876095
65, 1, 18, 379, 250, -0.005373701918870211
65, 1, 19, 371, 253, -0.0021401578560471535
65, 1, 20, 366, 254, 0.00022254916257224977
66, 0, 0, 270, 281, 2.4149076693902316e-07
66, 0, 1, 284, 260, 0.0014347247779369354
66, 0, 2, 305, 246, -0.004464957397431135
66, 0, 3, 325, 243, -0.01189203280955553
66, 0, 4, 341, 246, -0.018973344936966896
66, 0, 5, 304, 232, -0.014603739604353905
66, 0, 6, 330, 229, -0.028059303760528564
66, 0, 7, 345, 233, -0.03553019091486931
66, 0, 8, 355, 238, -0.03956567868590355
66, 0, 9, 302, 241, -0.02264777570962906
66, 0, 10, 331, 239, -0.03490355238318443
66, 0, 11, 345, 245, -0.03928666561841965
66, 0, 12, 354, 253, -0.04174444451928139
66, 0, 13, 301, 255, -0.030428608879446983
66, 0, 14, 328, 255, -0.04132651165127754
66, 0, 15, 342, 261, -0.04287078231573105
66, 0, 16, 350, 267, -0.042823974043130875
66, 0, 17, 302, 271, -0.03801938146352768
66, 0, 18, 325, 272, -0.044282883405685425
66, 0, 19, 338, 276, -0.044484253972768784
66, 0, 20, 347, 279, -0.04394901543855667
66, 1, 0, 453, 250, -2.250478274845591e-07
66, 1, 1, 442, 227, 0.011373457498848438
66, 1, 2, 423, 215, 0.015512718819081783
66, 1, 3, 405, 217, 0.017151884734630585
66, 1, 4, 396, 226, 0.018953507766127586
66, 1, 5, 409, 206, 0.00833441223949194
66, 1, 6, 385, 210, 0.008247909136116505
66, 1, 7, 390, 218, 0.00807168148458004
66, 1, 8, 399, 220, 0.008387223817408085
66, 1, 9, 402, 220, 0.0019454880384728312
66, 1, 10, 379, 224, 0.003231703070923686
66, 1, 11, 385, 231, 0.005384417716413736
66, 1, 12, 393, 232, 0.006736226845532656
66, 1, 13, 399, 235, -0.0033519265707582235
66, 1, 14, 378, 239, -0.0021526978816837072
66, 1, 15, 384, 244, 0.0012686762493103743
66, 1, 16, 392, 244, 0.003111921949312091
66, 1, 17, 399, 250, -0.007501849438995123
66, 1, 18, 379, 250, -0.0061538913287222385
66, 1, 19, 369, 252, -0.0034408997744321823
66, 1, 20, 361, 253, -0.0015953326364979148
67, 0, 0, 278, 288, 1.470278192527985e-07
67, 0, 1, 309, 284, 0.0029712135437875986
67, 0, 2, 329, 271, 0.00125112512614578
67, 0, 3, 343, 261, -0.003677134169265628
67, 0, 4, 353, 252, -0.007678303401917219
67, 0, 5, 317, 232, 0.0051179444417357445
67, 0, 6, 334, 228, -0.008720770478248596
67, 0, 7, 348, 239, -0.02122514881193638
67, 0, 8, 355, 250, -0.028516735881567
67, 0, 9, 309, 234, -0.0031267579179257154
67, 0, 10, 332, 231, -0.015285300090909004
67, 0, 11, 346, 243, -0.02364385686814785
67, 0, 12, 351, 256, -0.028119131922721863
67, 0, 13, 303, 242, -0.012449278496205807
67, 0, 14, 327, 241, -0.024436816573143005
67, 0, 15, 341, 253, -0.027590405195951462
67, 0, 16, 347, 265, -0.027662131935358047
67, 0, 17, 298, 254, -0.02186586521565914
67, 0, 18, 320, 257, -0.030365990474820137
67, 0, 19, 332, 265, -0.030991049483418465
67, 0, 20, 338, 273, -0.02963094785809517
67, 1, 0, 453, 251, -2.1612268596982176e-07
67, 1, 1, 442, 227, 0.010198341682553291
67, 1, 2, 423, 215, 0.012951337732374668
67, 1, 3, 404, 217, 0.013302195817232132
67, 1, 4, 395, 226, 0.013621133752167225
67, 1, 5, 410, 207, 0.005102759227156639
67, 1, 6, 385, 211, 0.0031960236374288797
67, 1, 7, 390, 219, 0.0020864480175077915
67, 1, 8, 398, 221, 0.0019274401711300015
67, 1, 9, 403, 221, -0.001595331123098731
67, 1, 10, 379, 226, -0.0019678466487675905
67, 1, 11, 385, 233, 5.699652683688328e-05
67, 1, 12, 393, 233, 0.0015328649897128344
67, 1, 13, 400, 236, -0.007244298700243235
67, 1, 14, 378, 240, -0.007466025650501251
67, 1, 15, 384, 245, -0.0033586635254323483
67, 1, 16, 392, 245, -0.00069720100145787
67, 1, 17, 400, 251, -0.011819576844573021
67, 1, 18, 379, 251, -0.010750328190624714
67, 1, 19, 371, 252, -0.006772808730602264
67, 1, 20, 364, 253, -0.0038121326360851526
68, 0, 0, 284, 291, 6.953553821631431e-08
68, 0, 1, 306, 292, -0.002331607975065708
68, 0, 2, 327, 283, -0.006382794585078955
68, 0, 3, 341, 274, -0.013227848336100578
68, 0, 4, 343, 262, -0.0182658638805151
68, 0, 5, 324, 244, 0.005055437795817852
68, 0, 6, 338, 228, -0.009139060974121094
68, 0, 7, 349, 240, -0.020909985527396202
68, 0, 8, 350, 252, -0.026236217468976974
68, 0, 9, 317, 240, -0.000771893362980336
68, 0, 10, 334, 224, -0.012390361167490482
68, 0, 11, 346, 237, -0.020686287432909012
68, 0, 12, 347, 251, -0.024016283452510834
68, 0, 13, 309, 240, -0.008602600544691086
68, 0, 14, 328, 228, -0.020019179210066795
68, 0, 15, 341, 241, -0.023894159123301506
68, 0, 16, 344, 254, -0.02392513118684292
68, 0, 17, 302, 246, -0.017125150188803673
68, 0, 18, 322, 245, -0.026890277862548828
68, 0, 19, 335, 254, -0.029781479388475418
68, 0, 20, 340, 263, -0.029603734612464905
68, 1, 0, 453, 252, -2.727811079239473e-07
68, 1, 1, 441, 228, 0.010621982626616955
68, 1, 2, 422, 216, 0.013442806899547577
68, 1, 3, 404, 217, 0.013914302922785282
68, 1, 4, 393, 225, 0.014449999667704105
68, 1, 5, 410, 207, 0.002902477513998747
68, 1, 6, 385, 212, 0.0008080584229901433
68, 1, 7, 390, 221, 0.0003729970194399357
68, 1, 8, 399, 224, 0.0007287889020517468
68, 1, 9, 404, 221, -0.003960965201258659
68, 1, 10, 379, 227, -0.004799125716090202
68, 1, 11, 385, 235, -0.002240836853161454
68, 1, 12, 393, 236, -0.0007405299111269414
68, 1, 13, 400, 236, -0.009611424058675766
68, 1, 14, 378, 242, -0.010977762751281261
68, 1, 15, 384, 248, -0.007075109053403139
68, 1, 16, 392, 248, -0.0047573186457157135
68, 1, 17, 400, 252, -0.013980303891003132
68, 1, 18, 376, 252, -0.015082155354321003
68, 1, 19, 363, 254, -0.012884494848549366
68, 1, 20, 353, 255, -0.011345192790031433
69, 0, 0, 283, 293, 4.134795261734325e-08
69, 0, 1, 305, 295, -0.004107201937586069
69, 0, 2, 328, 288, -0.008847251534461975
69, 0, 3, 342, 277, -0.016291197389364243
69, 0, 4, 343, 263, -0.022249272093176842
69, 0, 5, 329, 256, 0.0026173233054578304
69, 0, 6, 344, 235, -0.012798291631042957
69, 0, 7, 354, 243, -0.024734431877732277
69, 0, 8, 355, 255, -0.029666483402252197
69, 0, 9, 322, 251, -0.002227436751127243
69, 0, 10, 340, 228, -0.01657361164689064
69, 0, 11, 352, 240, -0.025942964479327202
69, 0, 12, 351, 253, -0.02931823767721653
69, 0, 13, 314, 247, -0.009289022535085678
69, 0, 14, 333, 229, -0.022916089743375778
69, 0, 15, 345, 242, -0.02796689234673977
69, 0, 16, 347, 255, -0.028100883588194847
69, 0, 17, 306, 246, -0.01705067977309227
69, 0, 18, 324, 241, -0.027820149436593056
69, 0, 19, 337, 251, -0.03148241341114044
69, 0, 20, 341, 261, -0.03176727518439293
69, 1, 0, 454, 252, -2.4000263465495664e-07
69, 1, 1, 442, 229, 0.01021725032478571
69, 1, 2, 424, 217, 0.012808353640139103
69, 1, 3, 405, 216, 0.01268713641911745
69, 1, 4, 395, 224, 0.012433775700628757
69, 1, 5, 411, 209, 0.0048124222084879875
69, 1, 6, 387, 213, 0.0020145291928201914
69, 1, 7, 391, 221, 0.0002499635156709701
69, 1, 8, 399, 224, -0.0002524161245673895
69, 1, 9, 405, 222, -0.0022003035992383957
69, 1, 10, 381, 227, -0.0033732159063220024
69, 1, 11, 385, 234, -0.0022694491781294346
69, 1, 12, 393, 236, -0.0016617296496406198
69, 1, 13, 402, 238, -0.00826228503137827
69, 1, 14, 380, 243, -0.00964177306741476
69, 1, 15, 385, 248, -0.006786396261304617
69, 1, 16, 392, 249, -0.005110431462526321
69, 1, 17, 402, 253, -0.01315082237124443
69, 1, 18, 380, 254, -0.013262484222650528
69, 1, 19, 369, 257, -0.010540041141211987
69, 1, 20, 360, 258, -0.00864291749894619
70, 0, 0, 285, 295, 1.2954410522070248e-07
70, 0, 1, 310, 295, 9.51865004026331e-05
70, 0, 2, 330, 286, -0.003330785781145096
70, 0, 3, 344, 278, -0.010137050412595272
70, 0, 4, 346, 267, -0.01517082005739212
70, 0, 5, 328, 244, 0.0064116837456822395
70, 0, 6, 343, 231, -0.007721561007201672
70, 0, 7, 353, 244, -0.019329212605953217
70, 0, 8, 355, 257, -0.024947453290224075
70, 0, 9, 321, 240, -0.0009692904422990978
70, 0, 10, 340, 227, -0.012540043331682682
70, 0, 11, 352, 242, -0.019354378804564476
70, 0, 12, 353, 255, -0.022042732685804367
70, 0, 13, 314, 240, -0.010374557226896286
70, 0, 14, 334, 231, -0.022991474717855453
70, 0, 15, 347, 246, -0.02679695002734661
70, 0, 16, 349, 259, -0.026845837011933327
70, 0, 17, 307, 247, -0.020291738212108612
70, 0, 18, 328, 250, -0.03128454089164734
70, 0, 19, 340, 261, -0.034463685005903244
70, 0, 20, 345, 272, -0.034521762281656265
70, 1, 0, 454, 253, -2.439022068756458e-07
70, 1, 1, 443, 230, 0.010807527229189873
70, 1, 2, 425, 218, 0.01352421473711729
70, 1, 3, 406, 218, 0.013688876293599606
70, 1, 4, 395, 226, 0.013863456435501575
70, 1, 5, 412, 210, 0.003352453699335456
70, 1, 6, 387, 213, 0.0009079296723939478
70, 1, 7, 390, 223, 0.00028313457733020186
70, 1, 8, 399, 226, 0.000574493664316833
70, 1, 9, 406, 223, -0.0037831440567970276
70, 1, 10, 381, 228, -0.004828312434256077
70, 1, 11, 386, 236, -0.002561500994488597
70, 1, 12, 394, 237, -0.0010251639178022742
70, 1, 13, 403, 238, -0.009770141914486885
70, 1, 14, 380, 244, -0.010644707828760147
70, 1, 15, 385, 249, -0.006817097309976816
70, 1, 16, 393, 250, -0.004551598336547613
70, 1, 17, 403, 254, -0.014524107798933983
70, 1, 18, 381, 255, -0.014501434750854969
70, 1, 19, 371, 258, -0.011514421552419662
70, 1, 20, 364, 259, -0.009377546608448029
71, 0, 0, 279, 291, 9.608064743815703e-08
71, 0, 1, 315, 288, 0.003044598735868931
71, 0, 2, 334, 276, -0.000758228765334934
71, 0, 3, 347, 266, -0.008277397602796555
71, 0, 4, 356, 257, -0.014362960122525692
71, 0, 5, 321, 235, 0.0018635991727933288
71, 0, 6, 342, 228, -0.014359180815517902
71, 0, 7, 355, 242, -0.026915529742836952
71, 0, 8, 359, 255, -0.033200692385435104
71, 0, 9, 313, 237, -0.007289160043001175
71, 0, 10, 339, 232, -0.020178690552711487
71, 0, 11, 352, 247, -0.026359548792243004
71, 0, 12, 355, 259, -0.028866102918982506
71, 0, 13, 307, 245, -0.017737029120326042
71, 0, 14, 333, 244, -0.030263066291809082
71, 0, 15, 348, 257, -0.03158321976661682
71, 0, 16, 353, 269, -0.03007086180150509
71, 0, 17, 304, 258, -0.028364261612296104
71, 0, 18, 328, 262, -0.03682741895318031
71, 0, 19, 341, 270, -0.03674698621034622
71, 0, 20, 348, 278, -0.03469688817858696
71, 1, 0, 455, 255, -1.93168290252288e-07
71, 1, 1, 444, 231, 0.00823084358125925
71, 1, 2, 426, 219, 0.0101346829906106
71, 1, 3, 407, 219, 0.009918877854943275
71, 1, 4, 395, 226, 0.009804504923522472
71, 1, 5, 414, 211, 0.004636238794773817
71, 1, 6, 389, 215, 0.0016398534644395113
71, 1, 7, 393, 224, -0.0003689013246912509
71, 1, 8, 401, 226, -0.0011085098376497626
71, 1, 9, 408, 224, -0.001119286403991282
71, 1, 10, 383, 229, -0.0020780889317393303
71, 1, 11, 387, 236, -0.0005581767181865871
71, 1, 12, 396, 237, 0.000684020749758929
71, 1, 13, 405, 239, -0.006140674464404583
71, 1, 14, 382, 244, -0.006116958335042
71, 1, 15, 387, 249, -0.0017393353627994657
71, 1, 16, 395, 249, 0.0010688588954508305
71, 1, 17, 404, 254, -0.010360526852309704
71, 1, 18, 385, 255, -0.008681366220116615
71, 1, 19, 385, 257, -0.003077878849580884
71, 1, 20, 388, 258, 0.001403961912728846
72, 0, 0, 273, 286, 1.3204486037921015e-07
72, 0, 1, 292, 264, 0.006630357820540667
72, 0, 2, 312, 250, 0.0019511751597747207
72, 0, 3, 331, 245, -0.00583407049998641
72, 0, 4, 345, 247, -0.013332967646420002
72, 0, 5, 313, 235, -0.009151722304522991
72, 0, 6, 341, 232, -0.024983607232570648
72, 0, 7, 355, 243, -0.03445811942219734
72, 0, 8, 360, 253, -0.038588348776102066
72, 0, 9, 310, 245, -0.02008386142551899
72, 0, 10, 342, 241, -0.032552570104599
72, 0, 11, 354, 251, -0.03690643608570099
72, 0, 12, 358, 261, -0.03855206072330475
72, 0, 13, 309, 259, -0.030677957460284233
72, 0, 14, 338, 259, -0.040338605642318726
72, 0, 15, 351, 266, -0.04064958170056343
72, 0, 16, 355, 273, -0.03931747004389763
72, 0, 17, 310, 276, -0.04079018905758858
72, 0, 18, 334, 277, -0.044321827590465546
72, 0, 19, 347, 280, -0.0420013852417469
72, 0, 20, 355, 283, -0.03937540203332901
72, 1, 0, 457, 256, -2.36802307540529e-07
72, 1, 1, 446, 232, 0.010037139989435673
72, 1, 2, 428, 220, 0.013030894100666046
72, 1, 3, 409, 220, 0.013489793986082077
72, 1, 4, 398, 227, 0.014105607755482197
72, 1, 5, 416, 212, 0.0057042366825044155
72, 1, 6, 391, 215, 0.0034067535307258368
72, 1, 7, 394, 224, 0.0022203174885362387
72, 1, 8, 403, 227, 0.0021152577828615904
72, 1, 9, 409, 225, -0.0009325314313173294
72, 1, 10, 384, 229, -0.0021803441923111677
72, 1, 11, 389, 237, -0.0007061593933030963
72, 1, 12, 398, 239, 0.0005102170980535448
72, 1, 13, 406, 241, -0.006660641171038151
72, 1, 14, 383, 245, -0.007771618198603392
72, 1, 15, 389, 251, -0.0043249474838376045
72, 1, 16, 397, 251, -0.0020186014007776976
72, 1, 17, 405, 256, -0.01129458099603653
72, 1, 18, 384, 256, -0.011385205201804638
72, 1, 19, 374, 259, -0.008592154830694199
72, 1, 20, 367, 260, -0.006428205408155918
73, 0, 0, 276, 284, 2.176157067879103e-07
73, 0, 1, 289, 260, 0.0024481508880853653
73, 0, 2, 308, 248, -0.004365258850157261
73, 0, 3, 327, 247, -0.012879926711320877
73, 0, 4, 341, 253, -0.02073299139738083
73, 0, 5, 310, 237, -0.017278827726840973
73, 0, 6, 341, 234, -0.03123183734714985
73, 0, 7, 353, 243, -0.03794008120894432
73, 0, 8, 359, 251, -0.04052314907312393
73, 0, 9, 310, 250, -0.025419319048523903
73, 0, 10, 343, 245, -0.03699459508061409
73, 0, 11, 356, 252, -0.03891593962907791
73, 0, 12, 360, 260, -0.03880611062049866
73, 0, 13, 311, 266, -0.03289700299501419
73, 0, 14, 341, 264, -0.04045721888542175
73, 0, 15, 353, 268, -0.037920352071523666
73, 0, 16, 358, 272, -0.03492695465683937
73, 0, 17, 314, 283, -0.040247105062007904
73, 0, 18, 338, 282, -0.04168126359581947
73, 0, 19, 350, 282, -0.037286337465047836
73, 0, 20, 358, 281, -0.033296242356300354
73, 1, 0, 458, 258, -2.626865693855507e-07
73, 1, 1, 448, 234, 0.011260347440838814
73, 1, 2, 431, 221, 0.015547270886600018
73, 1, 3, 412, 220, 0.017253372818231583
73, 1, 4, 402, 228, 0.019097214564681053
73, 1, 5, 417, 213, 0.006361827254295349
73, 1, 6, 393, 215, 0.005418280605226755
73, 1, 7, 397, 223, 0.005512608215212822
73, 1, 8, 406, 226, 0.006220235954970121
73, 1, 9, 411, 226, -0.0001362180628348142
73, 1, 10, 386, 229, 0.00014356699830386788
73, 1, 11, 392, 237, 0.00253472151234746
73, 1, 12, 400, 238, 0.004220594186335802
73, 1, 13, 407, 241, -0.005512721836566925
73, 1, 14, 385, 245, -0.005778607912361622
73, 1, 15, 392, 251, -0.002372476737946272
73, 1, 16, 400, 251, -0.00023266913194674999
73, 1, 17, 407, 256, -0.009586998261511326
73, 1, 18, 386, 256, -0.00954242143779993
73, 1, 19, 375, 258, -0.00715984171256423
73, 1, 20, 367, 259, -0.005343524273484945
74, 0, 0, 279, 285, 2.3749591093746858e-07
74, 0, 1, 290, 262, 0.0020718099549412727
74, 0, 2, 309, 248, -0.003979167435318232
74, 0, 3, 329, 247, -0.011198176071047783
74, 0, 4, 343, 251, -0.01737849786877632
74, 0, 5, 311, 237, -0.017483621835708618
74, 0, 6, 342, 235, -0.029238635674118996
74, 0, 7, 354, 242, -0.03335529565811157
74, 0, 8, 359, 248, -0.034009430557489395
74, 0, 9, 311, 251, -0.024404721334576607
74, 0, 10, 345, 246, -0.03428518399596214
74, 0, 11, 359, 253, -0.03402990102767944
74, 0, 12, 364, 259, -0.032075271010398865
74, 0, 13, 313, 267, -0.030545808374881744
74, 0, 14, 344, 266, -0.03672943636775017
74, 0, 15, 356, 270, -0.032491106539964676
74, 0, 16, 360, 272, -0.028034191578626633
74, 0, 17, 316, 283, -0.03652306646108627
74, 0, 18, 341, 283, -0.0373111329972744
74, 0, 19, 353, 282, -0.032127924263477325
74, 0, 20, 359, 281, -0.027135783806443214
74, 1, 0, 460, 259, -2.4368867457269516e-07
74, 1, 1, 451, 234, 0.010768018662929535
74, 1, 2, 432, 221, 0.014792066998779774
74, 1, 3, 414, 222, 0.016279546543955803
74, 1, 4, 404, 231, 0.017784936353564262
74, 1, 5, 419, 213, 0.006116296164691448
74, 1, 6, 395, 214, 0.004976483061909676
74, 1, 7, 399, 222, 0.004993213340640068
74, 1, 8, 408, 224, 0.005701265763491392
74, 1, 9, 412, 226, -0.0003716236096806824
74, 1, 10, 389, 228, -0.0009554927237331867
74, 1, 11, 394, 235, 0.0008534881053492427
74, 1, 12, 403, 237, 0.0024709838908165693
74, 1, 13, 409, 242, -0.005782397463917732
74, 1, 14, 387, 244, -0.007066449150443077
74, 1, 15, 394, 249, -0.004571705590933561
74, 1, 16, 403, 250, -0.0026509242597967386
74, 1, 17, 408, 257, -0.009830433875322342
74, 1, 18, 387, 256, -0.01033829990774393
74, 1, 19, 376, 258, -0.00846411194652319
74, 1, 20, 368, 259, -0.006925972178578377
75, 0, 0, 280, 286, 2.0453560978239693e-07
75, 0, 1, 293, 265, 0.0030297371558845043
75, 0, 2, 312, 250, -0.0013701858697459102
75, 0, 3, 330, 246, -0.007695035543292761
75, 0, 4, 344, 247, -0.013199952431023121
75, 0, 5, 314, 237, -0.010398738086223602
75, 0, 6, 341, 235, -0.0228709913790226
75, 0, 7, 354, 243, -0.029549794271588326
75, 0, 8, 361, 250, -0.03264522925019264
75, 0, 9, 313, 247, -0.018361879512667656
75, 0, 10, 341, 244, -0.028728904202580452
75, 0, 11, 355, 252, -0.03209080919623375
75, 0, 12, 361, 260, -0.033559154719114304
75, 0, 13, 314, 260, -0.026111213490366936
75, 0, 14, 339, 261, -0.03505321964621544
75, 0, 15, 352, 267, -0.03571653738617897
75, 0, 16, 359, 272, -0.03507542982697487
75, 0, 17, 315, 276, -0.03359775245189667
75, 0, 18, 338, 279, -0.038133952766656876
75, 0, 19, 350, 282, -0.03717317059636116
75, 0, 20, 359, 285, -0.03564082831144333
75, 1, 0, 461, 260, -2.1966242513826728e-07
75, 1, 1, 452, 235, 0.010958577506244183
75, 1, 2, 433, 222, 0.014857088215649128
75, 1, 3, 416, 223, 0.01612645387649536
75, 1, 4, 406, 231, 0.0173932071775198
75, 1, 5, 420, 214, 0.0063672601245343685
75, 1, 6, 396, 214, 0.005111949052661657
75, 1, 7, 400, 222, 0.004933393094688654
75, 1, 8, 409, 225, 0.005580343771725893
75, 1, 9, 413, 228, -0.0003362505231052637
75, 1, 10, 389, 228, -0.0006945331697352231
75, 1, 11, 394, 235, 0.0012439156416803598
75, 1, 12, 403, 237, 0.0029909827280789614
75, 1, 13, 409, 243, -0.0059372903779149055
75, 1, 14, 388, 245, -0.006693222094327211
75, 1, 15, 394, 250, -0.0036060360725969076
75, 1, 16, 402, 250, -0.0013415318680927157
75, 1, 17, 409, 258, -0.010215953923761845
75, 1, 18, 387, 256, -0.009853960946202278
75, 1, 19, 378, 258, -0.006813618820160627
75, 1, 20, 371, 259, -0.004426857456564903
76, 0, 0, 288, 293, 1.9800202721853566e-07
76, 0, 1, 319, 291, 0.00014624067989643663
76, 0, 2, 337, 280, -0.0039052311331033707
76, 0, 3, 350, 271, -0.010891214944422245
76, 0, 4, 359, 263, -0.016453146934509277
76, 0, 5, 323, 240, 0.0002149378415197134
76, 0, 6, 343, 233, -0.01600395329296589
76, 0, 7, 356, 244, -0.028956642374396324
76, 0, 8, 360, 257, -0.03576355800032616
76, 0, 9, 316, 241, -0.007263734005391598
76, 0, 10, 341, 236, -0.02162466011941433
76, 0, 11, 354, 249, -0.02980111725628376
76, 0, 12, 360, 262, -0.03344060480594635
76, 0, 13, 311, 249, -0.0161451306194067
76, 0, 14, 337, 248, -0.029747532680630684
76, 0, 15, 351, 260, -0.03345164656639099
76, 0, 16, 357, 271, -0.033431053161621094
76, 0, 17, 309, 263, -0.02535064145922661
76, 0, 18, 332, 268, -0.03504764288663864
76, 0, 19, 345, 275, -0.03681030496954918
76, 0, 20, 353, 282, -0.036071985960006714
76, 1, 0, 462, 262, -2.2082194561789947e-07
76, 1, 1, 452, 236, 0.011225342750549316
76, 1, 2, 434, 224, 0.014572453685104847
76, 1, 3, 416, 223, 0.015072370879352093
76, 1, 4, 405, 231, 0.015550353564321995
76, 1, 5, 420, 215, 0.006399187259376049
76, 1, 6, 396, 216, 0.004320918582379818
76, 1, 7, 399, 225, 0.0031130395364016294
76, 1, 8, 408, 228, 0.0030585755594074726
76, 1, 9, 413, 228, -0.0006453682435676455
76, 1, 10, 389, 231, -0.0008425295236520469
76, 1, 11, 394, 239, 0.0010546765988692641
76, 1, 12, 402, 240, 0.002467723796144128
76, 1, 13, 410, 244, -0.006647831294685602
76, 1, 14, 387, 247, -0.00634842598810792
76, 1, 15, 393, 252, -0.0025492736604064703
76, 1, 16, 400, 253, -0.0002547346812207252
76, 1, 17, 409, 259, -0.011484624817967415
76, 1, 18, 388, 258, -0.009720908477902412
76, 1, 19, 380, 261, -0.005433206912130117
76, 1, 20, 375, 262, -0.002315656514838338
77, 0, 0, 295, 299, 7.646845290310011e-08
77, 0, 1, 318, 299, 0.0004981489037163556
77, 0, 2, 338, 289, -0.003308355575427413
77, 0, 3, 350, 282, -0.01015492808073759
77, 0, 4, 352, 273, -0.015498420223593712
77, 0, 5, 330, 246, 0.0032319396268576384
77, 0, 6, 346, 233, -0.01137622818350792
77, 0, 7, 358, 245, -0.023498602211475372
77, 0, 8, 359, 256, -0.029308360069990158
77, 0, 9, 322, 244, -0.004505682736635208
77, 0, 10, 343, 231, -0.015882760286331177
77, 0, 11, 356, 245, -0.023504620417952538
77, 0, 12, 358, 258, -0.026789268478751183
77, 0, 13, 315, 246, -0.013736116699874401
77, 0, 14, 337, 237, -0.024901382625102997
77, 0, 15, 351, 250, -0.027678512036800385
77, 0, 16, 354, 262, -0.027299655601382256
77, 0, 17, 310, 255, -0.023362793028354645
77, 0, 18, 332, 256, -0.03275466710329056
77, 0, 19, 345, 265, -0.03445310518145561
77, 0, 20, 351, 273, -0.03358835354447365
77, 1, 0, 461, 263, -1.9753396429678105e-07
77, 1, 1, 452, 238, 0.010839016176760197
77, 1, 2, 433, 226, 0.013539816252887249
77, 1, 3, 415, 224, 0.013565201312303543
77, 1, 4, 404, 231, 0.013572263531386852
77, 1, 5, 420, 217, 0.004892897326499224
77, 1, 6, 395, 217, 0.002412586472928524
77, 1, 7, 399, 226, 0.0009960713796317577
77, 1, 8, 408, 229, 0.0007813609554432333
77, 1, 9, 413, 230, -0.0020179334096610546
77, 1, 10, 389, 233, -0.002002359600737691
77, 1, 11, 394, 240, 0.0001967036514542997
77, 1, 12, 402, 241, 0.001594914705492556
77, 1, 13, 410, 246, -0.007896635681390762
77, 1, 14, 388, 249, -0.006850486155599356
77, 1, 15, 393, 253, -0.0027411277405917645
77, 1, 16, 400, 254, -0.0005206041387282312
77, 1, 17, 408, 261, -0.012713274918496609
77, 1, 18, 389, 261, -0.01012336928397417
77, 1, 19, 384, 264, -0.005204889457672834
77, 1, 20, 382, 265, -0.0016681891866028309
78, 0, 0, 294, 301, 5.651413559348839e-08
78, 0, 1, 317, 300, -0.0005668718367815018
78, 0, 2, 338, 292, -0.0052834064699709415
78, 0, 3, 352, 285, -0.01323098223656416
78, 0, 4, 354, 275, -0.019604619592428207
78, 0, 5, 333, 250, 0.0033199507743120193
78, 0, 6, 349, 235, -0.012826118618249893
78, 0, 7, 360, 246, -0.025838755071163177
78, 0, 8, 362, 259, -0.03182024136185646
78, 0, 9, 325, 247, -0.004355671815574169
78, 0, 10, 345, 233, -0.017764972522854805
78, 0, 11, 359, 246, -0.026147322729229927
78, 0, 12, 360, 260, -0.02925911545753479
78, 0, 13, 318, 248, -0.013856939971446991
78, 0, 14, 339, 238, -0.027012232691049576
78, 0, 15, 353, 252, -0.02999972365796566
78, 0, 16, 357, 264, -0.02899199351668358
78, 0, 17, 312, 256, -0.02387784607708454
78, 0, 18, 333, 257, -0.03485364466905594
78, 0, 19, 346, 266, -0.037001047283411026
78, 0, 20, 353, 275, -0.03582511842250824
78, 1, 0, 463, 263, -2.0460707617075968e-07
78, 1, 1, 453, 239, 0.009779039770364761
78, 1, 2, 434, 226, 0.011961315758526325
78, 1, 3, 415, 223, 0.011583896353840828
78, 1, 4, 403, 229, 0.011287705041468143
78, 1, 5, 420, 219, 0.0034569993149489164
78, 1, 6, 395, 219, -0.00029916479252278805
78, 1, 7, 399, 227, -0.002543687354773283
78, 1, 8, 409, 230, -0.002974442206323147
78, 1, 9, 414, 233, -0.003226121421903372
78, 1, 10, 389, 234, -0.004266925621777773
78, 1, 11, 394, 241, -0.002685599960386753
78, 1, 12, 402, 243, -0.0015487626660615206
78, 1, 13, 411, 248, -0.008992615155875683
78, 1, 14, 389, 250, -0.0092802494764328
78, 1, 15, 393, 255, -0.0055992817506194115
78, 1, 16, 400, 256, -0.00344842323102057
78, 1, 17, 410, 264, -0.013694019056856632
78, 1, 18, 389, 263, -0.012053582817316055
78, 1, 19, 382, 266, -0.007741617504507303
78, 1, 20, 377, 268, -0.004655417986214161
79, 0, 0, 290, 299, 9.519254007273048e-08
79, 0, 1, 319, 297, 0.002987001556903124
79, 0, 2, 339, 286, -0.0007874569855630398
79, 0, 3, 353, 279, -0.008254324086010456
79, 0, 4, 362, 272, -0.014212884940207005
79, 0, 5, 327, 242, 0.0031656459905207157
79, 0, 6, 346, 232, -0.012041682377457619
79, 0, 7, 359, 245, -0.02435970865190029
79, 0, 8, 362, 258, -0.030571717768907547
79, 0, 9, 319, 242, -0.00625323411077261
79, 0, 10, 344, 234, -0.017774198204278946
79, 0, 11, 358, 248, -0.024078935384750366
79, 0, 12, 362, 261, -0.026736104860901833
79, 0, 13, 314, 249, -0.01691412925720215
79, 0, 14, 339, 244, -0.02843044511973858
79, 0, 15, 354, 257, -0.02985481731593609
79, 0, 16, 359, 269, -0.028596719726920128
79, 0, 17, 311, 261, -0.027759788557887077
79, 0, 18, 333, 264, -0.03637309744954109
79, 0, 19, 347, 272, -0.0364098884165287
79, 0, 20, 354, 280, -0.03435404971241951
79, 1, 0, 464, 263, -2.2137371047392662e-07
79, 1, 1, 454, 238, 0.010807491838932037
79, 1, 2, 435, 225, 0.01455615647137165
79, 1, 3, 417, 222, 0.015661627054214478
79, 1, 4, 405, 226, 0.0168831255286932
79, 1, 5, 420, 219, 0.006237570662051439
79, 1, 6, 396, 219, 0.0044658672995865345
79, 1, 7, 401, 227, 0.0034152029547840357
79, 1, 8, 410, 229, 0.003597826696932316
79, 1, 9, 414, 232, -0.0002467893064022064
79, 1, 10, 390, 234, -0.00028299042605794966
79, 1, 11, 395, 240, 0.0013561382656916976
79, 1, 12, 403, 242, 0.0026488020084798336
79, 1, 13, 410, 247, -0.005702320486307144
79, 1, 14, 389, 251, -0.005401190835982561
79, 1, 15, 395, 255, -0.002299489686265588
79, 1, 16, 402, 256, -0.0005411209422163665
79, 1, 17, 410, 263, -0.00996258482336998
79, 1, 18, 390, 263, -0.008198856376111507
79, 1, 19, 381, 266, -0.004573028534650803
79, 1, 20, 375, 268, -0.0020024077966809273
80, 0, 0, 283, 295, 9.999768479929116e-08
80, 0, 1, 318, 287, 0.004682157188653946
80, 0, 2, 336, 273, 0.0021475907415151596
80, 0, 3, 347, 261, -0.003682162147015333
80, 0, 4, 355, 253, -0.008657701313495636
80, 0, 5, 321, 239, -0.0014024953125044703
80, 0, 6, 347, 235, -0.017630156129598618
80, 0, 7, 362, 248, -0.029298126697540283
80, 0, 8, 366, 259, -0.03504978120326996
80, 0, 9, 316, 244, -0.010749208740890026
80, 0, 10, 347, 240, -0.024339238181710243
80, 0, 11, 360, 255, -0.030576543882489204
80, 0, 12, 363, 267, -0.03295649588108063
80, 0, 13, 313, 256, -0.020778406411409378
80, 0, 14, 342, 256, -0.03342406079173088
80, 0, 15, 356, 267, -0.03576086834073067
80, 0, 16, 361, 276, -0.03489506244659424
80, 0, 17, 313, 271, -0.030527280643582344
80, 0, 18, 337, 275, -0.038397107273340225
80, 0, 19, 351, 281, -0.03896407037973404
80, 0, 20, 359, 287, -0.03762555494904518
80, 1, 0, 465, 263, -2.351942498535209e-07
80, 1, 1, 455, 238, 0.013047083280980587
80, 1, 2, 436, 225, 0.017619168385863304
80, 1, 3, 418, 224, 0.019304098561406136
80, 1, 4, 408, 232, 0.02103450521826744
80, 1, 5, 421, 217, 0.008102349005639553
80, 1, 6, 397, 217, 0.007614677771925926
80, 1, 7, 401, 225, 0.007890435867011547
80, 1, 8, 409, 228, 0.008895544335246086
80, 1, 9, 415, 230, 0.0007212763302959502
80, 1, 10, 390, 232, 0.0015349003951996565
80, 1, 11, 396, 239, 0.004063096363097429
80, 1, 12, 404, 241, 0.006212693639099598
80, 1, 13, 411, 245, -0.005343437660485506
80, 1, 14, 390, 249, -0.0043817018158733845
80, 1, 15, 395, 253, -0.0008045656140893698
80, 1, 16, 402, 254, 0.0014580395072698593
80, 1, 17, 411, 261, -0.009916584938764572
80, 1, 18, 388, 261, -0.007172285113483667
80, 1, 19, 380, 264, -0.002489157486706972
80, 1, 20, 373, 266, 0.0009201641078107059
81, 0, 0, 279, 290, 1.492733900931853e-07
81, 0, 1, 294, 267, 0.004847136791795492
81, 0, 2, 313, 253, -0.001433230354450643
81, 0, 3, 331, 251, -0.010389793664216995
81, 0, 4, 346, 255, -0.018879689276218414
81, 0, 5, 314, 240, -0.013346045278012753
81, 0, 6, 344, 237, -0.029101599007844925
81, 0, 7, 357, 249, -0.037767402827739716
81, 0, 8, 360, 258, -0.0413835309445858
81, 0, 9, 313, 251, -0.02361692674458027
81, 0, 10, 346, 245, -0.03665860742330551
81, 0, 11, 358, 255, -0.040344830602407455
81, 0, 12, 361, 265, -0.041115615516901016
81, 0, 13, 314, 266, -0.033398211002349854
81, 0, 14, 344, 265, -0.04352979362010956
81, 0, 15, 357, 273, -0.042891502380371094
81, 0, 16, 361, 279, -0.04055768623948097
81, 0, 17, 316, 282, -0.04271329566836357
81, 0, 18, 341, 283, -0.04653796926140785
81, 0, 19, 354, 286, -0.043464139103889465
81, 0, 20, 362, 288, -0.04006292298436165
81, 1, 0, 464, 263, -2.195884150069105e-07
81, 1, 1, 454, 238, 0.01240811962634325
81, 1, 2, 435, 225, 0.016298675909638405
81, 1, 3, 417, 224, 0.01736060343682766
81, 1, 4, 406, 231, 0.018413307145237923
81, 1, 5, 422, 216, 0.007385816425085068
81, 1, 6, 395, 217, 0.005939983297139406
81, 1, 7, 400, 226, 0.005509350914508104
81, 1, 8, 409, 228, 0.005975936073809862
81, 1, 9, 415, 229, 0.0002841548412106931
81, 1, 10, 390, 232, 0.0008172855013981462
81, 1, 11, 395, 240, 0.00341280666179955
81, 1, 12, 404, 241, 0.0053894296288490295
81, 1, 13, 411, 245, -0.005678900983184576
81, 1, 14, 390, 248, -0.004115146119147539
81, 1, 15, 395, 253, 0.0001535143965156749
81, 1, 16, 402, 254, 0.0026007089763879776
81, 1, 17, 410, 260, -0.010374424047768116
81, 1, 18, 390, 261, -0.00706231826916337
81, 1, 19, 387, 264, -0.0015147863887250423
81, 1, 20, 386, 265, 0.002599106403067708
82, 0, 0, 278, 289, 2.0879414819319209e-07
82, 0, 1, 290, 265, 0.0036389976739883423
82, 0, 2, 309, 251, -0.0023530100006610155
82, 0, 3, 328, 249, -0.009970232844352722
82, 0, 4, 341, 254, -0.016824981197714806
82, 0, 5, 311, 240, -0.01856171526014805
82, 0, 6, 343, 237, -0.030913667753338814
82, 0, 7, 354, 246, -0.034714121371507645
82, 0, 8, 358, 253, -0.034871555864810944
82, 0, 9, 311, 254, -0.026852432638406754
82, 0, 10, 346, 248, -0.03821172937750816
82, 0, 11, 358, 256, -0.03787719085812569
82, 0, 12, 361, 264, -0.035123445093631744
82, 0, 13, 313, 270, -0.034056007862091064
82, 0, 14, 346, 268, -0.04144583269953728
82, 0, 15, 357, 272, -0.0368136391043663
82, 0, 16, 360, 276, -0.031370166689157486
82, 0, 17, 316, 287, -0.04087604582309723
82, 0, 18, 342, 286, -0.042460229247808456
82, 0, 19, 355, 285, -0.03719357028603554
82, 0, 20, 362, 284, -0.03167486563324928
82, 1, 0, 465, 261, -2.092546509402382e-07
82, 1, 1, 453, 237, 0.013147805817425251
82, 1, 2, 434, 226, 0.017227625474333763
82, 1, 3, 417, 227, 0.018102874979376793
82, 1, 4, 407, 237, 0.01880265399813652
82, 1, 5, 421, 215, 0.009211579337716103
82, 1, 6, 396, 217, 0.008243698626756668
82, 1, 7, 400, 225, 0.00791405513882637
82, 1, 8, 409, 227, 0.008500796742737293
82, 1, 9, 414, 229, 0.0015908415662124753
82, 1, 10, 390, 231, 0.002844346221536398
82, 1, 11, 396, 238, 0.005420922301709652
82, 1, 12, 405, 239, 0.007333170622587204
82, 1, 13, 411, 244, -0.004893941339105368
82, 1, 14, 390, 247, -0.00298577849753201
82, 1, 15, 396, 251, 0.001041823416016996
82, 1, 16, 403, 251, 0.0033583680633455515
82, 1, 17, 410, 259, -0.010088370181620121
82, 1, 18, 389, 259, -0.006462977267801762
82, 1, 19, 385, 261, -0.00101684860419482
82, 1, 20, 382, 261, 0.002888715360313654
83, 0, 0, 277, 287, 2.2837173219159013e-07
83, 0, 1, 289, 264, 0.002378935692831874
83, 0, 2, 308, 250, -0.003979284781962633
83, 0, 3, 327, 248, -0.011822933331131935
83, 0, 4, 341, 252, -0.018782563507556915
83, 0, 5, 309, 239, -0.018003497272729874
83, 0, 6, 342, 236, -0.030526386573910713
83, 0, 7, 353, 245, -0.03450538218021393
83, 0, 8, 358, 252, -0.034582462161779404
83, 0, 9, 310, 253, -0.025381434708833694
83, 0, 10, 345, 248, -0.035809483379125595
83, 0, 11, 357, 255, -0.0348442867398262
83, 0, 12, 360, 263, -0.03173547983169556
83, 0, 13, 312, 269, -0.03192925825715065
83, 0, 14, 344, 267, -0.03823056071996689
83, 0, 15, 355, 271, -0.03247738629579544
83, 0, 16, 359, 274, -0.026483552530407906
83, 0, 17, 315, 285, -0.03835693746805191
83, 0, 18, 341, 284, -0.0391666442155838
83, 0, 19, 353, 284, -0.03313884511590004
83, 0, 20, 361, 283, -0.027097372338175774
83, 1, 0, 464, 260, -1.60375662972001e-07
83, 1, 1, 452, 236, 0.013384180143475533
83, 1, 2, 434, 224, 0.017953893169760704
83, 1, 3, 416, 225, 0.01937410980463028
83, 1, 4, 407, 235, 0.02055632509291172
83, 1, 5, 420, 215, 0.011136076413094997
83, 1, 6, 395, 215, 0.011022348888218403
83, 1, 7, 400, 223, 0.010521956719458103
83, 1, 8, 409, 225, 0.01083125825971365
83, 1, 9, 413, 228, 0.003815227886661887
83, 1, 10, 389, 229, 0.006879684515297413
83, 1, 11, 395, 236, 0.009598948992788792
83, 1, 12, 404, 237, 0.011272824369370937
83, 1, 13, 409, 243, -0.0024027694016695023
83, 1, 14, 388, 244, 0.0017232244135811925
83, 1, 15, 394, 248, 0.006175709422677755
83, 1, 16, 402, 249, 0.00831607449799776
83, 1, 17, 408, 258, -0.007499277126044035
83, 1, 18, 390, 256, -0.0024220880586653948
83, 1, 19, 391, 258, 0.004176978021860123
83, 1, 20, 395, 258, 0.008929227478802204
84, 0, 0, 278, 284, 2.4496307560184505e-07
84, 0, 1, 290, 263, 0.0019334065727889538
84, 0, 2, 309, 249, -0.004674301017075777
84, 0, 3, 327, 245, -0.01290819514542818
84, 0, 4, 341, 249, -0.020418651401996613
84, 0, 5, 311, 236, -0.01833122782409191
84, 0, 6, 341, 234, -0.032382309436798096
84, 0, 7, 354, 244, -0.03837159648537636
84, 0, 8, 360, 252, -0.04034227505326271
84, 0, 9, 310, 248, -0.026402268558740616
84, 0, 10, 342, 245, -0.03821399807929993
84, 0, 11, 355, 254, -0.03917502984404564
84, 0, 12, 361, 262, -0.03822324052453041
84, 0, 13, 310, 263, -0.03389711678028107
84, 0, 14, 340, 263, -0.042671479284763336
84, 0, 15, 353, 269, -0.03927154839038849
84, 0, 16, 359, 273, -0.03533563390374184
84, 0, 17, 311, 280, -0.04125816375017166
84, 0, 18, 337, 281, -0.044618260115385056
84, 0, 19, 350, 283, -0.04049958661198616
84, 0, 20, 359, 284, -0.03626856207847595
84, 1, 0, 462, 258, -1.7883348846226e-07
84, 1, 1, 450, 234, 0.012569453567266464
84, 1, 2, 432, 222, 0.01608521305024624
84, 1, 3, 415, 223, 0.016511792317032814
84, 1, 4, 405, 232, 0.01672506332397461
84, 1, 5, 419, 213, 0.008222167380154133
84, 1, 6, 394, 214, 0.006745821330696344
84, 1, 7, 398, 222, 0.005835212767124176
84, 1, 8, 407, 225, 0.00596626428887248
84, 1, 9, 412, 226, 0.0005386180710047483
84, 1, 10, 387, 228, 0.0016631357138976455
84, 1, 11, 393, 235, 0.004097714088857174
84, 1, 12, 402, 237, 0.005849763751029968
84, 1, 13, 408, 241, -0.006049551535397768
84, 1, 14, 386, 243, -0.004122321493923664
84, 1, 15, 392, 248, 0.00028092521824873984
84, 1, 16, 400, 248, 0.002827681601047516
84, 1, 17, 407, 256, -0.01147358026355505
84, 1, 18, 387, 254, -0.008426313288509846
84, 1, 19, 385, 256, -0.0027363342233002186
84, 1, 20, 386, 256, 0.0015633857110515237
85, 0, 0, 279, 288, 1.9818867258436512e-07
85, 0, 1, 304, 278, 0.0024782360997051
85, 0, 2, 322, 263, -0.0010392679832875729
85, 0, 3, 336, 254, -0.007110548205673695
85, 0, 4, 346, 249, -0.012248249724507332
85, 0, 5, 313, 235, -0.005829554982483387
85, 0, 6, 338, 231, -0.01995839737355709
85, 0, 7, 351, 242, -0.02895406074821949
85, 0, 8, 357, 253, -0.03328229859471321
85, 0, 9, 309, 241, -0.013678270392119884
85, 0, 10, 338, 240, -0.02533632144331932
85, 0, 11, 351, 251, -0.029649658128619194
85, 0, 12, 357, 261, -0.031560759991407394
85, 0, 13, 307, 252, -0.022127605974674225
85, 0, 14, 335, 255, -0.03224875405430794
85, 0, 15, 348, 264, -0.03338414803147316
85, 0, 16, 355, 273, -0.032767172902822495
85, 0, 17, 307, 267, -0.0306483693420887
85, 0, 18, 331, 271, -0.03619416803121567
85, 0, 19, 344, 276, -0.0358133390545845
85, 0, 20, 353, 281, -0.03457788750529289
85, 1, 0, 461, 256, -2.0843393144787115e-07
85, 1, 1, 449, 232, 0.011470955796539783
85, 1, 2, 430, 221, 0.014459053054451942
85, 1, 3, 412, 221, 0.014561818912625313
85, 1, 4, 402, 229, 0.014618584886193275
85, 1, 5, 417, 212, 0.006007061339914799
85, 1, 6, 392, 214, 0.0033305631950497627
85, 1, 7, 396, 223, 0.0020211078226566315
85, 1, 8, 405, 226, 0.0021207670215517282
85, 1, 9, 411, 225, -0.0014963386347517371
85, 1, 10, 385, 229, -0.0024751457385718822
85, 1, 11, 391, 237, -0.0002499663969501853
85, 1, 12, 400, 238, 0.0017284522764384747
85, 1, 13, 408, 241, -0.00796250719577074
85, 1, 14, 384, 244, -0.008421787060797215
85, 1, 15, 390, 249, -0.0037779330741614103
85, 1, 16, 399, 249, -0.0005281690391711891
85, 1, 17, 407, 256, -0.01329012867063284
85, 1, 18, 386, 254, -0.011871017515659332
85, 1, 19, 378, 256, -0.007087760604918003
85, 1, 20, 373, 256, -0.0034115430898964405
86, 0, 0, 287, 292, 8.200009915526607e-08
86, 0, 1, 314, 290, 0.0011721616610884666
86, 0, 2, 333, 279, -0.001854846253991127
86, 0, 3, 346, 271, -0.008231425657868385
86, 0, 4, 355, 263, -0.01320578996092081
86, 0, 5, 326, 236, 0.008018520660698414
86, 0, 6, 341, 229, -0.005421978887170553
86, 0, 7, 351, 240, -0.01791299134492874
86, 0, 8, 353, 251, -0.024661459028720856
86, 0, 9, 317, 235, 0.0005559483543038368
86, 0, 10, 335, 229, -0.01023036241531372
86, 0, 11, 347, 241, -0.01888168230652809
86, 0, 12, 350, 254, -0.023246213793754578
86, 0, 13, 310, 240, -0.00853335577994585
86, 0, 14, 329, 236, -0.019521081820130348
86, 0, 15, 342, 248, -0.024200571700930595
86, 0, 16, 348, 259, -0.025302140042185783
86, 0, 17, 304, 251, -0.017914969474077225
86, 0, 18, 323, 254, -0.02679542265832424
86, 0, 19, 337, 262, -0.029345136135816574
86, 0, 20, 345, 270, -0.029187511652708054
86, 1, 0, 459, 256, -2.9317843086573703e-07
86, 1, 1, 447, 232, 0.013339437544345856
86, 1, 2, 429, 220, 0.018172074109315872
86, 1, 3, 410, 220, 0.02057354524731636
86, 1, 4, 399, 228, 0.023111002519726753
86, 1, 5, 415, 211, 0.003932422958314419
86, 1, 6, 389, 214, 0.003302281256765127
86, 1, 7, 393, 223, 0.005092894192785025
86, 1, 8, 402, 226, 0.006949943490326405
86, 1, 9, 409, 224, -0.0037439968436956406
86, 1, 10, 382, 229, -0.0037153156008571386
86, 1, 11, 389, 237, 0.0008720859186723828
86, 1, 12, 397, 238, 0.0039411187171936035
86, 1, 13, 407, 240, -0.00991138070821762
86, 1, 14, 382, 244, -0.010678430087864399
86, 1, 15, 389, 250, -0.005187836475670338
86, 1, 16, 397, 250, -0.001886169658973813
86, 1, 17, 406, 255, -0.014574911445379257
86, 1, 18, 382, 254, -0.017131784930825233
86, 1, 19, 368, 256, -0.01582656428217888
86, 1, 20, 357, 256, -0.014722304418683052
87, 0, 0, 287, 294, 6.305201338818733e-08
87, 0, 1, 309, 293, -0.00213852827437222
87, 0, 2, 330, 284, -0.006496173329651356
87, 0, 3, 342, 276, -0.013616759330034256
87, 0, 4, 346, 264, -0.01902845688164234
87, 0, 5, 327, 248, 0.0019907024689018726
87, 0, 6, 341, 231, -0.01362401619553566
87, 0, 7, 352, 242, -0.02582405135035515
87, 0, 8, 353, 254, -0.031168784946203232
87, 0, 9, 319, 244, -0.004081015009433031
87, 0, 10, 336, 227, -0.01802527904510498
87, 0, 11, 349, 239, -0.02691645547747612
87, 0, 12, 351, 253, -0.030201543122529984
87, 0, 13, 311, 244, -0.011990504339337349
87, 0, 14, 330, 230, -0.025278521701693535
87, 0, 15, 343, 243, -0.0291359294205904
87, 0, 16, 347, 256, -0.028671402484178543
87, 0, 17, 303, 248, -0.020375343039631844
87, 0, 18, 322, 247, -0.031154651194810867
87, 0, 19, 336, 255, -0.034001585096120834
87, 0, 20, 343, 263, -0.03351174667477608
87, 1, 0, 457, 255, -2.80570901622923e-07
87, 1, 1, 444, 231, 0.013409926556050777
87, 1, 2, 426, 220, 0.017790537327528
87, 1, 3, 407, 219, 0.019295504316687584
87, 1, 4, 396, 226, 0.02067699283361435
87, 1, 5, 412, 210, 0.005551773589104414
87, 1, 6, 387, 214, 0.0038083295803517103
87, 1, 7, 390, 223, 0.004134435672312975
87, 1, 8, 399, 227, 0.0051703923381865025
87, 1, 9, 407, 224, -0.002182831522077322
87, 1, 10, 381, 229, -0.002799603622406721
87, 1, 11, 385, 238, 0.000253730162512511
87, 1, 12, 393, 240, 0.0022075101733207703
87, 1, 13, 404, 239, -0.008652635850012302
87, 1, 14, 380, 244, -0.010073229670524597
87, 1, 15, 384, 251, -0.006118916440755129
87, 1, 16, 391, 252, -0.003761962288990617
87, 1, 17, 405, 255, -0.01354621909558773
87, 1, 18, 381, 254, -0.015823228284716606
87, 1, 19, 368, 257, -0.0146285779774189
87, 1, 20, 357, 258, -0.013576271943747997
88, 0, 0, 283, 294, 8.494190950614211e-08
88, 0, 1, 310, 292, 0.0011978397378697991
88, 0, 2, 329, 282, -0.003257286734879017
88, 0, 3, 343, 275, -0.01117958314716816
88, 0, 4, 348, 266, -0.01749459095299244
88, 0, 5, 321, 237, 0.0034608952701091766
88, 0, 6, 339, 228, -0.012064727023243904
88, 0, 7, 351, 241, -0.0250374935567379
88, 0, 8, 354, 254, -0.03164390102028847
88, 0, 9, 313, 236, -0.005108020268380642
88, 0, 10, 336, 228, -0.017397411167621613
88, 0, 11, 349, 243, -0.024782447144389153
88, 0, 12, 351, 257, -0.02789604663848877
88, 0, 13, 307, 240, -0.015212364494800568
88, 0, 14, 330, 234, -0.026947246864438057
88, 0, 15, 344, 249, -0.029127489775419235
88, 0, 16, 348, 262, -0.028212126344442368
88, 0, 17, 302, 251, -0.025774575769901276
88, 0, 18, 323, 254, -0.03508632630109787
88, 0, 19, 336, 263, -0.03617793321609497
88, 0, 20, 343, 272, -0.03468437120318413
88, 1, 0, 454, 254, -2.379382664230434e-07
88, 1, 1, 440, 230, 0.012604473158717155
88, 1, 2, 422, 220, 0.015135964378714561
88, 1, 3, 404, 220, 0.014472396112978458
88, 1, 4, 393, 228, 0.013611922971904278
88, 1, 5, 410, 210, 0.005389389116317034
88, 1, 6, 384, 214, 0.0018596947193145752
88, 1, 7, 388, 223, 0.00023227026395034045
88, 1, 8, 396, 226, 2.151263652194757e-05
88, 1, 9, 405, 224, -0.002952044131234288
88, 1, 10, 379, 229, -0.004986071027815342
88, 1, 11, 383, 237, -0.0032951838802546263
88, 1, 12, 390, 239, -0.0020577330142259598
88, 1, 13, 402, 239, -0.010233992710709572
88, 1, 14, 377, 244, -0.01177945826202631
88, 1, 15, 380, 250, -0.007979892194271088
88, 1, 16, 386, 252, -0.005641167052090168
88, 1, 17, 402, 255, -0.016185004264116287
88, 1, 18, 379, 255, -0.01681002974510193
88, 1, 19, 368, 258, -0.014213548973202705
88, 1, 20, 358, 259, -0.012300524860620499
89, 0, 0, 275, 289, 4.1269014872113985e-08
89, 0, 1, 309, 283, 0.00387336453422904
89, 0, 2, 328, 268, 0.0017336067976430058
89, 0, 3, 340, 255, -0.0037159596104174852
89, 0, 4, 347, 245, -0.007892971858382225
89, 0, 5, 314, 232, -0.0011741194175556302
89, 0, 6, 338, 228, -0.016861742362380028
89, 0, 7, 351, 242, -0.02800709567964077
89, 0, 8, 356, 254, -0.033747509121894836
89, 0, 9, 306, 235, -0.010062329471111298
89, 0, 10, 336, 234, -0.02511087991297245
89, 0, 11, 347, 250, -0.031402233988046646
89, 0, 12, 349, 263, -0.03340592607855797
89, 0, 13, 302, 245, -0.01984349824488163
89, 0, 14, 330, 248, -0.0342676043510437
89, 0, 15, 344, 261, -0.03757384791970253
89, 0, 16, 350, 273, -0.0370093509554863
89, 0, 17, 301, 259, -0.02940164878964424
89, 0, 18, 325, 266, -0.03932669013738632
89, 0, 19, 339, 274, -0.04185062646865845
89, 0, 20, 348, 282, -0.04165126755833626
89, 1, 0, 453, 253, -2.3682113692302664e-07
89, 1, 1, 440, 229, 0.013121122494339943
89, 1, 2, 422, 219, 0.017068834975361824
89, 1, 3, 404, 220, 0.017743343487381935
89, 1, 4, 394, 229, 0.018194185569882393
89, 1, 5, 408, 210, 0.008766865357756615
89, 1, 6, 384, 213, 0.007598612457513809
89, 1, 7, 389, 222, 0.00689177168533206
89, 1, 8, 398, 225, 0.007165223825722933
89, 1, 9, 403, 223, 0.0007505725952796638
89, 1, 10, 378, 228, 0.0007213649805635214
89, 1, 11, 385, 236, 0.002592487493529916
89, 1, 12, 394, 237, 0.004147314932197332
89, 1, 13, 400, 239, -0.006072435528039932
89, 1, 14, 377, 243, -0.005704679526388645
89, 1, 15, 384, 249, -0.0017068037996068597
89, 1, 16, 392, 249, 0.0007590268505737185
89, 1, 17, 400, 254, -0.011585172265768051
89, 1, 18, 378, 255, -0.009865782223641872
89, 1, 19, 368, 257, -0.005714409984648228
89, 1, 20, 360, 258, -0.002784245414659381
90, 0, 0, 265, 284, 1.3511102281427156e-07
90, 0, 1, 283, 261, 0.0034817794803529978
90, 0, 2, 304, 248, -0.0031588838901370764
90, 0, 3, 324, 245, -0.01252857968211174
90, 0, 4, 339, 250, -0.02184933051466942
90, 0, 5, 307, 234, -0.014865848235785961
90, 0, 6, 339, 235, -0.03180781751871109
90, 0, 7, 352, 248, -0.04111621901392937
90, 0, 8, 356, 257, -0.04511372372508049
90, 0, 9, 304, 245, -0.024927059188485146
90, 0, 10, 339, 246, -0.039202332496643066
90, 0, 11, 351, 258, -0.04286126792430878
90, 0, 12, 353, 268, -0.043535687029361725
90, 0, 13, 303, 260, -0.03478073328733444
90, 0, 14, 335, 264, -0.046223435550928116
90, 0, 15, 346, 273, -0.045671653002500534
90, 0, 16, 349, 281, -0.042964715510606766
90, 0, 17, 303, 277, -0.044363319873809814
90, 0, 18, 329, 281, -0.04939286410808563
90, 0, 19, 341, 285, -0.04700552672147751
90, 0, 20, 350, 289, -0.043825242668390274
90, 1, 0, 452, 254, -2.7736234642361524e-07
90, 1, 1, 440, 230, 0.01173139177262783
90, 1, 2, 421, 219, 0.015061713755130768
90, 1, 3, 403, 219, 0.01575509086251259
90, 1, 4, 392, 227, 0.01654030755162239
90, 1, 5, 408, 210, 0.0033269240520894527
90, 1, 6, 382, 214, 0.0013038734905421734
90, 1, 7, 387, 223, 0.001605820027180016
90, 1, 8, 396, 226, 0.002364743035286665
90, 1, 9, 403, 223, -0.0043301209807395935
90, 1, 10, 376, 229, -0.005909832194447517
90, 1, 11, 382, 237, -0.0030000777915120125
90, 1, 12, 391, 238, -0.0008018623339012265
90, 1, 13, 400, 239, -0.010737176984548569
90, 1, 14, 376, 245, -0.012489321641623974
90, 1, 15, 382, 251, -0.008282641880214214
90, 1, 16, 390, 252, -0.005593009293079376
90, 1, 17, 401, 254, -0.015775233507156372
90, 1, 18, 378, 257, -0.017214756458997726
90, 1, 19, 367, 261, -0.015092399902641773
90, 1, 20, 358, 263, -0.013467323035001755
91, 0, 0, 266, 285, 2.2364308449596138e-07
91, 0, 1, 281, 263, 0.0038750695530325174
91, 0, 2, 300, 251, -0.003152844263240695
91, 0, 3, 320, 250, -0.01216092798858881
91, 0, 4, 334, 255, -0.020623866468667984
91, 0, 5, 304, 237, -0.01982218213379383
91, 0, 6, 338, 238, -0.03519797697663307
91, 0, 7, 351, 248, -0.041673969477415085
91, 0, 8, 355, 257, -0.04315393790602684
91, 0, 9, 303, 250, -0.02865738421678543
91, 0, 10, 340, 250, -0.04097403213381767
91, 0, 11, 350, 260, -0.041075699031353
91, 0, 12, 352, 268, -0.038837265223264694
91, 0, 13, 303, 266, -0.03655333071947098
91, 0, 14, 337, 269, -0.04523250460624695
91, 0, 15, 347, 276, -0.040160782635211945
91, 0, 16, 347, 282, -0.03430210426449776
91, 0, 17, 304, 283, -0.04406077787280083
91, 0, 18, 331, 287, -0.046744633466005325
91, 0, 19, 344, 290, -0.041492339223623276
91, 0, 20, 352, 291, -0.03574521467089653
91, 1, 0, 452, 257, -2.63373550524193e-07
91, 1, 1, 440, 232, 0.010744397528469563
91, 1, 2, 420, 221, 0.013378315605223179
91, 1, 3, 401, 221, 0.01322282012552023
91, 1, 4, 390, 229, 0.013190246187150478
91, 1, 5, 407, 212, 0.005560507997870445
91, 1, 6, 382, 216, 0.0028383517637848854
91, 1, 7, 386, 226, 0.0011953089851886034
91, 1, 8, 395, 228, 0.000615588272921741
91, 1, 9, 402, 225, -0.0015668999403715134
91, 1, 10, 377, 232, -0.0025925072841346264
91, 1, 11, 383, 239, -0.0010689010377973318
91, 1, 12, 391, 240, -0.0002047701127594337
91, 1, 13, 399, 241, -0.0077224611304700375
91, 1, 14, 377, 248, -0.008353985846042633
91, 1, 15, 384, 253, -0.005061457399278879
91, 1, 16, 391, 254, -0.003406848991289735
91, 1, 17, 399, 257, -0.012740113772451878
91, 1, 18, 379, 261, -0.01214451715350151
91, 1, 19, 371, 265, -0.00923891644924879
91, 1, 20, 364, 268, -0.007326115388423204
92, 0, 0, 266, 288, 2.114013284426619e-07
92, 0, 1, 281, 268, 0.004179415758699179
92, 0, 2, 301, 255, -0.0023900093510746956
92, 0, 3, 320, 252, -0.011310839094221592
92, 0, 4, 335, 255, -0.019559267908334732
92, 0, 5, 304, 240, -0.018816335126757622
92, 0, 6, 336, 239, -0.03425920754671097
92, 0, 7, 349, 250, -0.040442824363708496
92, 0, 8, 352, 261, -0.04174829646945
92, 0, 9, 302, 251, -0.028220726177096367
92, 0, 10, 339, 250, -0.04157067835330963
92, 0, 11, 349, 262, -0.04219357669353485
92, 0, 12, 350, 273, -0.04002457484602928
92, 0, 13, 301, 266, -0.03674895316362381
92, 0, 14, 337, 270, -0.046970050781965256
92, 0, 15, 346, 280, -0.04254767671227455
92, 0, 16, 346, 287, -0.03682839870452881
92, 0, 17, 302, 283, -0.044816404581069946
92, 0, 18, 331, 288, -0.04898051172494888
92, 0, 19, 343, 293, -0.04439668729901314
92, 0, 20, 350, 296, -0.03897099196910858
92, 1, 0, 449, 260, -2.2237706787109346e-07
92, 1, 1, 436, 236, 0.011073214933276176
92, 1, 2, 416, 225, 0.012905148789286613
92, 1, 3, 398, 228, 0.011669721454381943
92, 1, 4, 388, 238, 0.010256301611661911
92, 1, 5, 405, 216, 0.004482597578316927
92, 1, 6, 380, 220, 0.0010282248258590698
92, 1, 7, 384, 228, -0.0007902199868112803
92, 1, 8, 393, 231, -0.0012993398122489452
92, 1, 9, 400, 230, -0.0031548894476145506
92, 1, 10, 376, 235, -0.004482886288315058
92, 1, 11, 381, 243, -0.002985736122354865
92, 1, 12, 389, 243, -0.0021733881440013647
92, 1, 13, 398, 245, -0.009785258211195469
92, 1, 14, 376, 251, -0.00975554808974266
92, 1, 15, 381, 257, -0.006413655821233988
92, 1, 16, 388, 257, -0.004971791058778763
92, 1, 17, 397, 261, -0.015283155255019665
92, 1, 18, 377, 265, -0.013388771563768387
92, 1, 19, 369, 269, -0.009665420278906822
92, 1, 20, 364, 271, -0.0074242474511265755
93, 0, 0, 263, 293, 1.5763259852974443e-07
93, 0, 1, 280, 274, 0.004397696815431118
93, 0, 2, 301, 262, -0.0013608059380203485
93, 0, 3, 320, 259, -0.00985053088515997
93, 0, 4, 335, 263, -0.01761934906244278
93, 0, 5, 304, 246, -0.013582762330770493
93, 0, 6, 336, 246, -0.029691727831959724
93, 0, 7, 347, 260, -0.03809525445103645
93, 0, 8, 350, 270, -0.04141068831086159
93, 0, 9, 302, 254, -0.02362714521586895
93, 0, 10, 338, 253, -0.03709849715232849
93, 0, 11, 347, 267, -0.04021325707435608
93, 0, 12, 348, 278, -0.04015590250492096
93, 0, 13, 301, 268, -0.0332786962389946
93, 0, 14, 335, 271, -0.04484308511018753
93, 0, 15, 344, 283, -0.04372874274849892
93, 0, 16, 344, 293, -0.04042092338204384
93, 0, 17, 301, 285, -0.04244064912199974
93, 0, 18, 328, 292, -0.04862074926495552
93, 0, 19, 340, 298, -0.046724967658519745
93, 0, 20, 347, 304, -0.043549079447984695
93, 1, 0, 450, 267, -2.2054571502394538e-07
93, 1, 1, 436, 242, 0.010494669899344444
93, 1, 2, 414, 232, 0.01292234193533659
93, 1, 3, 396, 236, 0.012304447591304779
93, 1, 4, 386, 247, 0.011703811585903168
93, 1, 5, 403, 223, 0.0068229991011321545
93, 1, 6, 379, 228, 0.003916722722351551
93, 1, 7, 384, 236, 0.001878627110272646
93, 1, 8, 393, 239, 0.001017741858959198
93, 1, 9, 398, 237, -0.0004324920882936567
93, 1, 10, 374, 244, -0.0016214940696954727
93, 1, 11, 380, 251, -0.00076938362326473
93, 1, 12, 388, 252, -0.0004501005169004202
93, 1, 13, 395, 253, -0.0069372765719890594
93, 1, 14, 373, 260, -0.006918672937899828
93, 1, 15, 378, 265, -0.004570014774799347
93, 1, 16, 386, 266, -0.003871211549267173
93, 1, 17, 394, 270, -0.01243745069950819
93, 1, 18, 375, 274, -0.011271280236542225
93, 1, 19, 366, 278, -0.009012024849653244
93, 1, 20, 359, 281, -0.007862750440835953
94, 0, 0, 261, 301, 9.429636804725305e-08
94, 0, 1, 278, 283, 0.0037642999086529016
94, 0, 2, 299, 271, -0.002469617873430252
94, 0, 3, 319, 271, -0.011649704538285732
94, 0, 4, 334, 278, -0.02009887434542179
94, 0, 5, 305, 253, -0.011275206692516804
94, 0, 6, 337, 261, -0.027749203145503998
94, 0, 7, 346, 276, -0.03743269667029381
94, 0, 8, 347, 286, -0.041550640016794205
94, 0, 9, 302, 263, -0.02090350352227688
94, 0, 10, 337, 272, -0.03445001691579819
94, 0, 11, 346, 286, -0.038761578500270844
94, 0, 12, 346, 298, -0.03994264826178551
94, 0, 13, 301, 277, -0.030567437410354614
94, 0, 14, 332, 287, -0.040440093725919724
94, 0, 15, 342, 300, -0.040504779666662216
94, 0, 16, 344, 310, -0.03870623558759689
94, 0, 17, 300, 293, -0.04008152708411217
94, 0, 18, 326, 302, -0.04316752031445503
94, 0, 19, 336, 309, -0.040697820484638214
94, 0, 20, 342, 316, -0.03791741281747818
94, 1, 0, 451, 275, -2.1161488916732196e-07
94, 1, 1, 437, 251, 0.0090616000816226
94, 1, 2, 413, 240, 0.011956211179494858
94, 1, 3, 394, 245, 0.012288025580346584
94, 1, 4, 385, 257, 0.012946058996021748
94, 1, 5, 401, 233, 0.006825347896665335
94, 1, 6, 378, 234, 0.004166259430348873
94, 1, 7, 382, 242, 0.002710276050493121
94, 1, 8, 392, 246, 0.002724233316257596
94, 1, 9, 396, 248, 0.0007006696541793644
94, 1, 10, 373, 253, -0.00011335921590216458
94, 1, 11, 381, 259, 0.0007919772178865969
94, 1, 12, 390, 260, 0.0015075844712555408
94, 1, 13, 393, 264, -0.004831829108297825
94, 1, 14, 371, 268, -0.005427404306828976
94, 1, 15, 379, 272, -0.0032132421620190144
94, 1, 16, 388, 272, -0.002187552861869335
94, 1, 17, 393, 281, -0.009296911768615246
94, 1, 18, 374, 287, -0.009130452759563923
94, 1, 19, 363, 290, -0.007684024050831795
94, 1, 20, 355, 292, -0.006927309557795525
95, 0, 0, 258, 307, 1.3253871600227285e-07
95, 0, 1, 275, 287, 0.000691575522068888
95, 0, 2, 299, 276, -0.007113876286894083
95, 0, 3, 321, 279, -0.016818862408399582
95, 0, 4, 335, 288, -0.02589576505124569
95, 0, 5, 303, 266, -0.01731976680457592
95, 0, 6, 339, 274, -0.03402344509959221
95, 0, 7, 348, 288, -0.043000102043151855
95, 0, 8, 348, 297, -0.046449340879917145
95, 0, 9, 300, 279, -0.025368427857756615
95, 0, 10, 337, 286, -0.038596611469984055
95, 0, 11, 346, 298, -0.04163317754864693
95, 0, 12, 347, 308, -0.042071808129549026
95, 0, 13, 298, 295, -0.033284254372119904
95, 0, 14, 332, 303, -0.041799742728471756
95, 0, 15, 342, 313, -0.03933390602469444
95, 0, 16, 343, 321, -0.03611312061548233
95, 0, 17, 296, 312, -0.04135541990399361
95, 0, 18, 323, 318, -0.043435342609882355
95, 0, 19, 334, 323, -0.03926222398877144
95, 0, 20, 339, 327, -0.03542280197143555
95, 1, 0, 453, 292, -2.701547145989025e-07
95, 1, 1, 439, 265, 0.007509290240705013
95, 1, 2, 413, 253, 0.010159104131162167
95, 1, 3, 392, 258, 0.010694943368434906
95, 1, 4, 381, 270, 0.011791178025305271
95, 1, 5, 400, 245, 0.00444850092753768
95, 1, 6, 377, 248, 0.0012898261193186045
95, 1, 7, 380, 258, -0.00036485170130617917
95, 1, 8, 389, 263, -0.0004303226014599204
95, 1, 9, 395, 260, -0.0008214105037041008
95, 1, 10, 375, 270, -0.001705912291072309
95, 1, 11, 382, 277, -0.0006653527379967272
95, 1, 12, 391, 277, -0.00022256621741689742
95, 1, 13, 394, 277, -0.005463235545903444
95, 1, 14, 374, 286, -0.006488180253654718
95, 1, 15, 382, 290, -0.004121717065572739
95, 1, 16, 391, 290, -0.00295997504144907
95, 1, 17, 394, 295, -0.009131292812526226
95, 1, 18, 374, 299, -0.008726812899112701
95, 1, 19, 363, 303, -0.006607921794056892
95, 1, 20, 354, 305, -0.005243055522441864
96, 0, 0, 255, 319, -8.18549992231965e-08
96, 0, 1, 271, 297, -0.0008222486940212548
96, 0, 2, 299, 287, -0.01063927635550499
96, 0, 3, 323, 294, -0.021911419928073883
96, 0, 4, 339, 306, -0.030901290476322174
96, 0, 5, 299, 279, -0.022095659747719765
96, 0, 6, 339, 286, -0.039856575429439545
96, 0, 7, 335, 295, -0.04847920686006546
96, 0, 8, 325, 297, -0.05141673982143402
96, 0, 9, 297, 294, -0.030286580324172974
96, 0, 10, 339, 302, -0.043325480073690414
96, 0, 11, 335, 309, -0.04366178810596466
96, 0, 12, 324, 311, -0.042648762464523315
96, 0, 13, 296, 312, -0.03839142993092537
96, 0, 14, 336, 320, -0.04384901374578476
96, 0, 15, 333, 324, -0.03492087125778198
96, 0, 16, 322, 324, -0.028590967878699303
96, 0, 17, 295, 329, -0.04717447981238365
96, 0, 18, 326, 334, -0.04569094628095627
96, 0, 19, 328, 335, -0.03652374818921089
96, 0, 20, 322, 333, -0.030195090919733047
96, 1, 0, 451, 303, -2.7362790433471673e-07
96, 1, 1, 436, 277, 0.009064420126378536
96, 1, 2, 411, 265, 0.012576890178024769
96, 1, 3, 389, 270, 0.013717654161155224
96, 1, 4, 379, 282, 0.015447934158146381
96, 1, 5, 398, 259, 0.004254043567925692
96, 1, 6, 372, 259, 0.000120520569907967
96, 1, 7, 376, 269, -0.0010963069507852197
96, 1, 8, 386, 274, -0.0006903618341311812
96, 1, 9, 394, 274, -0.001721558510325849
96, 1, 10, 368, 280, -0.0045086657628417015
96, 1, 11, 376, 287, -0.002458890900015831
96, 1, 12, 386, 288, -0.00090353365521878
96, 1, 13, 392, 291, -0.0071020047180354595
96, 1, 14, 369, 296, -0.009591312147676945
96, 1, 15, 377, 301, -0.006265000905841589
96, 1, 16, 387, 301, -0.0041540805250406265
96, 1, 17, 393, 308, -0.011393150314688683
96, 1, 18, 372, 310, -0.013469886966049671
96, 1, 19, 359, 312, -0.013293519616127014
96, 1, 20, 348, 314, -0.013311941176652908
97, 0, 0, 250, 330, -1.2774981428265164e-07
97, 0, 1, 265, 307, -0.0002752631844487041
97, 0, 2, 293, 298, -0.009549987502396107
97, 0, 3, 317, 307, -0.019826795905828476
97, 0, 4, 331, 318, -0.02789706364274025
97, 0, 5, 292, 292, -0.026739155873656273
97, 0, 6, 334, 295, -0.04429672285914421
97, 0, 7, 330, 305, -0.051679641008377075
97, 0, 8, 318, 307, -0.053206708282232285
97, 0, 9, 292, 309, -0.03411301225423813
97, 0, 10, 336, 312, -0.04662720113992691
97, 0, 11, 330, 319, -0.04513102024793625
97, 0, 12, 318, 321, -0.042743392288684845
97, 0, 13, 292, 327, -0.04092583432793617
97, 0, 14, 333, 331, -0.04509986191987991
97, 0, 15, 329, 333, -0.03446665406227112
97, 0, 16, 318, 332, -0.027234459295868874
97, 0, 17, 291, 345, -0.04829247295856476
97, 0, 18, 324, 346, -0.04600212350487709
97, 0, 19, 325, 344, -0.036252617835998535
97, 0, 20, 318, 340, -0.02981721982359886
97, 1, 0, 449, 314, -2.230649300827281e-07
97, 1, 1, 436, 287, 0.009281176142394543
97, 1, 2, 410, 275, 0.011357448063790798
97, 1, 3, 390, 281, 0.010856579057872295
97, 1, 4, 380, 293, 0.01069798693060875
97, 1, 5, 397, 270, 0.0013813485857099295
97, 1, 6, 371, 267, -0.004504496231675148
97, 1, 7, 377, 274, -0.00675167515873909
97, 1, 8, 388, 279, -0.006161331199109554
97, 1, 9, 392, 286, -0.005281975958496332
97, 1, 10, 365, 287, -0.008553230203688145
97, 1, 11, 374, 292, -0.007099540904164314
97, 1, 12, 385, 294, -0.005304235499352217
97, 1, 13, 390, 304, -0.011012149043381214
97, 1, 14, 366, 304, -0.012165112420916557
97, 1, 15, 374, 307, -0.00798871647566557
97, 1, 16, 385, 308, -0.0050131045281887054
97, 1, 17, 390, 321, -0.01570570096373558
97, 1, 18, 367, 319, -0.013656415976583958
97, 1, 19, 355, 319, -0.009869691915810108
97, 1, 20, 347, 320, -0.007492475211620331
98, 0, 0, 243, 340, 1.405589955538744e-07
98, 0, 1, 260, 316, 0.0017300621839240193
98, 0, 2, 284, 306, -0.006132266949862242
98, 0, 3, 307, 310, -0.014882512390613556
98, 0, 4, 323, 319, -0.022150209173560143
98, 0, 5, 287, 298, -0.023754626512527466
98, 0, 6, 327, 302, -0.03917734697461128
98, 0, 7, 337, 312, -0.04501711577177048
98, 0, 8, 336, 319, -0.04498935863375664
98, 0, 9, 286, 316, -0.030501965433359146
98, 0, 10, 329, 320, -0.041419707238674164
98, 0, 11, 340, 326, -0.03999287635087967
98, 0, 12, 339, 331, -0.036447811871767044
98, 0, 13, 286, 335, -0.03618280962109566
98, 0, 14, 325, 340, -0.04064646363258362
98, 0, 15, 336, 342, -0.033191777765750885
98, 0, 16, 336, 341, -0.02644248679280281
98, 0, 17, 286, 353, -0.041837770491838455
98, 0, 18, 317, 356, -0.04157670587301254
98, 0, 19, 330, 354, -0.034211233258247375
98, 0, 20, 336, 351, -0.02717692218720913
98, 1, 0, 447, 320, -2.262068079517121e-07
98, 1, 1, 434, 293, 0.009224815294146538
98, 1, 2, 410, 281, 0.01047790888696909
98, 1, 3, 391, 285, 0.008990057744085789
98, 1, 4, 380, 294, 0.008209887892007828
98, 1, 5, 397, 276, 0.0009465020266361535
98, 1, 6, 370, 270, -0.005767571274191141
98, 1, 7, 377, 277, -0.008073559030890465
98, 1, 8, 389, 282, -0.007349690888077021
98, 1, 9, 392, 293, -0.006215301807969809
98, 1, 10, 364, 290, -0.011252153664827347
98, 1, 11, 373, 296, -0.010499910451471806
98, 1, 12, 384, 297, -0.008474987931549549
98, 1, 13, 389, 310, -0.012450329959392548
98, 1, 14, 365, 308, -0.01501332875341177
98, 1, 15, 373, 311, -0.01101249922066927
98, 1, 16, 384, 312, -0.0076426491141319275
98, 1, 17, 388, 326, -0.017665982246398926
98, 1, 18, 365, 325, -0.01653582602739334
98, 1, 19, 352, 326, -0.013159982860088348
98, 1, 20, 342, 328, -0.010790792293846607
99, 0, 0, 242, 343, 2.1655186799307558e-07
99, 0, 1, 261, 322, 0.002724924124777317
99, 0, 2, 284, 310, -0.0054085515439510345
99, 0, 3, 306, 312, -0.015476149506866932
99, 0, 4, 321, 321, -0.024152491241693497
99, 0, 5, 285, 297, -0.020018303766846657
99, 0, 6, 322, 301, -0.03665459156036377
99, 0, 7, 333, 315, -0.0446295440196991
99, 0, 8, 334, 325, -0.04714685678482056
99, 0, 9, 283, 311, -0.02915020100772381
99, 0, 10, 322, 315, -0.042271897196769714
99, 0, 11, 333, 327, -0.04440229758620262
99, 0, 12, 335, 335, -0.04436272755265236
99, 0, 13, 281, 328, -0.03759188950061798
99, 0, 14, 318, 334, -0.044951070100069046
99, 0, 15, 329, 342, -0.04142379388213158
99, 0, 16, 332, 347, -0.03818374127149582
99, 0, 17, 281, 347, -0.04602409899234772
99, 0, 18, 310, 353, -0.04731595516204834
99, 0, 19, 325, 357, -0.04279610514640808
99, 0, 20, 334, 358, -0.03905058652162552
99, 1, 0, 444, 321, -2.2451438042025984e-07
99, 1, 1, 429, 294, 0.010457972064614296
99, 1, 2, 406, 284, 0.011232937686145306
99, 1, 3, 388, 287, 0.00917345192283392
99, 1, 4, 378, 297, 0.007539690006524324
99, 1, 5, 395, 279, -0.0012303643161430955
99, 1, 6, 367, 274, -0.007822324521839619
99, 1, 7, 373, 280, -0.009706685319542885
99, 1, 8, 385, 284, -0.008943824097514153
99, 1, 9, 390, 296, -0.009062238037586212
99, 1, 10, 361, 293, -0.014380761422216892
99, 1, 11, 370, 298, -0.013348131440579891
99, 1, 12, 381, 299, -0.011345859616994858
99, 1, 13, 388, 313, -0.015604148618876934
99, 1, 14, 362, 310, -0.018107261508703232
99, 1, 15, 371, 313, -0.013916323892772198
99, 1, 16, 381, 314, -0.010771885514259338
99, 1, 17, 387, 329, -0.020955108106136322
99, 1, 18, 364, 329, -0.020534740760922432
99, 1, 19, 351, 331, -0.01775219477713108
99, 1, 20, 340, 333, -0.016011448577046394
100, 0, 0, 241, 345, 2.2037717428702308e-07
100, 0, 1, 264, 329, 0.005772187374532223
100, 0, 2, 287, 318, -0.00186293781735003
100, 0, 3, 308, 316, -0.012488625012338161
100, 0, 4, 324, 320, -0.022055773064494133
100, 0, 5, 285, 297, -0.017499154433608055
100, 0, 6, 319, 300, -0.0363602451980114
100, 0, 7, 330, 315, -0.045278843492269516
100, 0, 8, 332, 325, -0.04820655658841133
100, 0, 9, 281, 304, -0.029681051149964333
100, 0, 10, 319, 306, -0.04609767720103264
100, 0, 11, 330, 322, -0.048644982278347015
100, 0, 12, 331, 334, -0.04754774644970894
100, 0, 13, 277, 318, -0.04135289415717125
100, 0, 14, 312, 325, -0.05431832745671272
100, 0, 15, 324, 339, -0.05250111222267151
100, 0, 16, 327, 348, -0.04859744757413864
100, 0, 17, 276, 336, -0.05251670256257057
100, 0, 18, 304, 345, -0.05902661010622978
100, 0, 19, 318, 353, -0.056367021054029465
100, 0, 20, 327, 359, -0.05268366262316704
100, 1, 0, 442, 322, -2.5206421128132206e-07
100, 1, 1, 428, 295, 0.01085857953876257
100, 1, 2, 404, 285, 0.012953945435583591
100, 1, 3, 385, 289, 0.01281951367855072
100, 1, 4, 375, 299, 0.013275804929435253
100, 1, 5, 393, 279, -0.002995928982272744
100, 1, 6, 363, 275, -0.007867395877838135
100, 1, 7, 369, 282, -0.007571205031126738
100, 1, 8, 381, 286, -0.0057055107317864895
100, 1, 9, 388, 296, -0.010146461427211761
100, 1, 10, 357, 295, -0.014001327566802502
100, 1, 11, 367, 301, -0.010973316617310047
100, 1, 12, 377, 301, -0.008093786425888538
100, 1, 13, 386, 313, -0.015795666724443436
100, 1, 14, 358, 312, -0.01828068494796753
100, 1, 15, 368, 315, -0.013876361772418022
100, 1, 16, 379, 315, -0.010835647583007812
100, 1, 17, 386, 329, -0.020012961700558662
100, 1, 18, 361, 331, -0.02203485183417797
100, 1, 19, 348, 334, -0.021253475919365883
100, 1, 20, 336, 337, -0.02073582634329796
101, 0, 0, 237, 344, 2.171172468479199e-07
101, 0, 1, 258, 326, 0.006415805779397488
101, 0, 2, 281, 314, -0.0003272018802817911
101, 0, 3, 302, 313, -0.010303920134902
101, 0, 4, 318, 318, -0.019765622913837433
101, 0, 5, 282, 296, -0.014427488669753075
101, 0, 6, 316, 300, -0.0321810245513916
101, 0, 7, 329, 314, -0.04138690233230591
101, 0, 8, 332, 325, -0.04494642838835716
101, 0, 9, 278, 305, -0.026393229141831398
101, 0, 10, 316, 306, -0.041070662438869476
101, 0, 11, 328, 322, -0.04448305070400238
101, 0, 12, 329, 333, -0.044748157262802124
101, 0, 13, 275, 319, -0.03774744272232056
101, 0, 14, 311, 325, -0.049891985952854156
101, 0, 15, 323, 338, -0.04918808117508888
101, 0, 16, 325, 348, -0.04626384377479553
101, 0, 17, 275, 337, -0.0484355166554451
101, 0, 18, 304, 344, -0.05455620214343071
101, 0, 19, 318, 352, -0.052391957491636276
101, 0, 20, 326, 358, -0.04917087033390999
101, 1, 0, 437, 323, -2.373191563265209e-07
101, 1, 1, 423, 296, 0.011830379255115986
101, 1, 2, 399, 286, 0.013488230295479298
101, 1, 3, 380, 289, 0.012718487530946732
101, 1, 4, 370, 298, 0.012297694571316242
101, 1, 5, 389, 281, -0.004025464877486229
101, 1, 6, 358, 277, -0.009318241849541664
101, 1, 7, 364, 284, -0.009275723248720169
101, 1, 8, 376, 288, -0.00737887853756547
101, 1, 9, 384, 298, -0.011777597479522228
101, 1, 10, 353, 297, -0.015156432054936886
101, 1, 11, 362, 302, -0.011556928046047688
101, 1, 12, 373, 302, -0.008495090529322624
101, 1, 13, 382, 315, -0.017798343673348427
101, 1, 14, 354, 314, -0.018898705020546913
101, 1, 15, 364, 317, -0.013090620748698711
101, 1, 16, 374, 317, -0.009596448391675949
101, 1, 17, 382, 331, -0.0223894901573658
101, 1, 18, 357, 332, -0.0223433468490839
101, 1, 19, 344, 334, -0.019538935273885727
101, 1, 20, 333, 335, -0.01794661395251751
102, 0, 0, 238, 342, 2.354700399109788e-07
102, 0, 1, 254, 320, 0.0011664865305647254
102, 0, 2, 276, 308, -0.008338020183146
102, 0, 3, 297, 310, -0.019655855372548103
102, 0, 4, 312, 319, -0.029978426173329353
102, 0, 5, 277, 297, -0.023584920912981033
102, 0, 6, 313, 299, -0.04267588630318642
102, 0, 7, 325, 312, -0.05216332525014877
102, 0, 8, 327, 323, -0.05566031485795975
102, 0, 9, 276, 310, -0.032755009829998016
102, 0, 10, 314, 310, -0.048477038741111755
102, 0, 11, 325, 323, -0.051534004509449005
102, 0, 12, 327, 333, -0.05166107416152954
102, 0, 13, 275, 327, -0.04134058952331543
102, 0, 14, 309, 330, -0.05183885991573334
102, 0, 15, 321, 339, -0.048817940056324005
102, 0, 16, 323, 346, -0.04493793845176697
102, 0, 17, 276, 345, -0.04993817210197449
102, 0, 18, 304, 350, -0.05366024374961853
102, 0, 19, 317, 353, -0.04970966652035713
102, 0, 20, 326, 355, -0.045632265508174896
102, 1, 0, 436, 322, -2.2064911320285319e-07
102, 1, 1, 422, 296, 0.01116796676069498
102, 1, 2, 398, 286, 0.012945598922669888
102, 1, 3, 379, 290, 0.012131313793361187
102, 1, 4, 370, 299, 0.011755743995308876
102, 1, 5, 386, 281, -0.0015838474500924349
102, 1, 6, 356, 277, -0.007059370167553425
102, 1, 7, 363, 283, -0.007951168343424797
102, 1, 8, 375, 287, -0.006370875984430313
102, 1, 9, 381, 298, -0.008938059210777283
102, 1, 10, 351, 297, -0.01242993026971817
102, 1, 11, 360, 301, -0.009892153553664684
102, 1, 12, 371, 302, -0.007002523168921471
102, 1, 13, 380, 315, -0.014776504598557949
102, 1, 14, 354, 314, -0.015425060875713825
102, 1, 15, 362, 316, -0.010067491792142391
102, 1, 16, 372, 316, -0.006315052509307861
102, 1, 17, 380, 331, -0.019360775128006935
102, 1, 18, 356, 330, -0.017324380576610565
102, 1, 19, 344, 331, -0.012974757701158524
102, 1, 20, 334, 332, -0.010042042471468449
103, 0, 0, 234, 341, 2.483022569776949e-07
103, 0, 1, 250, 317, 0.0005890676402486861
103, 0, 2, 274, 306, -0.009206526912748814
103, 0, 3, 298, 311, -0.019290640950202942
103, 0, 4, 312, 322, -0.02852044254541397
103, 0, 5, 272, 299, -0.031176866963505745
103, 0, 6, 310, 301, -0.047318004071712494
103, 0, 7, 322, 311, -0.05356696993112564
103, 0, 8, 324, 318, -0.05493178963661194
103, 0, 9, 271, 316, -0.03819364309310913
103, 0, 10, 310, 318, -0.049418944865465164
103, 0, 11, 325, 325, -0.048493120819330215
103, 0, 12, 330, 329, -0.04753214865922928
103, 0, 13, 270, 335, -0.04383431002497673
103, 0, 14, 309, 338, -0.049130942672491074
103, 0, 15, 321, 339, -0.04258204996585846
103, 0, 16, 323, 339, -0.03807632997632027
103, 0, 17, 271, 353, -0.049518365412950516
103, 0, 18, 303, 354, -0.05005199834704399
103, 0, 19, 316, 353, -0.04326925054192543
103, 0, 20, 322, 350, -0.037958212196826935
103, 1, 0, 434, 320, -2.261440670281445e-07
103, 1, 1, 419, 294, 0.010455844923853874
103, 1, 2, 396, 283, 0.011380670592188835
103, 1, 3, 378, 287, 0.009791761636734009
103, 1, 4, 369, 297, 0.00855185091495514
103, 1, 5, 385, 278, -0.0028400239534676075
103, 1, 6, 355, 274, -0.009374231100082397
103, 1, 7, 362, 280, -0.01088104210793972
103, 1, 8, 374, 284, -0.00929737463593483
103, 1, 9, 381, 295, -0.01012885756790638
103, 1, 10, 351, 293, -0.014838071539998055
103, 1, 11, 360, 297, -0.013206404633820057
103, 1, 12, 371, 299, -0.010617067106068134
103, 1, 13, 379, 312, -0.015994753688573837
103, 1, 14, 353, 310, -0.017620520666241646
103, 1, 15, 361, 312, -0.013386494480073452
103, 1, 16, 370, 312, -0.009957228787243366
103, 1, 17, 378, 327, -0.02057473361492157
103, 1, 18, 352, 326, -0.018483368679881096
103, 1, 19, 338, 327, -0.014499860815703869
103, 1, 20, 328, 327, -0.01177411898970604
104, 0, 0, 231, 343, 1.1107290021072913e-07
104, 0, 1, 244, 316, -0.0007148043368943036
104, 0, 2, 271, 307, -0.00936254020780325
104, 0, 3, 294, 314, -0.01716269738972187
104, 0, 4, 308, 325, -0.02356644719839096
104, 0, 5, 271, 307, -0.03208504989743233
104, 0, 6, 314, 310, -0.046800222247838974
104, 0, 7, 317, 313, -0.050397325307130814
104, 0, 8, 310, 316, -0.047871753573417664
104, 0, 9, 270, 328, -0.036234673112630844
104, 0, 10, 315, 330, -0.04605488106608391
104, 0, 11, 323, 328, -0.042128968983888626
104, 0, 12, 319, 326, -0.03695961460471153
104, 0, 13, 270, 347, -0.03898410499095917
104, 0, 14, 314, 350, -0.04291325807571411
104, 0, 15, 324, 343, -0.035139959305524826
104, 0, 16, 321, 336, -0.02809354104101658
104, 0, 17, 271, 362, -0.04137364402413368
104, 0, 18, 304, 360, -0.039711516350507736
104, 0, 19, 314, 353, -0.030830100178718567
104, 0, 20, 315, 345, -0.022985484451055527
104, 1, 0, 433, 317, -2.2677241418023186e-07
104, 1, 1, 419, 290, 0.010430161841213703
104, 1, 2, 396, 279, 0.011341787874698639
104, 1, 3, 377, 281, 0.009809281677007675
104, 1, 4, 366, 289, 0.00870548840612173
104, 1, 5, 385, 273, -0.0032635917887091637
104, 1, 6, 355, 269, -0.009515482001006603
104, 1, 7, 361, 276, -0.010929995216429234
104, 1, 8, 373, 280, -0.009647703729569912
104, 1, 9, 380, 290, -0.010572108440101147
104, 1, 10, 349, 288, -0.014725539833307266
104, 1, 11, 358, 293, -0.012806086800992489
104, 1, 12, 369, 295, -0.010251739993691444
104, 1, 13, 378, 308, -0.01640254817903042
104, 1, 14, 351, 306, -0.0174158476293087
104, 1, 15, 358, 308, -0.012931744568049908
104, 1, 16, 367, 308, -0.009713648818433285
104, 1, 17, 377, 323, -0.020980823785066605
104, 1, 18, 352, 323, -0.0192339476197958
104, 1, 19, 340, 324, -0.015400298871099949
104, 1, 20, 331, 326, -0.012770825065672398
105, 0, 0, 228, 347, 7.595418338723903e-08
105, 0, 1, 243, 321, -0.0003467696369625628
105, 0, 2, 270, 309, -0.008374971337616444
105, 0, 3, 296, 310, -0.01587025821208954
105, 0, 4, 313, 316, -0.021344376727938652
105, 0, 5, 266, 307, -0.030352745205163956
105, 0, 6, 309, 310, -0.04729180783033371
105, 0, 7, 316, 315, -0.05203833058476448
105, 0, 8, 311, 319, -0.04974769428372383
105, 0, 9, 265, 327, -0.03524179384112358
105, 0, 10, 313, 328, -0.05011807382106781
105, 0, 11, 322, 329, -0.04903019592165947
105, 0, 12, 317, 330, -0.043995071202516556
105, 0, 13, 266, 346, -0.03876335918903351
105, 0, 14, 310, 349, -0.04578327015042305
105, 0, 15, 319, 345, -0.038689080625772476
105, 0, 16, 317, 341, -0.030888289213180542
105, 0, 17, 268, 363, -0.04196520522236824
105, 0, 18, 302, 360, -0.040932755917310715
105, 0, 19, 313, 354, -0.03262706473469734
105, 0, 20, 315, 348, -0.025012942031025887
105, 1, 0, 432, 316, -2.48456586859902e-07
105, 1, 1, 417, 289, 0.010662417858839035
105, 1, 2, 394, 278, 0.011803333647549152
105, 1, 3, 375, 279, 0.010423300787806511
105, 1, 4, 364, 287, 0.009467780590057373
105, 1, 5, 383, 273, -0.003916958812624216
105, 1, 6, 353, 269, -0.010257980786263943
105, 1, 7, 359, 276, -0.011374624446034431
105, 1, 8, 371, 280, -0.009955721907317638
105, 1, 9, 378, 290, -0.011640466749668121
105, 1, 10, 347, 288, -0.016638057306408882
105, 1, 11, 356, 293, -0.014493953436613083
105, 1, 12, 367, 294, -0.011670812964439392
105, 1, 13, 376, 307, -0.017846589908003807
105, 1, 14, 349, 305, -0.020348459482192993
105, 1, 15, 358, 308, -0.015907621011137962
105, 1, 16, 368, 308, -0.012462407350540161
105, 1, 17, 376, 322, -0.022714486345648766
105, 1, 18, 351, 323, -0.02240896224975586
105, 1, 19, 337, 325, -0.019472552463412285
105, 1, 20, 326, 328, -0.017468204721808434
106, 0, 0, 226, 345, 2.4737198600632837e-07
106, 0, 1, 242, 323, 0.0013312232913449407
106, 0, 2, 266, 312, -0.007041543256491423
106, 0, 3, 289, 314, -0.01643032766878605
106, 0, 4, 304, 323, -0.024404186755418777
106, 0, 5, 265, 301, -0.0226123109459877
106, 0, 6, 303, 303, -0.03927093371748924
106, 0, 7, 316, 314, -0.04693850502371788
106, 0, 8, 318, 322, -0.04858066514134407
106, 0, 9, 263, 317, -0.0300456415861845
106, 0, 10, 304, 320, -0.04300457239151001
106, 0, 11, 317, 328, -0.0443359836935997
106, 0, 12, 320, 335, -0.0432368740439415
106, 0, 13, 263, 335, -0.036733392626047134
106, 0, 14, 301, 340, -0.04272894561290741
106, 0, 15, 314, 343, -0.037853602319955826
106, 0, 16, 318, 345, -0.033535830676555634
106, 0, 17, 264, 354, -0.043542150408029556
106, 0, 18, 294, 357, -0.04403707757592201
106, 0, 19, 309, 356, -0.0385817289352417
106, 0, 20, 319, 355, -0.0338105745613575
106, 1, 0, 429, 317, -2.590488179521344e-07
106, 1, 1, 415, 291, 0.010923117399215698
106, 1, 2, 392, 280, 0.012105773203074932
106, 1, 3, 372, 282, 0.010763092897832394
106, 1, 4, 361, 290, 0.00991727039217949
106, 1, 5, 380, 274, -0.0030451114289462566
106, 1, 6, 350, 270, -0.009027318097651005
106, 1, 7, 357, 277, -0.010027921758592129
106, 1, 8, 369, 281, -0.008824394084513187
106, 1, 9, 375, 291, -0.010844104923307896
106, 1, 10, 345, 289, -0.015724342316389084
106, 1, 11, 354, 294, -0.013724159449338913
106, 1, 12, 365, 295, -0.011219914071261883
106, 1, 13, 373, 308, -0.017102614045143127
106, 1, 14, 346, 307, -0.01962101086974144
106, 1, 15, 356, 310, -0.014963559806346893
106, 1, 16, 366, 310, -0.011586577631533146
106, 1, 17, 374, 323, -0.02202462963759899
106, 1, 18, 349, 325, -0.022509731352329254
106, 1, 19, 335, 328, -0.020364822819828987
106, 1, 20, 323, 330, -0.019014444202184677
107, 0, 0, 226, 343, 2.6647293793757854e-07
107, 0, 1, 243, 323, 0.001261258847080171
107, 0, 2, 265, 310, -0.007679494563490152
107, 0, 3, 286, 310, -0.01825523003935814
107, 0, 4, 302, 317, -0.027691751718521118
107, 0, 5, 267, 298, -0.02337516099214554
107, 0, 6, 302, 300, -0.042509499937295914
107, 0, 7, 314, 314, -0.05144832655787468
107, 0, 8, 316, 325, -0.05444363132119179
107, 0, 9, 264, 310, -0.03272245079278946
107, 0, 10, 301, 311, -0.04913057014346123
107, 0, 11, 314, 325, -0.05175716429948807
107, 0, 12, 317, 336, -0.051236268132925034
107, 0, 13, 262, 326, -0.0416288748383522
107, 0, 14, 295, 331, -0.053137436509132385
107, 0, 15, 308, 340, -0.050627537071704865
107, 0, 16, 314, 347, -0.04699326306581497
107, 0, 17, 261, 345, -0.050509143620729446
107, 0, 18, 288, 351, -0.055727794766426086
107, 0, 19, 303, 355, -0.052725356072187424
107, 0, 20, 314, 358, -0.04926149174571037
107, 1, 0, 426, 318, -2.39775630461736e-07
107, 1, 1, 412, 293, 0.010784858837723732
107, 1, 2, 389, 282, 0.011903963051736355
107, 1, 3, 370, 284, 0.010157214477658272
107, 1, 4, 359, 291, 0.00896631833165884
107, 1, 5, 376, 276, -0.0009074959671124816
107, 1, 6, 347, 273, -0.006920012645423412
107, 1, 7, 354, 280, -0.008545578457415104
107, 1, 8, 366, 283, -0.00799634400755167
107, 1, 9, 371, 293, -0.009118583053350449
107, 1, 10, 341, 292, -0.014132147654891014
107, 1, 11, 351, 297, -0.012669431045651436
107, 1, 12, 362, 298, -0.01065320335328579
107, 1, 13, 370, 310, -0.016023851931095123
107, 1, 14, 342, 309, -0.018654804676771164
107, 1, 15, 352, 312, -0.013865736313164234
107, 1, 16, 363, 313, -0.010497434996068478
107, 1, 17, 371, 326, -0.021770557388663292
107, 1, 18, 347, 328, -0.02219212055206299
107, 1, 19, 334, 331, -0.019768742844462395
107, 1, 20, 323, 333, -0.018284093588590622
108, 0, 0, 223, 345, 2.1533035976517567e-07
108, 0, 1, 253, 339, 0.005253911484032869
108, 0, 2, 276, 329, 0.00019941134087275714
108, 0, 3, 294, 323, -0.007958125323057175
108, 0, 4, 307, 323, -0.01504062581807375
108, 0, 5, 270, 298, -0.009984354488551617
108, 0, 6, 300, 300, -0.02682921290397644
108, 0, 7, 313, 315, -0.03615288808941841
108, 0, 8, 314, 325, -0.04002594202756882
108, 0, 9, 264, 303, -0.021176546812057495
108, 0, 10, 300, 304, -0.03589015454053879
108, 0, 11, 311, 321, -0.040006671100854874
108, 0, 12, 313, 333, -0.04057012125849724
108, 0, 13, 260, 315, -0.032335713505744934
108, 0, 14, 292, 322, -0.04500793293118477
108, 0, 15, 304, 336, -0.04521596431732178
108, 0, 16, 308, 346, -0.042975518852472305
108, 0, 17, 258, 332, -0.04306168481707573
108, 0, 18, 284, 341, -0.050165850669145584
108, 0, 19, 298, 351, -0.04891236871480942
108, 0, 20, 306, 358, -0.04643440619111061
108, 1, 0, 424, 320, -2.3993214881556924e-07
108, 1, 1, 410, 294, 0.010395425371825695
108, 1, 2, 386, 284, 0.011220250278711319
108, 1, 3, 367, 286, 0.009409282356500626
108, 1, 4, 356, 295, 0.008241132833063602
108, 1, 5, 373, 278, -0.002743937773630023
108, 1, 6, 343, 275, -0.008867827244102955
108, 1, 7, 350, 282, -0.010082710534334183
108, 1, 8, 362, 286, -0.009245219640433788
108, 1, 9, 368, 295, -0.010808350518345833
108, 1, 10, 337, 294, -0.016016628593206406
108, 1, 11, 347, 300, -0.014061792753636837
108, 1, 12, 359, 300, -0.011741421185433865
108, 1, 13, 367, 312, -0.017521724104881287
108, 1, 14, 338, 312, -0.02061208337545395
108, 1, 15, 348, 315, -0.015747416764497757
108, 1, 16, 359, 315, -0.012270953506231308
108, 1, 17, 368, 328, -0.023035462945699692
108, 1, 18, 343, 331, -0.024224767461419106
108, 1, 19, 329, 334, -0.022245069965720177
108, 1, 20, 318, 336, -0.021005747839808464
109, 0, 0, 221, 348, 2.1801022853651375e-07
109, 0, 1, 258, 350, 0.004080320242792368
109, 0, 2, 280, 340, -0.0014111498603597283
109, 0, 3, 295, 332, -0.010358425788581371
109, 0, 4, 306, 328, -0.018380623310804367
109, 0, 5, 269, 299, -0.009799779392778873
109, 0, 6, 299, 299, -0.028494631871581078
109, 0, 7, 312, 314, -0.0396290048956871
109, 0, 8, 315, 325, -0.04476052150130272
109, 0, 9, 262, 302, -0.021105291321873665
109, 0, 10, 298, 302, -0.03818327188491821
109, 0, 11, 309, 320, -0.04310569539666176
109, 0, 12, 310, 333, -0.04360169172286987
109, 0, 13, 256, 313, -0.03271152451634407
109, 0, 14, 290, 319, -0.048649728298187256
109, 0, 15, 303, 335, -0.04868936538696289
109, 0, 16, 305, 346, -0.045333169400691986
109, 0, 17, 254, 330, -0.04394533485174179
109, 0, 18, 281, 338, -0.05419924855232239
109, 0, 19, 295, 348, -0.053254302591085434
109, 0, 20, 302, 356, -0.050199154764413834
109, 1, 0, 420, 321, -2.442441768835124e-07
109, 1, 1, 405, 296, 0.01030992902815342
109, 1, 2, 382, 285, 0.011170950718224049
109, 1, 3, 363, 289, 0.009645490907132626
109, 1, 4, 353, 299, 0.00868891179561615
109, 1, 5, 370, 279, -0.00411213468760252
109, 1, 6, 340, 277, -0.010641730390489101
109, 1, 7, 347, 283, -0.011735904030501842
109, 1, 8, 359, 287, -0.010616795159876347
109, 1, 9, 366, 296, -0.01185491494834423
109, 1, 10, 334, 296, -0.01737806387245655
109, 1, 11, 344, 301, -0.015200321562588215
109, 1, 12, 355, 302, -0.012561763636767864
109, 1, 13, 364, 314, -0.018170900642871857
109, 1, 14, 337, 314, -0.021640345454216003
109, 1, 15, 346, 316, -0.017078636214137077
109, 1, 16, 356, 316, -0.013593758456408978
109, 1, 17, 365, 330, -0.023180093616247177
109, 1, 18, 341, 332, -0.02494436502456665
109, 1, 19, 327, 335, -0.02331489510834217
109, 1, 20, 316, 337, -0.022135505452752113
110, 0, 0, 216, 343, 2.0305819248278567e-07
110, 0, 1, 236, 320, 0.004127163905650377
110, 0, 2, 260, 309, -0.004492815583944321
110, 0, 3, 281, 311, -0.01602194830775261
110, 0, 4, 297, 321, -0.027038751170039177
110, 0, 5, 261, 298, -0.019160209223628044
110, 0, 6, 296, 298, -0.04067917540669441
110, 0, 7, 308, 314, -0.05301984027028084
110, 0, 8, 309, 325, -0.05837592855095863
110, 0, 9, 258, 308, -0.030822739005088806
110, 0, 10, 294, 307, -0.04917548969388008
110, 0, 11, 307, 322, -0.05515465512871742
110, 0, 12, 309, 334, -0.057070307433605194
110, 0, 13, 255, 323, -0.04214317724108696
110, 0, 14, 288, 326, -0.05584479495882988
110, 0, 15, 302, 338, -0.056691646575927734
110, 0, 16, 306, 346, -0.055013176053762436
110, 0, 17, 254, 342, -0.05311482772231102
110, 0, 18, 281, 348, -0.059884339570999146
110, 0, 19, 296, 354, -0.058849845081567764
110, 0, 20, 306, 359, -0.056854497641325
110, 1, 0, 417, 321, -2.3214383304548392e-07
110, 1, 1, 401, 295, 0.011943431571125984
110, 1, 2, 378, 285, 0.012977209873497486
110, 1, 3, 361, 290, 0.011461880058050156
110, 1, 4, 352, 300, 0.01014713104814291
110, 1, 5, 369, 280, -0.004777179565280676
110, 1, 6, 338, 277, -0.010599062778055668
110, 1, 7, 345, 283, -0.011007786728441715
110, 1, 8, 357, 286, -0.009396162815392017
110, 1, 9, 364, 297, -0.012569529004395008
110, 1, 10, 333, 296, -0.01677514985203743
110, 1, 11, 342, 300, -0.014046677388250828
110, 1, 12, 354, 301, -0.011262508109211922
110, 1, 13, 363, 315, -0.018505753949284554
110, 1, 14, 335, 313, -0.01960134692490101
110, 1, 15, 344, 315, -0.014540178701281548
110, 1, 16, 354, 316, -0.011324495077133179
110, 1, 17, 363, 330, -0.022980179637670517
110, 1, 18, 339, 330, -0.02263084426522255
110, 1, 19, 327, 333, -0.019880138337612152
110, 1, 20, 316, 335, -0.018173059448599815
111, 0, 0, 228, 343, -1.4974853002058808e-07
111, 0, 1, 245, 311, 0.0018164741341024637
111, 0, 2, 267, 299, -0.0012140674516558647
111, 0, 3, 289, 308, -0.005629243329167366
111, 0, 4, 301, 325, -0.009657463990151882
111, 0, 5, 294, 302, 0.0003385026066098362
111, 0, 6, 303, 307, -0.0018831007182598114
111, 0, 7, 297, 312, -0.006447185762226582
111, 0, 8, 290, 313, -0.010357571765780449
111, 0, 9, 299, 320, -0.003794805146753788
111, 0, 10, 310, 322, -0.0006815625238232315
111, 0, 11, 303, 324, -0.002317077247425914
111, 0, 12, 295, 326, -0.005711998324841261
111, 0, 13, 300, 338, -0.007269102614372969
111, 0, 14, 307, 339, -0.0026414361782372
111, 0, 15, 299, 339, 3.2197895052377135e-05
111, 0, 16, 290, 339, -0.000156106281792745
111, 0, 17, 296, 353, -0.011225121095776558
111, 0, 18, 304, 353, -0.005433102138340473
111, 0, 19, 297, 352, 0.0015150378458201885
111, 0, 20, 290, 352, 0.006051179487258196
111, 1, 0, 416, 320, -2.3157981843269226e-07
111, 1, 1, 401, 293, 0.011209038086235523
111, 1, 2, 379, 283, 0.012741202488541603
111, 1, 3, 361, 287, 0.011872338131070137
111, 1, 4, 352, 298, 0.011407754383981228
111, 1, 5, 368, 279, -0.002792978659272194
111, 1, 6, 338, 274, -0.008048712275922298
111, 1, 7, 345, 280, -0.008373476564884186
111, 1, 8, 358, 284, -0.006538201589137316
111, 1, 9, 363, 296, -0.009716399945318699
111, 1, 10, 333, 293, -0.01321326196193695
111, 1, 11, 343, 297, -0.010567357763648033
111, 1, 12, 354, 298, -0.007754125632345676
111, 1, 13, 361, 313, -0.015027761459350586
111, 1, 14, 334, 310, -0.015554028563201427
111, 1, 15, 343, 312, -0.010663116350769997
111, 1, 16, 353, 312, -0.007531226146966219
111, 1, 17, 361, 328, -0.01897255890071392
111, 1, 18, 337, 327, -0.017942247912287712
111, 1, 19, 325, 328, -0.015247320756316185
111, 1, 20, 315, 329, -0.013621998950839043
112, 0, 0, 216, 344, -7.91270196032201e-08
112, 0, 1, 229, 316, -0.004232493694871664
112, 0, 2, 258, 306, -0.011294027790427208
112, 0, 3, 284, 311, -0.01654944196343422
112, 0, 4, 298, 320, -0.019607601687312126
112, 0, 5, 254, 316, -0.03311438485980034
112, 0, 6, 298, 320, -0.04766148701310158
112, 0, 7, 297, 315, -0.04947073385119438
112, 0, 8, 287, 312, -0.04551437869668007
112, 0, 9, 252, 336, -0.03469616919755936
112, 0, 10, 301, 338, -0.046774689108133316
112, 0, 11, 305, 329, -0.04305946081876755
112, 0, 12, 298, 324, -0.03700092434883118
112, 0, 13, 253, 353, -0.03513015806674957
112, 0, 14, 297, 353, -0.04071880877017975
112, 0, 15, 302, 342, -0.032938022166490555
112, 0, 16, 297, 334, -0.02539285272359848
112, 0, 17, 255, 366, -0.03553947061300278
112, 0, 18, 290, 362, -0.034118831157684326
112, 0, 19, 295, 351, -0.025614172220230103
112, 0, 20, 291, 343, -0.0186315830796957
112, 1, 0, 415, 318, -2.1413021045191272e-07
112, 1, 1, 401, 291, 0.011434245854616165
112, 1, 2, 378, 280, 0.012945523485541344
112, 1, 3, 359, 283, 0.012034833431243896
112, 1, 4, 350, 293, 0.01140560582280159
112, 1, 5, 367, 275, -0.0023533969651907682
112, 1, 6, 337, 270, -0.006850885692983866
112, 1, 7, 343, 276, -0.007016653660684824
112, 1, 8, 355, 280, -0.005183430388569832
112, 1, 9, 361, 292, -0.009568531066179276
112, 1, 10, 332, 289, -0.01206649374216795
112, 1, 11, 341, 293, -0.009587016887962818
112, 1, 12, 352, 295, -0.007024616468697786
112, 1, 13, 359, 310, -0.015058184042572975
112, 1, 14, 333, 306, -0.014709265902638435
112, 1, 15, 341, 308, -0.010110062547028065
112, 1, 16, 350, 309, -0.0073254043236374855
112, 1, 17, 359, 325, -0.01914234645664692
112, 1, 18, 334, 325, -0.016892248764634132
112, 1, 19, 322, 326, -0.013366993516683578
112, 1, 20, 312, 327, -0.011230988427996635
113, 0, 0, 213, 343, -5.415585846435533e-08
113, 0, 1, 228, 318, -0.0020960329566150904
113, 0, 2, 257, 310, -0.008484894409775734
113, 0, 3, 281, 316, -0.013759155757725239
113, 0, 4, 296, 325, -0.01652829349040985
113, 0, 5, 252, 313, -0.029738815501332283
113, 0, 6, 297, 320, -0.04403991997241974
113, 0, 7, 296, 320, -0.04542349651455879
113, 0, 8, 286, 319, -0.04097168892621994
113, 0, 9, 250, 334, -0.0326186828315258
113, 0, 10, 299, 338, -0.04525192081928253
113, 0, 11, 302, 334, -0.04162496328353882
113, 0, 12, 293, 331, -0.03510228544473648
113, 0, 13, 250, 352, -0.0343322828412056
113, 0, 14, 294, 354, -0.039712533354759216
113, 0, 15, 298, 348, -0.03028486669063568
113, 0, 16, 292, 342, -0.021271223202347755
113, 0, 17, 251, 366, -0.035965580493211746
113, 0, 18, 287, 363, -0.03381798043847084
113, 0, 19, 292, 356, -0.024060793220996857
113, 0, 20, 288, 349, -0.01602170616388321
113, 1, 0, 413, 317, -2.1813355033373227e-07
113, 1, 1, 398, 290, 0.011200007051229477
113, 1, 2, 376, 278, 0.012542619369924068
113, 1, 3, 357, 280, 0.011265731416642666
113, 1, 4, 346, 287, 0.010340632870793343
113, 1, 5, 364, 274, -0.002076022094115615
113, 1, 6, 334, 270, -0.007271944545209408
113, 1, 7, 341, 276, -0.008245108649134636
113, 1, 8, 352, 280, -0.0069622378796339035
113, 1, 9, 359, 291, -0.009459557011723518
113, 1, 10, 329, 289, -0.012681132182478905
113, 1, 11, 338, 294, -0.010639511980116367
113, 1, 12, 349, 295, -0.008397313766181469
113, 1, 13, 356, 309, -0.015230500139296055
113, 1, 14, 331, 306, -0.015764329582452774
113, 1, 15, 339, 308, -0.011193366721272469
113, 1, 16, 348, 309, -0.008290458470582962
113, 1, 17, 356, 324, -0.019651146605610847
113, 1, 18, 333, 324, -0.017920583486557007
113, 1, 19, 321, 326, -0.014308943413197994
113, 1, 20, 311, 328, -0.011970764957368374
114, 0, 0, 209, 345, 4.66331329107561e-09
114, 0, 1, 224, 319, -0.0003254555049352348
114, 0, 2, 251, 309, -0.007021814584732056
114, 0, 3, 277, 315, -0.014285467565059662
114, 0, 4, 291, 328, -0.019686901941895485
114, 0, 5, 248, 304, -0.020028961822390556
114, 0, 6, 288, 306, -0.034262217581272125
114, 0, 7, 293, 316, -0.03959175944328308
114, 0, 8, 287, 320, -0.03915641829371452
114, 0, 9, 250, 322, -0.024937160313129425
114, 0, 10, 292, 321, -0.0358194075524807
114, 0, 11, 296, 328, -0.0370153933763504
114, 0, 12, 288, 330, -0.035135768353939056
114, 0, 13, 252, 341, -0.029007159173488617
114, 0, 14, 290, 339, -0.03337263688445091
114, 0, 15, 293, 342, -0.02820415608584881
114, 0, 16, 287, 341, -0.02286488376557827
114, 0, 17, 255, 358, -0.0331762358546257
114, 0, 18, 285, 355, -0.03189816325902939
114, 0, 19, 295, 354, -0.026241617277264595
114, 0, 20, 297, 351, -0.021376023069024086
114, 1, 0, 411, 318, -2.5262107783419196e-07
114, 1, 1, 397, 290, 0.011588022112846375
114, 1, 2, 373, 278, 0.01407401543110609
114, 1, 3, 353, 279, 0.014094384387135506
114, 1, 4, 342, 286, 0.014641676098108292
114, 1, 5, 361, 274, -0.0010677402606233954
114, 1, 6, 332, 271, -0.0053190626204013824
114, 1, 7, 338, 277, -0.0054763490334153175
114, 1, 8, 350, 280, -0.003995546605437994
114, 1, 9, 356, 291, -0.008353057317435741
114, 1, 10, 327, 289, -0.011085446923971176
114, 1, 11, 336, 294, -0.008485779166221619
114, 1, 12, 346, 295, -0.006140218582004309
114, 1, 13, 354, 308, -0.014065206982195377
114, 1, 14, 328, 306, -0.01484396681189537
114, 1, 15, 337, 309, -0.0102473683655262
114, 1, 16, 346, 309, -0.007518689148128033
114, 1, 17, 354, 324, -0.018388941884040833
114, 1, 18, 330, 324, -0.01808023452758789
114, 1, 19, 317, 327, -0.015834905207157135
114, 1, 20, 306, 328, -0.014575420878827572
115, 0, 0, 208, 342, 2.568987724771432e-07
115, 0, 1, 226, 320, 7.652370550204068e-05
115, 0, 2, 250, 307, -0.009797902777791023
115, 0, 3, 272, 310, -0.0209757499396801
115, 0, 4, 287, 320, -0.0311463363468647
115, 0, 5, 247, 295, -0.024634651839733124
115, 0, 6, 282, 297, -0.04181767255067825
115, 0, 7, 293, 309, -0.050382260233163834
115, 0, 8, 296, 317, -0.05408298224210739
115, 0, 9, 244, 309, -0.03319483622908592
115, 0, 10, 281, 311, -0.047469738870859146
115, 0, 11, 294, 321, -0.051113780587911606
115, 0, 12, 298, 328, -0.05283509939908981
115, 0, 13, 242, 326, -0.041102856397628784
115, 0, 14, 277, 329, -0.050687387585639954
115, 0, 15, 290, 337, -0.04926758632063866
115, 0, 16, 296, 341, -0.047613292932510376
115, 0, 17, 242, 345, -0.04908161610364914
115, 0, 18, 271, 348, -0.053745582699775696
115, 0, 19, 287, 350, -0.051998600363731384
115, 0, 20, 300, 351, -0.0502641424536705
115, 1, 0, 409, 318, -2.480581713371066e-07
115, 1, 1, 395, 290, 0.011652672663331032
115, 1, 2, 372, 278, 0.013531830161809921
115, 1, 3, 353, 282, 0.012864657677710056
115, 1, 4, 344, 292, 0.012390532530844212
115, 1, 5, 360, 274, -0.0028249016031622887
115, 1, 6, 330, 270, -0.00790442805737257
115, 1, 7, 337, 276, -0.008441482670605183
115, 1, 8, 349, 280, -0.00695694237947464
115, 1, 9, 355, 291, -0.010383108630776405
115, 1, 10, 326, 289, -0.013371067121624947
115, 1, 11, 335, 294, -0.01068405993282795
115, 1, 12, 346, 294, -0.00833599641919136
115, 1, 13, 353, 309, -0.016289690509438515
115, 1, 14, 327, 306, -0.017400380223989487
115, 1, 15, 336, 309, -0.012524825520813465
115, 1, 16, 346, 309, -0.009455575607717037
115, 1, 17, 352, 324, -0.020750531926751137
115, 1, 18, 327, 324, -0.02027667686343193
115, 1, 19, 313, 325, -0.017475418746471405
115, 1, 20, 301, 327, -0.015885712578892708
116, 0, 0, 208, 341, 2.3145727823248308e-07
116, 0, 1, 228, 324, 0.00434317858889699
116, 0, 2, 251, 310, -0.001680405461229384
116, 0, 3, 271, 308, -0.010289831086993217
116, 0, 4, 286, 311, -0.01772445999085903
116, 0, 5, 249, 292, -0.01496011670678854
116, 0, 6, 282, 291, -0.033282969146966934
116, 0, 7, 295, 306, -0.04340480640530586
116, 0, 8, 298, 317, -0.047550249844789505
116, 0, 9, 245, 300, -0.02535322867333889
116, 0, 10, 280, 299, -0.04060005396604538
116, 0, 11, 294, 314, -0.04536361247301102
116, 0, 12, 297, 326, -0.046989284455776215
116, 0, 13, 243, 314, -0.03556767851114273
116, 0, 14, 273, 317, -0.04730934277176857
116, 0, 15, 288, 328, -0.048322830349206924
116, 0, 16, 293, 337, -0.04744372144341469
116, 0, 17, 241, 332, -0.045491352677345276
116, 0, 18, 268, 338, -0.052153848111629486
116, 0, 19, 284, 345, -0.05203681066632271
116, 0, 20, 294, 350, -0.05088527128100395
116, 1, 0, 408, 316, -2.3532903981049458e-07
116, 1, 1, 393, 288, 0.01123995240777731
116, 1, 2, 370, 277, 0.012469416484236717
116, 1, 3, 352, 281, 0.011159131303429604
116, 1, 4, 342, 291, 0.009988137520849705
116, 1, 5, 359, 273, -0.0036331492010504007
116, 1, 6, 329, 269, -0.009405052289366722
116, 1, 7, 336, 275, -0.01029635313898325
116, 1, 8, 348, 279, -0.00891395378857851
116, 1, 9, 354, 290, -0.011389147490262985
116, 1, 10, 325, 288, -0.015141175128519535
116, 1, 11, 334, 293, -0.01288395095616579
116, 1, 12, 345, 293, -0.01065133698284626
116, 1, 13, 352, 308, -0.017543191090226173
116, 1, 14, 326, 306, -0.01921483688056469
116, 1, 15, 335, 307, -0.01498071476817131
116, 1, 16, 345, 308, -0.01220630295574665
116, 1, 17, 351, 324, -0.022257396951317787
116, 1, 18, 326, 324, -0.021642789244651794
116, 1, 19, 313, 326, -0.01877821423113346
116, 1, 20, 301, 327, -0.017138542607426643
117, 0, 0, 208, 347, 2.2560259083093115e-07
117, 0, 1, 246, 349, 0.0030384897254407406
117, 0, 2, 268, 338, -0.002463758224621415
117, 0, 3, 282, 329, -0.011225537396967411
117, 0, 4, 294, 323, -0.018776405602693558
117, 0, 5, 254, 295, -0.009087749756872654
117, 0, 6, 283, 292, -0.028830980882048607
117, 0, 7, 297, 306, -0.04093893617391586
117, 0, 8, 301, 318, -0.046615734696388245
117, 0, 9, 247, 297, -0.020128166303038597
117, 0, 10, 283, 293, -0.038172826170921326
117, 0, 11, 296, 312, -0.04396191984415054
117, 0, 12, 299, 326, -0.04475174471735954
117, 0, 13, 243, 308, -0.031751129776239395
117, 0, 14, 277, 310, -0.04875180870294571
117, 0, 15, 291, 328, -0.04954339191317558
117, 0, 16, 294, 340, -0.04645751044154167
117, 0, 17, 241, 323, -0.043153148144483566
117, 0, 18, 268, 331, -0.05440440773963928
117, 0, 19, 281, 342, -0.05409454554319382
117, 0, 20, 288, 350, -0.05134149640798569
117, 1, 0, 407, 316, -2.3565331730424077e-07
117, 1, 1, 392, 288, 0.011516301892697811
117, 1, 2, 369, 278, 0.012655059807002544
117, 1, 3, 351, 282, 0.011195981875061989
117, 1, 4, 341, 291, 0.009878096170723438
117, 1, 5, 358, 273, -0.003677453612908721
117, 1, 6, 328, 270, -0.009537281468510628
117, 1, 7, 335, 275, -0.010437393561005592
117, 1, 8, 347, 278, -0.009134997613728046
117, 1, 9, 353, 290, -0.011640146374702454
117, 1, 10, 324, 289, -0.015490639954805374
117, 1, 11, 333, 293, -0.013301272876560688
117, 1, 12, 343, 293, -0.011157396249473095
117, 1, 13, 351, 308, -0.01797323301434517
117, 1, 14, 325, 306, -0.01947750337421894
117, 1, 15, 333, 308, -0.015191965736448765
117, 1, 16, 343, 308, -0.012509554624557495
117, 1, 17, 351, 324, -0.02285362407565117
117, 1, 18, 326, 326, -0.022140298038721085
117, 1, 19, 314, 328, -0.01928980089724064
117, 1, 20, 303, 329, -0.01768508180975914
118, 0, 0, 204, 341, 1.7622612347167887e-07
118, 0, 1, 225, 320, 0.004521375522017479
118, 0, 2, 250, 308, -0.0032793397549539804
118, 0, 3, 273, 308, -0.014164731837809086
118, 0, 4, 288, 316, -0.024441950023174286
118, 0, 5, 250, 294, -0.017575887963175774
118, 0, 6, 286, 294, -0.037571292370557785
118, 0, 7, 298, 310, -0.04856482148170471
118, 0, 8, 299, 321, -0.053291790187358856
118, 0, 9, 246, 303, -0.028917331248521805
118, 0, 10, 283, 305, -0.044794075191020966
118, 0, 11, 295, 320, -0.049228619784116745
118, 0, 12, 298, 332, -0.05106838047504425
118, 0, 13, 243, 318, -0.04009922966361046
118, 0, 14, 277, 321, -0.05224529653787613
118, 0, 15, 291, 333, -0.053206197917461395
118, 0, 16, 295, 342, -0.05257917195558548
118, 0, 17, 242, 336, -0.05097721144556999
118, 0, 18, 270, 343, -0.05708058178424835
118, 0, 19, 284, 350, -0.056855250149965286
118, 0, 20, 294, 356, -0.05603399500250816
118, 1, 0, 408, 316, -2.312452949126964e-07
118, 1, 1, 392, 289, 0.01202728133648634
118, 1, 2, 369, 278, 0.014043733477592468
118, 1, 3, 350, 283, 0.013381601311266422
118, 1, 4, 341, 294, 0.012797936797142029
118, 1, 5, 357, 274, -0.0019935625605285168
118, 1, 6, 327, 271, -0.006994485855102539
118, 1, 7, 334, 277, -0.007474761921912432
118, 1, 8, 346, 280, -0.006044299807399511
118, 1, 9, 352, 292, -0.010047145187854767
118, 1, 10, 322, 290, -0.012744651176035404
118, 1, 11, 331, 294, -0.010160538367927074
118, 1, 12, 342, 294, -0.007917086593806744
118, 1, 13, 350, 309, -0.016444841399788857
118, 1, 14, 324, 308, -0.01722734421491623
118, 1, 15, 334, 309, -0.012602357193827629
118, 1, 16, 344, 309, -0.009832039475440979
118, 1, 17, 351, 326, -0.02139764092862606
118, 1, 18, 327, 327, -0.020514683797955513
118, 1, 19, 314, 328, -0.0174515750259161
118, 1, 20, 305, 329, -0.0157332606613636
119, 0, 0, 210, 341, -1.0325599042459999e-08
119, 0, 1, 228, 310, -0.00045161283924244344
119, 0, 2, 255, 298, -0.010008084587752819
119, 0, 3, 282, 309, -0.02024770714342594
119, 0, 4, 296, 327, -0.02987585961818695
119, 0, 5, 259, 300, -0.02611851878464222
119, 0, 6, 293, 304, -0.03947253152728081
119, 0, 7, 292, 310, -0.04583282768726349
119, 0, 8, 283, 313, -0.04808583855628967
119, 0, 9, 261, 320, -0.03266160190105438
119, 0, 10, 298, 321, -0.04004115238785744
119, 0, 11, 296, 324, -0.038792844861745834
119, 0, 12, 286, 326, -0.0381578728556633
119, 0, 13, 262, 340, -0.03791472688317299
119, 0, 14, 298, 341, -0.03877456113696098
119, 0, 15, 294, 339, -0.0301886647939682
119, 0, 16, 283, 339, -0.02507033757865429
119, 0, 17, 262, 358, -0.043613649904727936
119, 0, 18, 293, 355, -0.03797735273838043
119, 0, 19, 290, 352, -0.02671946957707405
119, 0, 20, 281, 352, -0.019475368782877922
119, 1, 0, 408, 317, -2.4332743464583473e-07
119, 1, 1, 393, 290, 0.01142881903797388
119, 1, 2, 369, 280, 0.012857421301305294
119, 1, 3, 351, 285, 0.011778592132031918
119, 1, 4, 343, 296, 0.010895343497395515
119, 1, 5, 358, 275, -0.004124136175960302
119, 1, 6, 327, 271, -0.010105375200510025
119, 1, 7, 335, 278, -0.010673921555280685
119, 1, 8, 347, 281, -0.00891395565122366
119, 1, 9, 353, 293, -0.01192729827016592
119, 1, 10, 322, 290, -0.01573077403008938
119, 1, 11, 332, 295, -0.01300680823624134
119, 1, 12, 343, 295, -0.01022999919950962
119, 1, 13, 351, 310, -0.018037235364317894
119, 1, 14, 325, 308, -0.019427351653575897
119, 1, 15, 334, 310, -0.01441566739231348
119, 1, 16, 345, 310, -0.0110023757442832
119, 1, 17, 352, 326, -0.022715667262673378
119, 1, 18, 327, 326, -0.021877167746424675
119, 1, 19, 313, 327, -0.018490377813577652
119, 1, 20, 302, 328, -0.01642850786447525
120, 0, 0, 205, 345, -1.2975863228348317e-07
120, 0, 1, 221, 315, -0.0021901142317801714
120, 0, 2, 252, 306, -0.009604896418750286
120, 0, 3, 278, 313, -0.016376929357647896
120, 0, 4, 292, 325, -0.02171768993139267
120, 0, 5, 249, 314, -0.03178773447871208
120, 0, 6, 291, 318, -0.04681028053164482
120, 0, 7, 288, 315, -0.04993549734354019
120, 0, 8, 276, 313, -0.0477580763399601
120, 0, 9, 248, 334, -0.035764746367931366
120, 0, 10, 294, 335, -0.047556545585393906
120, 0, 11, 291, 330, -0.044529519975185394
120, 0, 12, 279, 328, -0.039700478315353394
120, 0, 13, 248, 352, -0.03850283473730087
120, 0, 14, 291, 351, -0.04383871331810951
120, 0, 15, 290, 343, -0.036133404821157455
120, 0, 16, 280, 339, -0.02929881028831005
120, 0, 17, 249, 368, -0.041151344776153564
120, 0, 18, 284, 363, -0.039957206696271896
120, 0, 19, 285, 353, -0.03218282014131546
120, 0, 20, 277, 348, -0.026153190061450005
120, 1, 0, 410, 319, -2.5350041710225923e-07
120, 1, 1, 396, 290, 0.012933362275362015
120, 1, 2, 374, 279, 0.016417542472481728
120, 1, 3, 355, 283, 0.0176683496683836
120, 1, 4, 345, 293, 0.0191804151982069
120, 1, 5, 361, 274, -0.00196965248323977
120, 1, 6, 329, 270, -0.004265523049980402
120, 1, 7, 337, 276, -0.0023374322336167097
120, 1, 8, 349, 280, 0.0006213248707354069
120, 1, 9, 355, 292, -0.008824937976896763
120, 1, 10, 324, 289, -0.008239359594881535
120, 1, 11, 334, 294, -0.0032984218560159206
120, 1, 12, 345, 294, 0.00020861635857727379
120, 1, 13, 353, 310, -0.013618364930152893
120, 1, 14, 326, 307, -0.01090880949050188
120, 1, 15, 335, 309, -0.004340718500316143
120, 1, 16, 345, 309, -0.0008902773261070251
120, 1, 17, 353, 325, -0.016894498839974403
120, 1, 18, 328, 324, -0.013827352784574032
120, 1, 19, 316, 324, -0.009665531106293201
120, 1, 20, 306, 323, -0.007317059673368931
121, 0, 0, 205, 354, -1.3866383596905507e-07
121, 0, 1, 220, 322, -0.006282696966081858
121, 0, 2, 251, 311, -0.013835633173584938
121, 0, 3, 276, 317, -0.019251905381679535
121, 0, 4, 292, 327, -0.021602578461170197
121, 0, 5, 245, 325, -0.03463011980056763
121, 0, 6, 291, 326, -0.04830758273601532
121, 0, 7, 286, 322, -0.04964727163314819
121, 0, 8, 273, 319, -0.04594886675477028
121, 0, 9, 245, 348, -0.03507157042622566
121, 0, 10, 294, 347, -0.04493246227502823
121, 0, 11, 294, 338, -0.040168844163417816
121, 0, 12, 283, 334, -0.03408469259738922
121, 0, 13, 247, 366, -0.034403905272483826
121, 0, 14, 291, 364, -0.03793301060795784
121, 0, 15, 293, 352, -0.028288040310144424
121, 0, 16, 286, 346, -0.020211976021528244
121, 0, 17, 249, 378, -0.0339418426156044
121, 0, 18, 283, 373, -0.03157830610871315
121, 0, 19, 288, 362, -0.02199086733162403
121, 0, 20, 283, 354, -0.014536336995661259
121, 1, 0, 411, 320, -2.5362521682836814e-07
121, 1, 1, 397, 292, 0.010880463756620884
121, 1, 2, 374, 280, 0.012369917705655098
121, 1, 3, 355, 282, 0.011409096419811249
121, 1, 4, 344, 291, 0.010826876387000084
121, 1, 5, 361, 276, -0.0037671609316021204
121, 1, 6, 330, 270, -0.008475149050354958
121, 1, 7, 338, 276, -0.008512107655405998
121, 1, 8, 350, 280, -0.0066579184494912624
121, 1, 9, 356, 293, -0.01102142408490181
121, 1, 10, 326, 289, -0.013254326768219471
121, 1, 11, 336, 293, -0.010402237996459007
121, 1, 12, 347, 295, -0.008066711947321892
121, 1, 13, 354, 311, -0.016594255343079567
121, 1, 14, 328, 307, -0.01686575450003147
121, 1, 15, 338, 309, -0.0120280422270298
121, 1, 16, 349, 310, -0.009232936426997185
121, 1, 17, 355, 326, -0.020825792104005814
121, 1, 18, 330, 328, -0.019195565953850746
121, 1, 19, 317, 329, -0.016265952959656715
121, 1, 20, 307, 331, -0.014782372862100601
122, 0, 0, 205, 357, -9.438879544632073e-08
122, 0, 1, 222, 327, -0.003729195799678564
122, 0, 2, 253, 318, -0.010404041036963463
122, 0, 3, 280, 324, -0.015242463909089565
122, 0, 4, 296, 335, -0.01732206530869007
122, 0, 5, 248, 329, -0.032406020909547806
122, 0, 6, 292, 329, -0.04529274255037308
122, 0, 7, 291, 326, -0.045732904225587845
122, 0, 8, 280, 326, -0.041150595992803574
122, 0, 9, 247, 352, -0.033832330256700516
122, 0, 10, 295, 352, -0.044437918812036514
122, 0, 11, 298, 343, -0.039214540272951126
122, 0, 12, 289, 339, -0.03208576887845993
122, 0, 13, 247, 370, -0.033929452300071716
122, 0, 14, 291, 369, -0.038931943476200104
122, 0, 15, 296, 358, -0.029209241271018982
122, 0, 16, 290, 352, -0.020171670243144035
122, 0, 17, 247, 382, -0.03382367268204689
122, 0, 18, 282, 377, -0.03207458555698395
122, 0, 19, 288, 367, -0.022314652800559998
122, 0, 20, 285, 360, -0.014142750762403011
122, 1, 0, 413, 324, -2.6026120281130716e-07
122, 1, 1, 399, 296, 0.009816584177315235
122, 1, 2, 375, 285, 0.010382162407040596
122, 1, 3, 354, 289, 0.008653680793941021
122, 1, 4, 342, 298, 0.007774668280035257
122, 1, 5, 362, 279, -0.005561802536249161
122, 1, 6, 331, 275, -0.011926566250622272
122, 1, 7, 339, 281, -0.012813338078558445
122, 1, 8, 352, 286, -0.011505563743412495
122, 1, 9, 357, 297, -0.013026521541178226
122, 1, 10, 326, 294, -0.017007822170853615
122, 1, 11, 336, 299, -0.014036869630217552
122, 1, 12, 348, 300, -0.011437898501753807
122, 1, 13, 355, 315, -0.01898430474102497
122, 1, 14, 327, 313, -0.020290039479732513
122, 1, 15, 337, 316, -0.014138099737465382
122, 1, 16, 349, 317, -0.010336126200854778
122, 1, 17, 356, 331, -0.02385757304728031
122, 1, 18, 330, 332, -0.022953292354941368
122, 1, 19, 317, 334, -0.019574156031012535
122, 1, 20, 307, 335, -0.01774272322654724
123, 0, 0, 204, 361, -1.4793386071687564e-07
123, 0, 1, 221, 330, -0.005150757730007172
123, 0, 2, 253, 321, -0.011019870638847351
123, 0, 3, 280, 329, -0.01472385972738266
123, 0, 4, 297, 339, -0.015483868308365345
123, 0, 5, 248, 333, -0.03255023807287216
123, 0, 6, 292, 330, -0.04470304027199745
123, 0, 7, 287, 327, -0.04483102262020111
123, 0, 8, 274, 327, -0.040361229330301285
123, 0, 9, 248, 356, -0.033143412321805954
123, 0, 10, 296, 353, -0.04198681563138962
123, 0, 11, 297, 344, -0.03651118278503418
123, 0, 12, 288, 340, -0.029971517622470856
123, 0, 13, 248, 374, -0.03265371918678284
123, 0, 14, 291, 371, -0.03646400570869446
123, 0, 15, 294, 359, -0.026760853826999664
123, 0, 16, 289, 353, -0.018478266894817352
123, 0, 17, 249, 386, -0.032167110592126846
123, 0, 18, 282, 379, -0.02962898090481758
123, 0, 19, 287, 368, -0.01949871890246868
123, 0, 20, 282, 361, -0.011621363461017609
123, 1, 0, 417, 332, -2.707485009523225e-07
123, 1, 1, 404, 303, 0.009268452413380146
123, 1, 2, 378, 291, 0.01080532930791378
123, 1, 3, 357, 294, 0.010143200866878033
123, 1, 4, 345, 303, 0.010342146269977093
123, 1, 5, 365, 286, -0.004371361341327429
123, 1, 6, 333, 279, -0.01135710533708334
123, 1, 7, 341, 286, -0.012854199856519699
123, 1, 8, 355, 291, -0.011668275110423565
123, 1, 9, 359, 303, -0.011221717111766338
123, 1, 10, 328, 299, -0.01515662856400013
123, 1, 11, 337, 305, -0.012328398413956165
123, 1, 12, 349, 306, -0.00974639318883419
123, 1, 13, 357, 322, -0.016889706254005432
123, 1, 14, 329, 317, -0.018493810668587685
123, 1, 15, 338, 320, -0.01300780102610588
123, 1, 16, 349, 322, -0.009449966251850128
123, 1, 17, 357, 338, -0.021522510796785355
123, 1, 18, 332, 336, -0.02152133733034134
123, 1, 19, 318, 336, -0.018966369330883026
123, 1, 20, 309, 337, -0.017421793192625046
124, 0, 0, 201, 368, -2.0802382039164513e-07
124, 0, 1, 217, 335, -0.0035376111045479774
124, 0, 2, 246, 325, -0.009169673547148705
124, 0, 3, 270, 331, -0.013249245472252369
124, 0, 4, 286, 341, -0.01465317141264677
124, 0, 5, 245, 341, -0.0320684090256691
124, 0, 6, 291, 334, -0.04558109492063522
124, 0, 7, 284, 329, -0.04592570289969444
124, 0, 8, 271, 330, -0.04139464721083641
124, 0, 9, 247, 363, -0.03320913389325142
124, 0, 10, 296, 355, -0.0444740355014801
124, 0, 11, 294, 346, -0.03937428817152977
124, 0, 12, 284, 344, -0.03218677639961243
124, 0, 13, 248, 380, -0.03305704519152641
124, 0, 14, 292, 372, -0.03869335353374481
124, 0, 15, 293, 361, -0.02791289985179901
124, 0, 16, 286, 356, -0.017861049622297287
124, 0, 17, 249, 392, -0.03275061026215553
124, 0, 18, 284, 384, -0.031643133610486984
124, 0, 19, 289, 372, -0.02114500291645527
124, 0, 20, 284, 366, -0.012193150818347931
124, 1, 0, 421, 340, -2.5707277018227614e-07
124, 1, 1, 407, 310, 0.006530091166496277
124, 1, 2, 382, 298, 0.005857469048351049
124, 1, 3, 361, 302, 0.003399499459192157
124, 1, 4, 348, 311, 0.00214758375659585
124, 1, 5, 372, 294, -0.009253413416445255
124, 1, 6, 337, 284, -0.01820472814142704
124, 1, 7, 345, 291, -0.019858211278915405
124, 1, 8, 359, 297, -0.01847035437822342
124, 1, 9, 365, 312, -0.015510574914515018
124, 1, 10, 330, 304, -0.023161139339208603
124, 1, 11, 340, 309, -0.0216821376234293
124, 1, 12, 353, 311, -0.01914728432893753
124, 1, 13, 362, 330, -0.020685838535428047
124, 1, 14, 331, 322, -0.025192394852638245
124, 1, 15, 340, 324, -0.02084040269255638
124, 1, 16, 352, 326, -0.017281047999858856
124, 1, 17, 361, 345, -0.02493508718907833
124, 1, 18, 334, 343, -0.026850605383515358
124, 1, 19, 319, 344, -0.026053667068481445
124, 1, 20, 309, 346, -0.02554168738424778
125, 0, 0, 196, 377, -2.6051918666780693e-07
125, 0, 1, 211, 343, -0.006876887287944555
125, 0, 2, 241, 329, -0.014243200421333313
125, 0, 3, 267, 332, -0.019983215257525444
125, 0, 4, 285, 340, -0.022946206852793694
125, 0, 5, 240, 352, -0.03489946946501732
125, 0, 6, 287, 345, -0.04920823872089386
125, 0, 7, 280, 337, -0.05043930932879448
125, 0, 8, 267, 336, -0.04696420580148697
125, 0, 9, 242, 374, -0.03604714199900627
125, 0, 10, 294, 365, -0.047927066683769226
125, 0, 11, 290, 354, -0.04354039207100868
125, 0, 12, 277, 353, -0.03732386231422424
125, 0, 13, 244, 391, -0.036208853125572205
125, 0, 14, 291, 383, -0.04367968440055847
125, 0, 15, 288, 371, -0.034105829894542694
125, 0, 16, 277, 368, -0.025146445259451866
125, 0, 17, 245, 403, -0.036511972546577454
125, 0, 18, 283, 395, -0.03867743909358978
125, 0, 19, 283, 384, -0.029655179008841515
125, 0, 20, 273, 381, -0.021756280213594437
125, 1, 0, 425, 348, -2.5729468688950874e-07
125, 1, 1, 412, 317, 0.005620916374027729
125, 1, 2, 387, 304, 0.0046613821759819984
125, 1, 3, 364, 308, 0.0023457850329577923
125, 1, 4, 351, 316, 0.0015604982618242502
125, 1, 5, 378, 304, -0.012790613807737827
125, 1, 6, 343, 290, -0.021390266716480255
125, 1, 7, 351, 297, -0.021900296211242676
125, 1, 8, 365, 304, -0.01980641856789589
125, 1, 9, 370, 322, -0.017957404255867004
125, 1, 10, 335, 310, -0.024288345128297806
125, 1, 11, 345, 315, -0.021794717758893967
125, 1, 12, 358, 318, -0.01936418004333973
125, 1, 13, 365, 339, -0.021922379732131958
125, 1, 14, 335, 328, -0.025252118706703186
125, 1, 15, 344, 330, -0.021183475852012634
125, 1, 16, 357, 332, -0.01876174844801426
125, 1, 17, 363, 353, -0.02494279108941555
125, 1, 18, 337, 352, -0.0267481692135334
125, 1, 19, 322, 353, -0.02712349407374859
125, 1, 20, 312, 356, -0.02796086110174656
126, 0, 0, 188, 388, -3.100925027865742e-07
126, 0, 1, 206, 357, -0.0034893823321908712
126, 0, 2, 239, 344, -0.009210034273564816
126, 0, 3, 269, 346, -0.015103445388376713
126, 0, 4, 287, 350, -0.01859288103878498
126, 0, 5, 239, 365, -0.025842024013400078
126, 0, 6, 287, 366, -0.040504954755306244
126, 0, 7, 283, 358, -0.043596427887678146
126, 0, 8, 269, 356, -0.041409727185964584
126, 0, 9, 238, 387, -0.030019870027899742
126, 0, 10, 291, 384, -0.04337868466973305
126, 0, 11, 285, 376, -0.041941363364458084
126, 0, 12, 269, 374, -0.037349507212638855
126, 0, 13, 237, 405, -0.03333648666739464
126, 0, 14, 287, 401, -0.0422053299844265
126, 0, 15, 282, 393, -0.03346393257379532
126, 0, 16, 267, 390, -0.024779310449957848
126, 0, 17, 237, 420, -0.03669341281056404
126, 0, 18, 278, 417, -0.040874041616916656
126, 0, 19, 275, 409, -0.03238959237933159
126, 0, 20, 262, 407, -0.024587195366621017
126, 1, 0, 432, 354, -2.601261428480939e-07
126, 1, 1, 420, 324, 0.004953532945364714
126, 1, 2, 397, 311, 0.002433433197438717
126, 1, 3, 376, 315, -0.001344073098152876
126, 1, 4, 363, 323, -0.0034886726643890142
126, 1, 5, 386, 314, -0.01747802458703518
126, 1, 6, 350, 298, -0.029210947453975677
126, 1, 7, 360, 303, -0.031011953949928284
126, 1, 8, 374, 310, -0.029160741716623306
126, 1, 9, 379, 331, -0.022838784381747246
126, 1, 10, 343, 317, -0.032234642654657364
126, 1, 11, 353, 320, -0.030043665319681168
126, 1, 12, 366, 323, -0.02713335119187832
126, 1, 13, 375, 347, -0.02706201560795307
126, 1, 14, 341, 334, -0.032544322311878204
126, 1, 15, 350, 335, -0.02834252640604973
126, 1, 16, 362, 338, -0.02530490793287754
126, 1, 17, 374, 360, -0.030349204316735268
126, 1, 18, 347, 358, -0.03501555323600769
126, 1, 19, 332, 359, -0.03705612197518349
126, 1, 20, 321, 361, -0.038561247289180756
127, 0, 0, 180, 398, -2.378526460233843e-07
127, 0, 1, 206, 370, -0.004495983012020588
127, 0, 2, 245, 365, -0.013864140957593918
127, 0, 3, 276, 376, -0.02298053540289402
127, 0, 4, 290, 386, -0.030062329024076462
127, 0, 5, 239, 377, -0.03462078422307968
127, 0, 6, 287, 392, -0.054288942366838455
127, 0, 7, 280, 391, -0.061148032546043396
127, 0, 8, 264, 388, -0.060767389833927155
127, 0, 9, 232, 399, -0.03943544998764992
127, 0, 10, 284, 409, -0.05368901789188385
127, 0, 11, 278, 408, -0.05305889993906021
127, 0, 12, 260, 404, -0.050547048449516296
127, 0, 13, 227, 420, -0.04328193888068199
127, 0, 14, 278, 428, -0.05218372493982315
127, 0, 15, 272, 424, -0.04286237061023712
127, 0, 16, 255, 420, -0.03512537106871605
127, 0, 17, 223, 438, -0.04722226783633232
127, 0, 18, 265, 445, -0.05036698281764984
127, 0, 19, 260, 441, -0.040795665234327316
127, 0, 20, 246, 437, -0.033320534974336624
127, 1, 0, 440, 366, -2.0742376705129573e-07
127, 1, 1, 435, 335, 0.0006656738696619868
127, 1, 2, 416, 320, -0.003066743491217494
127, 1, 3, 394, 316, -0.0062911235727369785
127, 1, 4, 378, 317, -0.00778120057657361
127, 1, 5, 399, 324, -0.027682781219482422
127, 1, 6, 362, 306, -0.041034966707229614
127, 1, 7, 366, 307, -0.04253455251455307
127, 1, 8, 379, 312, -0.03983927518129349
127, 1, 9, 390, 342, -0.029932068660855293
127, 1, 10, 352, 325, -0.040486328303813934
127, 1, 11, 358, 324, -0.037845220416784286
127, 1, 12, 371, 327, -0.034531719982624054
127, 1, 13, 385, 358, -0.03083837404847145
127, 1, 14, 349, 341, -0.03676694631576538
127, 1, 15, 355, 339, -0.03309885039925575
127, 1, 16, 365, 342, -0.030626855790615082
127, 1, 17, 382, 369, -0.0309639610350132
127, 1, 18, 355, 367, -0.037743713706731796
127, 1, 19, 338, 365, -0.04194645211100578
127, 1, 20, 326, 366, -0.04462800174951553
128, 0, 0, 179, 404, -6.715588796168959e-08
128, 0, 1, 212, 385, -0.0033285943791270256
128, 0, 2, 256, 393, -0.012986868619918823
128, 0, 3, 288, 414, -0.021762074902653694
128, 0, 4, 305, 436, -0.02833344228565693
128, 0, 5, 251, 401, -0.03815440833568573
128, 0, 6, 290, 440, -0.05612649396061897
128, 0, 7, 290, 440, -0.06021854281425476
128, 0, 8, 281, 431, -0.05924214795231819
128, 0, 9, 234, 419, -0.044312287122011185
128, 0, 10, 277, 453, -0.05603997781872749
128, 0, 11, 277, 450, -0.051033537834882736
128, 0, 12, 269, 442, -0.0474679134786129
128, 0, 13, 219, 437, -0.04915832728147507
128, 0, 14, 262, 467, -0.05393987149000168
128, 0, 15, 262, 461, -0.04077531769871712
128, 0, 16, 253, 452, -0.032432347536087036
128, 0, 17, 208, 453, -0.05426109582185745
128, 0, 18, 244, 474, -0.052721377462148666
128, 0, 19, 246, 469, -0.040943194180727005
128, 0, 20, 238, 461, -0.03298678249120712
128, 1, 0, 448, 374, -1.1204370053974344e-07
128, 1, 1, 441, 343, -0.0019561706576496363
128, 1, 2, 422, 327, -0.0076421401463449
128, 1, 3, 400, 321, -0.012029243633151054
128, 1, 4, 385, 320, -0.0145952757447958
128, 1, 5, 412, 335, -0.03328268602490425
128, 1, 6, 374, 317, -0.0485566146671772
128, 1, 7, 375, 314, -0.051474541425704956
128, 1, 8, 387, 317, -0.049656257033348083
128, 1, 9, 401, 353, -0.034559354186058044
128, 1, 10, 363, 336, -0.046766236424446106
128, 1, 11, 365, 329, -0.046170949935913086
128, 1, 12, 376, 329, -0.04453609138727188
128, 1, 13, 394, 368, -0.03460409864783287
128, 1, 14, 358, 351, -0.041479144245386124
128, 1, 15, 358, 343, -0.0409441776573658
128, 1, 16, 366, 339, -0.04108117148280144
128, 1, 17, 389, 379, -0.03409529849886894
128, 1, 18, 363, 376, -0.04167664423584938
128, 1, 19, 346, 374, -0.047781478613615036
128, 1, 20, 334, 374, -0.052172932773828506
129, 0, 0, 170, 418, 2.998426964495593e-07
129, 0, 1, 206, 404, -0.006097573786973953
129, 0, 2, 247, 413, -0.013067719526588917
129, 0, 3, 273, 435, -0.019133970141410828
129, 0, 4, 287, 457, -0.02484743483364582
129, 0, 5, 251, 423, -0.023425670340657234
129, 0, 6, 282, 449, -0.037284087389707565
129, 0, 7, 301, 467, -0.04530951753258705
129, 0, 8, 313, 480, -0.05003887042403221
129, 0, 9, 238, 441, -0.02716747112572193
129, 0, 10, 268, 469, -0.03565674275159836
129, 0, 11, 282, 485, -0.038475170731544495
129, 0, 12, 290, 496, -0.04134975001215935
129, 0, 13, 222, 458, -0.03037988767027855
129, 0, 14, 251, 484, -0.03755122795701027
129, 0, 15, 262, 497, -0.033462055027484894
129, 0, 16, 267, 504, -0.030494211241602898
129, 0, 17, 207, 473, -0.03403698280453682
129, 0, 18, 232, 491, -0.03840789943933487
129, 0, 19, 242, 501, -0.03293387219309807
129, 0, 20, 247, 508, -0.02802925743162632
129, 1, 0, 450, 378, -1.7626601334086445e-07
129, 1, 1, 438, 343, -0.00024654524167999625
129, 1, 2, 413, 329, -0.0010763946920633316
129, 1, 3, 387, 328, -0.0014642839087173343
129, 1, 4, 369, 330, -0.0006466907216235995
129, 1, 5, 393, 336, -0.0069696069695055485
129, 1, 6, 377, 323, -0.01176090631633997
129, 1, 7, 387, 324, -0.014576299116015434
129, 1, 8, 398, 328, -0.015594071708619595
129, 1, 9, 385, 354, -0.007945811375975609
129, 1, 10, 370, 340, -0.008439604192972183
129, 1, 11, 378, 337, -0.009272199124097824
129, 1, 12, 388, 340, -0.011053710244596004
129, 1, 13, 383, 370, -0.008601519279181957
129, 1, 14, 366, 357, -0.008876703679561615
129, 1, 15, 371, 350, -0.010040068998932838
129, 1, 16, 379, 348, -0.012929542921483517
129, 1, 17, 386, 384, -0.008667743764817715
129, 1, 18, 366, 386, -0.010628333315253258
129, 1, 19, 355, 384, -0.01347076240926981
129, 1, 20, 346, 384, -0.016410889104008675
130, 0, 0, 456, 383, -1.1836200286552412e-07
130, 0, 1, 445, 351, -0.0026891955640167
130, 0, 2, 418, 336, -0.0046135131269693375
130, 0, 3, 391, 333, -0.004302891902625561
130, 0, 4, 374, 335, -0.0028290029149502516
130, 0, 5, 400, 346, -0.01685396209359169
130, 0, 6, 380, 334, -0.01879121921956539
130, 0, 7, 389, 332, -0.01715763844549656
130, 0, 8, 401, 335, -0.015492025762796402
130, 0, 9, 394, 366, -0.0163654163479805
130, 0, 10, 375, 351, -0.01599143072962761
130, 0, 11, 383, 346, -0.01502661406993866
130, 0, 12, 394, 347, -0.015337234362959862
130, 0, 13, 394, 383, -0.014816942624747753
130, 0, 14, 373, 370, -0.014524457044899464
130, 0, 15, 376, 359, -0.0167737677693367
130, 0, 16, 383, 354, -0.020904317498207092
130, 0, 17, 398, 397, -0.012502353638410568
130, 0, 18, 378, 402, -0.01639312319457531
130, 0, 19, 367, 401, -0.021676672622561455
130, 0, 20, 359, 399, -0.026455389335751534
130, 1, 0, 0, 0, 0.0
130, 1, 1, 0, 0, 0.0
130, 1, 2, 0, 0, 0.0
130, 1, 3, 0, 0, 0.0
130, 1, 4, 0, 0, 0.0
130, 1, 5, 0, 0, 0.0
130, 1, 6, 0, 0, 0.0
130, 1, 7, 0, 0, 0.0
130, 1, 8, 0, 0, 0.0
130, 1, 9, 0, 0, 0.0
130, 1, 10, 0, 0, 0.0
130, 1, 11, 0, 0, 0.0
130, 1, 12, 0, 0, 0.0
130, 1, 13, 0, 0, 0.0
130, 1, 14, 0, 0, 0.0
130, 1, 15, 0, 0, 0.0
130, 1, 16, 0, 0, 0.0
130, 1, 17, 0, 0, 0.0
130, 1, 18, 0, 0, 0.0
130, 1, 19, 0, 0, 0.0
130, 1, 20, 0, 0, 0.0
131, 0, 0, 465, 391, 1.2630995627205266e-07
131, 0, 1, 457, 361, -0.010302272625267506
131, 0, 2, 431, 344, -0.01593604125082493
131, 0, 3, 404, 340, -0.017307912930846214
131, 0, 4, 384, 340, -0.018519269302487373
131, 0, 5, 428, 369, -0.033125750720500946
131, 0, 6, 401, 359, -0.0380345843732357
131, 0, 7, 394, 350, -0.03661211207509041
131, 0, 8, 392, 345, -0.03564630076289177
131, 0, 9, 420, 388, -0.030299002304673195
131, 0, 10, 393, 373, -0.03409607708454132
131, 0, 11, 386, 360, -0.03336254507303238
131, 0, 12, 387, 351, -0.03370588645339012
131, 0, 13, 417, 403, -0.02644549310207367
131, 0, 14, 389, 388, -0.03153659403324127
131, 0, 15, 380, 374, -0.03644827380776405
131, 0, 16, 378, 362, -0.04172050952911377
131, 0, 17, 417, 413, -0.022132007405161858
131, 0, 18, 398, 422, -0.03300746902823448
131, 0, 19, 386, 422, -0.04228057339787483
131, 0, 20, 379, 419, -0.04908229410648346
131, 1, 0, 0, 0, 0.0
131, 1, 1, 0, 0, 0.0
131, 1, 2, 0, 0, 0.0
131, 1, 3, 0, 0, 0.0
131, 1, 4, 0, 0, 0.0
131, 1, 5, 0, 0, 0.0
131, 1, 6, 0, 0, 0.0
131, 1, 7, 0, 0, 0.0
131, 1, 8, 0, 0, 0.0
131, 1, 9, 0, 0, 0.0
131, 1, 10, 0, 0, 0.0
131, 1, 11, 0, 0, 0.0
131, 1, 12, 0, 0, 0.0
131, 1, 13, 0, 0, 0.0
131, 1, 14, 0, 0, 0.0
131, 1, 15, 0, 0, 0.0
131, 1, 16, 0, 0, 0.0
131, 1, 17, 0, 0, 0.0
131, 1, 18, 0, 0, 0.0
131, 1, 19, 0, 0, 0.0
131, 1, 20, 0, 0, 0.0
132, 0, 0, 472, 398, 1.4960359351334773e-07
132, 0, 1, 461, 371, -0.011416069231927395
132, 0, 2, 437, 355, -0.021084662526845932
132, 0, 3, 411, 352, -0.026601962745189667
132, 0, 4, 391, 353, -0.03146151453256607
132, 0, 5, 438, 381, -0.042537838220596313
132, 0, 6, 405, 369, -0.054164186120033264
132, 0, 7, 401, 360, -0.05511094257235527
132, 0, 8, 403, 355, -0.05377461761236191
132, 0, 9, 433, 401, -0.04026758670806885
132, 0, 10, 400, 384, -0.04996728152036667
132, 0, 11, 393, 374, -0.05006172135472298
132, 0, 12, 395, 367, -0.04996691644191742
132, 0, 13, 431, 416, -0.03673926740884781
132, 0, 14, 400, 402, -0.043690189719200134
132, 0, 15, 391, 390, -0.045664120465517044
132, 0, 16, 391, 382, -0.048328597098588943
132, 0, 17, 430, 426, -0.032943762838840485
132, 0, 18, 411, 432, -0.042348891496658325
132, 0, 19, 399, 432, -0.04847089573740959
132, 0, 20, 393, 429, -0.05273260176181793
132, 1, 0, 0, 0, 0.0
132, 1, 1, 0, 0, 0.0
132, 1, 2, 0, 0, 0.0
132, 1, 3, 0, 0, 0.0
132, 1, 4, 0, 0, 0.0
132, 1, 5, 0, 0, 0.0
132, 1, 6, 0, 0, 0.0
132, 1, 7, 0, 0, 0.0
132, 1, 8, 0, 0, 0.0
132, 1, 9, 0, 0, 0.0
132, 1, 10, 0, 0, 0.0
132, 1, 11, 0, 0, 0.0
132, 1, 12, 0, 0, 0.0
132, 1, 13, 0, 0, 0.0
132, 1, 14, 0, 0, 0.0
132, 1, 15, 0, 0, 0.0
132, 1, 16, 0, 0, 0.0
132, 1, 17, 0, 0, 0.0
132, 1, 18, 0, 0, 0.0
132, 1, 19, 0, 0, 0.0
132, 1, 20, 0, 0, 0.0
133, 0, 0, 476, 403, 5.83633656958682e-08
133, 0, 1, 462, 376, -0.015867063775658607
133, 0, 2, 441, 361, -0.028222788125276566
133, 0, 3, 416, 362, -0.03543073683977127
133, 0, 4, 398, 368, -0.04069600999355316
133, 0, 5, 444, 394, -0.04527083784341812
133, 0, 6, 412, 381, -0.058494389057159424
133, 0, 7, 415, 374, -0.059998247772455215
133, 0, 8, 422, 373, -0.05925866961479187
133, 0, 9, 439, 413, -0.041370365768671036
133, 0, 10, 405, 395, -0.052506811916828156
133, 0, 11, 405, 386, -0.052801262587308884
133, 0, 12, 412, 384, -0.05310428887605667
133, 0, 13, 437, 427, -0.03670337796211243
133, 0, 14, 405, 413, -0.045135725289583206
133, 0, 15, 400, 403, -0.04722794145345688
133, 0, 16, 402, 399, -0.050272002816200256
133, 0, 17, 438, 435, -0.03221749886870384
133, 0, 18, 422, 444, -0.044614028185606
133, 0, 19, 413, 444, -0.05322444438934326
133, 0, 20, 408, 443, -0.059391602873802185
133, 1, 0, 0, 0, 0.0
133, 1, 1, 0, 0, 0.0
133, 1, 2, 0, 0, 0.0
133, 1, 3, 0, 0, 0.0
133, 1, 4, 0, 0, 0.0
133, 1, 5, 0, 0, 0.0
133, 1, 6, 0, 0, 0.0
133, 1, 7, 0, 0, 0.0
133, 1, 8, 0, 0, 0.0
133, 1, 9, 0, 0, 0.0
133, 1, 10, 0, 0, 0.0
133, 1, 11, 0, 0, 0.0
133, 1, 12, 0, 0, 0.0
133, 1, 13, 0, 0, 0.0
133, 1, 14, 0, 0, 0.0
133, 1, 15, 0, 0, 0.0
133, 1, 16, 0, 0, 0.0
133, 1, 17, 0, 0, 0.0
133, 1, 18, 0, 0, 0.0
133, 1, 19, 0, 0, 0.0
133, 1, 20, 0, 0, 0.0
134, 0, 0, 481, 404, 2.046314051540321e-07
134, 0, 1, 466, 383, -0.024920577183365822
134, 0, 2, 446, 371, -0.04341578483581543
134, 0, 3, 423, 376, -0.054425306618213654
134, 0, 4, 410, 389, -0.06321528553962708
134, 0, 5, 463, 404, -0.06928613781929016
134, 0, 6, 428, 405, -0.08504507690668106
134, 0, 7, 418, 397, -0.08323647081851959
134, 0, 8, 417, 392, -0.07958304136991501
134, 0, 9, 459, 423, -0.06109475716948509
134, 0, 10, 420, 417, -0.0753694400191307
134, 0, 11, 412, 406, -0.07165931910276413
134, 0, 12, 415, 401, -0.0688113123178482
134, 0, 13, 454, 435, -0.051733843982219696
134, 0, 14, 419, 432, -0.062406349927186966
134, 0, 15, 411, 421, -0.06051740422844887
134, 0, 16, 412, 414, -0.06017868220806122
134, 0, 17, 452, 442, -0.04346788302063942
134, 0, 18, 437, 455, -0.057033851742744446
134, 0, 19, 425, 458, -0.06528499722480774
134, 0, 20, 419, 458, -0.07104168832302094
134, 1, 0, 0, 0, 0.0
134, 1, 1, 0, 0, 0.0
134, 1, 2, 0, 0, 0.0
134, 1, 3, 0, 0, 0.0
134, 1, 4, 0, 0, 0.0
134, 1, 5, 0, 0, 0.0
134, 1, 6, 0, 0, 0.0
134, 1, 7, 0, 0, 0.0
134, 1, 8, 0, 0, 0.0
134, 1, 9, 0, 0, 0.0
134, 1, 10, 0, 0, 0.0
134, 1, 11, 0, 0, 0.0
134, 1, 12, 0, 0, 0.0
134, 1, 13, 0, 0, 0.0
134, 1, 14, 0, 0, 0.0
134, 1, 15, 0, 0, 0.0
134, 1, 16, 0, 0, 0.0
134, 1, 17, 0, 0, 0.0
134, 1, 18, 0, 0, 0.0
134, 1, 19, 0, 0, 0.0
134, 1, 20, 0, 0, 0.0
135, 0, 0, 477, 395, 1.969218121899985e-09
135, 0, 1, 459, 382, -0.03354658558964729
135, 0, 2, 442, 379, -0.05695014446973801
135, 0, 3, 425, 388, -0.07299044728279114
135, 0, 4, 415, 406, -0.08643405139446259
135, 0, 5, 466, 413, -0.0720062330365181
135, 0, 6, 448, 420, -0.09323553740978241
135, 0, 7, 433, 418, -0.10049623996019363
135, 0, 8, 421, 415, -0.10412389785051346
135, 0, 9, 465, 435, -0.06286674737930298
135, 0, 10, 436, 435, -0.0805991142988205
135, 0, 11, 421, 426, -0.08338017016649246
135, 0, 12, 414, 418, -0.08630162477493286
135, 0, 13, 462, 447, -0.05359766259789467
135, 0, 14, 434, 451, -0.07083898782730103
135, 0, 15, 420, 440, -0.07423640042543411
135, 0, 16, 416, 431, -0.07664874196052551
135, 0, 17, 457, 454, -0.04602902755141258
135, 0, 18, 448, 469, -0.06220657750964165
135, 0, 19, 436, 471, -0.06913787126541138
135, 0, 20, 426, 468, -0.07330431789159775
135, 1, 0, 479, 403, 3.736651876806718e-07
135, 1, 1, 461, 386, -0.02930617891252041
135, 1, 2, 443, 379, -0.048773784190416336
135, 1, 3, 427, 389, -0.06004275009036064
135, 1, 4, 417, 402, -0.06938665360212326
135, 1, 5, 473, 408, -0.06973397731781006
135, 1, 6, 453, 418, -0.08678115904331207
135, 1, 7, 435, 418, -0.08930869400501251
135, 1, 8, 423, 416, -0.09015407413244247
135, 1, 9, 472, 428, -0.06026750057935715
135, 1, 10, 439, 432, -0.07639728486537933
135, 1, 11, 421, 425, -0.07709395885467529
135, 1, 12, 413, 417, -0.07835420221090317
135, 1, 13, 468, 441, -0.050124604254961014
135, 1, 14, 438, 446, -0.06457459181547165
135, 1, 15, 421, 437, -0.06725829839706421
135, 1, 16, 415, 428, -0.06951098144054413
135, 1, 17, 463, 448, -0.04122133553028107
135, 1, 18, 451, 464, -0.05664950981736183
135, 1, 19, 437, 467, -0.06553769111633301
135, 1, 20, 428, 465, -0.07163463532924652
136, 0, 0, 474, 403, 2.897023705372703e-07
136, 0, 1, 460, 388, -0.03943604230880737
136, 0, 2, 443, 384, -0.0641070306301117
136, 0, 3, 431, 396, -0.07963874191045761
136, 0, 4, 423, 413, -0.0925002172589302
136, 0, 5, 478, 417, -0.07412981241941452
136, 0, 6, 463, 425, -0.09418598562479019
136, 0, 7, 447, 428, -0.10113383084535599
136, 0, 8, 434, 427, -0.10434270650148392
136, 0, 9, 476, 438, -0.06177728995680809
136, 0, 10, 444, 442, -0.08147332817316055
136, 0, 11, 426, 436, -0.08678863197565079
136, 0, 12, 418, 428, -0.08993852138519287
136, 0, 13, 470, 450, -0.04939821735024452
136, 0, 14, 442, 455, -0.06788100302219391
136, 0, 15, 426, 447, -0.07269880175590515
136, 0, 16, 420, 438, -0.07466001808643341
136, 0, 17, 462, 458, -0.038925472646951675
136, 0, 18, 454, 470, -0.05409941077232361
136, 0, 19, 442, 473, -0.05972476303577423
136, 0, 20, 434, 471, -0.06205097213387489
136, 1, 0, 0, 0, 0.0
136, 1, 1, 0, 0, 0.0
136, 1, 2, 0, 0, 0.0
136, 1, 3, 0, 0, 0.0
136, 1, 4, 0, 0, 0.0
136, 1, 5, 0, 0, 0.0
136, 1, 6, 0, 0, 0.0
136, 1, 7, 0, 0, 0.0
136, 1, 8, 0, 0, 0.0
136, 1, 9, 0, 0, 0.0
136, 1, 10, 0, 0, 0.0
136, 1, 11, 0, 0, 0.0
136, 1, 12, 0, 0, 0.0
136, 1, 13, 0, 0, 0.0
136, 1, 14, 0, 0, 0.0
136, 1, 15, 0, 0, 0.0
136, 1, 16, 0, 0, 0.0
136, 1, 17, 0, 0, 0.0
136, 1, 18, 0, 0, 0.0
136, 1, 19, 0, 0, 0.0
136, 1, 20, 0, 0, 0.0
137, 0, 0, 471, 398, 9.776112364079381e-08
137, 0, 1, 459, 388, -0.03188175708055496
137, 0, 2, 445, 389, -0.05240263417363167
137, 0, 3, 433, 402, -0.06802147626876831
137, 0, 4, 427, 418, -0.08168330788612366
137, 0, 5, 476, 417, -0.055203184485435486
137, 0, 6, 471, 428, -0.07722463458776474
137, 0, 7, 455, 432, -0.08693202584981918
137, 0, 8, 441, 433, -0.0908239334821701
137, 0, 9, 475, 436, -0.04841066151857376
137, 0, 10, 461, 448, -0.07120364159345627
137, 0, 11, 440, 444, -0.07961824536323547
137, 0, 12, 427, 436, -0.08288295567035675
137, 0, 13, 469, 448, -0.042428240180015564
137, 0, 14, 455, 460, -0.06463956087827682
137, 0, 15, 437, 454, -0.07048167288303375
137, 0, 16, 426, 444, -0.07060243934392929
137, 0, 17, 462, 456, -0.03820895403623581
137, 0, 18, 457, 473, -0.05302978679537773
137, 0, 19, 447, 481, -0.05708051845431328
137, 0, 20, 438, 482, -0.057588327676057816
137, 1, 0, 0, 0, 0.0
137, 1, 1, 0, 0, 0.0
137, 1, 2, 0, 0, 0.0
137, 1, 3, 0, 0, 0.0
137, 1, 4, 0, 0, 0.0
137, 1, 5, 0, 0, 0.0
137, 1, 6, 0, 0, 0.0
137, 1, 7, 0, 0, 0.0
137, 1, 8, 0, 0, 0.0
137, 1, 9, 0, 0, 0.0
137, 1, 10, 0, 0, 0.0
137, 1, 11, 0, 0, 0.0
137, 1, 12, 0, 0, 0.0
137, 1, 13, 0, 0, 0.0
137, 1, 14, 0, 0, 0.0
137, 1, 15, 0, 0, 0.0
137, 1, 16, 0, 0, 0.0
137, 1, 17, 0, 0, 0.0
137, 1, 18, 0, 0, 0.0
137, 1, 19, 0, 0, 0.0
137, 1, 20, 0, 0, 0.0
138, 0, 0, 468, 401, 1.0477270961928298e-07
138, 0, 1, 458, 391, -0.03278389573097229
138, 0, 2, 448, 391, -0.05417581647634506
138, 0, 3, 439, 403, -0.07071717083454132
138, 0, 4, 431, 419, -0.08500702679157257
138, 0, 5, 479, 419, -0.05110447481274605
138, 0, 6, 474, 430, -0.07409374415874481
138, 0, 7, 459, 433, -0.08608471602201462
138, 0, 8, 446, 434, -0.09173727035522461
138, 0, 9, 477, 437, -0.04408090561628342
138, 0, 10, 466, 450, -0.0673837661743164
138, 0, 11, 445, 447, -0.07763595134019852
138, 0, 12, 431, 439, -0.08223281055688858
138, 0, 13, 471, 449, -0.03839138522744179
138, 0, 14, 460, 462, -0.059538599103689194
138, 0, 15, 442, 459, -0.06607724726200104
138, 0, 16, 431, 451, -0.06730157136917114
138, 0, 17, 463, 457, -0.034772563725709915
138, 0, 18, 459, 473, -0.04858577251434326
138, 0, 19, 450, 482, -0.05277318134903908
138, 0, 20, 442, 484, -0.053844913840293884
138, 1, 0, 0, 0, 0.0
138, 1, 1, 0, 0, 0.0
138, 1, 2, 0, 0, 0.0
138, 1, 3, 0, 0, 0.0
138, 1, 4, 0, 0, 0.0
138, 1, 5, 0, 0, 0.0
138, 1, 6, 0, 0, 0.0
138, 1, 7, 0, 0, 0.0
138, 1, 8, 0, 0, 0.0
138, 1, 9, 0, 0, 0.0
138, 1, 10, 0, 0, 0.0
138, 1, 11, 0, 0, 0.0
138, 1, 12, 0, 0, 0.0
138, 1, 13, 0, 0, 0.0
138, 1, 14, 0, 0, 0.0
138, 1, 15, 0, 0, 0.0
138, 1, 16, 0, 0, 0.0
138, 1, 17, 0, 0, 0.0
138, 1, 18, 0, 0, 0.0
138, 1, 19, 0, 0, 0.0
138, 1, 20, 0, 0, 0.0
139, 0, 0, 462, 404, 9.571009940145814e-08
139, 0, 1, 456, 393, -0.03559103608131409
139, 0, 2, 451, 391, -0.059165384620428085
139, 0, 3, 443, 401, -0.07763466984033585
139, 0, 4, 437, 416, -0.09402446448802948
139, 0, 5, 480, 422, -0.05048510804772377
139, 0, 6, 478, 430, -0.0747036263346672
139, 0, 7, 463, 433, -0.08981356769800186
139, 0, 8, 450, 433, -0.09829989820718765
139, 0, 9, 477, 440, -0.04229127988219261
139, 0, 10, 469, 451, -0.06558728963136673
139, 0, 11, 449, 448, -0.07740674912929535
139, 0, 12, 436, 441, -0.08370614796876907
139, 0, 13, 470, 452, -0.03603670001029968
139, 0, 14, 465, 464, -0.055247798562049866
139, 0, 15, 450, 464, -0.06218161806464195
139, 0, 16, 441, 459, -0.06486177444458008
139, 0, 17, 463, 459, -0.03236109018325806
139, 0, 18, 461, 473, -0.04559119790792465
139, 0, 19, 454, 479, -0.050282664597034454
139, 0, 20, 447, 481, -0.0522155724465847
139, 1, 0, 0, 0, 0.0
139, 1, 1, 0, 0, 0.0
139, 1, 2, 0, 0, 0.0
139, 1, 3, 0, 0, 0.0
139, 1, 4, 0, 0, 0.0
139, 1, 5, 0, 0, 0.0
139, 1, 6, 0, 0, 0.0
139, 1, 7, 0, 0, 0.0
139, 1, 8, 0, 0, 0.0
139, 1, 9, 0, 0, 0.0
139, 1, 10, 0, 0, 0.0
139, 1, 11, 0, 0, 0.0
139, 1, 12, 0, 0, 0.0
139, 1, 13, 0, 0, 0.0
139, 1, 14, 0, 0, 0.0
139, 1, 15, 0, 0, 0.0
139, 1, 16, 0, 0, 0.0
139, 1, 17, 0, 0, 0.0
139, 1, 18, 0, 0, 0.0
139, 1, 19, 0, 0, 0.0
139, 1, 20, 0, 0, 0.0
140, 0, 0, 456, 403, 8.087022962399715e-08
140, 0, 1, 454, 393, -0.03592626005411148
140, 0, 2, 452, 392, -0.0584445558488369
140, 0, 3, 446, 403, -0.0761178582906723
140, 0, 4, 444, 419, -0.09178902208805084
140, 0, 5, 486, 421, -0.04606137424707413
140, 0, 6, 482, 430, -0.07003623247146606
140, 0, 7, 467, 433, -0.08608489483594894
140, 0, 8, 454, 435, -0.09521927684545517
140, 0, 9, 483, 439, -0.03746507316827774
140, 0, 10, 470, 448, -0.06176124885678291
140, 0, 11, 450, 445, -0.07453107833862305
140, 0, 12, 435, 439, -0.08090105652809143
140, 0, 13, 475, 450, -0.03120769001543522
140, 0, 14, 465, 462, -0.05240029841661453
140, 0, 15, 449, 459, -0.059086475521326065
140, 0, 16, 438, 451, -0.060473956167697906
140, 0, 17, 467, 456, -0.02762375771999359
140, 0, 18, 464, 471, -0.04201790690422058
140, 0, 19, 456, 477, -0.046317920088768005
140, 0, 20, 449, 479, -0.047309961169958115
140, 1, 0, 0, 0, 0.0
140, 1, 1, 0, 0, 0.0
140, 1, 2, 0, 0, 0.0
140, 1, 3, 0, 0, 0.0
140, 1, 4, 0, 0, 0.0
140, 1, 5, 0, 0, 0.0
140, 1, 6, 0, 0, 0.0
140, 1, 7, 0, 0, 0.0
140, 1, 8, 0, 0, 0.0
140, 1, 9, 0, 0, 0.0
140, 1, 10, 0, 0, 0.0
140, 1, 11, 0, 0, 0.0
140, 1, 12, 0, 0, 0.0
140, 1, 13, 0, 0, 0.0
140, 1, 14, 0, 0, 0.0
140, 1, 15, 0, 0, 0.0
140, 1, 16, 0, 0, 0.0
140, 1, 17, 0, 0, 0.0
140, 1, 18, 0, 0, 0.0
140, 1, 19, 0, 0, 0.0
140, 1, 20, 0, 0, 0.0
141, 0, 0, 456, 400, 4.230499328627957e-08
141, 0, 1, 454, 393, -0.030877795070409775
141, 0, 2, 456, 393, -0.05054951086640358
141, 0, 3, 452, 405, -0.06669923663139343
141, 0, 4, 449, 419, -0.08100831508636475
141, 0, 5, 489, 422, -0.03606019914150238
141, 0, 6, 486, 433, -0.057284045964479446
141, 0, 7, 471, 435, -0.0706511065363884
141, 0, 8, 459, 435, -0.07696614414453506
141, 0, 9, 485, 438, -0.028652414679527283
141, 0, 10, 476, 451, -0.0508451871573925
141, 0, 11, 456, 447, -0.06175475940108299
141, 0, 12, 442, 440, -0.06557165831327438
141, 0, 13, 478, 448, -0.02367003820836544
141, 0, 14, 469, 460, -0.044646646827459335
141, 0, 15, 451, 454, -0.04989948868751526
141, 0, 16, 440, 446, -0.048534370958805084
141, 0, 17, 469, 453, -0.0207919143140316
141, 0, 18, 467, 468, -0.033768702298402786
141, 0, 19, 460, 473, -0.03640773519873619
141, 0, 20, 455, 474, -0.03534265607595444
141, 1, 0, 0, 0, 0.0
141, 1, 1, 0, 0, 0.0
141, 1, 2, 0, 0, 0.0
141, 1, 3, 0, 0, 0.0
141, 1, 4, 0, 0, 0.0
141, 1, 5, 0, 0, 0.0
141, 1, 6, 0, 0, 0.0
141, 1, 7, 0, 0, 0.0
141, 1, 8, 0, 0, 0.0
141, 1, 9, 0, 0, 0.0
141, 1, 10, 0, 0, 0.0
141, 1, 11, 0, 0, 0.0
141, 1, 12, 0, 0, 0.0
141, 1, 13, 0, 0, 0.0
141, 1, 14, 0, 0, 0.0
141, 1, 15, 0, 0, 0.0
141, 1, 16, 0, 0, 0.0
141, 1, 17, 0, 0, 0.0
141, 1, 18, 0, 0, 0.0
141, 1, 19, 0, 0, 0.0
141, 1, 20, 0, 0, 0.0
142, 0, 0, 457, 403, 5.324107021920099e-08
142, 0, 1, 456, 395, -0.029792513698339462
142, 0, 2, 457, 395, -0.048696525394916534
142, 0, 3, 455, 406, -0.0642671287059784
142, 0, 4, 453, 420, -0.07828594744205475
142, 0, 5, 492, 422, -0.034894052892923355
142, 0, 6, 487, 431, -0.05440752953290939
142, 0, 7, 475, 434, -0.06659477204084396
142, 0, 8, 464, 436, -0.07240420579910278
142, 0, 9, 488, 438, -0.02792886085808277
142, 0, 10, 479, 449, -0.049912381917238235
142, 0, 11, 459, 447, -0.06120717152953148
142, 0, 12, 446, 440, -0.06521939486265182
142, 0, 13, 481, 449, -0.02309226803481579
142, 0, 14, 472, 459, -0.04450124129652977
142, 0, 15, 454, 454, -0.05075991898775101
142, 0, 16, 443, 446, -0.049832627177238464
142, 0, 17, 472, 454, -0.020091213285923004
142, 0, 18, 471, 469, -0.03263343498110771
142, 0, 19, 466, 477, -0.03574822098016739
142, 0, 20, 462, 481, -0.0352291502058506
142, 1, 0, 0, 0, 0.0
142, 1, 1, 0, 0, 0.0
142, 1, 2, 0, 0, 0.0
142, 1, 3, 0, 0, 0.0
142, 1, 4, 0, 0, 0.0
142, 1, 5, 0, 0, 0.0
142, 1, 6, 0, 0, 0.0
142, 1, 7, 0, 0, 0.0
142, 1, 8, 0, 0, 0.0
142, 1, 9, 0, 0, 0.0
142, 1, 10, 0, 0, 0.0
142, 1, 11, 0, 0, 0.0
142, 1, 12, 0, 0, 0.0
142, 1, 13, 0, 0, 0.0
142, 1, 14, 0, 0, 0.0
142, 1, 15, 0, 0, 0.0
142, 1, 16, 0, 0, 0.0
142, 1, 17, 0, 0, 0.0
142, 1, 18, 0, 0, 0.0
142, 1, 19, 0, 0, 0.0
142, 1, 20, 0, 0, 0.0
143, 0, 0, 456, 402, 6.602036251024401e-08
143, 0, 1, 456, 394, -0.03327462449669838
143, 0, 2, 459, 393, -0.05433181673288345
143, 0, 3, 457, 405, -0.07138314843177795
143, 0, 4, 456, 419, -0.08668215572834015
143, 0, 5, 492, 420, -0.039863135665655136
143, 0, 6, 490, 431, -0.06272021681070328
143, 0, 7, 477, 434, -0.0764596238732338
143, 0, 8, 464, 433, -0.08272456377744675
143, 0, 9, 488, 436, -0.031769994646310806
143, 0, 10, 482, 451, -0.057010043412446976
143, 0, 11, 462, 448, -0.06907838582992554
143, 0, 12, 448, 439, -0.07288065552711487
143, 0, 13, 481, 446, -0.026284363120794296
143, 0, 14, 475, 459, -0.05092215910553932
143, 0, 15, 456, 453, -0.05775480344891548
143, 0, 16, 443, 444, -0.05650071054697037
143, 0, 17, 472, 451, -0.022835623472929
143, 0, 18, 473, 465, -0.03920743614435196
143, 0, 19, 466, 470, -0.04356333240866661
143, 0, 20, 460, 470, -0.04315503314137459
143, 1, 0, 0, 0, 0.0
143, 1, 1, 0, 0, 0.0
143, 1, 2, 0, 0, 0.0
143, 1, 3, 0, 0, 0.0
143, 1, 4, 0, 0, 0.0
143, 1, 5, 0, 0, 0.0
143, 1, 6, 0, 0, 0.0
143, 1, 7, 0, 0, 0.0
143, 1, 8, 0, 0, 0.0
143, 1, 9, 0, 0, 0.0
143, 1, 10, 0, 0, 0.0
143, 1, 11, 0, 0, 0.0
143, 1, 12, 0, 0, 0.0
143, 1, 13, 0, 0, 0.0
143, 1, 14, 0, 0, 0.0
143, 1, 15, 0, 0, 0.0
143, 1, 16, 0, 0, 0.0
143, 1, 17, 0, 0, 0.0
143, 1, 18, 0, 0, 0.0
143, 1, 19, 0, 0, 0.0
143, 1, 20, 0, 0, 0.0
144, 0, 0, 459, 402, 3.498008993574331e-08
144, 0, 1, 458, 395, -0.029887352138757706
144, 0, 2, 460, 394, -0.04936830326914787
144, 0, 3, 458, 404, -0.06554791331291199
144, 0, 4, 458, 418, -0.08017181605100632
144, 0, 5, 494, 421, -0.035320721566677094
144, 0, 6, 490, 432, -0.056819576770067215
144, 0, 7, 477, 435, -0.07038586586713791
144, 0, 8, 465, 435, -0.07651250064373016
144, 0, 9, 490, 437, -0.028287025168538094
144, 0, 10, 481, 450, -0.05149056762456894
144, 0, 11, 462, 447, -0.06316351145505905
144, 0, 12, 448, 439, -0.06709043681621552
144, 0, 13, 482, 447, -0.02360147051513195
144, 0, 14, 474, 459, -0.047033462673425674
144, 0, 15, 456, 453, -0.053978804498910904
144, 0, 16, 444, 445, -0.05289022997021675
144, 0, 17, 474, 452, -0.020685041323304176
144, 0, 18, 474, 467, -0.036534588783979416
144, 0, 19, 467, 473, -0.0408424437046051
144, 0, 20, 460, 475, -0.04030486196279526
144, 1, 0, 0, 0, 0.0
144, 1, 1, 0, 0, 0.0
144, 1, 2, 0, 0, 0.0
144, 1, 3, 0, 0, 0.0
144, 1, 4, 0, 0, 0.0
144, 1, 5, 0, 0, 0.0
144, 1, 6, 0, 0, 0.0
144, 1, 7, 0, 0, 0.0
144, 1, 8, 0, 0, 0.0
144, 1, 9, 0, 0, 0.0
144, 1, 10, 0, 0, 0.0
144, 1, 11, 0, 0, 0.0
144, 1, 12, 0, 0, 0.0
144, 1, 13, 0, 0, 0.0
144, 1, 14, 0, 0, 0.0
144, 1, 15, 0, 0, 0.0
144, 1, 16, 0, 0, 0.0
144, 1, 17, 0, 0, 0.0
144, 1, 18, 0, 0, 0.0
144, 1, 19, 0, 0, 0.0
144, 1, 20, 0, 0, 0.0
145, 0, 0, 457, 403, 3.858664499034603e-08
145, 0, 1, 456, 396, -0.028531530871987343
145, 0, 2, 460, 396, -0.047153130173683167
145, 0, 3, 459, 406, -0.06301702558994293
145, 0, 4, 458, 420, -0.07741063833236694
145, 0, 5, 493, 421, -0.03207702189683914
145, 0, 6, 490, 431, -0.053381502628326416
145, 0, 7, 478, 435, -0.0672026053071022
145, 0, 8, 466, 435, -0.07360883802175522
145, 0, 9, 489, 436, -0.025872742757201195
145, 0, 10, 483, 450, -0.049534380435943604
145, 0, 11, 463, 447, -0.06170560419559479
145, 0, 12, 448, 440, -0.06560758501291275
145, 0, 13, 482, 447, -0.02208409644663334
145, 0, 14, 476, 459, -0.04607156664133072
145, 0, 15, 457, 454, -0.05325492098927498
145, 0, 16, 444, 445, -0.05196068063378334
145, 0, 17, 474, 452, -0.019974153488874435
145, 0, 18, 474, 467, -0.036200977861881256
145, 0, 19, 466, 472, -0.04044900834560394
145, 0, 20, 458, 473, -0.039590224623680115
145, 1, 0, 0, 0, 0.0
145, 1, 1, 0, 0, 0.0
145, 1, 2, 0, 0, 0.0
145, 1, 3, 0, 0, 0.0
145, 1, 4, 0, 0, 0.0
145, 1, 5, 0, 0, 0.0
145, 1, 6, 0, 0, 0.0
145, 1, 7, 0, 0, 0.0
145, 1, 8, 0, 0, 0.0
145, 1, 9, 0, 0, 0.0
145, 1, 10, 0, 0, 0.0
145, 1, 11, 0, 0, 0.0
145, 1, 12, 0, 0, 0.0
145, 1, 13, 0, 0, 0.0
145, 1, 14, 0, 0, 0.0
145, 1, 15, 0, 0, 0.0
145, 1, 16, 0, 0, 0.0
145, 1, 17, 0, 0, 0.0
145, 1, 18, 0, 0, 0.0
145, 1, 19, 0, 0, 0.0
145, 1, 20, 0, 0, 0.0
146, 0, 0, 457, 403, 3.254180924727734e-08
146, 0, 1, 457, 395, -0.02841482311487198
146, 0, 2, 459, 395, -0.04639178141951561
146, 0, 3, 458, 406, -0.06088366359472275
146, 0, 4, 459, 419, -0.07367957383394241
146, 0, 5, 494, 422, -0.03247413411736488
146, 0, 6, 489, 431, -0.051747243851423264
146, 0, 7, 477, 435, -0.0641559436917305
146, 0, 8, 466, 436, -0.0700434073805809
146, 0, 9, 491, 438, -0.025595873594284058
146, 0, 10, 481, 450, -0.046752430498600006
146, 0, 11, 462, 448, -0.057909928262233734
146, 0, 12, 448, 440, -0.061808180063962936
146, 0, 13, 484, 448, -0.020858388394117355
146, 0, 14, 474, 459, -0.042502693831920624
146, 0, 15, 456, 454, -0.0491364412009716
146, 0, 16, 444, 446, -0.048279840499162674
146, 0, 17, 475, 453, -0.017830757424235344
146, 0, 18, 473, 467, -0.032678961753845215
146, 0, 19, 466, 471, -0.03661317750811577
146, 0, 20, 459, 472, -0.035922013223171234
146, 1, 0, 0, 0, 0.0
146, 1, 1, 0, 0, 0.0
146, 1, 2, 0, 0, 0.0
146, 1, 3, 0, 0, 0.0
146, 1, 4, 0, 0, 0.0
146, 1, 5, 0, 0, 0.0
146, 1, 6, 0, 0, 0.0
146, 1, 7, 0, 0, 0.0
146, 1, 8, 0, 0, 0.0
146, 1, 9, 0, 0, 0.0
146, 1, 10, 0, 0, 0.0
146, 1, 11, 0, 0, 0.0
146, 1, 12, 0, 0, 0.0
146, 1, 13, 0, 0, 0.0
146, 1, 14, 0, 0, 0.0
146, 1, 15, 0, 0, 0.0
146, 1, 16, 0, 0, 0.0
146, 1, 17, 0, 0, 0.0
146, 1, 18, 0, 0, 0.0
146, 1, 19, 0, 0, 0.0
146, 1, 20, 0, 0, 0.0
147, 0, 0, 457, 403, 3.9329314915903524e-08
147, 0, 1, 457, 396, -0.029064198955893517
147, 0, 2, 459, 395, -0.04751436039805412
147, 0, 3, 458, 405, -0.06248326227068901
147, 0, 4, 459, 418, -0.07578592002391815
147, 0, 5, 494, 423, -0.03295060247182846
147, 0, 6, 488, 432, -0.05271659791469574
147, 0, 7, 477, 435, -0.06566185504198074
147, 0, 8, 465, 436, -0.07173006236553192
147, 0, 9, 491, 438, -0.025892257690429688
147, 0, 10, 481, 450, -0.04751814901828766
147, 0, 11, 462, 447, -0.05910300090909004
147, 0, 12, 448, 440, -0.06313755363225937
147, 0, 13, 483, 448, -0.02103506773710251
147, 0, 14, 473, 459, -0.042526617646217346
147, 0, 15, 457, 454, -0.049302857369184494
147, 0, 16, 444, 446, -0.04843354970216751
147, 0, 17, 475, 453, -0.017976539209485054
147, 0, 18, 473, 467, -0.03170465677976608
147, 0, 19, 467, 473, -0.035337548702955246
147, 0, 20, 462, 475, -0.03459140658378601
147, 1, 0, 0, 0, 0.0
147, 1, 1, 0, 0, 0.0
147, 1, 2, 0, 0, 0.0
147, 1, 3, 0, 0, 0.0
147, 1, 4, 0, 0, 0.0
147, 1, 5, 0, 0, 0.0
147, 1, 6, 0, 0, 0.0
147, 1, 7, 0, 0, 0.0
147, 1, 8, 0, 0, 0.0
147, 1, 9, 0, 0, 0.0
147, 1, 10, 0, 0, 0.0
147, 1, 11, 0, 0, 0.0
147, 1, 12, 0, 0, 0.0
147, 1, 13, 0, 0, 0.0
147, 1, 14, 0, 0, 0.0
147, 1, 15, 0, 0, 0.0
147, 1, 16, 0, 0, 0.0
147, 1, 17, 0, 0, 0.0
147, 1, 18, 0, 0, 0.0
147, 1, 19, 0, 0, 0.0
147, 1, 20, 0, 0, 0.0
148, 0, 0, 458, 403, 5.8629225918593875e-08
148, 0, 1, 457, 396, -0.03167123720049858
148, 0, 2, 460, 394, -0.05151848495006561
148, 0, 3, 458, 405, -0.0674702599644661
148, 0, 4, 458, 419, -0.0815645381808281
148, 0, 5, 494, 422, -0.0361642949283123
148, 0, 6, 490, 432, -0.05678214132785797
148, 0, 7, 478, 435, -0.06937558203935623
148, 0, 8, 467, 435, -0.07504972070455551
148, 0, 9, 490, 437, -0.02804936282336712
148, 0, 10, 481, 451, -0.05138006433844566
148, 0, 11, 462, 448, -0.0631219744682312
148, 0, 12, 448, 440, -0.06691525876522064
148, 0, 13, 482, 447, -0.022374458611011505
148, 0, 14, 474, 459, -0.04607004299759865
148, 0, 15, 457, 454, -0.053537338972091675
148, 0, 16, 444, 446, -0.05269159376621246
148, 0, 17, 474, 452, -0.01849711686372757
148, 0, 18, 473, 467, -0.03416132554411888
148, 0, 19, 467, 473, -0.038841765373945236
148, 0, 20, 461, 475, -0.03861158341169357
148, 1, 0, 0, 0, 0.0
148, 1, 1, 0, 0, 0.0
148, 1, 2, 0, 0, 0.0
148, 1, 3, 0, 0, 0.0
148, 1, 4, 0, 0, 0.0
148, 1, 5, 0, 0, 0.0
148, 1, 6, 0, 0, 0.0
148, 1, 7, 0, 0, 0.0
148, 1, 8, 0, 0, 0.0
148, 1, 9, 0, 0, 0.0
148, 1, 10, 0, 0, 0.0
148, 1, 11, 0, 0, 0.0
148, 1, 12, 0, 0, 0.0
148, 1, 13, 0, 0, 0.0
148, 1, 14, 0, 0, 0.0
148, 1, 15, 0, 0, 0.0
148, 1, 16, 0, 0, 0.0
148, 1, 17, 0, 0, 0.0
148, 1, 18, 0, 0, 0.0
148, 1, 19, 0, 0, 0.0
148, 1, 20, 0, 0, 0.0
149, 0, 0, 458, 403, 2.8556572218008114e-08
149, 0, 1, 458, 396, -0.028721654787659645
149, 0, 2, 461, 395, -0.04641669616103172
149, 0, 3, 460, 406, -0.06067683920264244
149, 0, 4, 460, 419, -0.07307600975036621
149, 0, 5, 494, 424, -0.032047662883996964
149, 0, 6, 491, 434, -0.051579058170318604
149, 0, 7, 478, 437, -0.06354396790266037
149, 0, 8, 466, 436, -0.06854549050331116
149, 0, 9, 490, 439, -0.02469353750348091
149, 0, 10, 482, 452, -0.04602620378136635
149, 0, 11, 463, 448, -0.05670648813247681
149, 0, 12, 450, 440, -0.06000480428338051
149, 0, 13, 482, 448, -0.019769133999943733
149, 0, 14, 474, 460, -0.041236575692892075
149, 0, 15, 457, 455, -0.04791334271430969
149, 0, 16, 446, 447, -0.04688946530222893
149, 0, 17, 474, 453, -0.016577571630477905
149, 0, 18, 473, 468, -0.03025256097316742
149, 0, 19, 468, 474, -0.034374069422483444
149, 0, 20, 463, 477, -0.03407517820596695
149, 1, 0, 0, 0, 0.0
149, 1, 1, 0, 0, 0.0
149, 1, 2, 0, 0, 0.0
149, 1, 3, 0, 0, 0.0
149, 1, 4, 0, 0, 0.0
149, 1, 5, 0, 0, 0.0
149, 1, 6, 0, 0, 0.0
149, 1, 7, 0, 0, 0.0
149, 1, 8, 0, 0, 0.0
149, 1, 9, 0, 0, 0.0
149, 1, 10, 0, 0, 0.0
149, 1, 11, 0, 0, 0.0
149, 1, 12, 0, 0, 0.0
149, 1, 13, 0, 0, 0.0
149, 1, 14, 0, 0, 0.0
149, 1, 15, 0, 0, 0.0
149, 1, 16, 0, 0, 0.0
149, 1, 17, 0, 0, 0.0
149, 1, 18, 0, 0, 0.0
149, 1, 19, 0, 0, 0.0
149, 1, 20, 0, 0, 0.0
