0, 0, 0, 0, 0, 0.0
0, 0, 1, 0, 0, 0.0
0, 0, 2, 0, 0, 0.0
0, 0, 3, 0, 0, 0.0
0, 0, 4, 0, 0, 0.0
0, 0, 5, 0, 0, 0.0
0, 0, 6, 0, 0, 0.0
0, 0, 7, 0, 0, 0.0
0, 0, 8, 0, 0, 0.0
0, 0, 9, 0, 0, 0.0
0, 0, 10, 0, 0, 0.0
0, 0, 11, 0, 0, 0.0
0, 0, 12, 0, 0, 0.0
0, 0, 13, 0, 0, 0.0
0, 0, 14, 0, 0, 0.0
0, 0, 15, 0, 0, 0.0
0, 0, 16, 0, 0, 0.0
0, 0, 17, 0, 0, 0.0
0, 0, 18, 0, 0, 0.0
0, 0, 19, 0, 0, 0.0
0, 0, 20, 0, 0, 0.0
0, 1, 0, 0, 0, 0.0
0, 1, 1, 0, 0, 0.0
0, 1, 2, 0, 0, 0.0
0, 1, 3, 0, 0, 0.0
0, 1, 4, 0, 0, 0.0
0, 1, 5, 0, 0, 0.0
0, 1, 6, 0, 0, 0.0
0, 1, 7, 0, 0, 0.0
0, 1, 8, 0, 0, 0.0
0, 1, 9, 0, 0, 0.0
0, 1, 10, 0, 0, 0.0
0, 1, 11, 0, 0, 0.0
0, 1, 12, 0, 0, 0.0
0, 1, 13, 0, 0, 0.0
0, 1, 14, 0, 0, 0.0
0, 1, 15, 0, 0, 0.0
0, 1, 16, 0, 0, 0.0
0, 1, 17, 0, 0, 0.0
0, 1, 18, 0, 0, 0.0
0, 1, 19, 0, 0, 0.0
0, 1, 20, 0, 0, 0.0
1, 0, 0, 0, 0, 0.0
1, 0, 1, 0, 0, 0.0
1, 0, 2, 0, 0, 0.0
1, 0, 3, 0, 0, 0.0
1, 0, 4, 0, 0, 0.0
1, 0, 5, 0, 0, 0.0
1, 0, 6, 0, 0, 0.0
1, 0, 7, 0, 0, 0.0
1, 0, 8, 0, 0, 0.0
1, 0, 9, 0, 0, 0.0
1, 0, 10, 0, 0, 0.0
1, 0, 11, 0, 0, 0.0
1, 0, 12, 0, 0, 0.0
1, 0, 13, 0, 0, 0.0
1, 0, 14, 0, 0, 0.0
1, 0, 15, 0, 0, 0.0
1, 0, 16, 0, 0, 0.0
1, 0, 17, 0, 0, 0.0
1, 0, 18, 0, 0, 0.0
1, 0, 19, 0, 0, 0.0
1, 0, 20, 0, 0, 0.0
1, 1, 0, 0, 0, 0.0
1, 1, 1, 0, 0, 0.0
1, 1, 2, 0, 0, 0.0
1, 1, 3, 0, 0, 0.0
1, 1, 4, 0, 0, 0.0
1, 1, 5, 0, 0, 0.0
1, 1, 6, 0, 0, 0.0
1, 1, 7, 0, 0, 0.0
1, 1, 8, 0, 0, 0.0
1, 1, 9, 0, 0, 0.0
1, 1, 10, 0, 0, 0.0
1, 1, 11, 0, 0, 0.0
1, 1, 12, 0, 0, 0.0
1, 1, 13, 0, 0, 0.0
1, 1, 14, 0, 0, 0.0
1, 1, 15, 0, 0, 0.0
1, 1, 16, 0, 0, 0.0
1, 1, 17, 0, 0, 0.0
1, 1, 18, 0, 0, 0.0
1, 1, 19, 0, 0, 0.0
1, 1, 20, 0, 0, 0.0
2, 0, 0, 0, 0, 0.0
2, 0, 1, 0, 0, 0.0
2, 0, 2, 0, 0, 0.0
2, 0, 3, 0, 0, 0.0
2, 0, 4, 0, 0, 0.0
2, 0, 5, 0, 0, 0.0
2, 0, 6, 0, 0, 0.0
2, 0, 7, 0, 0, 0.0
2, 0, 8, 0, 0, 0.0
2, 0, 9, 0, 0, 0.0
2, 0, 10, 0, 0, 0.0
2, 0, 11, 0, 0, 0.0
2, 0, 12, 0, 0, 0.0
2, 0, 13, 0, 0, 0.0
2, 0, 14, 0, 0, 0.0
2, 0, 15, 0, 0, 0.0
2, 0, 16, 0, 0, 0.0
2, 0, 17, 0, 0, 0.0
2, 0, 18, 0, 0, 0.0
2, 0, 19, 0, 0, 0.0
2, 0, 20, 0, 0, 0.0
2, 1, 0, 0, 0, 0.0
2, 1, 1, 0, 0, 0.0
2, 1, 2, 0, 0, 0.0
2, 1, 3, 0, 0, 0.0
2, 1, 4, 0, 0, 0.0
2, 1, 5, 0, 0, 0.0
2, 1, 6, 0, 0, 0.0
2, 1, 7, 0, 0, 0.0
2, 1, 8, 0, 0, 0.0
2, 1, 9, 0, 0, 0.0
2, 1, 10, 0, 0, 0.0
2, 1, 11, 0, 0, 0.0
2, 1, 12, 0, 0, 0.0
2, 1, 13, 0, 0, 0.0
2, 1, 14, 0, 0, 0.0
2, 1, 15, 0, 0, 0.0
2, 1, 16, 0, 0, 0.0
2, 1, 17, 0, 0, 0.0
2, 1, 18, 0, 0, 0.0
2, 1, 19, 0, 0, 0.0
2, 1, 20, 0, 0, 0.0
3, 0, 0, 0, 0, 0.0
3, 0, 1, 0, 0, 0.0
3, 0, 2, 0, 0, 0.0
3, 0, 3, 0, 0, 0.0
3, 0, 4, 0, 0, 0.0
3, 0, 5, 0, 0, 0.0
3, 0, 6, 0, 0, 0.0
3, 0, 7, 0, 0, 0.0
3, 0, 8, 0, 0, 0.0
3, 0, 9, 0, 0, 0.0
3, 0, 10, 0, 0, 0.0
3, 0, 11, 0, 0, 0.0
3, 0, 12, 0, 0, 0.0
3, 0, 13, 0, 0, 0.0
3, 0, 14, 0, 0, 0.0
3, 0, 15, 0, 0, 0.0
3, 0, 16, 0, 0, 0.0
3, 0, 17, 0, 0, 0.0
3, 0, 18, 0, 0, 0.0
3, 0, 19, 0, 0, 0.0
3, 0, 20, 0, 0, 0.0
3, 1, 0, 0, 0, 0.0
3, 1, 1, 0, 0, 0.0
3, 1, 2, 0, 0, 0.0
3, 1, 3, 0, 0, 0.0
3, 1, 4, 0, 0, 0.0
3, 1, 5, 0, 0, 0.0
3, 1, 6, 0, 0, 0.0
3, 1, 7, 0, 0, 0.0
3, 1, 8, 0, 0, 0.0
3, 1, 9, 0, 0, 0.0
3, 1, 10, 0, 0, 0.0
3, 1, 11, 0, 0, 0.0
3, 1, 12, 0, 0, 0.0
3, 1, 13, 0, 0, 0.0
3, 1, 14, 0, 0, 0.0
3, 1, 15, 0, 0, 0.0
3, 1, 16, 0, 0, 0.0
3, 1, 17, 0, 0, 0.0
3, 1, 18, 0, 0, 0.0
3, 1, 19, 0, 0, 0.0
3, 1, 20, 0, 0, 0.0
4, 0, 0, 0, 0, 0.0
4, 0, 1, 0, 0, 0.0
4, 0, 2, 0, 0, 0.0
4, 0, 3, 0, 0, 0.0
4, 0, 4, 0, 0, 0.0
4, 0, 5, 0, 0, 0.0
4, 0, 6, 0, 0, 0.0
4, 0, 7, 0, 0, 0.0
4, 0, 8, 0, 0, 0.0
4, 0, 9, 0, 0, 0.0
4, 0, 10, 0, 0, 0.0
4, 0, 11, 0, 0, 0.0
4, 0, 12, 0, 0, 0.0
4, 0, 13, 0, 0, 0.0
4, 0, 14, 0, 0, 0.0
4, 0, 15, 0, 0, 0.0
4, 0, 16, 0, 0, 0.0
4, 0, 17, 0, 0, 0.0
4, 0, 18, 0, 0, 0.0
4, 0, 19, 0, 0, 0.0
4, 0, 20, 0, 0, 0.0
4, 1, 0, 0, 0, 0.0
4, 1, 1, 0, 0, 0.0
4, 1, 2, 0, 0, 0.0
4, 1, 3, 0, 0, 0.0
4, 1, 4, 0, 0, 0.0
4, 1, 5, 0, 0, 0.0
4, 1, 6, 0, 0, 0.0
4, 1, 7, 0, 0, 0.0
4, 1, 8, 0, 0, 0.0
4, 1, 9, 0, 0, 0.0
4, 1, 10, 0, 0, 0.0
4, 1, 11, 0, 0, 0.0
4, 1, 12, 0, 0, 0.0
4, 1, 13, 0, 0, 0.0
4, 1, 14, 0, 0, 0.0
4, 1, 15, 0, 0, 0.0
4, 1, 16, 0, 0, 0.0
4, 1, 17, 0, 0, 0.0
4, 1, 18, 0, 0, 0.0
4, 1, 19, 0, 0, 0.0
4, 1, 20, 0, 0, 0.0
5, 0, 0, 0, 0, 0.0
5, 0, 1, 0, 0, 0.0
5, 0, 2, 0, 0, 0.0
5, 0, 3, 0, 0, 0.0
5, 0, 4, 0, 0, 0.0
5, 0, 5, 0, 0, 0.0
5, 0, 6, 0, 0, 0.0
5, 0, 7, 0, 0, 0.0
5, 0, 8, 0, 0, 0.0
5, 0, 9, 0, 0, 0.0
5, 0, 10, 0, 0, 0.0
5, 0, 11, 0, 0, 0.0
5, 0, 12, 0, 0, 0.0
5, 0, 13, 0, 0, 0.0
5, 0, 14, 0, 0, 0.0
5, 0, 15, 0, 0, 0.0
5, 0, 16, 0, 0, 0.0
5, 0, 17, 0, 0, 0.0
5, 0, 18, 0, 0, 0.0
5, 0, 19, 0, 0, 0.0
5, 0, 20, 0, 0, 0.0
5, 1, 0, 0, 0, 0.0
5, 1, 1, 0, 0, 0.0
5, 1, 2, 0, 0, 0.0
5, 1, 3, 0, 0, 0.0
5, 1, 4, 0, 0, 0.0
5, 1, 5, 0, 0, 0.0
5, 1, 6, 0, 0, 0.0
5, 1, 7, 0, 0, 0.0
5, 1, 8, 0, 0, 0.0
5, 1, 9, 0, 0, 0.0
5, 1, 10, 0, 0, 0.0
5, 1, 11, 0, 0, 0.0
5, 1, 12, 0, 0, 0.0
5, 1, 13, 0, 0, 0.0
5, 1, 14, 0, 0, 0.0
5, 1, 15, 0, 0, 0.0
5, 1, 16, 0, 0, 0.0
5, 1, 17, 0, 0, 0.0
5, 1, 18, 0, 0, 0.0
5, 1, 19, 0, 0, 0.0
5, 1, 20, 0, 0, 0.0
6, 0, 0, 0, 0, 0.0
6, 0, 1, 0, 0, 0.0
6, 0, 2, 0, 0, 0.0
6, 0, 3, 0, 0, 0.0
6, 0, 4, 0, 0, 0.0
6, 0, 5, 0, 0, 0.0
6, 0, 6, 0, 0, 0.0
6, 0, 7, 0, 0, 0.0
6, 0, 8, 0, 0, 0.0
6, 0, 9, 0, 0, 0.0
6, 0, 10, 0, 0, 0.0
6, 0, 11, 0, 0, 0.0
6, 0, 12, 0, 0, 0.0
6, 0, 13, 0, 0, 0.0
6, 0, 14, 0, 0, 0.0
6, 0, 15, 0, 0, 0.0
6, 0, 16, 0, 0, 0.0
6, 0, 17, 0, 0, 0.0
6, 0, 18, 0, 0, 0.0
6, 0, 19, 0, 0, 0.0
6, 0, 20, 0, 0, 0.0
6, 1, 0, 0, 0, 0.0
6, 1, 1, 0, 0, 0.0
6, 1, 2, 0, 0, 0.0
6, 1, 3, 0, 0, 0.0
6, 1, 4, 0, 0, 0.0
6, 1, 5, 0, 0, 0.0
6, 1, 6, 0, 0, 0.0
6, 1, 7, 0, 0, 0.0
6, 1, 8, 0, 0, 0.0
6, 1, 9, 0, 0, 0.0
6, 1, 10, 0, 0, 0.0
6, 1, 11, 0, 0, 0.0
6, 1, 12, 0, 0, 0.0
6, 1, 13, 0, 0, 0.0
6, 1, 14, 0, 0, 0.0
6, 1, 15, 0, 0, 0.0
6, 1, 16, 0, 0, 0.0
6, 1, 17, 0, 0, 0.0
6, 1, 18, 0, 0, 0.0
6, 1, 19, 0, 0, 0.0
6, 1, 20, 0, 0, 0.0
7, 0, 0, 0, 0, 0.0
7, 0, 1, 0, 0, 0.0
7, 0, 2, 0, 0, 0.0
7, 0, 3, 0, 0, 0.0
7, 0, 4, 0, 0, 0.0
7, 0, 5, 0, 0, 0.0
7, 0, 6, 0, 0, 0.0
7, 0, 7, 0, 0, 0.0
7, 0, 8, 0, 0, 0.0
7, 0, 9, 0, 0, 0.0
7, 0, 10, 0, 0, 0.0
7, 0, 11, 0, 0, 0.0
7, 0, 12, 0, 0, 0.0
7, 0, 13, 0, 0, 0.0
7, 0, 14, 0, 0, 0.0
7, 0, 15, 0, 0, 0.0
7, 0, 16, 0, 0, 0.0
7, 0, 17, 0, 0, 0.0
7, 0, 18, 0, 0, 0.0
7, 0, 19, 0, 0, 0.0
7, 0, 20, 0, 0, 0.0
7, 1, 0, 0, 0, 0.0
7, 1, 1, 0, 0, 0.0
7, 1, 2, 0, 0, 0.0
7, 1, 3, 0, 0, 0.0
7, 1, 4, 0, 0, 0.0
7, 1, 5, 0, 0, 0.0
7, 1, 6, 0, 0, 0.0
7, 1, 7, 0, 0, 0.0
7, 1, 8, 0, 0, 0.0
7, 1, 9, 0, 0, 0.0
7, 1, 10, 0, 0, 0.0
7, 1, 11, 0, 0, 0.0
7, 1, 12, 0, 0, 0.0
7, 1, 13, 0, 0, 0.0
7, 1, 14, 0, 0, 0.0
7, 1, 15, 0, 0, 0.0
7, 1, 16, 0, 0, 0.0
7, 1, 17, 0, 0, 0.0
7, 1, 18, 0, 0, 0.0
7, 1, 19, 0, 0, 0.0
7, 1, 20, 0, 0, 0.0
8, 0, 0, 0, 0, 0.0
8, 0, 1, 0, 0, 0.0
8, 0, 2, 0, 0, 0.0
8, 0, 3, 0, 0, 0.0
8, 0, 4, 0, 0, 0.0
8, 0, 5, 0, 0, 0.0
8, 0, 6, 0, 0, 0.0
8, 0, 7, 0, 0, 0.0
8, 0, 8, 0, 0, 0.0
8, 0, 9, 0, 0, 0.0
8, 0, 10, 0, 0, 0.0
8, 0, 11, 0, 0, 0.0
8, 0, 12, 0, 0, 0.0
8, 0, 13, 0, 0, 0.0
8, 0, 14, 0, 0, 0.0
8, 0, 15, 0, 0, 0.0
8, 0, 16, 0, 0, 0.0
8, 0, 17, 0, 0, 0.0
8, 0, 18, 0, 0, 0.0
8, 0, 19, 0, 0, 0.0
8, 0, 20, 0, 0, 0.0
8, 1, 0, 0, 0, 0.0
8, 1, 1, 0, 0, 0.0
8, 1, 2, 0, 0, 0.0
8, 1, 3, 0, 0, 0.0
8, 1, 4, 0, 0, 0.0
8, 1, 5, 0, 0, 0.0
8, 1, 6, 0, 0, 0.0
8, 1, 7, 0, 0, 0.0
8, 1, 8, 0, 0, 0.0
8, 1, 9, 0, 0, 0.0
8, 1, 10, 0, 0, 0.0
8, 1, 11, 0, 0, 0.0
8, 1, 12, 0, 0, 0.0
8, 1, 13, 0, 0, 0.0
8, 1, 14, 0, 0, 0.0
8, 1, 15, 0, 0, 0.0
8, 1, 16, 0, 0, 0.0
8, 1, 17, 0, 0, 0.0
8, 1, 18, 0, 0, 0.0
8, 1, 19, 0, 0, 0.0
8, 1, 20, 0, 0, 0.0
9, 0, 0, 0, 0, 0.0
9, 0, 1, 0, 0, 0.0
9, 0, 2, 0, 0, 0.0
9, 0, 3, 0, 0, 0.0
9, 0, 4, 0, 0, 0.0
9, 0, 5, 0, 0, 0.0
9, 0, 6, 0, 0, 0.0
9, 0, 7, 0, 0, 0.0
9, 0, 8, 0, 0, 0.0
9, 0, 9, 0, 0, 0.0
9, 0, 10, 0, 0, 0.0
9, 0, 11, 0, 0, 0.0
9, 0, 12, 0, 0, 0.0
9, 0, 13, 0, 0, 0.0
9, 0, 14, 0, 0, 0.0
9, 0, 15, 0, 0, 0.0
9, 0, 16, 0, 0, 0.0
9, 0, 17, 0, 0, 0.0
9, 0, 18, 0, 0, 0.0
9, 0, 19, 0, 0, 0.0
9, 0, 20, 0, 0, 0.0
9, 1, 0, 0, 0, 0.0
9, 1, 1, 0, 0, 0.0
9, 1, 2, 0, 0, 0.0
9, 1, 3, 0, 0, 0.0
9, 1, 4, 0, 0, 0.0
9, 1, 5, 0, 0, 0.0
9, 1, 6, 0, 0, 0.0
9, 1, 7, 0, 0, 0.0
9, 1, 8, 0, 0, 0.0
9, 1, 9, 0, 0, 0.0
9, 1, 10, 0, 0, 0.0
9, 1, 11, 0, 0, 0.0
9, 1, 12, 0, 0, 0.0
9, 1, 13, 0, 0, 0.0
9, 1, 14, 0, 0, 0.0
9, 1, 15, 0, 0, 0.0
9, 1, 16, 0, 0, 0.0
9, 1, 17, 0, 0, 0.0
9, 1, 18, 0, 0, 0.0
9, 1, 19, 0, 0, 0.0
9, 1, 20, 0, 0, 0.0
10, 0, 0, 0, 0, 0.0
10, 0, 1, 0, 0, 0.0
10, 0, 2, 0, 0, 0.0
10, 0, 3, 0, 0, 0.0
10, 0, 4, 0, 0, 0.0
10, 0, 5, 0, 0, 0.0
10, 0, 6, 0, 0, 0.0
10, 0, 7, 0, 0, 0.0
10, 0, 8, 0, 0, 0.0
10, 0, 9, 0, 0, 0.0
10, 0, 10, 0, 0, 0.0
10, 0, 11, 0, 0, 0.0
10, 0, 12, 0, 0, 0.0
10, 0, 13, 0, 0, 0.0
10, 0, 14, 0, 0, 0.0
10, 0, 15, 0, 0, 0.0
10, 0, 16, 0, 0, 0.0
10, 0, 17, 0, 0, 0.0
10, 0, 18, 0, 0, 0.0
10, 0, 19, 0, 0, 0.0
10, 0, 20, 0, 0, 0.0
10, 1, 0, 0, 0, 0.0
10, 1, 1, 0, 0, 0.0
10, 1, 2, 0, 0, 0.0
10, 1, 3, 0, 0, 0.0
10, 1, 4, 0, 0, 0.0
10, 1, 5, 0, 0, 0.0
10, 1, 6, 0, 0, 0.0
10, 1, 7, 0, 0, 0.0
10, 1, 8, 0, 0, 0.0
10, 1, 9, 0, 0, 0.0
10, 1, 10, 0, 0, 0.0
10, 1, 11, 0, 0, 0.0
10, 1, 12, 0, 0, 0.0
10, 1, 13, 0, 0, 0.0
10, 1, 14, 0, 0, 0.0
10, 1, 15, 0, 0, 0.0
10, 1, 16, 0, 0, 0.0
10, 1, 17, 0, 0, 0.0
10, 1, 18, 0, 0, 0.0
10, 1, 19, 0, 0, 0.0
10, 1, 20, 0, 0, 0.0
11, 0, 0, 0, 0, 0.0
11, 0, 1, 0, 0, 0.0
11, 0, 2, 0, 0, 0.0
11, 0, 3, 0, 0, 0.0
11, 0, 4, 0, 0, 0.0
11, 0, 5, 0, 0, 0.0
11, 0, 6, 0, 0, 0.0
11, 0, 7, 0, 0, 0.0
11, 0, 8, 0, 0, 0.0
11, 0, 9, 0, 0, 0.0
11, 0, 10, 0, 0, 0.0
11, 0, 11, 0, 0, 0.0
11, 0, 12, 0, 0, 0.0
11, 0, 13, 0, 0, 0.0
11, 0, 14, 0, 0, 0.0
11, 0, 15, 0, 0, 0.0
11, 0, 16, 0, 0, 0.0
11, 0, 17, 0, 0, 0.0
11, 0, 18, 0, 0, 0.0
11, 0, 19, 0, 0, 0.0
11, 0, 20, 0, 0, 0.0
11, 1, 0, 0, 0, 0.0
11, 1, 1, 0, 0, 0.0
11, 1, 2, 0, 0, 0.0
11, 1, 3, 0, 0, 0.0
11, 1, 4, 0, 0, 0.0
11, 1, 5, 0, 0, 0.0
11, 1, 6, 0, 0, 0.0
11, 1, 7, 0, 0, 0.0
11, 1, 8, 0, 0, 0.0
11, 1, 9, 0, 0, 0.0
11, 1, 10, 0, 0, 0.0
11, 1, 11, 0, 0, 0.0
11, 1, 12, 0, 0, 0.0
11, 1, 13, 0, 0, 0.0
11, 1, 14, 0, 0, 0.0
11, 1, 15, 0, 0, 0.0
11, 1, 16, 0, 0, 0.0
11, 1, 17, 0, 0, 0.0
11, 1, 18, 0, 0, 0.0
11, 1, 19, 0, 0, 0.0
11, 1, 20, 0, 0, 0.0
12, 0, 0, 0, 0, 0.0
12, 0, 1, 0, 0, 0.0
12, 0, 2, 0, 0, 0.0
12, 0, 3, 0, 0, 0.0
12, 0, 4, 0, 0, 0.0
12, 0, 5, 0, 0, 0.0
12, 0, 6, 0, 0, 0.0
12, 0, 7, 0, 0, 0.0
12, 0, 8, 0, 0, 0.0
12, 0, 9, 0, 0, 0.0
12, 0, 10, 0, 0, 0.0
12, 0, 11, 0, 0, 0.0
12, 0, 12, 0, 0, 0.0
12, 0, 13, 0, 0, 0.0
12, 0, 14, 0, 0, 0.0
12, 0, 15, 0, 0, 0.0
12, 0, 16, 0, 0, 0.0
12, 0, 17, 0, 0, 0.0
12, 0, 18, 0, 0, 0.0
12, 0, 19, 0, 0, 0.0
12, 0, 20, 0, 0, 0.0
12, 1, 0, 0, 0, 0.0
12, 1, 1, 0, 0, 0.0
12, 1, 2, 0, 0, 0.0
12, 1, 3, 0, 0, 0.0
12, 1, 4, 0, 0, 0.0
12, 1, 5, 0, 0, 0.0
12, 1, 6, 0, 0, 0.0
12, 1, 7, 0, 0, 0.0
12, 1, 8, 0, 0, 0.0
12, 1, 9, 0, 0, 0.0
12, 1, 10, 0, 0, 0.0
12, 1, 11, 0, 0, 0.0
12, 1, 12, 0, 0, 0.0
12, 1, 13, 0, 0, 0.0
12, 1, 14, 0, 0, 0.0
12, 1, 15, 0, 0, 0.0
12, 1, 16, 0, 0, 0.0
12, 1, 17, 0, 0, 0.0
12, 1, 18, 0, 0, 0.0
12, 1, 19, 0, 0, 0.0
12, 1, 20, 0, 0, 0.0
13, 0, 0, 0, 0, 0.0
13, 0, 1, 0, 0, 0.0
13, 0, 2, 0, 0, 0.0
13, 0, 3, 0, 0, 0.0
13, 0, 4, 0, 0, 0.0
13, 0, 5, 0, 0, 0.0
13, 0, 6, 0, 0, 0.0
13, 0, 7, 0, 0, 0.0
13, 0, 8, 0, 0, 0.0
13, 0, 9, 0, 0, 0.0
13, 0, 10, 0, 0, 0.0
13, 0, 11, 0, 0, 0.0
13, 0, 12, 0, 0, 0.0
13, 0, 13, 0, 0, 0.0
13, 0, 14, 0, 0, 0.0
13, 0, 15, 0, 0, 0.0
13, 0, 16, 0, 0, 0.0
13, 0, 17, 0, 0, 0.0
13, 0, 18, 0, 0, 0.0
13, 0, 19, 0, 0, 0.0
13, 0, 20, 0, 0, 0.0
13, 1, 0, 0, 0, 0.0
13, 1, 1, 0, 0, 0.0
13, 1, 2, 0, 0, 0.0
13, 1, 3, 0, 0, 0.0
13, 1, 4, 0, 0, 0.0
13, 1, 5, 0, 0, 0.0
13, 1, 6, 0, 0, 0.0
13, 1, 7, 0, 0, 0.0
13, 1, 8, 0, 0, 0.0
13, 1, 9, 0, 0, 0.0
13, 1, 10, 0, 0, 0.0
13, 1, 11, 0, 0, 0.0
13, 1, 12, 0, 0, 0.0
13, 1, 13, 0, 0, 0.0
13, 1, 14, 0, 0, 0.0
13, 1, 15, 0, 0, 0.0
13, 1, 16, 0, 0, 0.0
13, 1, 17, 0, 0, 0.0
13, 1, 18, 0, 0, 0.0
13, 1, 19, 0, 0, 0.0
13, 1, 20, 0, 0, 0.0
14, 0, 0, 0, 0, 0.0
14, 0, 1, 0, 0, 0.0
14, 0, 2, 0, 0, 0.0
14, 0, 3, 0, 0, 0.0
14, 0, 4, 0, 0, 0.0
14, 0, 5, 0, 0, 0.0
14, 0, 6, 0, 0, 0.0
14, 0, 7, 0, 0, 0.0
14, 0, 8, 0, 0, 0.0
14, 0, 9, 0, 0, 0.0
14, 0, 10, 0, 0, 0.0
14, 0, 11, 0, 0, 0.0
14, 0, 12, 0, 0, 0.0
14, 0, 13, 0, 0, 0.0
14, 0, 14, 0, 0, 0.0
14, 0, 15, 0, 0, 0.0
14, 0, 16, 0, 0, 0.0
14, 0, 17, 0, 0, 0.0
14, 0, 18, 0, 0, 0.0
14, 0, 19, 0, 0, 0.0
14, 0, 20, 0, 0, 0.0
14, 1, 0, 0, 0, 0.0
14, 1, 1, 0, 0, 0.0
14, 1, 2, 0, 0, 0.0
14, 1, 3, 0, 0, 0.0
14, 1, 4, 0, 0, 0.0
14, 1, 5, 0, 0, 0.0
14, 1, 6, 0, 0, 0.0
14, 1, 7, 0, 0, 0.0
14, 1, 8, 0, 0, 0.0
14, 1, 9, 0, 0, 0.0
14, 1, 10, 0, 0, 0.0
14, 1, 11, 0, 0, 0.0
14, 1, 12, 0, 0, 0.0
14, 1, 13, 0, 0, 0.0
14, 1, 14, 0, 0, 0.0
14, 1, 15, 0, 0, 0.0
14, 1, 16, 0, 0, 0.0
14, 1, 17, 0, 0, 0.0
14, 1, 18, 0, 0, 0.0
14, 1, 19, 0, 0, 0.0
14, 1, 20, 0, 0, 0.0
15, 0, 0, 0, 0, 0.0
15, 0, 1, 0, 0, 0.0
15, 0, 2, 0, 0, 0.0
15, 0, 3, 0, 0, 0.0
15, 0, 4, 0, 0, 0.0
15, 0, 5, 0, 0, 0.0
15, 0, 6, 0, 0, 0.0
15, 0, 7, 0, 0, 0.0
15, 0, 8, 0, 0, 0.0
15, 0, 9, 0, 0, 0.0
15, 0, 10, 0, 0, 0.0
15, 0, 11, 0, 0, 0.0
15, 0, 12, 0, 0, 0.0
15, 0, 13, 0, 0, 0.0
15, 0, 14, 0, 0, 0.0
15, 0, 15, 0, 0, 0.0
15, 0, 16, 0, 0, 0.0
15, 0, 17, 0, 0, 0.0
15, 0, 18, 0, 0, 0.0
15, 0, 19, 0, 0, 0.0
15, 0, 20, 0, 0, 0.0
15, 1, 0, 0, 0, 0.0
15, 1, 1, 0, 0, 0.0
15, 1, 2, 0, 0, 0.0
15, 1, 3, 0, 0, 0.0
15, 1, 4, 0, 0, 0.0
15, 1, 5, 0, 0, 0.0
15, 1, 6, 0, 0, 0.0
15, 1, 7, 0, 0, 0.0
15, 1, 8, 0, 0, 0.0
15, 1, 9, 0, 0, 0.0
15, 1, 10, 0, 0, 0.0
15, 1, 11, 0, 0, 0.0
15, 1, 12, 0, 0, 0.0
15, 1, 13, 0, 0, 0.0
15, 1, 14, 0, 0, 0.0
15, 1, 15, 0, 0, 0.0
15, 1, 16, 0, 0, 0.0
15, 1, 17, 0, 0, 0.0
15, 1, 18, 0, 0, 0.0
15, 1, 19, 0, 0, 0.0
15, 1, 20, 0, 0, 0.0
16, 0, 0, 0, 0, 0.0
16, 0, 1, 0, 0, 0.0
16, 0, 2, 0, 0, 0.0
16, 0, 3, 0, 0, 0.0
16, 0, 4, 0, 0, 0.0
16, 0, 5, 0, 0, 0.0
16, 0, 6, 0, 0, 0.0
16, 0, 7, 0, 0, 0.0
16, 0, 8, 0, 0, 0.0
16, 0, 9, 0, 0, 0.0
16, 0, 10, 0, 0, 0.0
16, 0, 11, 0, 0, 0.0
16, 0, 12, 0, 0, 0.0
16, 0, 13, 0, 0, 0.0
16, 0, 14, 0, 0, 0.0
16, 0, 15, 0, 0, 0.0
16, 0, 16, 0, 0, 0.0
16, 0, 17, 0, 0, 0.0
16, 0, 18, 0, 0, 0.0
16, 0, 19, 0, 0, 0.0
16, 0, 20, 0, 0, 0.0
16, 1, 0, 0, 0, 0.0
16, 1, 1, 0, 0, 0.0
16, 1, 2, 0, 0, 0.0
16, 1, 3, 0, 0, 0.0
16, 1, 4, 0, 0, 0.0
16, 1, 5, 0, 0, 0.0
16, 1, 6, 0, 0, 0.0
16, 1, 7, 0, 0, 0.0
16, 1, 8, 0, 0, 0.0
16, 1, 9, 0, 0, 0.0
16, 1, 10, 0, 0, 0.0
16, 1, 11, 0, 0, 0.0
16, 1, 12, 0, 0, 0.0
16, 1, 13, 0, 0, 0.0
16, 1, 14, 0, 0, 0.0
16, 1, 15, 0, 0, 0.0
16, 1, 16, 0, 0, 0.0
16, 1, 17, 0, 0, 0.0
16, 1, 18, 0, 0, 0.0
16, 1, 19, 0, 0, 0.0
16, 1, 20, 0, 0, 0.0
17, 0, 0, 0, 0, 0.0
17, 0, 1, 0, 0, 0.0
17, 0, 2, 0, 0, 0.0
17, 0, 3, 0, 0, 0.0
17, 0, 4, 0, 0, 0.0
17, 0, 5, 0, 0, 0.0
17, 0, 6, 0, 0, 0.0
17, 0, 7, 0, 0, 0.0
17, 0, 8, 0, 0, 0.0
17, 0, 9, 0, 0, 0.0
17, 0, 10, 0, 0, 0.0
17, 0, 11, 0, 0, 0.0
17, 0, 12, 0, 0, 0.0
17, 0, 13, 0, 0, 0.0
17, 0, 14, 0, 0, 0.0
17, 0, 15, 0, 0, 0.0
17, 0, 16, 0, 0, 0.0
17, 0, 17, 0, 0, 0.0
17, 0, 18, 0, 0, 0.0
17, 0, 19, 0, 0, 0.0
17, 0, 20, 0, 0, 0.0
17, 1, 0, 0, 0, 0.0
17, 1, 1, 0, 0, 0.0
17, 1, 2, 0, 0, 0.0
17, 1, 3, 0, 0, 0.0
17, 1, 4, 0, 0, 0.0
17, 1, 5, 0, 0, 0.0
17, 1, 6, 0, 0, 0.0
17, 1, 7, 0, 0, 0.0
17, 1, 8, 0, 0, 0.0
17, 1, 9, 0, 0, 0.0
17, 1, 10, 0, 0, 0.0
17, 1, 11, 0, 0, 0.0
17, 1, 12, 0, 0, 0.0
17, 1, 13, 0, 0, 0.0
17, 1, 14, 0, 0, 0.0
17, 1, 15, 0, 0, 0.0
17, 1, 16, 0, 0, 0.0
17, 1, 17, 0, 0, 0.0
17, 1, 18, 0, 0, 0.0
17, 1, 19, 0, 0, 0.0
17, 1, 20, 0, 0, 0.0
18, 0, 0, 0, 0, 0.0
18, 0, 1, 0, 0, 0.0
18, 0, 2, 0, 0, 0.0
18, 0, 3, 0, 0, 0.0
18, 0, 4, 0, 0, 0.0
18, 0, 5, 0, 0, 0.0
18, 0, 6, 0, 0, 0.0
18, 0, 7, 0, 0, 0.0
18, 0, 8, 0, 0, 0.0
18, 0, 9, 0, 0, 0.0
18, 0, 10, 0, 0, 0.0
18, 0, 11, 0, 0, 0.0
18, 0, 12, 0, 0, 0.0
18, 0, 13, 0, 0, 0.0
18, 0, 14, 0, 0, 0.0
18, 0, 15, 0, 0, 0.0
18, 0, 16, 0, 0, 0.0
18, 0, 17, 0, 0, 0.0
18, 0, 18, 0, 0, 0.0
18, 0, 19, 0, 0, 0.0
18, 0, 20, 0, 0, 0.0
18, 1, 0, 0, 0, 0.0
18, 1, 1, 0, 0, 0.0
18, 1, 2, 0, 0, 0.0
18, 1, 3, 0, 0, 0.0
18, 1, 4, 0, 0, 0.0
18, 1, 5, 0, 0, 0.0
18, 1, 6, 0, 0, 0.0
18, 1, 7, 0, 0, 0.0
18, 1, 8, 0, 0, 0.0
18, 1, 9, 0, 0, 0.0
18, 1, 10, 0, 0, 0.0
18, 1, 11, 0, 0, 0.0
18, 1, 12, 0, 0, 0.0
18, 1, 13, 0, 0, 0.0
18, 1, 14, 0, 0, 0.0
18, 1, 15, 0, 0, 0.0
18, 1, 16, 0, 0, 0.0
18, 1, 17, 0, 0, 0.0
18, 1, 18, 0, 0, 0.0
18, 1, 19, 0, 0, 0.0
18, 1, 20, 0, 0, 0.0
19, 0, 0, 0, 0, 0.0
19, 0, 1, 0, 0, 0.0
19, 0, 2, 0, 0, 0.0
19, 0, 3, 0, 0, 0.0
19, 0, 4, 0, 0, 0.0
19, 0, 5, 0, 0, 0.0
19, 0, 6, 0, 0, 0.0
19, 0, 7, 0, 0, 0.0
19, 0, 8, 0, 0, 0.0
19, 0, 9, 0, 0, 0.0
19, 0, 10, 0, 0, 0.0
19, 0, 11, 0, 0, 0.0
19, 0, 12, 0, 0, 0.0
19, 0, 13, 0, 0, 0.0
19, 0, 14, 0, 0, 0.0
19, 0, 15, 0, 0, 0.0
19, 0, 16, 0, 0, 0.0
19, 0, 17, 0, 0, 0.0
19, 0, 18, 0, 0, 0.0
19, 0, 19, 0, 0, 0.0
19, 0, 20, 0, 0, 0.0
19, 1, 0, 0, 0, 0.0
19, 1, 1, 0, 0, 0.0
19, 1, 2, 0, 0, 0.0
19, 1, 3, 0, 0, 0.0
19, 1, 4, 0, 0, 0.0
19, 1, 5, 0, 0, 0.0
19, 1, 6, 0, 0, 0.0
19, 1, 7, 0, 0, 0.0
19, 1, 8, 0, 0, 0.0
19, 1, 9, 0, 0, 0.0
19, 1, 10, 0, 0, 0.0
19, 1, 11, 0, 0, 0.0
19, 1, 12, 0, 0, 0.0
19, 1, 13, 0, 0, 0.0
19, 1, 14, 0, 0, 0.0
19, 1, 15, 0, 0, 0.0
19, 1, 16, 0, 0, 0.0
19, 1, 17, 0, 0, 0.0
19, 1, 18, 0, 0, 0.0
19, 1, 19, 0, 0, 0.0
19, 1, 20, 0, 0, 0.0
20, 0, 0, 0, 0, 0.0
20, 0, 1, 0, 0, 0.0
20, 0, 2, 0, 0, 0.0
20, 0, 3, 0, 0, 0.0
20, 0, 4, 0, 0, 0.0
20, 0, 5, 0, 0, 0.0
20, 0, 6, 0, 0, 0.0
20, 0, 7, 0, 0, 0.0
20, 0, 8, 0, 0, 0.0
20, 0, 9, 0, 0, 0.0
20, 0, 10, 0, 0, 0.0
20, 0, 11, 0, 0, 0.0
20, 0, 12, 0, 0, 0.0
20, 0, 13, 0, 0, 0.0
20, 0, 14, 0, 0, 0.0
20, 0, 15, 0, 0, 0.0
20, 0, 16, 0, 0, 0.0
20, 0, 17, 0, 0, 0.0
20, 0, 18, 0, 0, 0.0
20, 0, 19, 0, 0, 0.0
20, 0, 20, 0, 0, 0.0
20, 1, 0, 0, 0, 0.0
20, 1, 1, 0, 0, 0.0
20, 1, 2, 0, 0, 0.0
20, 1, 3, 0, 0, 0.0
20, 1, 4, 0, 0, 0.0
20, 1, 5, 0, 0, 0.0
20, 1, 6, 0, 0, 0.0
20, 1, 7, 0, 0, 0.0
20, 1, 8, 0, 0, 0.0
20, 1, 9, 0, 0, 0.0
20, 1, 10, 0, 0, 0.0
20, 1, 11, 0, 0, 0.0
20, 1, 12, 0, 0, 0.0
20, 1, 13, 0, 0, 0.0
20, 1, 14, 0, 0, 0.0
20, 1, 15, 0, 0, 0.0
20, 1, 16, 0, 0, 0.0
20, 1, 17, 0, 0, 0.0
20, 1, 18, 0, 0, 0.0
20, 1, 19, 0, 0, 0.0
20, 1, 20, 0, 0, 0.0
21, 0, 0, 0, 0, 0.0
21, 0, 1, 0, 0, 0.0
21, 0, 2, 0, 0, 0.0
21, 0, 3, 0, 0, 0.0
21, 0, 4, 0, 0, 0.0
21, 0, 5, 0, 0, 0.0
21, 0, 6, 0, 0, 0.0
21, 0, 7, 0, 0, 0.0
21, 0, 8, 0, 0, 0.0
21, 0, 9, 0, 0, 0.0
21, 0, 10, 0, 0, 0.0
21, 0, 11, 0, 0, 0.0
21, 0, 12, 0, 0, 0.0
21, 0, 13, 0, 0, 0.0
21, 0, 14, 0, 0, 0.0
21, 0, 15, 0, 0, 0.0
21, 0, 16, 0, 0, 0.0
21, 0, 17, 0, 0, 0.0
21, 0, 18, 0, 0, 0.0
21, 0, 19, 0, 0, 0.0
21, 0, 20, 0, 0, 0.0
21, 1, 0, 0, 0, 0.0
21, 1, 1, 0, 0, 0.0
21, 1, 2, 0, 0, 0.0
21, 1, 3, 0, 0, 0.0
21, 1, 4, 0, 0, 0.0
21, 1, 5, 0, 0, 0.0
21, 1, 6, 0, 0, 0.0
21, 1, 7, 0, 0, 0.0
21, 1, 8, 0, 0, 0.0
21, 1, 9, 0, 0, 0.0
21, 1, 10, 0, 0, 0.0
21, 1, 11, 0, 0, 0.0
21, 1, 12, 0, 0, 0.0
21, 1, 13, 0, 0, 0.0
21, 1, 14, 0, 0, 0.0
21, 1, 15, 0, 0, 0.0
21, 1, 16, 0, 0, 0.0
21, 1, 17, 0, 0, 0.0
21, 1, 18, 0, 0, 0.0
21, 1, 19, 0, 0, 0.0
21, 1, 20, 0, 0, 0.0
22, 0, 0, 0, 0, 0.0
22, 0, 1, 0, 0, 0.0
22, 0, 2, 0, 0, 0.0
22, 0, 3, 0, 0, 0.0
22, 0, 4, 0, 0, 0.0
22, 0, 5, 0, 0, 0.0
22, 0, 6, 0, 0, 0.0
22, 0, 7, 0, 0, 0.0
22, 0, 8, 0, 0, 0.0
22, 0, 9, 0, 0, 0.0
22, 0, 10, 0, 0, 0.0
22, 0, 11, 0, 0, 0.0
22, 0, 12, 0, 0, 0.0
22, 0, 13, 0, 0, 0.0
22, 0, 14, 0, 0, 0.0
22, 0, 15, 0, 0, 0.0
22, 0, 16, 0, 0, 0.0
22, 0, 17, 0, 0, 0.0
22, 0, 18, 0, 0, 0.0
22, 0, 19, 0, 0, 0.0
22, 0, 20, 0, 0, 0.0
22, 1, 0, 0, 0, 0.0
22, 1, 1, 0, 0, 0.0
22, 1, 2, 0, 0, 0.0
22, 1, 3, 0, 0, 0.0
22, 1, 4, 0, 0, 0.0
22, 1, 5, 0, 0, 0.0
22, 1, 6, 0, 0, 0.0
22, 1, 7, 0, 0, 0.0
22, 1, 8, 0, 0, 0.0
22, 1, 9, 0, 0, 0.0
22, 1, 10, 0, 0, 0.0
22, 1, 11, 0, 0, 0.0
22, 1, 12, 0, 0, 0.0
22, 1, 13, 0, 0, 0.0
22, 1, 14, 0, 0, 0.0
22, 1, 15, 0, 0, 0.0
22, 1, 16, 0, 0, 0.0
22, 1, 17, 0, 0, 0.0
22, 1, 18, 0, 0, 0.0
22, 1, 19, 0, 0, 0.0
22, 1, 20, 0, 0, 0.0
23, 0, 0, 0, 0, 0.0
23, 0, 1, 0, 0, 0.0
23, 0, 2, 0, 0, 0.0
23, 0, 3, 0, 0, 0.0
23, 0, 4, 0, 0, 0.0
23, 0, 5, 0, 0, 0.0
23, 0, 6, 0, 0, 0.0
23, 0, 7, 0, 0, 0.0
23, 0, 8, 0, 0, 0.0
23, 0, 9, 0, 0, 0.0
23, 0, 10, 0, 0, 0.0
23, 0, 11, 0, 0, 0.0
23, 0, 12, 0, 0, 0.0
23, 0, 13, 0, 0, 0.0
23, 0, 14, 0, 0, 0.0
23, 0, 15, 0, 0, 0.0
23, 0, 16, 0, 0, 0.0
23, 0, 17, 0, 0, 0.0
23, 0, 18, 0, 0, 0.0
23, 0, 19, 0, 0, 0.0
23, 0, 20, 0, 0, 0.0
23, 1, 0, 0, 0, 0.0
23, 1, 1, 0, 0, 0.0
23, 1, 2, 0, 0, 0.0
23, 1, 3, 0, 0, 0.0
23, 1, 4, 0, 0, 0.0
23, 1, 5, 0, 0, 0.0
23, 1, 6, 0, 0, 0.0
23, 1, 7, 0, 0, 0.0
23, 1, 8, 0, 0, 0.0
23, 1, 9, 0, 0, 0.0
23, 1, 10, 0, 0, 0.0
23, 1, 11, 0, 0, 0.0
23, 1, 12, 0, 0, 0.0
23, 1, 13, 0, 0, 0.0
23, 1, 14, 0, 0, 0.0
23, 1, 15, 0, 0, 0.0
23, 1, 16, 0, 0, 0.0
23, 1, 17, 0, 0, 0.0
23, 1, 18, 0, 0, 0.0
23, 1, 19, 0, 0, 0.0
23, 1, 20, 0, 0, 0.0
24, 0, 0, 0, 0, 0.0
24, 0, 1, 0, 0, 0.0
24, 0, 2, 0, 0, 0.0
24, 0, 3, 0, 0, 0.0
24, 0, 4, 0, 0, 0.0
24, 0, 5, 0, 0, 0.0
24, 0, 6, 0, 0, 0.0
24, 0, 7, 0, 0, 0.0
24, 0, 8, 0, 0, 0.0
24, 0, 9, 0, 0, 0.0
24, 0, 10, 0, 0, 0.0
24, 0, 11, 0, 0, 0.0
24, 0, 12, 0, 0, 0.0
24, 0, 13, 0, 0, 0.0
24, 0, 14, 0, 0, 0.0
24, 0, 15, 0, 0, 0.0
24, 0, 16, 0, 0, 0.0
24, 0, 17, 0, 0, 0.0
24, 0, 18, 0, 0, 0.0
24, 0, 19, 0, 0, 0.0
24, 0, 20, 0, 0, 0.0
24, 1, 0, 0, 0, 0.0
24, 1, 1, 0, 0, 0.0
24, 1, 2, 0, 0, 0.0
24, 1, 3, 0, 0, 0.0
24, 1, 4, 0, 0, 0.0
24, 1, 5, 0, 0, 0.0
24, 1, 6, 0, 0, 0.0
24, 1, 7, 0, 0, 0.0
24, 1, 8, 0, 0, 0.0
24, 1, 9, 0, 0, 0.0
24, 1, 10, 0, 0, 0.0
24, 1, 11, 0, 0, 0.0
24, 1, 12, 0, 0, 0.0
24, 1, 13, 0, 0, 0.0
24, 1, 14, 0, 0, 0.0
24, 1, 15, 0, 0, 0.0
24, 1, 16, 0, 0, 0.0
24, 1, 17, 0, 0, 0.0
24, 1, 18, 0, 0, 0.0
24, 1, 19, 0, 0, 0.0
24, 1, 20, 0, 0, 0.0
25, 0, 0, 0, 0, 0.0
25, 0, 1, 0, 0, 0.0
25, 0, 2, 0, 0, 0.0
25, 0, 3, 0, 0, 0.0
25, 0, 4, 0, 0, 0.0
25, 0, 5, 0, 0, 0.0
25, 0, 6, 0, 0, 0.0
25, 0, 7, 0, 0, 0.0
25, 0, 8, 0, 0, 0.0
25, 0, 9, 0, 0, 0.0
25, 0, 10, 0, 0, 0.0
25, 0, 11, 0, 0, 0.0
25, 0, 12, 0, 0, 0.0
25, 0, 13, 0, 0, 0.0
25, 0, 14, 0, 0, 0.0
25, 0, 15, 0, 0, 0.0
25, 0, 16, 0, 0, 0.0
25, 0, 17, 0, 0, 0.0
25, 0, 18, 0, 0, 0.0
25, 0, 19, 0, 0, 0.0
25, 0, 20, 0, 0, 0.0
25, 1, 0, 0, 0, 0.0
25, 1, 1, 0, 0, 0.0
25, 1, 2, 0, 0, 0.0
25, 1, 3, 0, 0, 0.0
25, 1, 4, 0, 0, 0.0
25, 1, 5, 0, 0, 0.0
25, 1, 6, 0, 0, 0.0
25, 1, 7, 0, 0, 0.0
25, 1, 8, 0, 0, 0.0
25, 1, 9, 0, 0, 0.0
25, 1, 10, 0, 0, 0.0
25, 1, 11, 0, 0, 0.0
25, 1, 12, 0, 0, 0.0
25, 1, 13, 0, 0, 0.0
25, 1, 14, 0, 0, 0.0
25, 1, 15, 0, 0, 0.0
25, 1, 16, 0, 0, 0.0
25, 1, 17, 0, 0, 0.0
25, 1, 18, 0, 0, 0.0
25, 1, 19, 0, 0, 0.0
25, 1, 20, 0, 0, 0.0
26, 0, 0, 0, 0, 0.0
26, 0, 1, 0, 0, 0.0
26, 0, 2, 0, 0, 0.0
26, 0, 3, 0, 0, 0.0
26, 0, 4, 0, 0, 0.0
26, 0, 5, 0, 0, 0.0
26, 0, 6, 0, 0, 0.0
26, 0, 7, 0, 0, 0.0
26, 0, 8, 0, 0, 0.0
26, 0, 9, 0, 0, 0.0
26, 0, 10, 0, 0, 0.0
26, 0, 11, 0, 0, 0.0
26, 0, 12, 0, 0, 0.0
26, 0, 13, 0, 0, 0.0
26, 0, 14, 0, 0, 0.0
26, 0, 15, 0, 0, 0.0
26, 0, 16, 0, 0, 0.0
26, 0, 17, 0, 0, 0.0
26, 0, 18, 0, 0, 0.0
26, 0, 19, 0, 0, 0.0
26, 0, 20, 0, 0, 0.0
26, 1, 0, 0, 0, 0.0
26, 1, 1, 0, 0, 0.0
26, 1, 2, 0, 0, 0.0
26, 1, 3, 0, 0, 0.0
26, 1, 4, 0, 0, 0.0
26, 1, 5, 0, 0, 0.0
26, 1, 6, 0, 0, 0.0
26, 1, 7, 0, 0, 0.0
26, 1, 8, 0, 0, 0.0
26, 1, 9, 0, 0, 0.0
26, 1, 10, 0, 0, 0.0
26, 1, 11, 0, 0, 0.0
26, 1, 12, 0, 0, 0.0
26, 1, 13, 0, 0, 0.0
26, 1, 14, 0, 0, 0.0
26, 1, 15, 0, 0, 0.0
26, 1, 16, 0, 0, 0.0
26, 1, 17, 0, 0, 0.0
26, 1, 18, 0, 0, 0.0
26, 1, 19, 0, 0, 0.0
26, 1, 20, 0, 0, 0.0
27, 0, 0, 0, 0, 0.0
27, 0, 1, 0, 0, 0.0
27, 0, 2, 0, 0, 0.0
27, 0, 3, 0, 0, 0.0
27, 0, 4, 0, 0, 0.0
27, 0, 5, 0, 0, 0.0
27, 0, 6, 0, 0, 0.0
27, 0, 7, 0, 0, 0.0
27, 0, 8, 0, 0, 0.0
27, 0, 9, 0, 0, 0.0
27, 0, 10, 0, 0, 0.0
27, 0, 11, 0, 0, 0.0
27, 0, 12, 0, 0, 0.0
27, 0, 13, 0, 0, 0.0
27, 0, 14, 0, 0, 0.0
27, 0, 15, 0, 0, 0.0
27, 0, 16, 0, 0, 0.0
27, 0, 17, 0, 0, 0.0
27, 0, 18, 0, 0, 0.0
27, 0, 19, 0, 0, 0.0
27, 0, 20, 0, 0, 0.0
27, 1, 0, 0, 0, 0.0
27, 1, 1, 0, 0, 0.0
27, 1, 2, 0, 0, 0.0
27, 1, 3, 0, 0, 0.0
27, 1, 4, 0, 0, 0.0
27, 1, 5, 0, 0, 0.0
27, 1, 6, 0, 0, 0.0
27, 1, 7, 0, 0, 0.0
27, 1, 8, 0, 0, 0.0
27, 1, 9, 0, 0, 0.0
27, 1, 10, 0, 0, 0.0
27, 1, 11, 0, 0, 0.0
27, 1, 12, 0, 0, 0.0
27, 1, 13, 0, 0, 0.0
27, 1, 14, 0, 0, 0.0
27, 1, 15, 0, 0, 0.0
27, 1, 16, 0, 0, 0.0
27, 1, 17, 0, 0, 0.0
27, 1, 18, 0, 0, 0.0
27, 1, 19, 0, 0, 0.0
27, 1, 20, 0, 0, 0.0
28, 0, 0, 0, 0, 0.0
28, 0, 1, 0, 0, 0.0
28, 0, 2, 0, 0, 0.0
28, 0, 3, 0, 0, 0.0
28, 0, 4, 0, 0, 0.0
28, 0, 5, 0, 0, 0.0
28, 0, 6, 0, 0, 0.0
28, 0, 7, 0, 0, 0.0
28, 0, 8, 0, 0, 0.0
28, 0, 9, 0, 0, 0.0
28, 0, 10, 0, 0, 0.0
28, 0, 11, 0, 0, 0.0
28, 0, 12, 0, 0, 0.0
28, 0, 13, 0, 0, 0.0
28, 0, 14, 0, 0, 0.0
28, 0, 15, 0, 0, 0.0
28, 0, 16, 0, 0, 0.0
28, 0, 17, 0, 0, 0.0
28, 0, 18, 0, 0, 0.0
28, 0, 19, 0, 0, 0.0
28, 0, 20, 0, 0, 0.0
28, 1, 0, 0, 0, 0.0
28, 1, 1, 0, 0, 0.0
28, 1, 2, 0, 0, 0.0
28, 1, 3, 0, 0, 0.0
28, 1, 4, 0, 0, 0.0
28, 1, 5, 0, 0, 0.0
28, 1, 6, 0, 0, 0.0
28, 1, 7, 0, 0, 0.0
28, 1, 8, 0, 0, 0.0
28, 1, 9, 0, 0, 0.0
28, 1, 10, 0, 0, 0.0
28, 1, 11, 0, 0, 0.0
28, 1, 12, 0, 0, 0.0
28, 1, 13, 0, 0, 0.0
28, 1, 14, 0, 0, 0.0
28, 1, 15, 0, 0, 0.0
28, 1, 16, 0, 0, 0.0
28, 1, 17, 0, 0, 0.0
28, 1, 18, 0, 0, 0.0
28, 1, 19, 0, 0, 0.0
28, 1, 20, 0, 0, 0.0
29, 0, 0, 0, 0, 0.0
29, 0, 1, 0, 0, 0.0
29, 0, 2, 0, 0, 0.0
29, 0, 3, 0, 0, 0.0
29, 0, 4, 0, 0, 0.0
29, 0, 5, 0, 0, 0.0
29, 0, 6, 0, 0, 0.0
29, 0, 7, 0, 0, 0.0
29, 0, 8, 0, 0, 0.0
29, 0, 9, 0, 0, 0.0
29, 0, 10, 0, 0, 0.0
29, 0, 11, 0, 0, 0.0
29, 0, 12, 0, 0, 0.0
29, 0, 13, 0, 0, 0.0
29, 0, 14, 0, 0, 0.0
29, 0, 15, 0, 0, 0.0
29, 0, 16, 0, 0, 0.0
29, 0, 17, 0, 0, 0.0
29, 0, 18, 0, 0, 0.0
29, 0, 19, 0, 0, 0.0
29, 0, 20, 0, 0, 0.0
29, 1, 0, 0, 0, 0.0
29, 1, 1, 0, 0, 0.0
29, 1, 2, 0, 0, 0.0
29, 1, 3, 0, 0, 0.0
29, 1, 4, 0, 0, 0.0
29, 1, 5, 0, 0, 0.0
29, 1, 6, 0, 0, 0.0
29, 1, 7, 0, 0, 0.0
29, 1, 8, 0, 0, 0.0
29, 1, 9, 0, 0, 0.0
29, 1, 10, 0, 0, 0.0
29, 1, 11, 0, 0, 0.0
29, 1, 12, 0, 0, 0.0
29, 1, 13, 0, 0, 0.0
29, 1, 14, 0, 0, 0.0
29, 1, 15, 0, 0, 0.0
29, 1, 16, 0, 0, 0.0
29, 1, 17, 0, 0, 0.0
29, 1, 18, 0, 0, 0.0
29, 1, 19, 0, 0, 0.0
29, 1, 20, 0, 0, 0.0
30, 0, 0, 0, 0, 0.0
30, 0, 1, 0, 0, 0.0
30, 0, 2, 0, 0, 0.0
30, 0, 3, 0, 0, 0.0
30, 0, 4, 0, 0, 0.0
30, 0, 5, 0, 0, 0.0
30, 0, 6, 0, 0, 0.0
30, 0, 7, 0, 0, 0.0
30, 0, 8, 0, 0, 0.0
30, 0, 9, 0, 0, 0.0
30, 0, 10, 0, 0, 0.0
30, 0, 11, 0, 0, 0.0
30, 0, 12, 0, 0, 0.0
30, 0, 13, 0, 0, 0.0
30, 0, 14, 0, 0, 0.0
30, 0, 15, 0, 0, 0.0
30, 0, 16, 0, 0, 0.0
30, 0, 17, 0, 0, 0.0
30, 0, 18, 0, 0, 0.0
30, 0, 19, 0, 0, 0.0
30, 0, 20, 0, 0, 0.0
30, 1, 0, 0, 0, 0.0
30, 1, 1, 0, 0, 0.0
30, 1, 2, 0, 0, 0.0
30, 1, 3, 0, 0, 0.0
30, 1, 4, 0, 0, 0.0
30, 1, 5, 0, 0, 0.0
30, 1, 6, 0, 0, 0.0
30, 1, 7, 0, 0, 0.0
30, 1, 8, 0, 0, 0.0
30, 1, 9, 0, 0, 0.0
30, 1, 10, 0, 0, 0.0
30, 1, 11, 0, 0, 0.0
30, 1, 12, 0, 0, 0.0
30, 1, 13, 0, 0, 0.0
30, 1, 14, 0, 0, 0.0
30, 1, 15, 0, 0, 0.0
30, 1, 16, 0, 0, 0.0
30, 1, 17, 0, 0, 0.0
30, 1, 18, 0, 0, 0.0
30, 1, 19, 0, 0, 0.0
30, 1, 20, 0, 0, 0.0
31, 0, 0, 0, 0, 0.0
31, 0, 1, 0, 0, 0.0
31, 0, 2, 0, 0, 0.0
31, 0, 3, 0, 0, 0.0
31, 0, 4, 0, 0, 0.0
31, 0, 5, 0, 0, 0.0
31, 0, 6, 0, 0, 0.0
31, 0, 7, 0, 0, 0.0
31, 0, 8, 0, 0, 0.0
31, 0, 9, 0, 0, 0.0
31, 0, 10, 0, 0, 0.0
31, 0, 11, 0, 0, 0.0
31, 0, 12, 0, 0, 0.0
31, 0, 13, 0, 0, 0.0
31, 0, 14, 0, 0, 0.0
31, 0, 15, 0, 0, 0.0
31, 0, 16, 0, 0, 0.0
31, 0, 17, 0, 0, 0.0
31, 0, 18, 0, 0, 0.0
31, 0, 19, 0, 0, 0.0
31, 0, 20, 0, 0, 0.0
31, 1, 0, 0, 0, 0.0
31, 1, 1, 0, 0, 0.0
31, 1, 2, 0, 0, 0.0
31, 1, 3, 0, 0, 0.0
31, 1, 4, 0, 0, 0.0
31, 1, 5, 0, 0, 0.0
31, 1, 6, 0, 0, 0.0
31, 1, 7, 0, 0, 0.0
31, 1, 8, 0, 0, 0.0
31, 1, 9, 0, 0, 0.0
31, 1, 10, 0, 0, 0.0
31, 1, 11, 0, 0, 0.0
31, 1, 12, 0, 0, 0.0
31, 1, 13, 0, 0, 0.0
31, 1, 14, 0, 0, 0.0
31, 1, 15, 0, 0, 0.0
31, 1, 16, 0, 0, 0.0
31, 1, 17, 0, 0, 0.0
31, 1, 18, 0, 0, 0.0
31, 1, 19, 0, 0, 0.0
31, 1, 20, 0, 0, 0.0
32, 0, 0, 0, 0, 0.0
32, 0, 1, 0, 0, 0.0
32, 0, 2, 0, 0, 0.0
32, 0, 3, 0, 0, 0.0
32, 0, 4, 0, 0, 0.0
32, 0, 5, 0, 0, 0.0
32, 0, 6, 0, 0, 0.0
32, 0, 7, 0, 0, 0.0
32, 0, 8, 0, 0, 0.0
32, 0, 9, 0, 0, 0.0
32, 0, 10, 0, 0, 0.0
32, 0, 11, 0, 0, 0.0
32, 0, 12, 0, 0, 0.0
32, 0, 13, 0, 0, 0.0
32, 0, 14, 0, 0, 0.0
32, 0, 15, 0, 0, 0.0
32, 0, 16, 0, 0, 0.0
32, 0, 17, 0, 0, 0.0
32, 0, 18, 0, 0, 0.0
32, 0, 19, 0, 0, 0.0
32, 0, 20, 0, 0, 0.0
32, 1, 0, 0, 0, 0.0
32, 1, 1, 0, 0, 0.0
32, 1, 2, 0, 0, 0.0
32, 1, 3, 0, 0, 0.0
32, 1, 4, 0, 0, 0.0
32, 1, 5, 0, 0, 0.0
32, 1, 6, 0, 0, 0.0
32, 1, 7, 0, 0, 0.0
32, 1, 8, 0, 0, 0.0
32, 1, 9, 0, 0, 0.0
32, 1, 10, 0, 0, 0.0
32, 1, 11, 0, 0, 0.0
32, 1, 12, 0, 0, 0.0
32, 1, 13, 0, 0, 0.0
32, 1, 14, 0, 0, 0.0
32, 1, 15, 0, 0, 0.0
32, 1, 16, 0, 0, 0.0
32, 1, 17, 0, 0, 0.0
32, 1, 18, 0, 0, 0.0
32, 1, 19, 0, 0, 0.0
32, 1, 20, 0, 0, 0.0
33, 0, 0, 0, 0, 0.0
33, 0, 1, 0, 0, 0.0
33, 0, 2, 0, 0, 0.0
33, 0, 3, 0, 0, 0.0
33, 0, 4, 0, 0, 0.0
33, 0, 5, 0, 0, 0.0
33, 0, 6, 0, 0, 0.0
33, 0, 7, 0, 0, 0.0
33, 0, 8, 0, 0, 0.0
33, 0, 9, 0, 0, 0.0
33, 0, 10, 0, 0, 0.0
33, 0, 11, 0, 0, 0.0
33, 0, 12, 0, 0, 0.0
33, 0, 13, 0, 0, 0.0
33, 0, 14, 0, 0, 0.0
33, 0, 15, 0, 0, 0.0
33, 0, 16, 0, 0, 0.0
33, 0, 17, 0, 0, 0.0
33, 0, 18, 0, 0, 0.0
33, 0, 19, 0, 0, 0.0
33, 0, 20, 0, 0, 0.0
33, 1, 0, 0, 0, 0.0
33, 1, 1, 0, 0, 0.0
33, 1, 2, 0, 0, 0.0
33, 1, 3, 0, 0, 0.0
33, 1, 4, 0, 0, 0.0
33, 1, 5, 0, 0, 0.0
33, 1, 6, 0, 0, 0.0
33, 1, 7, 0, 0, 0.0
33, 1, 8, 0, 0, 0.0
33, 1, 9, 0, 0, 0.0
33, 1, 10, 0, 0, 0.0
33, 1, 11, 0, 0, 0.0
33, 1, 12, 0, 0, 0.0
33, 1, 13, 0, 0, 0.0
33, 1, 14, 0, 0, 0.0
33, 1, 15, 0, 0, 0.0
33, 1, 16, 0, 0, 0.0
33, 1, 17, 0, 0, 0.0
33, 1, 18, 0, 0, 0.0
33, 1, 19, 0, 0, 0.0
33, 1, 20, 0, 0, 0.0
34, 0, 0, 0, 0, 0.0
34, 0, 1, 0, 0, 0.0
34, 0, 2, 0, 0, 0.0
34, 0, 3, 0, 0, 0.0
34, 0, 4, 0, 0, 0.0
34, 0, 5, 0, 0, 0.0
34, 0, 6, 0, 0, 0.0
34, 0, 7, 0, 0, 0.0
34, 0, 8, 0, 0, 0.0
34, 0, 9, 0, 0, 0.0
34, 0, 10, 0, 0, 0.0
34, 0, 11, 0, 0, 0.0
34, 0, 12, 0, 0, 0.0
34, 0, 13, 0, 0, 0.0
34, 0, 14, 0, 0, 0.0
34, 0, 15, 0, 0, 0.0
34, 0, 16, 0, 0, 0.0
34, 0, 17, 0, 0, 0.0
34, 0, 18, 0, 0, 0.0
34, 0, 19, 0, 0, 0.0
34, 0, 20, 0, 0, 0.0
34, 1, 0, 0, 0, 0.0
34, 1, 1, 0, 0, 0.0
34, 1, 2, 0, 0, 0.0
34, 1, 3, 0, 0, 0.0
34, 1, 4, 0, 0, 0.0
34, 1, 5, 0, 0, 0.0
34, 1, 6, 0, 0, 0.0
34, 1, 7, 0, 0, 0.0
34, 1, 8, 0, 0, 0.0
34, 1, 9, 0, 0, 0.0
34, 1, 10, 0, 0, 0.0
34, 1, 11, 0, 0, 0.0
34, 1, 12, 0, 0, 0.0
34, 1, 13, 0, 0, 0.0
34, 1, 14, 0, 0, 0.0
34, 1, 15, 0, 0, 0.0
34, 1, 16, 0, 0, 0.0
34, 1, 17, 0, 0, 0.0
34, 1, 18, 0, 0, 0.0
34, 1, 19, 0, 0, 0.0
34, 1, 20, 0, 0, 0.0
35, 0, 0, 0, 0, 0.0
35, 0, 1, 0, 0, 0.0
35, 0, 2, 0, 0, 0.0
35, 0, 3, 0, 0, 0.0
35, 0, 4, 0, 0, 0.0
35, 0, 5, 0, 0, 0.0
35, 0, 6, 0, 0, 0.0
35, 0, 7, 0, 0, 0.0
35, 0, 8, 0, 0, 0.0
35, 0, 9, 0, 0, 0.0
35, 0, 10, 0, 0, 0.0
35, 0, 11, 0, 0, 0.0
35, 0, 12, 0, 0, 0.0
35, 0, 13, 0, 0, 0.0
35, 0, 14, 0, 0, 0.0
35, 0, 15, 0, 0, 0.0
35, 0, 16, 0, 0, 0.0
35, 0, 17, 0, 0, 0.0
35, 0, 18, 0, 0, 0.0
35, 0, 19, 0, 0, 0.0
35, 0, 20, 0, 0, 0.0
35, 1, 0, 0, 0, 0.0
35, 1, 1, 0, 0, 0.0
35, 1, 2, 0, 0, 0.0
35, 1, 3, 0, 0, 0.0
35, 1, 4, 0, 0, 0.0
35, 1, 5, 0, 0, 0.0
35, 1, 6, 0, 0, 0.0
35, 1, 7, 0, 0, 0.0
35, 1, 8, 0, 0, 0.0
35, 1, 9, 0, 0, 0.0
35, 1, 10, 0, 0, 0.0
35, 1, 11, 0, 0, 0.0
35, 1, 12, 0, 0, 0.0
35, 1, 13, 0, 0, 0.0
35, 1, 14, 0, 0, 0.0
35, 1, 15, 0, 0, 0.0
35, 1, 16, 0, 0, 0.0
35, 1, 17, 0, 0, 0.0
35, 1, 18, 0, 0, 0.0
35, 1, 19, 0, 0, 0.0
35, 1, 20, 0, 0, 0.0
36, 0, 0, 0, 0, 0.0
36, 0, 1, 0, 0, 0.0
36, 0, 2, 0, 0, 0.0
36, 0, 3, 0, 0, 0.0
36, 0, 4, 0, 0, 0.0
36, 0, 5, 0, 0, 0.0
36, 0, 6, 0, 0, 0.0
36, 0, 7, 0, 0, 0.0
36, 0, 8, 0, 0, 0.0
36, 0, 9, 0, 0, 0.0
36, 0, 10, 0, 0, 0.0
36, 0, 11, 0, 0, 0.0
36, 0, 12, 0, 0, 0.0
36, 0, 13, 0, 0, 0.0
36, 0, 14, 0, 0, 0.0
36, 0, 15, 0, 0, 0.0
36, 0, 16, 0, 0, 0.0
36, 0, 17, 0, 0, 0.0
36, 0, 18, 0, 0, 0.0
36, 0, 19, 0, 0, 0.0
36, 0, 20, 0, 0, 0.0
36, 1, 0, 0, 0, 0.0
36, 1, 1, 0, 0, 0.0
36, 1, 2, 0, 0, 0.0
36, 1, 3, 0, 0, 0.0
36, 1, 4, 0, 0, 0.0
36, 1, 5, 0, 0, 0.0
36, 1, 6, 0, 0, 0.0
36, 1, 7, 0, 0, 0.0
36, 1, 8, 0, 0, 0.0
36, 1, 9, 0, 0, 0.0
36, 1, 10, 0, 0, 0.0
36, 1, 11, 0, 0, 0.0
36, 1, 12, 0, 0, 0.0
36, 1, 13, 0, 0, 0.0
36, 1, 14, 0, 0, 0.0
36, 1, 15, 0, 0, 0.0
36, 1, 16, 0, 0, 0.0
36, 1, 17, 0, 0, 0.0
36, 1, 18, 0, 0, 0.0
36, 1, 19, 0, 0, 0.0
36, 1, 20, 0, 0, 0.0
37, 0, 0, 0, 0, 0.0
37, 0, 1, 0, 0, 0.0
37, 0, 2, 0, 0, 0.0
37, 0, 3, 0, 0, 0.0
37, 0, 4, 0, 0, 0.0
37, 0, 5, 0, 0, 0.0
37, 0, 6, 0, 0, 0.0
37, 0, 7, 0, 0, 0.0
37, 0, 8, 0, 0, 0.0
37, 0, 9, 0, 0, 0.0
37, 0, 10, 0, 0, 0.0
37, 0, 11, 0, 0, 0.0
37, 0, 12, 0, 0, 0.0
37, 0, 13, 0, 0, 0.0
37, 0, 14, 0, 0, 0.0
37, 0, 15, 0, 0, 0.0
37, 0, 16, 0, 0, 0.0
37, 0, 17, 0, 0, 0.0
37, 0, 18, 0, 0, 0.0
37, 0, 19, 0, 0, 0.0
37, 0, 20, 0, 0, 0.0
37, 1, 0, 0, 0, 0.0
37, 1, 1, 0, 0, 0.0
37, 1, 2, 0, 0, 0.0
37, 1, 3, 0, 0, 0.0
37, 1, 4, 0, 0, 0.0
37, 1, 5, 0, 0, 0.0
37, 1, 6, 0, 0, 0.0
37, 1, 7, 0, 0, 0.0
37, 1, 8, 0, 0, 0.0
37, 1, 9, 0, 0, 0.0
37, 1, 10, 0, 0, 0.0
37, 1, 11, 0, 0, 0.0
37, 1, 12, 0, 0, 0.0
37, 1, 13, 0, 0, 0.0
37, 1, 14, 0, 0, 0.0
37, 1, 15, 0, 0, 0.0
37, 1, 16, 0, 0, 0.0
37, 1, 17, 0, 0, 0.0
37, 1, 18, 0, 0, 0.0
37, 1, 19, 0, 0, 0.0
37, 1, 20, 0, 0, 0.0
38, 0, 0, 0, 0, 0.0
38, 0, 1, 0, 0, 0.0
38, 0, 2, 0, 0, 0.0
38, 0, 3, 0, 0, 0.0
38, 0, 4, 0, 0, 0.0
38, 0, 5, 0, 0, 0.0
38, 0, 6, 0, 0, 0.0
38, 0, 7, 0, 0, 0.0
38, 0, 8, 0, 0, 0.0
38, 0, 9, 0, 0, 0.0
38, 0, 10, 0, 0, 0.0
38, 0, 11, 0, 0, 0.0
38, 0, 12, 0, 0, 0.0
38, 0, 13, 0, 0, 0.0
38, 0, 14, 0, 0, 0.0
38, 0, 15, 0, 0, 0.0
38, 0, 16, 0, 0, 0.0
38, 0, 17, 0, 0, 0.0
38, 0, 18, 0, 0, 0.0
38, 0, 19, 0, 0, 0.0
38, 0, 20, 0, 0, 0.0
38, 1, 0, 0, 0, 0.0
38, 1, 1, 0, 0, 0.0
38, 1, 2, 0, 0, 0.0
38, 1, 3, 0, 0, 0.0
38, 1, 4, 0, 0, 0.0
38, 1, 5, 0, 0, 0.0
38, 1, 6, 0, 0, 0.0
38, 1, 7, 0, 0, 0.0
38, 1, 8, 0, 0, 0.0
38, 1, 9, 0, 0, 0.0
38, 1, 10, 0, 0, 0.0
38, 1, 11, 0, 0, 0.0
38, 1, 12, 0, 0, 0.0
38, 1, 13, 0, 0, 0.0
38, 1, 14, 0, 0, 0.0
38, 1, 15, 0, 0, 0.0
38, 1, 16, 0, 0, 0.0
38, 1, 17, 0, 0, 0.0
38, 1, 18, 0, 0, 0.0
38, 1, 19, 0, 0, 0.0
38, 1, 20, 0, 0, 0.0
39, 0, 0, 0, 0, 0.0
39, 0, 1, 0, 0, 0.0
39, 0, 2, 0, 0, 0.0
39, 0, 3, 0, 0, 0.0
39, 0, 4, 0, 0, 0.0
39, 0, 5, 0, 0, 0.0
39, 0, 6, 0, 0, 0.0
39, 0, 7, 0, 0, 0.0
39, 0, 8, 0, 0, 0.0
39, 0, 9, 0, 0, 0.0
39, 0, 10, 0, 0, 0.0
39, 0, 11, 0, 0, 0.0
39, 0, 12, 0, 0, 0.0
39, 0, 13, 0, 0, 0.0
39, 0, 14, 0, 0, 0.0
39, 0, 15, 0, 0, 0.0
39, 0, 16, 0, 0, 0.0
39, 0, 17, 0, 0, 0.0
39, 0, 18, 0, 0, 0.0
39, 0, 19, 0, 0, 0.0
39, 0, 20, 0, 0, 0.0
39, 1, 0, 0, 0, 0.0
39, 1, 1, 0, 0, 0.0
39, 1, 2, 0, 0, 0.0
39, 1, 3, 0, 0, 0.0
39, 1, 4, 0, 0, 0.0
39, 1, 5, 0, 0, 0.0
39, 1, 6, 0, 0, 0.0
39, 1, 7, 0, 0, 0.0
39, 1, 8, 0, 0, 0.0
39, 1, 9, 0, 0, 0.0
39, 1, 10, 0, 0, 0.0
39, 1, 11, 0, 0, 0.0
39, 1, 12, 0, 0, 0.0
39, 1, 13, 0, 0, 0.0
39, 1, 14, 0, 0, 0.0
39, 1, 15, 0, 0, 0.0
39, 1, 16, 0, 0, 0.0
39, 1, 17, 0, 0, 0.0
39, 1, 18, 0, 0, 0.0
39, 1, 19, 0, 0, 0.0
39, 1, 20, 0, 0, 0.0
40, 0, 0, 0, 0, 0.0
40, 0, 1, 0, 0, 0.0
40, 0, 2, 0, 0, 0.0
40, 0, 3, 0, 0, 0.0
40, 0, 4, 0, 0, 0.0
40, 0, 5, 0, 0, 0.0
40, 0, 6, 0, 0, 0.0
40, 0, 7, 0, 0, 0.0
40, 0, 8, 0, 0, 0.0
40, 0, 9, 0, 0, 0.0
40, 0, 10, 0, 0, 0.0
40, 0, 11, 0, 0, 0.0
40, 0, 12, 0, 0, 0.0
40, 0, 13, 0, 0, 0.0
40, 0, 14, 0, 0, 0.0
40, 0, 15, 0, 0, 0.0
40, 0, 16, 0, 0, 0.0
40, 0, 17, 0, 0, 0.0
40, 0, 18, 0, 0, 0.0
40, 0, 19, 0, 0, 0.0
40, 0, 20, 0, 0, 0.0
40, 1, 0, 0, 0, 0.0
40, 1, 1, 0, 0, 0.0
40, 1, 2, 0, 0, 0.0
40, 1, 3, 0, 0, 0.0
40, 1, 4, 0, 0, 0.0
40, 1, 5, 0, 0, 0.0
40, 1, 6, 0, 0, 0.0
40, 1, 7, 0, 0, 0.0
40, 1, 8, 0, 0, 0.0
40, 1, 9, 0, 0, 0.0
40, 1, 10, 0, 0, 0.0
40, 1, 11, 0, 0, 0.0
40, 1, 12, 0, 0, 0.0
40, 1, 13, 0, 0, 0.0
40, 1, 14, 0, 0, 0.0
40, 1, 15, 0, 0, 0.0
40, 1, 16, 0, 0, 0.0
40, 1, 17, 0, 0, 0.0
40, 1, 18, 0, 0, 0.0
40, 1, 19, 0, 0, 0.0
40, 1, 20, 0, 0, 0.0
41, 0, 0, 0, 0, 0.0
41, 0, 1, 0, 0, 0.0
41, 0, 2, 0, 0, 0.0
41, 0, 3, 0, 0, 0.0
41, 0, 4, 0, 0, 0.0
41, 0, 5, 0, 0, 0.0
41, 0, 6, 0, 0, 0.0
41, 0, 7, 0, 0, 0.0
41, 0, 8, 0, 0, 0.0
41, 0, 9, 0, 0, 0.0
41, 0, 10, 0, 0, 0.0
41, 0, 11, 0, 0, 0.0
41, 0, 12, 0, 0, 0.0
41, 0, 13, 0, 0, 0.0
41, 0, 14, 0, 0, 0.0
41, 0, 15, 0, 0, 0.0
41, 0, 16, 0, 0, 0.0
41, 0, 17, 0, 0, 0.0
41, 0, 18, 0, 0, 0.0
41, 0, 19, 0, 0, 0.0
41, 0, 20, 0, 0, 0.0
41, 1, 0, 0, 0, 0.0
41, 1, 1, 0, 0, 0.0
41, 1, 2, 0, 0, 0.0
41, 1, 3, 0, 0, 0.0
41, 1, 4, 0, 0, 0.0
41, 1, 5, 0, 0, 0.0
41, 1, 6, 0, 0, 0.0
41, 1, 7, 0, 0, 0.0
41, 1, 8, 0, 0, 0.0
41, 1, 9, 0, 0, 0.0
41, 1, 10, 0, 0, 0.0
41, 1, 11, 0, 0, 0.0
41, 1, 12, 0, 0, 0.0
41, 1, 13, 0, 0, 0.0
41, 1, 14, 0, 0, 0.0
41, 1, 15, 0, 0, 0.0
41, 1, 16, 0, 0, 0.0
41, 1, 17, 0, 0, 0.0
41, 1, 18, 0, 0, 0.0
41, 1, 19, 0, 0, 0.0
41, 1, 20, 0, 0, 0.0
42, 0, 0, 0, 0, 0.0
42, 0, 1, 0, 0, 0.0
42, 0, 2, 0, 0, 0.0
42, 0, 3, 0, 0, 0.0
42, 0, 4, 0, 0, 0.0
42, 0, 5, 0, 0, 0.0
42, 0, 6, 0, 0, 0.0
42, 0, 7, 0, 0, 0.0
42, 0, 8, 0, 0, 0.0
42, 0, 9, 0, 0, 0.0
42, 0, 10, 0, 0, 0.0
42, 0, 11, 0, 0, 0.0
42, 0, 12, 0, 0, 0.0
42, 0, 13, 0, 0, 0.0
42, 0, 14, 0, 0, 0.0
42, 0, 15, 0, 0, 0.0
42, 0, 16, 0, 0, 0.0
42, 0, 17, 0, 0, 0.0
42, 0, 18, 0, 0, 0.0
42, 0, 19, 0, 0, 0.0
42, 0, 20, 0, 0, 0.0
42, 1, 0, 0, 0, 0.0
42, 1, 1, 0, 0, 0.0
42, 1, 2, 0, 0, 0.0
42, 1, 3, 0, 0, 0.0
42, 1, 4, 0, 0, 0.0
42, 1, 5, 0, 0, 0.0
42, 1, 6, 0, 0, 0.0
42, 1, 7, 0, 0, 0.0
42, 1, 8, 0, 0, 0.0
42, 1, 9, 0, 0, 0.0
42, 1, 10, 0, 0, 0.0
42, 1, 11, 0, 0, 0.0
42, 1, 12, 0, 0, 0.0
42, 1, 13, 0, 0, 0.0
42, 1, 14, 0, 0, 0.0
42, 1, 15, 0, 0, 0.0
42, 1, 16, 0, 0, 0.0
42, 1, 17, 0, 0, 0.0
42, 1, 18, 0, 0, 0.0
42, 1, 19, 0, 0, 0.0
42, 1, 20, 0, 0, 0.0
43, 0, 0, 0, 0, 0.0
43, 0, 1, 0, 0, 0.0
43, 0, 2, 0, 0, 0.0
43, 0, 3, 0, 0, 0.0
43, 0, 4, 0, 0, 0.0
43, 0, 5, 0, 0, 0.0
43, 0, 6, 0, 0, 0.0
43, 0, 7, 0, 0, 0.0
43, 0, 8, 0, 0, 0.0
43, 0, 9, 0, 0, 0.0
43, 0, 10, 0, 0, 0.0
43, 0, 11, 0, 0, 0.0
43, 0, 12, 0, 0, 0.0
43, 0, 13, 0, 0, 0.0
43, 0, 14, 0, 0, 0.0
43, 0, 15, 0, 0, 0.0
43, 0, 16, 0, 0, 0.0
43, 0, 17, 0, 0, 0.0
43, 0, 18, 0, 0, 0.0
43, 0, 19, 0, 0, 0.0
43, 0, 20, 0, 0, 0.0
43, 1, 0, 0, 0, 0.0
43, 1, 1, 0, 0, 0.0
43, 1, 2, 0, 0, 0.0
43, 1, 3, 0, 0, 0.0
43, 1, 4, 0, 0, 0.0
43, 1, 5, 0, 0, 0.0
43, 1, 6, 0, 0, 0.0
43, 1, 7, 0, 0, 0.0
43, 1, 8, 0, 0, 0.0
43, 1, 9, 0, 0, 0.0
43, 1, 10, 0, 0, 0.0
43, 1, 11, 0, 0, 0.0
43, 1, 12, 0, 0, 0.0
43, 1, 13, 0, 0, 0.0
43, 1, 14, 0, 0, 0.0
43, 1, 15, 0, 0, 0.0
43, 1, 16, 0, 0, 0.0
43, 1, 17, 0, 0, 0.0
43, 1, 18, 0, 0, 0.0
43, 1, 19, 0, 0, 0.0
43, 1, 20, 0, 0, 0.0
44, 0, 0, 0, 0, 0.0
44, 0, 1, 0, 0, 0.0
44, 0, 2, 0, 0, 0.0
44, 0, 3, 0, 0, 0.0
44, 0, 4, 0, 0, 0.0
44, 0, 5, 0, 0, 0.0
44, 0, 6, 0, 0, 0.0
44, 0, 7, 0, 0, 0.0
44, 0, 8, 0, 0, 0.0
44, 0, 9, 0, 0, 0.0
44, 0, 10, 0, 0, 0.0
44, 0, 11, 0, 0, 0.0
44, 0, 12, 0, 0, 0.0
44, 0, 13, 0, 0, 0.0
44, 0, 14, 0, 0, 0.0
44, 0, 15, 0, 0, 0.0
44, 0, 16, 0, 0, 0.0
44, 0, 17, 0, 0, 0.0
44, 0, 18, 0, 0, 0.0
44, 0, 19, 0, 0, 0.0
44, 0, 20, 0, 0, 0.0
44, 1, 0, 0, 0, 0.0
44, 1, 1, 0, 0, 0.0
44, 1, 2, 0, 0, 0.0
44, 1, 3, 0, 0, 0.0
44, 1, 4, 0, 0, 0.0
44, 1, 5, 0, 0, 0.0
44, 1, 6, 0, 0, 0.0
44, 1, 7, 0, 0, 0.0
44, 1, 8, 0, 0, 0.0
44, 1, 9, 0, 0, 0.0
44, 1, 10, 0, 0, 0.0
44, 1, 11, 0, 0, 0.0
44, 1, 12, 0, 0, 0.0
44, 1, 13, 0, 0, 0.0
44, 1, 14, 0, 0, 0.0
44, 1, 15, 0, 0, 0.0
44, 1, 16, 0, 0, 0.0
44, 1, 17, 0, 0, 0.0
44, 1, 18, 0, 0, 0.0
44, 1, 19, 0, 0, 0.0
44, 1, 20, 0, 0, 0.0
45, 0, 0, 0, 0, 0.0
45, 0, 1, 0, 0, 0.0
45, 0, 2, 0, 0, 0.0
45, 0, 3, 0, 0, 0.0
45, 0, 4, 0, 0, 0.0
45, 0, 5, 0, 0, 0.0
45, 0, 6, 0, 0, 0.0
45, 0, 7, 0, 0, 0.0
45, 0, 8, 0, 0, 0.0
45, 0, 9, 0, 0, 0.0
45, 0, 10, 0, 0, 0.0
45, 0, 11, 0, 0, 0.0
45, 0, 12, 0, 0, 0.0
45, 0, 13, 0, 0, 0.0
45, 0, 14, 0, 0, 0.0
45, 0, 15, 0, 0, 0.0
45, 0, 16, 0, 0, 0.0
45, 0, 17, 0, 0, 0.0
45, 0, 18, 0, 0, 0.0
45, 0, 19, 0, 0, 0.0
45, 0, 20, 0, 0, 0.0
45, 1, 0, 0, 0, 0.0
45, 1, 1, 0, 0, 0.0
45, 1, 2, 0, 0, 0.0
45, 1, 3, 0, 0, 0.0
45, 1, 4, 0, 0, 0.0
45, 1, 5, 0, 0, 0.0
45, 1, 6, 0, 0, 0.0
45, 1, 7, 0, 0, 0.0
45, 1, 8, 0, 0, 0.0
45, 1, 9, 0, 0, 0.0
45, 1, 10, 0, 0, 0.0
45, 1, 11, 0, 0, 0.0
45, 1, 12, 0, 0, 0.0
45, 1, 13, 0, 0, 0.0
45, 1, 14, 0, 0, 0.0
45, 1, 15, 0, 0, 0.0
45, 1, 16, 0, 0, 0.0
45, 1, 17, 0, 0, 0.0
45, 1, 18, 0, 0, 0.0
45, 1, 19, 0, 0, 0.0
45, 1, 20, 0, 0, 0.0
46, 0, 0, 0, 0, 0.0
46, 0, 1, 0, 0, 0.0
46, 0, 2, 0, 0, 0.0
46, 0, 3, 0, 0, 0.0
46, 0, 4, 0, 0, 0.0
46, 0, 5, 0, 0, 0.0
46, 0, 6, 0, 0, 0.0
46, 0, 7, 0, 0, 0.0
46, 0, 8, 0, 0, 0.0
46, 0, 9, 0, 0, 0.0
46, 0, 10, 0, 0, 0.0
46, 0, 11, 0, 0, 0.0
46, 0, 12, 0, 0, 0.0
46, 0, 13, 0, 0, 0.0
46, 0, 14, 0, 0, 0.0
46, 0, 15, 0, 0, 0.0
46, 0, 16, 0, 0, 0.0
46, 0, 17, 0, 0, 0.0
46, 0, 18, 0, 0, 0.0
46, 0, 19, 0, 0, 0.0
46, 0, 20, 0, 0, 0.0
46, 1, 0, 0, 0, 0.0
46, 1, 1, 0, 0, 0.0
46, 1, 2, 0, 0, 0.0
46, 1, 3, 0, 0, 0.0
46, 1, 4, 0, 0, 0.0
46, 1, 5, 0, 0, 0.0
46, 1, 6, 0, 0, 0.0
46, 1, 7, 0, 0, 0.0
46, 1, 8, 0, 0, 0.0
46, 1, 9, 0, 0, 0.0
46, 1, 10, 0, 0, 0.0
46, 1, 11, 0, 0, 0.0
46, 1, 12, 0, 0, 0.0
46, 1, 13, 0, 0, 0.0
46, 1, 14, 0, 0, 0.0
46, 1, 15, 0, 0, 0.0
46, 1, 16, 0, 0, 0.0
46, 1, 17, 0, 0, 0.0
46, 1, 18, 0, 0, 0.0
46, 1, 19, 0, 0, 0.0
46, 1, 20, 0, 0, 0.0
47, 0, 0, 0, 0, 0.0
47, 0, 1, 0, 0, 0.0
47, 0, 2, 0, 0, 0.0
47, 0, 3, 0, 0, 0.0
47, 0, 4, 0, 0, 0.0
47, 0, 5, 0, 0, 0.0
47, 0, 6, 0, 0, 0.0
47, 0, 7, 0, 0, 0.0
47, 0, 8, 0, 0, 0.0
47, 0, 9, 0, 0, 0.0
47, 0, 10, 0, 0, 0.0
47, 0, 11, 0, 0, 0.0
47, 0, 12, 0, 0, 0.0
47, 0, 13, 0, 0, 0.0
47, 0, 14, 0, 0, 0.0
47, 0, 15, 0, 0, 0.0
47, 0, 16, 0, 0, 0.0
47, 0, 17, 0, 0, 0.0
47, 0, 18, 0, 0, 0.0
47, 0, 19, 0, 0, 0.0
47, 0, 20, 0, 0, 0.0
47, 1, 0, 0, 0, 0.0
47, 1, 1, 0, 0, 0.0
47, 1, 2, 0, 0, 0.0
47, 1, 3, 0, 0, 0.0
47, 1, 4, 0, 0, 0.0
47, 1, 5, 0, 0, 0.0
47, 1, 6, 0, 0, 0.0
47, 1, 7, 0, 0, 0.0
47, 1, 8, 0, 0, 0.0
47, 1, 9, 0, 0, 0.0
47, 1, 10, 0, 0, 0.0
47, 1, 11, 0, 0, 0.0
47, 1, 12, 0, 0, 0.0
47, 1, 13, 0, 0, 0.0
47, 1, 14, 0, 0, 0.0
47, 1, 15, 0, 0, 0.0
47, 1, 16, 0, 0, 0.0
47, 1, 17, 0, 0, 0.0
47, 1, 18, 0, 0, 0.0
47, 1, 19, 0, 0, 0.0
47, 1, 20, 0, 0, 0.0
48, 0, 0, 0, 0, 0.0
48, 0, 1, 0, 0, 0.0
48, 0, 2, 0, 0, 0.0
48, 0, 3, 0, 0, 0.0
48, 0, 4, 0, 0, 0.0
48, 0, 5, 0, 0, 0.0
48, 0, 6, 0, 0, 0.0
48, 0, 7, 0, 0, 0.0
48, 0, 8, 0, 0, 0.0
48, 0, 9, 0, 0, 0.0
48, 0, 10, 0, 0, 0.0
48, 0, 11, 0, 0, 0.0
48, 0, 12, 0, 0, 0.0
48, 0, 13, 0, 0, 0.0
48, 0, 14, 0, 0, 0.0
48, 0, 15, 0, 0, 0.0
48, 0, 16, 0, 0, 0.0
48, 0, 17, 0, 0, 0.0
48, 0, 18, 0, 0, 0.0
48, 0, 19, 0, 0, 0.0
48, 0, 20, 0, 0, 0.0
48, 1, 0, 0, 0, 0.0
48, 1, 1, 0, 0, 0.0
48, 1, 2, 0, 0, 0.0
48, 1, 3, 0, 0, 0.0
48, 1, 4, 0, 0, 0.0
48, 1, 5, 0, 0, 0.0
48, 1, 6, 0, 0, 0.0
48, 1, 7, 0, 0, 0.0
48, 1, 8, 0, 0, 0.0
48, 1, 9, 0, 0, 0.0
48, 1, 10, 0, 0, 0.0
48, 1, 11, 0, 0, 0.0
48, 1, 12, 0, 0, 0.0
48, 1, 13, 0, 0, 0.0
48, 1, 14, 0, 0, 0.0
48, 1, 15, 0, 0, 0.0
48, 1, 16, 0, 0, 0.0
48, 1, 17, 0, 0, 0.0
48, 1, 18, 0, 0, 0.0
48, 1, 19, 0, 0, 0.0
48, 1, 20, 0, 0, 0.0
49, 0, 0, 240, 372, 5.122099651089229e-07
49, 0, 1, 258, 369, -0.02443421632051468
49, 0, 2, 276, 358, -0.04234135150909424
49, 0, 3, 287, 348, -0.05977369472384453
49, 0, 4, 289, 338, -0.07754730433225632
49, 0, 5, 266, 315, -0.037334736436605453
49, 0, 6, 272, 288, -0.06369604915380478
49, 0, 7, 276, 270, -0.07959283143281937
49, 0, 8, 279, 254, -0.08869429677724838
49, 0, 9, 251, 315, -0.04206525534391403
49, 0, 10, 256, 283, -0.07095737010240555
49, 0, 11, 265, 265, -0.08557721227407455
49, 0, 12, 273, 250, -0.0922362431883812
49, 0, 13, 235, 324, -0.04872174933552742
49, 0, 14, 244, 309, -0.08496361970901489
49, 0, 15, 257, 331, -0.08829812705516815
49, 0, 16, 265, 350, -0.0810980349779129
49, 0, 17, 220, 338, -0.05678999796509743
49, 0, 18, 226, 328, -0.08352004736661911
49, 0, 19, 235, 339, -0.08238798379898071
49, 0, 20, 239, 351, -0.07550867646932602
49, 1, 0, 0, 0, 0.0
49, 1, 1, 0, 0, 0.0
49, 1, 2, 0, 0, 0.0
49, 1, 3, 0, 0, 0.0
49, 1, 4, 0, 0, 0.0
49, 1, 5, 0, 0, 0.0
49, 1, 6, 0, 0, 0.0
49, 1, 7, 0, 0, 0.0
49, 1, 8, 0, 0, 0.0
49, 1, 9, 0, 0, 0.0
49, 1, 10, 0, 0, 0.0
49, 1, 11, 0, 0, 0.0
49, 1, 12, 0, 0, 0.0
49, 1, 13, 0, 0, 0.0
49, 1, 14, 0, 0, 0.0
49, 1, 15, 0, 0, 0.0
49, 1, 16, 0, 0, 0.0
49, 1, 17, 0, 0, 0.0
49, 1, 18, 0, 0, 0.0
49, 1, 19, 0, 0, 0.0
49, 1, 20, 0, 0, 0.0
50, 0, 0, 233, 355, 4.5713355234511255e-07
50, 0, 1, 257, 346, -0.01702738180756569
50, 0, 2, 278, 329, -0.026433438062667847
50, 0, 3, 290, 314, -0.03653203323483467
50, 0, 4, 284, 305, -0.047000933438539505
50, 0, 5, 261, 293, -0.015766538679599762
50, 0, 6, 265, 263, -0.03291885554790497
50, 0, 7, 269, 245, -0.04469764232635498
50, 0, 8, 273, 229, -0.05138631910085678
50, 0, 9, 247, 292, -0.019708488136529922
50, 0, 10, 245, 259, -0.037569351494312286
50, 0, 11, 252, 244, -0.04889482632279396
50, 0, 12, 259, 233, -0.0544188916683197
50, 0, 13, 231, 299, -0.02578001655638218
50, 0, 14, 237, 277, -0.05265534296631813
50, 0, 15, 250, 295, -0.056909117847681046
50, 0, 16, 258, 312, -0.05216806009411812
50, 0, 17, 215, 310, -0.03293526545166969
50, 0, 18, 220, 292, -0.05409348011016846
50, 0, 19, 226, 292, -0.0553530715405941
50, 0, 20, 228, 294, -0.05155489221215248
50, 1, 0, 0, 0, 0.0
50, 1, 1, 0, 0, 0.0
50, 1, 2, 0, 0, 0.0
50, 1, 3, 0, 0, 0.0
50, 1, 4, 0, 0, 0.0
50, 1, 5, 0, 0, 0.0
50, 1, 6, 0, 0, 0.0
50, 1, 7, 0, 0, 0.0
50, 1, 8, 0, 0, 0.0
50, 1, 9, 0, 0, 0.0
50, 1, 10, 0, 0, 0.0
50, 1, 11, 0, 0, 0.0
50, 1, 12, 0, 0, 0.0
50, 1, 13, 0, 0, 0.0
50, 1, 14, 0, 0, 0.0
50, 1, 15, 0, 0, 0.0
50, 1, 16, 0, 0, 0.0
50, 1, 17, 0, 0, 0.0
50, 1, 18, 0, 0, 0.0
50, 1, 19, 0, 0, 0.0
50, 1, 20, 0, 0, 0.0
51, 0, 0, 231, 337, 4.786797376254981e-07
51, 0, 1, 256, 327, -0.014507107436656952
51, 0, 2, 276, 308, -0.021396871656179428
51, 0, 3, 288, 291, -0.029665037989616394
51, 0, 4, 281, 281, -0.037384264171123505
51, 0, 5, 259, 269, -0.0032874152529984713
51, 0, 6, 265, 240, -0.013420130126178265
51, 0, 7, 268, 221, -0.02314586564898491
51, 0, 8, 271, 203, -0.030725860968232155
51, 0, 9, 244, 268, -0.007634744979441166
51, 0, 10, 245, 233, -0.019361210986971855
51, 0, 11, 253, 215, -0.031235085800290108
51, 0, 12, 261, 201, -0.03956306353211403
51, 0, 13, 230, 272, -0.014264905825257301
51, 0, 14, 241, 242, -0.038420420140028
51, 0, 15, 260, 255, -0.04762065410614014
51, 0, 16, 269, 272, -0.048095833510160446
51, 0, 17, 216, 281, -0.021707480773329735
51, 0, 18, 230, 261, -0.04559740051627159
51, 0, 19, 244, 271, -0.05079634115099907
51, 0, 20, 250, 287, -0.04986729472875595
51, 1, 0, 0, 0, 0.0
51, 1, 1, 0, 0, 0.0
51, 1, 2, 0, 0, 0.0
51, 1, 3, 0, 0, 0.0
51, 1, 4, 0, 0, 0.0
51, 1, 5, 0, 0, 0.0
51, 1, 6, 0, 0, 0.0
51, 1, 7, 0, 0, 0.0
51, 1, 8, 0, 0, 0.0
51, 1, 9, 0, 0, 0.0
51, 1, 10, 0, 0, 0.0
51, 1, 11, 0, 0, 0.0
51, 1, 12, 0, 0, 0.0
51, 1, 13, 0, 0, 0.0
51, 1, 14, 0, 0, 0.0
51, 1, 15, 0, 0, 0.0
51, 1, 16, 0, 0, 0.0
51, 1, 17, 0, 0, 0.0
51, 1, 18, 0, 0, 0.0
51, 1, 19, 0, 0, 0.0
51, 1, 20, 0, 0, 0.0
52, 0, 0, 230, 322, 5.06691492319078e-07
52, 0, 1, 255, 313, -0.01706836372613907
52, 0, 2, 275, 293, -0.025940531864762306
52, 0, 3, 284, 275, -0.035789500921964645
52, 0, 4, 278, 263, -0.044839322566986084
52, 0, 5, 258, 248, -0.008488563820719719
52, 0, 6, 263, 216, -0.021523533388972282
52, 0, 7, 266, 196, -0.031709399074316025
52, 0, 8, 269, 179, -0.039002057164907455
52, 0, 9, 243, 246, -0.013235021382570267
52, 0, 10, 246, 208, -0.02784799039363861
52, 0, 11, 255, 187, -0.0402790866792202
52, 0, 12, 263, 172, -0.04836604371666908
52, 0, 13, 228, 251, -0.020372018218040466
52, 0, 14, 240, 221, -0.047485314309597015
52, 0, 15, 260, 234, -0.05686734989285469
52, 0, 16, 271, 251, -0.05659444257616997
52, 0, 17, 214, 262, -0.028429513797163963
52, 0, 18, 230, 242, -0.054007697850465775
52, 0, 19, 245, 253, -0.05871203914284706
52, 0, 20, 252, 270, -0.05697295442223549
52, 1, 0, 0, 0, 0.0
52, 1, 1, 0, 0, 0.0
52, 1, 2, 0, 0, 0.0
52, 1, 3, 0, 0, 0.0
52, 1, 4, 0, 0, 0.0
52, 1, 5, 0, 0, 0.0
52, 1, 6, 0, 0, 0.0
52, 1, 7, 0, 0, 0.0
52, 1, 8, 0, 0, 0.0
52, 1, 9, 0, 0, 0.0
52, 1, 10, 0, 0, 0.0
52, 1, 11, 0, 0, 0.0
52, 1, 12, 0, 0, 0.0
52, 1, 13, 0, 0, 0.0
52, 1, 14, 0, 0, 0.0
52, 1, 15, 0, 0, 0.0
52, 1, 16, 0, 0, 0.0
52, 1, 17, 0, 0, 0.0
52, 1, 18, 0, 0, 0.0
52, 1, 19, 0, 0, 0.0
52, 1, 20, 0, 0, 0.0
53, 0, 0, 229, 314, 5.334501338438713e-07
53, 0, 1, 254, 305, -0.01997891440987587
53, 0, 2, 274, 284, -0.032591141760349274
53, 0, 3, 284, 265, -0.046204838901758194
53, 0, 4, 281, 252, -0.05889478325843811
53, 0, 5, 257, 233, -0.015804361552000046
53, 0, 6, 264, 202, -0.03397355228662491
53, 0, 7, 267, 183, -0.04689165949821472
53, 0, 8, 269, 165, -0.05571475252509117
53, 0, 9, 241, 230, -0.02137879841029644
53, 0, 10, 250, 191, -0.042894840240478516
53, 0, 11, 260, 169, -0.056656964123249054
53, 0, 12, 268, 150, -0.06428731977939606
53, 0, 13, 225, 235, -0.029573867097496986
53, 0, 14, 240, 206, -0.06283488869667053
53, 0, 15, 258, 226, -0.06914979964494705
53, 0, 16, 267, 245, -0.06481251120567322
53, 0, 17, 211, 247, -0.03902878239750862
53, 0, 18, 229, 229, -0.06728579103946686
53, 0, 19, 244, 243, -0.06981701403856277
53, 0, 20, 252, 258, -0.06554482132196426
53, 1, 0, 0, 0, 0.0
53, 1, 1, 0, 0, 0.0
53, 1, 2, 0, 0, 0.0
53, 1, 3, 0, 0, 0.0
53, 1, 4, 0, 0, 0.0
53, 1, 5, 0, 0, 0.0
53, 1, 6, 0, 0, 0.0
53, 1, 7, 0, 0, 0.0
53, 1, 8, 0, 0, 0.0
53, 1, 9, 0, 0, 0.0
53, 1, 10, 0, 0, 0.0
53, 1, 11, 0, 0, 0.0
53, 1, 12, 0, 0, 0.0
53, 1, 13, 0, 0, 0.0
53, 1, 14, 0, 0, 0.0
53, 1, 15, 0, 0, 0.0
53, 1, 16, 0, 0, 0.0
53, 1, 17, 0, 0, 0.0
53, 1, 18, 0, 0, 0.0
53, 1, 19, 0, 0, 0.0
53, 1, 20, 0, 0, 0.0
54, 0, 0, 225, 310, 4.3750523559538124e-07
54, 0, 1, 253, 300, -0.017585409805178642
54, 0, 2, 274, 278, -0.028809254989027977
54, 0, 3, 285, 257, -0.04170149192214012
54, 0, 4, 278, 245, -0.0541103333234787
54, 0, 5, 259, 230, -0.016063004732131958
54, 0, 6, 266, 197, -0.03328028693795204
54, 0, 7, 269, 177, -0.045730628073215485
54, 0, 8, 271, 159, -0.05483625829219818
54, 0, 9, 244, 228, -0.022694390267133713
54, 0, 10, 251, 186, -0.04429791867733002
54, 0, 11, 261, 163, -0.05868415907025337
54, 0, 12, 271, 144, -0.0678095817565918
54, 0, 13, 228, 233, -0.03147699683904648
54, 0, 14, 242, 200, -0.06385411322116852
54, 0, 15, 259, 218, -0.07110689580440521
54, 0, 16, 269, 238, -0.06839341670274734
54, 0, 17, 213, 244, -0.04130709171295166
54, 0, 18, 230, 222, -0.0687839537858963
54, 0, 19, 245, 236, -0.07225459814071655
54, 0, 20, 252, 254, -0.06960877776145935
54, 1, 0, 0, 0, 0.0
54, 1, 1, 0, 0, 0.0
54, 1, 2, 0, 0, 0.0
54, 1, 3, 0, 0, 0.0
54, 1, 4, 0, 0, 0.0
54, 1, 5, 0, 0, 0.0
54, 1, 6, 0, 0, 0.0
54, 1, 7, 0, 0, 0.0
54, 1, 8, 0, 0, 0.0
54, 1, 9, 0, 0, 0.0
54, 1, 10, 0, 0, 0.0
54, 1, 11, 0, 0, 0.0
54, 1, 12, 0, 0, 0.0
54, 1, 13, 0, 0, 0.0
54, 1, 14, 0, 0, 0.0
54, 1, 15, 0, 0, 0.0
54, 1, 16, 0, 0, 0.0
54, 1, 17, 0, 0, 0.0
54, 1, 18, 0, 0, 0.0
54, 1, 19, 0, 0, 0.0
54, 1, 20, 0, 0, 0.0
55, 0, 0, 225, 308, 4.3062428289886157e-07
55, 0, 1, 253, 297, -0.018257537856698036
55, 0, 2, 275, 275, -0.029661796987056732
55, 0, 3, 286, 254, -0.042541440576314926
55, 0, 4, 279, 241, -0.054622866213321686
55, 0, 5, 260, 227, -0.016354825347661972
55, 0, 6, 267, 194, -0.03381712734699249
55, 0, 7, 270, 175, -0.04618282988667488
55, 0, 8, 272, 157, -0.05501618608832359
55, 0, 9, 244, 225, -0.022530660033226013
55, 0, 10, 252, 182, -0.044831302016973495
55, 0, 11, 262, 159, -0.05963372439146042
55, 0, 12, 271, 140, -0.0686720535159111
55, 0, 13, 228, 230, -0.030876122415065765
55, 0, 14, 243, 197, -0.06385374069213867
55, 0, 15, 260, 216, -0.07157783210277557
55, 0, 16, 269, 235, -0.06882818788290024
55, 0, 17, 214, 240, -0.04028180241584778
55, 0, 18, 232, 219, -0.06783846020698547
55, 0, 19, 247, 233, -0.07140980660915375
55, 0, 20, 253, 249, -0.06871733069419861
55, 1, 0, 0, 0, 0.0
55, 1, 1, 0, 0, 0.0
55, 1, 2, 0, 0, 0.0
55, 1, 3, 0, 0, 0.0
55, 1, 4, 0, 0, 0.0
55, 1, 5, 0, 0, 0.0
55, 1, 6, 0, 0, 0.0
55, 1, 7, 0, 0, 0.0
55, 1, 8, 0, 0, 0.0
55, 1, 9, 0, 0, 0.0
55, 1, 10, 0, 0, 0.0
55, 1, 11, 0, 0, 0.0
55, 1, 12, 0, 0, 0.0
55, 1, 13, 0, 0, 0.0
55, 1, 14, 0, 0, 0.0
55, 1, 15, 0, 0, 0.0
55, 1, 16, 0, 0, 0.0
55, 1, 17, 0, 0, 0.0
55, 1, 18, 0, 0, 0.0
55, 1, 19, 0, 0, 0.0
55, 1, 20, 0, 0, 0.0
56, 0, 0, 226, 306, 3.8550783187929483e-07
56, 0, 1, 254, 295, -0.015371228568255901
56, 0, 2, 275, 273, -0.025871390476822853
56, 0, 3, 288, 253, -0.03838353976607323
56, 0, 4, 281, 238, -0.050213705748319626
56, 0, 5, 260, 224, -0.014724230393767357
56, 0, 6, 268, 191, -0.031529802829027176
56, 0, 7, 271, 173, -0.04353786259889603
56, 0, 8, 273, 156, -0.05221647396683693
56, 0, 9, 245, 222, -0.02219345234334469
56, 0, 10, 252, 180, -0.04322342574596405
56, 0, 11, 263, 159, -0.05720493197441101
56, 0, 12, 272, 141, -0.06606686115264893
56, 0, 13, 229, 228, -0.03159509226679802
56, 0, 14, 243, 195, -0.0626528412103653
56, 0, 15, 261, 214, -0.06932239234447479
56, 0, 16, 270, 232, -0.0666041225194931
56, 0, 17, 214, 239, -0.041901376098394394
56, 0, 18, 233, 218, -0.06815412640571594
56, 0, 19, 248, 230, -0.07122974097728729
56, 0, 20, 255, 246, -0.06856173276901245
56, 1, 0, 0, 0, 0.0
56, 1, 1, 0, 0, 0.0
56, 1, 2, 0, 0, 0.0
56, 1, 3, 0, 0, 0.0
56, 1, 4, 0, 0, 0.0
56, 1, 5, 0, 0, 0.0
56, 1, 6, 0, 0, 0.0
56, 1, 7, 0, 0, 0.0
56, 1, 8, 0, 0, 0.0
56, 1, 9, 0, 0, 0.0
56, 1, 10, 0, 0, 0.0
56, 1, 11, 0, 0, 0.0
56, 1, 12, 0, 0, 0.0
56, 1, 13, 0, 0, 0.0
56, 1, 14, 0, 0, 0.0
56, 1, 15, 0, 0, 0.0
56, 1, 16, 0, 0, 0.0
56, 1, 17, 0, 0, 0.0
56, 1, 18, 0, 0, 0.0
56, 1, 19, 0, 0, 0.0
56, 1, 20, 0, 0, 0.0
57, 0, 0, 227, 306, 3.628539957389876e-07
57, 0, 1, 255, 294, -0.01218759547919035
57, 0, 2, 275, 272, -0.02150069922208786
57, 0, 3, 288, 253, -0.0332721546292305
57, 0, 4, 287, 235, -0.044158972799777985
57, 0, 5, 260, 224, -0.011939392425119877
57, 0, 6, 268, 190, -0.027637094259262085
57, 0, 7, 272, 173, -0.03880615532398224
57, 0, 8, 275, 156, -0.04682518169283867
57, 0, 9, 246, 222, -0.019940180703997612
57, 0, 10, 252, 181, -0.038825999945402145
57, 0, 11, 263, 160, -0.05150599032640457
57, 0, 12, 272, 144, -0.05999283492565155
57, 0, 13, 230, 228, -0.029732899740338326
57, 0, 14, 243, 194, -0.057214487344026566
57, 0, 15, 262, 211, -0.06276045739650726
57, 0, 16, 271, 229, -0.06064864248037338
57, 0, 17, 215, 238, -0.04035935923457146
57, 0, 18, 234, 218, -0.0644683763384819
57, 0, 19, 250, 229, -0.06785447895526886
57, 0, 20, 258, 243, -0.06600595265626907
57, 1, 0, 0, 0, 0.0
57, 1, 1, 0, 0, 0.0
57, 1, 2, 0, 0, 0.0
57, 1, 3, 0, 0, 0.0
57, 1, 4, 0, 0, 0.0
57, 1, 5, 0, 0, 0.0
57, 1, 6, 0, 0, 0.0
57, 1, 7, 0, 0, 0.0
57, 1, 8, 0, 0, 0.0
57, 1, 9, 0, 0, 0.0
57, 1, 10, 0, 0, 0.0
57, 1, 11, 0, 0, 0.0
57, 1, 12, 0, 0, 0.0
57, 1, 13, 0, 0, 0.0
57, 1, 14, 0, 0, 0.0
57, 1, 15, 0, 0, 0.0
57, 1, 16, 0, 0, 0.0
57, 1, 17, 0, 0, 0.0
57, 1, 18, 0, 0, 0.0
57, 1, 19, 0, 0, 0.0
57, 1, 20, 0, 0, 0.0
58, 0, 0, 229, 307, 3.055394870443706e-07
58, 0, 1, 256, 293, -0.005988651886582375
58, 0, 2, 276, 270, -0.011341511271893978
58, 0, 3, 290, 251, -0.019578898325562477
58, 0, 4, 296, 232, -0.02732708305120468
58, 0, 5, 258, 227, -0.002575675956904888
58, 0, 6, 266, 195, -0.015176293440163136
58, 0, 7, 275, 180, -0.025326304137706757
58, 0, 8, 284, 167, -0.032399456948041916
58, 0, 9, 244, 226, -0.011216692626476288
58, 0, 10, 248, 185, -0.025257110595703125
58, 0, 11, 262, 168, -0.0356343537569046
58, 0, 12, 275, 156, -0.04310194030404091
58, 0, 13, 229, 230, -0.021800687536597252
58, 0, 14, 241, 197, -0.04295295849442482
58, 0, 15, 263, 203, -0.05065011605620384
58, 0, 16, 277, 214, -0.05266522243618965
58, 0, 17, 216, 239, -0.032826781272888184
58, 0, 18, 234, 217, -0.052681900560855865
58, 0, 19, 251, 221, -0.05724466219544411
58, 0, 20, 261, 231, -0.057849545031785965
58, 1, 0, 0, 0, 0.0
58, 1, 1, 0, 0, 0.0
58, 1, 2, 0, 0, 0.0
58, 1, 3, 0, 0, 0.0
58, 1, 4, 0, 0, 0.0
58, 1, 5, 0, 0, 0.0
58, 1, 6, 0, 0, 0.0
58, 1, 7, 0, 0, 0.0
58, 1, 8, 0, 0, 0.0
58, 1, 9, 0, 0, 0.0
58, 1, 10, 0, 0, 0.0
58, 1, 11, 0, 0, 0.0
58, 1, 12, 0, 0, 0.0
58, 1, 13, 0, 0, 0.0
58, 1, 14, 0, 0, 0.0
58, 1, 15, 0, 0, 0.0
58, 1, 16, 0, 0, 0.0
58, 1, 17, 0, 0, 0.0
58, 1, 18, 0, 0, 0.0
58, 1, 19, 0, 0, 0.0
58, 1, 20, 0, 0, 0.0
59, 0, 0, 232, 306, 1.7482184944128676e-07
59, 0, 1, 258, 292, -0.006738867145031691
59, 0, 2, 278, 266, -0.01358447503298521
59, 0, 3, 291, 246, -0.02319609560072422
59, 0, 4, 300, 227, -0.031782977283000946
59, 0, 5, 260, 228, -0.0042779818177223206
59, 0, 6, 268, 194, -0.02387753687798977
59, 0, 7, 284, 192, -0.038128241896629333
59, 0, 8, 295, 199, -0.045099299401044846
59, 0, 9, 247, 227, -0.011582835577428341
59, 0, 10, 252, 185, -0.03143351525068283
59, 0, 11, 272, 187, -0.04344015568494797
59, 0, 12, 284, 199, -0.048563309013843536
59, 0, 13, 232, 231, -0.02116641029715538
59, 0, 14, 241, 197, -0.04328184574842453
59, 0, 15, 264, 204, -0.049800578504800797
59, 0, 16, 276, 217, -0.049822986125946045
59, 0, 17, 217, 238, -0.03117281198501587
59, 0, 18, 233, 215, -0.050792496651411057
59, 0, 19, 252, 218, -0.05509844794869423
59, 0, 20, 263, 226, -0.05458072945475578
59, 1, 0, 0, 0, 0.0
59, 1, 1, 0, 0, 0.0
59, 1, 2, 0, 0, 0.0
59, 1, 3, 0, 0, 0.0
59, 1, 4, 0, 0, 0.0
59, 1, 5, 0, 0, 0.0
59, 1, 6, 0, 0, 0.0
59, 1, 7, 0, 0, 0.0
59, 1, 8, 0, 0, 0.0
59, 1, 9, 0, 0, 0.0
59, 1, 10, 0, 0, 0.0
59, 1, 11, 0, 0, 0.0
59, 1, 12, 0, 0, 0.0
59, 1, 13, 0, 0, 0.0
59, 1, 14, 0, 0, 0.0
59, 1, 15, 0, 0, 0.0
59, 1, 16, 0, 0, 0.0
59, 1, 17, 0, 0, 0.0
59, 1, 18, 0, 0, 0.0
59, 1, 19, 0, 0, 0.0
59, 1, 20, 0, 0, 0.0
60, 0, 0, 233, 308, 7.304110027916977e-08
60, 0, 1, 260, 292, -0.007766852620989084
60, 0, 2, 279, 268, -0.015772109851241112
60, 0, 3, 292, 248, -0.027227746322751045
60, 0, 4, 302, 229, -0.03824303671717644
60, 0, 5, 264, 232, -0.0016615925123915076
60, 0, 6, 274, 200, -0.023930665105581284
60, 0, 7, 290, 203, -0.042354658246040344
60, 0, 8, 300, 213, -0.05245352163910866
60, 0, 9, 251, 230, -0.009118697606027126
60, 0, 10, 261, 193, -0.033083654940128326
60, 0, 11, 281, 202, -0.051919836550951004
60, 0, 12, 291, 216, -0.0618252269923687
60, 0, 13, 236, 232, -0.019036566838622093
60, 0, 14, 247, 200, -0.04125555232167244
60, 0, 15, 268, 209, -0.05304097384214401
60, 0, 16, 280, 223, -0.05726543068885803
60, 0, 17, 221, 238, -0.02970937453210354
60, 0, 18, 236, 216, -0.047387998551130295
60, 0, 19, 254, 218, -0.05494312196969986
60, 0, 20, 267, 225, -0.05799694359302521
60, 1, 0, 0, 0, 0.0
60, 1, 1, 0, 0, 0.0
60, 1, 2, 0, 0, 0.0
60, 1, 3, 0, 0, 0.0
60, 1, 4, 0, 0, 0.0
60, 1, 5, 0, 0, 0.0
60, 1, 6, 0, 0, 0.0
60, 1, 7, 0, 0, 0.0
60, 1, 8, 0, 0, 0.0
60, 1, 9, 0, 0, 0.0
60, 1, 10, 0, 0, 0.0
60, 1, 11, 0, 0, 0.0
60, 1, 12, 0, 0, 0.0
60, 1, 13, 0, 0, 0.0
60, 1, 14, 0, 0, 0.0
60, 1, 15, 0, 0, 0.0
60, 1, 16, 0, 0, 0.0
60, 1, 17, 0, 0, 0.0
60, 1, 18, 0, 0, 0.0
60, 1, 19, 0, 0, 0.0
60, 1, 20, 0, 0, 0.0
61, 0, 0, 235, 309, 1.155291187160401e-07
61, 0, 1, 261, 293, -0.007577000185847282
61, 0, 2, 281, 269, -0.015112175606191158
61, 0, 3, 294, 250, -0.026065073907375336
61, 0, 4, 304, 230, -0.03620444983243942
61, 0, 5, 265, 233, 0.000575446174480021
61, 0, 6, 276, 203, -0.021512622013688087
61, 0, 7, 293, 207, -0.0391245074570179
61, 0, 8, 303, 217, -0.04841399937868118
61, 0, 9, 252, 231, -0.006615703925490379
61, 0, 10, 265, 196, -0.030847512185573578
61, 0, 11, 284, 205, -0.04836733639240265
61, 0, 12, 295, 220, -0.05648517608642578
61, 0, 13, 238, 233, -0.016619069501757622
61, 0, 14, 251, 203, -0.03945103660225868
61, 0, 15, 272, 212, -0.049994923174381256
61, 0, 16, 285, 226, -0.05258337780833244
61, 0, 17, 224, 238, -0.027417901903390884
61, 0, 18, 240, 218, -0.04567255079746246
61, 0, 19, 258, 221, -0.052845776081085205
61, 0, 20, 272, 227, -0.054931577295064926
61, 1, 0, 0, 0, 0.0
61, 1, 1, 0, 0, 0.0
61, 1, 2, 0, 0, 0.0
61, 1, 3, 0, 0, 0.0
61, 1, 4, 0, 0, 0.0
61, 1, 5, 0, 0, 0.0
61, 1, 6, 0, 0, 0.0
61, 1, 7, 0, 0, 0.0
61, 1, 8, 0, 0, 0.0
61, 1, 9, 0, 0, 0.0
61, 1, 10, 0, 0, 0.0
61, 1, 11, 0, 0, 0.0
61, 1, 12, 0, 0, 0.0
61, 1, 13, 0, 0, 0.0
61, 1, 14, 0, 0, 0.0
61, 1, 15, 0, 0, 0.0
61, 1, 16, 0, 0, 0.0
61, 1, 17, 0, 0, 0.0
61, 1, 18, 0, 0, 0.0
61, 1, 19, 0, 0, 0.0
61, 1, 20, 0, 0, 0.0
62, 0, 0, 237, 309, 1.4539531889568025e-07
62, 0, 1, 263, 293, -0.009058513678610325
62, 0, 2, 282, 269, -0.017675744369626045
62, 0, 3, 295, 250, -0.02947389706969261
62, 0, 4, 306, 231, -0.04041195660829544
62, 0, 5, 266, 232, -0.0002356746990699321
62, 0, 6, 276, 203, -0.023277459666132927
62, 0, 7, 294, 207, -0.041901350021362305
62, 0, 8, 305, 216, -0.05194947496056557
62, 0, 9, 253, 230, -0.006995686329901218
62, 0, 10, 266, 196, -0.032303743064403534
62, 0, 11, 285, 205, -0.05082721635699272
62, 0, 12, 296, 219, -0.05959092080593109
62, 0, 13, 239, 232, -0.016759850084781647
62, 0, 14, 252, 204, -0.040642958134412766
62, 0, 15, 273, 213, -0.052259668707847595
62, 0, 16, 288, 226, -0.05549543350934982
62, 0, 17, 225, 238, -0.027444476261734962
62, 0, 18, 242, 220, -0.04656914249062538
62, 0, 19, 261, 222, -0.054807063192129135
62, 0, 20, 276, 227, -0.05760469287633896
62, 1, 0, 0, 0, 0.0
62, 1, 1, 0, 0, 0.0
62, 1, 2, 0, 0, 0.0
62, 1, 3, 0, 0, 0.0
62, 1, 4, 0, 0, 0.0
62, 1, 5, 0, 0, 0.0
62, 1, 6, 0, 0, 0.0
62, 1, 7, 0, 0, 0.0
62, 1, 8, 0, 0, 0.0
62, 1, 9, 0, 0, 0.0
62, 1, 10, 0, 0, 0.0
62, 1, 11, 0, 0, 0.0
62, 1, 12, 0, 0, 0.0
62, 1, 13, 0, 0, 0.0
62, 1, 14, 0, 0, 0.0
62, 1, 15, 0, 0, 0.0
62, 1, 16, 0, 0, 0.0
62, 1, 17, 0, 0, 0.0
62, 1, 18, 0, 0, 0.0
62, 1, 19, 0, 0, 0.0
62, 1, 20, 0, 0, 0.0
63, 0, 0, 237, 309, 1.623010632556543e-07
63, 0, 1, 263, 294, -0.00917439628392458
63, 0, 2, 282, 269, -0.017484478652477264
63, 0, 3, 295, 250, -0.028627756983041763
63, 0, 4, 306, 231, -0.03885230794548988
63, 0, 5, 266, 231, -0.0010883723152801394
63, 0, 6, 276, 203, -0.023328498005867004
63, 0, 7, 293, 205, -0.041009027510881424
63, 0, 8, 305, 213, -0.05062131583690643
63, 0, 9, 253, 230, -0.007730810437351465
63, 0, 10, 265, 196, -0.03240937367081642
63, 0, 11, 285, 204, -0.049618806689977646
63, 0, 12, 297, 217, -0.05738753825426102
63, 0, 13, 239, 232, -0.017254939302802086
63, 0, 14, 252, 205, -0.04079756885766983
63, 0, 15, 274, 213, -0.051112525165081024
63, 0, 16, 289, 224, -0.053438179194927216
63, 0, 17, 225, 238, -0.02773178741335869
63, 0, 18, 242, 220, -0.04678754508495331
63, 0, 19, 261, 222, -0.05407300591468811
63, 0, 20, 276, 226, -0.05602280795574188
63, 1, 0, 0, 0, 0.0
63, 1, 1, 0, 0, 0.0
63, 1, 2, 0, 0, 0.0
63, 1, 3, 0, 0, 0.0
63, 1, 4, 0, 0, 0.0
63, 1, 5, 0, 0, 0.0
63, 1, 6, 0, 0, 0.0
63, 1, 7, 0, 0, 0.0
63, 1, 8, 0, 0, 0.0
63, 1, 9, 0, 0, 0.0
63, 1, 10, 0, 0, 0.0
63, 1, 11, 0, 0, 0.0
63, 1, 12, 0, 0, 0.0
63, 1, 13, 0, 0, 0.0
63, 1, 14, 0, 0, 0.0
63, 1, 15, 0, 0, 0.0
63, 1, 16, 0, 0, 0.0
63, 1, 17, 0, 0, 0.0
63, 1, 18, 0, 0, 0.0
63, 1, 19, 0, 0, 0.0
63, 1, 20, 0, 0, 0.0
64, 0, 0, 237, 310, 1.3864941195151914e-07
64, 0, 1, 263, 294, -0.008059062995016575
64, 0, 2, 280, 268, -0.015219786204397678
64, 0, 3, 294, 249, -0.025471482425928116
64, 0, 4, 304, 230, -0.034818366169929504
64, 0, 5, 265, 232, 0.0008364550303667784
64, 0, 6, 275, 204, -0.020937032997608185
64, 0, 7, 292, 206, -0.03802895173430443
64, 0, 8, 303, 215, -0.04687460884451866
64, 0, 9, 252, 230, -0.005859245080500841
64, 0, 10, 265, 198, -0.03010605275630951
64, 0, 11, 284, 205, -0.046481892466545105
64, 0, 12, 295, 219, -0.053328003734350204
64, 0, 13, 238, 232, -0.015492692589759827
64, 0, 14, 251, 207, -0.03865968808531761
64, 0, 15, 273, 215, -0.04843860864639282
64, 0, 16, 287, 226, -0.05002318322658539
64, 0, 17, 224, 239, -0.02598840370774269
64, 0, 18, 240, 221, -0.04417519271373749
64, 0, 19, 259, 222, -0.050733596086502075
64, 0, 20, 274, 227, -0.05200384929776192
64, 1, 0, 0, 0, 0.0
64, 1, 1, 0, 0, 0.0
64, 1, 2, 0, 0, 0.0
64, 1, 3, 0, 0, 0.0
64, 1, 4, 0, 0, 0.0
64, 1, 5, 0, 0, 0.0
64, 1, 6, 0, 0, 0.0
64, 1, 7, 0, 0, 0.0
64, 1, 8, 0, 0, 0.0
64, 1, 9, 0, 0, 0.0
64, 1, 10, 0, 0, 0.0
64, 1, 11, 0, 0, 0.0
64, 1, 12, 0, 0, 0.0
64, 1, 13, 0, 0, 0.0
64, 1, 14, 0, 0, 0.0
64, 1, 15, 0, 0, 0.0
64, 1, 16, 0, 0, 0.0
64, 1, 17, 0, 0, 0.0
64, 1, 18, 0, 0, 0.0
64, 1, 19, 0, 0, 0.0
64, 1, 20, 0, 0, 0.0
65, 0, 0, 236, 309, 1.474136013257521e-07
65, 0, 1, 261, 293, -0.009616721421480179
65, 0, 2, 278, 268, -0.01794016733765602
65, 0, 3, 291, 249, -0.02921302244067192
65, 0, 4, 301, 230, -0.03956666216254234
65, 0, 5, 263, 231, -5.004844206268899e-05
65, 0, 6, 273, 203, -0.022904198616743088
65, 0, 7, 290, 206, -0.04119949787855148
65, 0, 8, 301, 215, -0.0507933683693409
65, 0, 9, 250, 230, -0.006313244812190533
65, 0, 10, 263, 197, -0.03144398331642151
65, 0, 11, 283, 206, -0.04932308569550514
65, 0, 12, 294, 219, -0.057313598692417145
65, 0, 13, 236, 232, -0.015687305480241776
65, 0, 14, 250, 206, -0.03979107365012169
65, 0, 15, 271, 214, -0.05096331611275673
65, 0, 16, 285, 226, -0.053437504917383194
65, 0, 17, 222, 238, -0.026002956554293633
65, 0, 18, 239, 220, -0.04505544900894165
65, 0, 19, 258, 222, -0.05272502079606056
65, 0, 20, 273, 227, -0.054813116788864136
65, 1, 0, 0, 0, 0.0
65, 1, 1, 0, 0, 0.0
65, 1, 2, 0, 0, 0.0
65, 1, 3, 0, 0, 0.0
65, 1, 4, 0, 0, 0.0
65, 1, 5, 0, 0, 0.0
65, 1, 6, 0, 0, 0.0
65, 1, 7, 0, 0, 0.0
65, 1, 8, 0, 0, 0.0
65, 1, 9, 0, 0, 0.0
65, 1, 10, 0, 0, 0.0
65, 1, 11, 0, 0, 0.0
65, 1, 12, 0, 0, 0.0
65, 1, 13, 0, 0, 0.0
65, 1, 14, 0, 0, 0.0
65, 1, 15, 0, 0, 0.0
65, 1, 16, 0, 0, 0.0
65, 1, 17, 0, 0, 0.0
65, 1, 18, 0, 0, 0.0
65, 1, 19, 0, 0, 0.0
65, 1, 20, 0, 0, 0.0
66, 0, 0, 233, 309, 1.6241261846516863e-07
66, 0, 1, 258, 293, -0.009758440777659416
66, 0, 2, 275, 268, -0.017783107236027718
66, 0, 3, 289, 249, -0.028661014512181282
66, 0, 4, 298, 229, -0.038721099495887756
66, 0, 5, 260, 232, -0.00013954546011518687
66, 0, 6, 270, 204, -0.02209712751209736
66, 0, 7, 287, 206, -0.039746709167957306
66, 0, 8, 299, 214, -0.049077071249485016
66, 0, 9, 247, 231, -0.006097615696489811
66, 0, 10, 259, 198, -0.030486738309264183
66, 0, 11, 278, 205, -0.047832075506448746
66, 0, 12, 290, 217, -0.05556450039148331
66, 0, 13, 233, 233, -0.01508711464703083
66, 0, 14, 245, 206, -0.03882414102554321
66, 0, 15, 266, 214, -0.04966629669070244
66, 0, 16, 280, 226, -0.05189372971653938
66, 0, 17, 219, 239, -0.024996250867843628
66, 0, 18, 234, 220, -0.04371754452586174
66, 0, 19, 253, 221, -0.051014985889196396
66, 0, 20, 268, 226, -0.052856795489788055
66, 1, 0, 0, 0, 0.0
66, 1, 1, 0, 0, 0.0
66, 1, 2, 0, 0, 0.0
66, 1, 3, 0, 0, 0.0
66, 1, 4, 0, 0, 0.0
66, 1, 5, 0, 0, 0.0
66, 1, 6, 0, 0, 0.0
66, 1, 7, 0, 0, 0.0
66, 1, 8, 0, 0, 0.0
66, 1, 9, 0, 0, 0.0
66, 1, 10, 0, 0, 0.0
66, 1, 11, 0, 0, 0.0
66, 1, 12, 0, 0, 0.0
66, 1, 13, 0, 0, 0.0
66, 1, 14, 0, 0, 0.0
66, 1, 15, 0, 0, 0.0
66, 1, 16, 0, 0, 0.0
66, 1, 17, 0, 0, 0.0
66, 1, 18, 0, 0, 0.0
66, 1, 19, 0, 0, 0.0
66, 1, 20, 0, 0, 0.0
67, 0, 0, 230, 308, 1.5730185509710282e-07
67, 0, 1, 255, 292, -0.010373182594776154
67, 0, 2, 272, 267, -0.01873895339667797
67, 0, 3, 285, 248, -0.0295942984521389
67, 0, 4, 294, 228, -0.03957482427358627
67, 0, 5, 257, 233, -0.002014267025515437
67, 0, 6, 266, 204, -0.023721007630228996
67, 0, 7, 283, 206, -0.041017740964889526
67, 0, 8, 293, 215, -0.0501343198120594
67, 0, 9, 244, 232, -0.007435666397213936
67, 0, 10, 254, 197, -0.030925188213586807
67, 0, 11, 273, 204, -0.04760760813951492
67, 0, 12, 284, 217, -0.05524257943034172
67, 0, 13, 230, 234, -0.015812668949365616
67, 0, 14, 240, 205, -0.03836560621857643
67, 0, 15, 260, 212, -0.04842415079474449
67, 0, 16, 274, 224, -0.050687167793512344
67, 0, 17, 215, 241, -0.02517690509557724
67, 0, 18, 229, 221, -0.043374817818403244
67, 0, 19, 247, 221, -0.050524115562438965
67, 0, 20, 261, 226, -0.05256016552448273
67, 1, 0, 0, 0, 0.0
67, 1, 1, 0, 0, 0.0
67, 1, 2, 0, 0, 0.0
67, 1, 3, 0, 0, 0.0
67, 1, 4, 0, 0, 0.0
67, 1, 5, 0, 0, 0.0
67, 1, 6, 0, 0, 0.0
67, 1, 7, 0, 0, 0.0
67, 1, 8, 0, 0, 0.0
67, 1, 9, 0, 0, 0.0
67, 1, 10, 0, 0, 0.0
67, 1, 11, 0, 0, 0.0
67, 1, 12, 0, 0, 0.0
67, 1, 13, 0, 0, 0.0
67, 1, 14, 0, 0, 0.0
67, 1, 15, 0, 0, 0.0
67, 1, 16, 0, 0, 0.0
67, 1, 17, 0, 0, 0.0
67, 1, 18, 0, 0, 0.0
67, 1, 19, 0, 0, 0.0
67, 1, 20, 0, 0, 0.0
68, 0, 0, 226, 309, 1.611292930192576e-07
68, 0, 1, 250, 294, -0.010140051133930683
68, 0, 2, 268, 268, -0.017493296414613724
68, 0, 3, 281, 249, -0.02728826366364956
68, 0, 4, 289, 228, -0.03641030937433243
68, 0, 5, 253, 233, -0.0009004991734400392
68, 0, 6, 262, 206, -0.021372418850660324
68, 0, 7, 277, 207, -0.037854038178920746
68, 0, 8, 289, 215, -0.046650007367134094
68, 0, 9, 240, 232, -0.006247686687856913
68, 0, 10, 249, 198, -0.028438091278076172
68, 0, 11, 267, 203, -0.04431576281785965
68, 0, 12, 279, 216, -0.051532499492168427
68, 0, 13, 226, 235, -0.014516717754304409
68, 0, 14, 234, 206, -0.036468058824539185
68, 0, 15, 255, 213, -0.04614405333995819
68, 0, 16, 269, 224, -0.04821644350886345
68, 0, 17, 211, 242, -0.02376062236726284
68, 0, 18, 224, 221, -0.04178156331181526
68, 0, 19, 242, 222, -0.04853212833404541
68, 0, 20, 256, 227, -0.05023226886987686
68, 1, 0, 0, 0, 0.0
68, 1, 1, 0, 0, 0.0
68, 1, 2, 0, 0, 0.0
68, 1, 3, 0, 0, 0.0
68, 1, 4, 0, 0, 0.0
68, 1, 5, 0, 0, 0.0
68, 1, 6, 0, 0, 0.0
68, 1, 7, 0, 0, 0.0
68, 1, 8, 0, 0, 0.0
68, 1, 9, 0, 0, 0.0
68, 1, 10, 0, 0, 0.0
68, 1, 11, 0, 0, 0.0
68, 1, 12, 0, 0, 0.0
68, 1, 13, 0, 0, 0.0
68, 1, 14, 0, 0, 0.0
68, 1, 15, 0, 0, 0.0
68, 1, 16, 0, 0, 0.0
68, 1, 17, 0, 0, 0.0
68, 1, 18, 0, 0, 0.0
68, 1, 19, 0, 0, 0.0
68, 1, 20, 0, 0, 0.0
69, 0, 0, 222, 309, 1.5208735248961602e-07
69, 0, 1, 248, 294, -0.009530256502330303
69, 0, 2, 265, 269, -0.016390280798077583
69, 0, 3, 279, 249, -0.026007981970906258
69, 0, 4, 285, 227, -0.03491296246647835
69, 0, 5, 249, 234, 0.0020297933369874954
69, 0, 6, 258, 207, -0.018406815826892853
69, 0, 7, 273, 208, -0.03531457856297493
69, 0, 8, 284, 216, -0.044256459921598434
69, 0, 9, 236, 233, -0.0036365275736898184
69, 0, 10, 245, 198, -0.02581082470715046
69, 0, 11, 263, 203, -0.04247318580746651
69, 0, 12, 275, 216, -0.05013679713010788
69, 0, 13, 222, 235, -0.012373216450214386
69, 0, 14, 231, 207, -0.034595686942338943
69, 0, 15, 251, 214, -0.04513576254248619
69, 0, 16, 264, 225, -0.04758269339799881
69, 0, 17, 208, 242, -0.022020744159817696
69, 0, 18, 220, 222, -0.04001631215214729
69, 0, 19, 238, 222, -0.04701467603445053
69, 0, 20, 252, 228, -0.04887494817376137
69, 1, 0, 0, 0, 0.0
69, 1, 1, 0, 0, 0.0
69, 1, 2, 0, 0, 0.0
69, 1, 3, 0, 0, 0.0
69, 1, 4, 0, 0, 0.0
69, 1, 5, 0, 0, 0.0
69, 1, 6, 0, 0, 0.0
69, 1, 7, 0, 0, 0.0
69, 1, 8, 0, 0, 0.0
69, 1, 9, 0, 0, 0.0
69, 1, 10, 0, 0, 0.0
69, 1, 11, 0, 0, 0.0
69, 1, 12, 0, 0, 0.0
69, 1, 13, 0, 0, 0.0
69, 1, 14, 0, 0, 0.0
69, 1, 15, 0, 0, 0.0
69, 1, 16, 0, 0, 0.0
69, 1, 17, 0, 0, 0.0
69, 1, 18, 0, 0, 0.0
69, 1, 19, 0, 0, 0.0
69, 1, 20, 0, 0, 0.0
70, 0, 0, 219, 309, 9.311572313208671e-08
70, 0, 1, 245, 294, -0.006847712676972151
70, 0, 2, 263, 269, -0.013173212297260761
70, 0, 3, 276, 250, -0.02278759330511093
70, 0, 4, 283, 229, -0.03163602203130722
70, 0, 5, 247, 235, 0.002542709931731224
70, 0, 6, 257, 207, -0.01768234372138977
70, 0, 7, 272, 211, -0.03428734466433525
70, 0, 8, 280, 221, -0.042833369225263596
70, 0, 9, 234, 234, -0.00433215731754899
70, 0, 10, 244, 198, -0.02574503794312477
70, 0, 11, 262, 206, -0.04189226031303406
70, 0, 12, 271, 220, -0.049559541046619415
70, 0, 13, 220, 236, -0.013960081152617931
70, 0, 14, 228, 206, -0.03551775589585304
70, 0, 15, 248, 215, -0.045677028596401215
70, 0, 16, 259, 229, -0.04822153598070145
70, 0, 17, 206, 242, -0.024204961955547333
70, 0, 18, 219, 221, -0.042358994483947754
70, 0, 19, 237, 224, -0.04937050864100456
70, 0, 20, 249, 231, -0.05142982676625252
70, 1, 0, 0, 0, 0.0
70, 1, 1, 0, 0, 0.0
70, 1, 2, 0, 0, 0.0
70, 1, 3, 0, 0, 0.0
70, 1, 4, 0, 0, 0.0
70, 1, 5, 0, 0, 0.0
70, 1, 6, 0, 0, 0.0
70, 1, 7, 0, 0, 0.0
70, 1, 8, 0, 0, 0.0
70, 1, 9, 0, 0, 0.0
70, 1, 10, 0, 0, 0.0
70, 1, 11, 0, 0, 0.0
70, 1, 12, 0, 0, 0.0
70, 1, 13, 0, 0, 0.0
70, 1, 14, 0, 0, 0.0
70, 1, 15, 0, 0, 0.0
70, 1, 16, 0, 0, 0.0
70, 1, 17, 0, 0, 0.0
70, 1, 18, 0, 0, 0.0
70, 1, 19, 0, 0, 0.0
70, 1, 20, 0, 0, 0.0
71, 0, 0, 220, 310, -4.649401574852163e-08
71, 0, 1, 245, 295, -0.005198470316827297
71, 0, 2, 262, 269, -0.011740157380700111
71, 0, 3, 275, 249, -0.021787447854876518
71, 0, 4, 282, 230, -0.030303996056318283
71, 0, 5, 246, 235, -0.0012106855865567923
71, 0, 6, 257, 203, -0.021269112825393677
71, 0, 7, 270, 215, -0.035447753965854645
71, 0, 8, 270, 229, -0.041521988809108734
71, 0, 9, 233, 235, -0.008918948471546173
71, 0, 10, 244, 198, -0.027859464287757874
71, 0, 11, 261, 214, -0.03946300595998764
71, 0, 12, 263, 231, -0.04409284517168999
71, 0, 13, 219, 238, -0.018975796177983284
71, 0, 14, 229, 205, -0.03888067603111267
71, 0, 15, 249, 222, -0.04393283277750015
71, 0, 16, 254, 239, -0.04291984811425209
71, 0, 17, 205, 244, -0.02933288738131523
71, 0, 18, 219, 220, -0.04627528041601181
71, 0, 19, 237, 230, -0.04853415861725807
71, 0, 20, 244, 243, -0.04692111909389496
71, 1, 0, 0, 0, 0.0
71, 1, 1, 0, 0, 0.0
71, 1, 2, 0, 0, 0.0
71, 1, 3, 0, 0, 0.0
71, 1, 4, 0, 0, 0.0
71, 1, 5, 0, 0, 0.0
71, 1, 6, 0, 0, 0.0
71, 1, 7, 0, 0, 0.0
71, 1, 8, 0, 0, 0.0
71, 1, 9, 0, 0, 0.0
71, 1, 10, 0, 0, 0.0
71, 1, 11, 0, 0, 0.0
71, 1, 12, 0, 0, 0.0
71, 1, 13, 0, 0, 0.0
71, 1, 14, 0, 0, 0.0
71, 1, 15, 0, 0, 0.0
71, 1, 16, 0, 0, 0.0
71, 1, 17, 0, 0, 0.0
71, 1, 18, 0, 0, 0.0
71, 1, 19, 0, 0, 0.0
71, 1, 20, 0, 0, 0.0
72, 0, 0, 220, 310, -5.992013996092282e-08
72, 0, 1, 245, 295, -0.003803822211921215
72, 0, 2, 261, 269, -0.009924571961164474
72, 0, 3, 275, 249, -0.019931955263018608
72, 0, 4, 278, 229, -0.02823449671268463
72, 0, 5, 246, 235, -0.0011423688847571611
72, 0, 6, 252, 201, -0.020155131816864014
72, 0, 7, 267, 211, -0.03182287514209747
72, 0, 8, 269, 226, -0.03615640848875046
72, 0, 9, 234, 236, -0.00982582289725542
72, 0, 10, 241, 198, -0.02872205339372158
72, 0, 11, 259, 216, -0.038329146802425385
72, 0, 12, 260, 233, -0.041295524686574936
72, 0, 13, 220, 239, -0.020716961473226547
72, 0, 14, 228, 206, -0.04050615429878235
72, 0, 15, 248, 225, -0.042736299335956573
72, 0, 16, 251, 243, -0.0396595224738121
72, 0, 17, 205, 245, -0.03190663084387779
72, 0, 18, 218, 221, -0.04870443791151047
72, 0, 19, 236, 232, -0.04890811815857887
72, 0, 20, 240, 248, -0.04566951096057892
72, 1, 0, 0, 0, 0.0
72, 1, 1, 0, 0, 0.0
72, 1, 2, 0, 0, 0.0
72, 1, 3, 0, 0, 0.0
72, 1, 4, 0, 0, 0.0
72, 1, 5, 0, 0, 0.0
72, 1, 6, 0, 0, 0.0
72, 1, 7, 0, 0, 0.0
72, 1, 8, 0, 0, 0.0
72, 1, 9, 0, 0, 0.0
72, 1, 10, 0, 0, 0.0
72, 1, 11, 0, 0, 0.0
72, 1, 12, 0, 0, 0.0
72, 1, 13, 0, 0, 0.0
72, 1, 14, 0, 0, 0.0
72, 1, 15, 0, 0, 0.0
72, 1, 16, 0, 0, 0.0
72, 1, 17, 0, 0, 0.0
72, 1, 18, 0, 0, 0.0
72, 1, 19, 0, 0, 0.0
72, 1, 20, 0, 0, 0.0
73, 0, 0, 221, 312, -2.310378590664186e-07
73, 0, 1, 246, 296, -0.005063027609139681
73, 0, 2, 262, 269, -0.011113116517663002
73, 0, 3, 273, 248, -0.020294735208153725
73, 0, 4, 272, 227, -0.02669677324593067
73, 0, 5, 249, 235, -0.0034264319110661745
73, 0, 6, 257, 203, -0.02189861796796322
73, 0, 7, 267, 224, -0.031675536185503006
73, 0, 8, 263, 240, -0.03466732054948807
73, 0, 9, 237, 236, -0.01123039796948433
73, 0, 10, 246, 201, -0.028742004185914993
73, 0, 11, 258, 228, -0.03589054197072983
73, 0, 12, 252, 245, -0.03716415539383888
73, 0, 13, 222, 239, -0.021062390878796577
73, 0, 14, 231, 209, -0.03920959681272507
73, 0, 15, 246, 233, -0.03680567070841789
73, 0, 16, 243, 250, -0.030781036242842674
73, 0, 17, 206, 246, -0.031272806227207184
73, 0, 18, 219, 222, -0.045699816197156906
73, 0, 19, 234, 238, -0.041296668350696564
73, 0, 20, 233, 253, -0.034781355410814285
73, 1, 0, 0, 0, 0.0
73, 1, 1, 0, 0, 0.0
73, 1, 2, 0, 0, 0.0
73, 1, 3, 0, 0, 0.0
73, 1, 4, 0, 0, 0.0
73, 1, 5, 0, 0, 0.0
73, 1, 6, 0, 0, 0.0
73, 1, 7, 0, 0, 0.0
73, 1, 8, 0, 0, 0.0
73, 1, 9, 0, 0, 0.0
73, 1, 10, 0, 0, 0.0
73, 1, 11, 0, 0, 0.0
73, 1, 12, 0, 0, 0.0
73, 1, 13, 0, 0, 0.0
73, 1, 14, 0, 0, 0.0
73, 1, 15, 0, 0, 0.0
73, 1, 16, 0, 0, 0.0
73, 1, 17, 0, 0, 0.0
73, 1, 18, 0, 0, 0.0
73, 1, 19, 0, 0, 0.0
73, 1, 20, 0, 0, 0.0
74, 0, 0, 219, 313, -2.345279455084892e-07
74, 0, 1, 248, 296, -0.0032407576218247414
74, 0, 2, 264, 269, -0.007824727334082127
74, 0, 3, 273, 245, -0.016043001785874367
74, 0, 4, 265, 229, -0.02150629833340645
74, 0, 5, 249, 236, 0.0030148690566420555
74, 0, 6, 258, 206, -0.01571347750723362
74, 0, 7, 266, 226, -0.026265503838658333
74, 0, 8, 262, 241, -0.029702726751565933
74, 0, 9, 237, 236, -0.0051972521468997
74, 0, 10, 247, 206, -0.02387429215013981
74, 0, 11, 255, 232, -0.02996111288666725
74, 0, 12, 247, 247, -0.02961556240916252
74, 0, 13, 222, 239, -0.015880264341831207
74, 0, 14, 234, 212, -0.03521828353404999
74, 0, 15, 244, 237, -0.030664388090372086
74, 0, 16, 238, 252, -0.022258413955569267
74, 0, 17, 205, 245, -0.02697565406560898
74, 0, 18, 221, 224, -0.04099103435873985
74, 0, 19, 232, 241, -0.034674085676670074
74, 0, 20, 230, 254, -0.026227140799164772
74, 1, 0, 0, 0, 0.0
74, 1, 1, 0, 0, 0.0
74, 1, 2, 0, 0, 0.0
74, 1, 3, 0, 0, 0.0
74, 1, 4, 0, 0, 0.0
74, 1, 5, 0, 0, 0.0
74, 1, 6, 0, 0, 0.0
74, 1, 7, 0, 0, 0.0
74, 1, 8, 0, 0, 0.0
74, 1, 9, 0, 0, 0.0
74, 1, 10, 0, 0, 0.0
74, 1, 11, 0, 0, 0.0
74, 1, 12, 0, 0, 0.0
74, 1, 13, 0, 0, 0.0
74, 1, 14, 0, 0, 0.0
74, 1, 15, 0, 0, 0.0
74, 1, 16, 0, 0, 0.0
74, 1, 17, 0, 0, 0.0
74, 1, 18, 0, 0, 0.0
74, 1, 19, 0, 0, 0.0
74, 1, 20, 0, 0, 0.0
75, 0, 0, 219, 314, -1.9810448748103227e-07
75, 0, 1, 248, 296, -0.00530075142160058
75, 0, 2, 265, 269, -0.010956458747386932
75, 0, 3, 273, 244, -0.019555527716875076
75, 0, 4, 261, 231, -0.02518364228308201
75, 0, 5, 250, 236, 0.0018668294651433825
75, 0, 6, 260, 208, -0.01587708108127117
75, 0, 7, 268, 227, -0.02542033977806568
75, 0, 8, 263, 242, -0.028544139117002487
75, 0, 9, 237, 236, -0.00537858996540308
75, 0, 10, 247, 207, -0.02272152341902256
75, 0, 11, 254, 233, -0.02792808599770069
75, 0, 12, 246, 246, -0.027325129136443138
75, 0, 13, 222, 240, -0.015103376470506191
75, 0, 14, 233, 213, -0.03416651859879494
75, 0, 15, 243, 238, -0.029107773676514626
75, 0, 16, 237, 251, -0.020556356757879257
75, 0, 17, 205, 246, -0.025353282690048218
75, 0, 18, 221, 225, -0.039186928421258926
75, 0, 19, 232, 242, -0.0324384942650795
75, 0, 20, 228, 255, -0.023859471082687378
75, 1, 0, 0, 0, 0.0
75, 1, 1, 0, 0, 0.0
75, 1, 2, 0, 0, 0.0
75, 1, 3, 0, 0, 0.0
75, 1, 4, 0, 0, 0.0
75, 1, 5, 0, 0, 0.0
75, 1, 6, 0, 0, 0.0
75, 1, 7, 0, 0, 0.0
75, 1, 8, 0, 0, 0.0
75, 1, 9, 0, 0, 0.0
75, 1, 10, 0, 0, 0.0
75, 1, 11, 0, 0, 0.0
75, 1, 12, 0, 0, 0.0
75, 1, 13, 0, 0, 0.0
75, 1, 14, 0, 0, 0.0
75, 1, 15, 0, 0, 0.0
75, 1, 16, 0, 0, 0.0
75, 1, 17, 0, 0, 0.0
75, 1, 18, 0, 0, 0.0
75, 1, 19, 0, 0, 0.0
75, 1, 20, 0, 0, 0.0
76, 0, 0, 220, 314, -2.157573106842392e-07
76, 0, 1, 249, 297, -0.0055678971111774445
76, 0, 2, 266, 269, -0.010936753824353218
76, 0, 3, 273, 243, -0.019174566492438316
76, 0, 4, 259, 233, -0.024307843297719955
76, 0, 5, 251, 237, 0.0024609670508652925
76, 0, 6, 261, 209, -0.015569527633488178
76, 0, 7, 267, 230, -0.02553298883140087
76, 0, 8, 262, 244, -0.029125604778528214
76, 0, 9, 237, 237, -0.004717763047665358
76, 0, 10, 248, 209, -0.022395145148038864
76, 0, 11, 254, 236, -0.02777903340756893
76, 0, 12, 246, 248, -0.027289405465126038
76, 0, 13, 222, 240, -0.014450517483055592
76, 0, 14, 234, 214, -0.03388728201389313
76, 0, 15, 242, 240, -0.02833622321486473
76, 0, 16, 236, 253, -0.019395189359784126
76, 0, 17, 205, 246, -0.02470370940864086
76, 0, 18, 221, 226, -0.038160085678100586
76, 0, 19, 231, 244, -0.030612871050834656
76, 0, 20, 227, 256, -0.021548563614487648
76, 1, 0, 0, 0, 0.0
76, 1, 1, 0, 0, 0.0
76, 1, 2, 0, 0, 0.0
76, 1, 3, 0, 0, 0.0
76, 1, 4, 0, 0, 0.0
76, 1, 5, 0, 0, 0.0
76, 1, 6, 0, 0, 0.0
76, 1, 7, 0, 0, 0.0
76, 1, 8, 0, 0, 0.0
76, 1, 9, 0, 0, 0.0
76, 1, 10, 0, 0, 0.0
76, 1, 11, 0, 0, 0.0
76, 1, 12, 0, 0, 0.0
76, 1, 13, 0, 0, 0.0
76, 1, 14, 0, 0, 0.0
76, 1, 15, 0, 0, 0.0
76, 1, 16, 0, 0, 0.0
76, 1, 17, 0, 0, 0.0
76, 1, 18, 0, 0, 0.0
76, 1, 19, 0, 0, 0.0
76, 1, 20, 0, 0, 0.0
77, 0, 0, 219, 315, -2.3583491781664634e-07
77, 0, 1, 249, 298, -0.005605731625109911
77, 0, 2, 265, 269, -0.010496322065591812
77, 0, 3, 272, 244, -0.018053647130727768
77, 0, 4, 258, 234, -0.02252403274178505
77, 0, 5, 251, 238, 0.0014865472912788391
77, 0, 6, 261, 210, -0.015831705182790756
77, 0, 7, 267, 233, -0.02550681121647358
77, 0, 8, 260, 246, -0.0294529739767313
77, 0, 9, 238, 238, -0.005639656446874142
77, 0, 10, 248, 210, -0.02243555709719658
77, 0, 11, 254, 237, -0.02730424888432026
77, 0, 12, 245, 248, -0.026892276480793953
77, 0, 13, 222, 241, -0.015170048922300339
77, 0, 14, 233, 215, -0.03360018506646156
77, 0, 15, 242, 241, -0.02771840989589691
77, 0, 16, 235, 253, -0.01903032511472702
77, 0, 17, 204, 247, -0.0252226609736681
77, 0, 18, 220, 226, -0.03798564895987511
77, 0, 19, 230, 244, -0.030134297907352448
77, 0, 20, 227, 256, -0.021177761256694794
77, 1, 0, 0, 0, 0.0
77, 1, 1, 0, 0, 0.0
77, 1, 2, 0, 0, 0.0
77, 1, 3, 0, 0, 0.0
77, 1, 4, 0, 0, 0.0
77, 1, 5, 0, 0, 0.0
77, 1, 6, 0, 0, 0.0
77, 1, 7, 0, 0, 0.0
77, 1, 8, 0, 0, 0.0
77, 1, 9, 0, 0, 0.0
77, 1, 10, 0, 0, 0.0
77, 1, 11, 0, 0, 0.0
77, 1, 12, 0, 0, 0.0
77, 1, 13, 0, 0, 0.0
77, 1, 14, 0, 0, 0.0
77, 1, 15, 0, 0, 0.0
77, 1, 16, 0, 0, 0.0
77, 1, 17, 0, 0, 0.0
77, 1, 18, 0, 0, 0.0
77, 1, 19, 0, 0, 0.0
77, 1, 20, 0, 0, 0.0
78, 0, 0, 219, 317, -2.3580513186516328e-07
78, 0, 1, 249, 300, -0.005961545277386904
78, 0, 2, 265, 269, -0.01019324641674757
78, 0, 3, 271, 243, -0.016857504844665527
78, 0, 4, 255, 236, -0.020668281242251396
78, 0, 5, 250, 238, 0.0014652577228844166
78, 0, 6, 260, 211, -0.014690877869725227
78, 0, 7, 265, 234, -0.024321341887116432
78, 0, 8, 259, 247, -0.028947098180651665
78, 0, 9, 237, 238, -0.00547942565754056
78, 0, 10, 246, 209, -0.02092144824564457
78, 0, 11, 252, 236, -0.025488246232271194
78, 0, 12, 245, 248, -0.025177059695124626
78, 0, 13, 222, 241, -0.01472889631986618
78, 0, 14, 231, 214, -0.032268013805150986
78, 0, 15, 241, 240, -0.02655763179063797
78, 0, 16, 235, 252, -0.018191520124673843
78, 0, 17, 204, 247, -0.02458444982767105
78, 0, 18, 218, 225, -0.03738401457667351
78, 0, 19, 229, 242, -0.030097246170043945
78, 0, 20, 226, 255, -0.0217189509421587
78, 1, 0, 0, 0, 0.0
78, 1, 1, 0, 0, 0.0
78, 1, 2, 0, 0, 0.0
78, 1, 3, 0, 0, 0.0
78, 1, 4, 0, 0, 0.0
78, 1, 5, 0, 0, 0.0
78, 1, 6, 0, 0, 0.0
78, 1, 7, 0, 0, 0.0
78, 1, 8, 0, 0, 0.0
78, 1, 9, 0, 0, 0.0
78, 1, 10, 0, 0, 0.0
78, 1, 11, 0, 0, 0.0
78, 1, 12, 0, 0, 0.0
78, 1, 13, 0, 0, 0.0
78, 1, 14, 0, 0, 0.0
78, 1, 15, 0, 0, 0.0
78, 1, 16, 0, 0, 0.0
78, 1, 17, 0, 0, 0.0
78, 1, 18, 0, 0, 0.0
78, 1, 19, 0, 0, 0.0
78, 1, 20, 0, 0, 0.0
79, 0, 0, 220, 315, -1.2704356322501553e-07
79, 0, 1, 248, 301, -0.007222515996545553
79, 0, 2, 264, 271, -0.011892654933035374
79, 0, 3, 267, 244, -0.01865702122449875
79, 0, 4, 249, 238, -0.02260282263159752
79, 0, 5, 247, 236, 4.095537224202417e-05
79, 0, 6, 254, 205, -0.015890397131443024
79, 0, 7, 262, 223, -0.026420654729008675
79, 0, 8, 258, 237, -0.03143945708870888
79, 0, 9, 234, 236, -0.006398123223334551
79, 0, 10, 237, 201, -0.02215421013534069
79, 0, 11, 249, 224, -0.02798948623239994
79, 0, 12, 246, 239, -0.028135009109973907
79, 0, 13, 220, 240, -0.01517166942358017
79, 0, 14, 224, 208, -0.032392390072345734
79, 0, 15, 238, 231, -0.02845274843275547
79, 0, 16, 236, 246, -0.021232586354017258
79, 0, 17, 204, 247, -0.02483549527823925
79, 0, 18, 216, 224, -0.03848328813910484
79, 0, 19, 228, 239, -0.03351747617125511
79, 0, 20, 225, 253, -0.026836354285478592
79, 1, 0, 0, 0, 0.0
79, 1, 1, 0, 0, 0.0
79, 1, 2, 0, 0, 0.0
79, 1, 3, 0, 0, 0.0
79, 1, 4, 0, 0, 0.0
79, 1, 5, 0, 0, 0.0
79, 1, 6, 0, 0, 0.0
79, 1, 7, 0, 0, 0.0
79, 1, 8, 0, 0, 0.0
79, 1, 9, 0, 0, 0.0
79, 1, 10, 0, 0, 0.0
79, 1, 11, 0, 0, 0.0
79, 1, 12, 0, 0, 0.0
79, 1, 13, 0, 0, 0.0
79, 1, 14, 0, 0, 0.0
79, 1, 15, 0, 0, 0.0
79, 1, 16, 0, 0, 0.0
79, 1, 17, 0, 0, 0.0
79, 1, 18, 0, 0, 0.0
79, 1, 19, 0, 0, 0.0
79, 1, 20, 0, 0, 0.0
80, 0, 0, 219, 314, -8.446572508091776e-08
80, 0, 1, 247, 302, -0.008438431657850742
80, 0, 2, 264, 272, -0.013896141201257706
80, 0, 3, 266, 247, -0.02083798311650753
80, 0, 4, 249, 241, -0.024776186794042587
80, 0, 5, 245, 234, -0.003771236864849925
80, 0, 6, 250, 200, -0.02142990194261074
80, 0, 7, 261, 215, -0.03345935791730881
80, 0, 8, 260, 231, -0.03921057656407356
80, 0, 9, 231, 234, -0.010145866312086582
80, 0, 10, 231, 194, -0.026791399344801903
80, 0, 11, 248, 214, -0.03510195016860962
80, 0, 12, 248, 230, -0.037734393030405045
80, 0, 13, 217, 239, -0.018928907811641693
80, 0, 14, 219, 205, -0.03665884584188461
80, 0, 15, 238, 223, -0.0379660502076149
80, 0, 16, 239, 237, -0.03538801521062851
80, 0, 17, 203, 248, -0.028560277074575424
80, 0, 18, 215, 224, -0.04295109584927559
80, 0, 19, 228, 237, -0.04228084534406662
80, 0, 20, 225, 250, -0.03983113169670105
80, 1, 0, 0, 0, 0.0
80, 1, 1, 0, 0, 0.0
80, 1, 2, 0, 0, 0.0
80, 1, 3, 0, 0, 0.0
80, 1, 4, 0, 0, 0.0
80, 1, 5, 0, 0, 0.0
80, 1, 6, 0, 0, 0.0
80, 1, 7, 0, 0, 0.0
80, 1, 8, 0, 0, 0.0
80, 1, 9, 0, 0, 0.0
80, 1, 10, 0, 0, 0.0
80, 1, 11, 0, 0, 0.0
80, 1, 12, 0, 0, 0.0
80, 1, 13, 0, 0, 0.0
80, 1, 14, 0, 0, 0.0
80, 1, 15, 0, 0, 0.0
80, 1, 16, 0, 0, 0.0
80, 1, 17, 0, 0, 0.0
80, 1, 18, 0, 0, 0.0
80, 1, 19, 0, 0, 0.0
80, 1, 20, 0, 0, 0.0
81, 0, 0, 219, 313, -8.854100030930567e-08
81, 0, 1, 246, 301, -0.0070851338095963
81, 0, 2, 262, 272, -0.012672129087150097
81, 0, 3, 265, 248, -0.019882969558238983
81, 0, 4, 248, 242, -0.024120502173900604
81, 0, 5, 246, 233, -0.007037095259875059
81, 0, 6, 251, 199, -0.024596842005848885
81, 0, 7, 262, 211, -0.034724391996860504
81, 0, 8, 259, 228, -0.03829927369952202
81, 0, 9, 230, 234, -0.014187933877110481
81, 0, 10, 229, 190, -0.030173787847161293
81, 0, 11, 245, 206, -0.03606550395488739
81, 0, 12, 247, 223, -0.036820799112319946
81, 0, 13, 216, 239, -0.023342372849583626
81, 0, 14, 219, 204, -0.0411018505692482
81, 0, 15, 237, 222, -0.04054289311170578
81, 0, 16, 238, 237, -0.036504071205854416
81, 0, 17, 202, 248, -0.033194564282894135
81, 0, 18, 216, 226, -0.047419026494026184
81, 0, 19, 228, 239, -0.04527730867266655
81, 0, 20, 224, 253, -0.04158719629049301
81, 1, 0, 0, 0, 0.0
81, 1, 1, 0, 0, 0.0
81, 1, 2, 0, 0, 0.0
81, 1, 3, 0, 0, 0.0
81, 1, 4, 0, 0, 0.0
81, 1, 5, 0, 0, 0.0
81, 1, 6, 0, 0, 0.0
81, 1, 7, 0, 0, 0.0
81, 1, 8, 0, 0, 0.0
81, 1, 9, 0, 0, 0.0
81, 1, 10, 0, 0, 0.0
81, 1, 11, 0, 0, 0.0
81, 1, 12, 0, 0, 0.0
81, 1, 13, 0, 0, 0.0
81, 1, 14, 0, 0, 0.0
81, 1, 15, 0, 0, 0.0
81, 1, 16, 0, 0, 0.0
81, 1, 17, 0, 0, 0.0
81, 1, 18, 0, 0, 0.0
81, 1, 19, 0, 0, 0.0
81, 1, 20, 0, 0, 0.0
82, 0, 0, 218, 313, -7.499426857293656e-09
82, 0, 1, 245, 301, -0.007774674333631992
82, 0, 2, 262, 271, -0.014199431985616684
82, 0, 3, 266, 246, -0.02215026691555977
82, 0, 4, 249, 242, -0.02635015919804573
82, 0, 5, 247, 231, -0.009866807609796524
82, 0, 6, 250, 199, -0.02721383236348629
82, 0, 7, 262, 207, -0.03439516946673393
82, 0, 8, 260, 225, -0.035652391612529755
82, 0, 9, 231, 232, -0.017672264948487282
82, 0, 10, 227, 186, -0.03538322076201439
82, 0, 11, 246, 196, -0.04015255719423294
82, 0, 12, 249, 213, -0.03984629362821579
82, 0, 13, 216, 237, -0.02731785736978054
82, 0, 14, 221, 202, -0.04764777421951294
82, 0, 15, 239, 222, -0.04465144872665405
82, 0, 16, 239, 238, -0.03840043395757675
82, 0, 17, 202, 247, -0.037826910614967346
82, 0, 18, 218, 229, -0.054918207228183746
82, 0, 19, 229, 243, -0.052505817264318466
82, 0, 20, 224, 257, -0.04796585813164711
82, 1, 0, 0, 0, 0.0
82, 1, 1, 0, 0, 0.0
82, 1, 2, 0, 0, 0.0
82, 1, 3, 0, 0, 0.0
82, 1, 4, 0, 0, 0.0
82, 1, 5, 0, 0, 0.0
82, 1, 6, 0, 0, 0.0
82, 1, 7, 0, 0, 0.0
82, 1, 8, 0, 0, 0.0
82, 1, 9, 0, 0, 0.0
82, 1, 10, 0, 0, 0.0
82, 1, 11, 0, 0, 0.0
82, 1, 12, 0, 0, 0.0
82, 1, 13, 0, 0, 0.0
82, 1, 14, 0, 0, 0.0
82, 1, 15, 0, 0, 0.0
82, 1, 16, 0, 0, 0.0
82, 1, 17, 0, 0, 0.0
82, 1, 18, 0, 0, 0.0
82, 1, 19, 0, 0, 0.0
82, 1, 20, 0, 0, 0.0
83, 0, 0, 217, 314, 9.694149838423982e-08
83, 0, 1, 243, 302, -0.007083558943122625
83, 0, 2, 262, 273, -0.012912984006106853
83, 0, 3, 267, 248, -0.02144728973507881
83, 0, 4, 250, 243, -0.026800425723195076
83, 0, 5, 248, 231, -0.0027086646296083927
83, 0, 6, 253, 199, -0.022552143782377243
83, 0, 7, 264, 199, -0.03338039293885231
83, 0, 8, 265, 212, -0.036700114607810974
83, 0, 9, 232, 230, -0.011317011900246143
83, 0, 10, 226, 184, -0.03191389515995979
83, 0, 11, 243, 185, -0.038880426436662674
83, 0, 12, 249, 199, -0.039047058671712875
83, 0, 13, 216, 236, -0.022507332265377045
83, 0, 14, 222, 204, -0.04515989124774933
83, 0, 15, 240, 222, -0.04201814904808998
83, 0, 16, 243, 238, -0.033866070210933685
83, 0, 17, 202, 247, -0.034714508801698685
83, 0, 18, 218, 230, -0.05191600322723389
83, 0, 19, 230, 244, -0.04872218891978264
83, 0, 20, 227, 258, -0.0424589142203331
83, 1, 0, 0, 0, 0.0
83, 1, 1, 0, 0, 0.0
83, 1, 2, 0, 0, 0.0
83, 1, 3, 0, 0, 0.0
83, 1, 4, 0, 0, 0.0
83, 1, 5, 0, 0, 0.0
83, 1, 6, 0, 0, 0.0
83, 1, 7, 0, 0, 0.0
83, 1, 8, 0, 0, 0.0
83, 1, 9, 0, 0, 0.0
83, 1, 10, 0, 0, 0.0
83, 1, 11, 0, 0, 0.0
83, 1, 12, 0, 0, 0.0
83, 1, 13, 0, 0, 0.0
83, 1, 14, 0, 0, 0.0
83, 1, 15, 0, 0, 0.0
83, 1, 16, 0, 0, 0.0
83, 1, 17, 0, 0, 0.0
83, 1, 18, 0, 0, 0.0
83, 1, 19, 0, 0, 0.0
83, 1, 20, 0, 0, 0.0
84, 0, 0, 217, 313, 2.388469226843881e-07
84, 0, 1, 242, 301, -0.00997367687523365
84, 0, 2, 261, 274, -0.01594560034573078
84, 0, 3, 267, 249, -0.024720288813114166
84, 0, 4, 253, 243, -0.03058501146733761
84, 0, 5, 251, 230, -0.0013666769955307245
84, 0, 6, 259, 201, -0.020290067419409752
84, 0, 7, 267, 192, -0.03175511583685875
84, 0, 8, 272, 197, -0.03649987280368805
84, 0, 9, 232, 229, -0.008643100969493389
84, 0, 10, 227, 187, -0.028708206489682198
84, 0, 11, 238, 173, -0.03622319921851158
84, 0, 12, 248, 172, -0.03837728872895241
84, 0, 13, 216, 236, -0.019134966656565666
84, 0, 14, 224, 206, -0.04359244555234909
84, 0, 15, 239, 222, -0.040538299828767776
84, 0, 16, 246, 239, -0.03186419606208801
84, 0, 17, 202, 249, -0.03102291002869606
84, 0, 18, 219, 233, -0.04997186362743378
84, 0, 19, 229, 245, -0.04750360921025276
84, 0, 20, 230, 258, -0.04110902547836304
84, 1, 0, 0, 0, 0.0
84, 1, 1, 0, 0, 0.0
84, 1, 2, 0, 0, 0.0
84, 1, 3, 0, 0, 0.0
84, 1, 4, 0, 0, 0.0
84, 1, 5, 0, 0, 0.0
84, 1, 6, 0, 0, 0.0
84, 1, 7, 0, 0, 0.0
84, 1, 8, 0, 0, 0.0
84, 1, 9, 0, 0, 0.0
84, 1, 10, 0, 0, 0.0
84, 1, 11, 0, 0, 0.0
84, 1, 12, 0, 0, 0.0
84, 1, 13, 0, 0, 0.0
84, 1, 14, 0, 0, 0.0
84, 1, 15, 0, 0, 0.0
84, 1, 16, 0, 0, 0.0
84, 1, 17, 0, 0, 0.0
84, 1, 18, 0, 0, 0.0
84, 1, 19, 0, 0, 0.0
84, 1, 20, 0, 0, 0.0
85, 0, 0, 216, 310, 3.724623525158677e-07
85, 0, 1, 242, 300, -0.011743315495550632
85, 0, 2, 262, 275, -0.01807808130979538
85, 0, 3, 268, 252, -0.02651190012693405
85, 0, 4, 254, 244, -0.033360887318849564
85, 0, 5, 251, 230, -0.004848234821110964
85, 0, 6, 263, 201, -0.01874798722565174
85, 0, 7, 274, 188, -0.029295867308974266
85, 0, 8, 285, 178, -0.037192076444625854
85, 0, 9, 233, 227, -0.012377766892313957
85, 0, 10, 232, 187, -0.031540267169475555
85, 0, 11, 241, 168, -0.04348491132259369
85, 0, 12, 249, 155, -0.05055816099047661
85, 0, 13, 216, 235, -0.02188841626048088
85, 0, 14, 227, 204, -0.04980204999446869
85, 0, 15, 242, 224, -0.05190306529402733
85, 0, 16, 248, 242, -0.04661942645907402
85, 0, 17, 202, 248, -0.03235851600766182
85, 0, 18, 219, 232, -0.05652230978012085
85, 0, 19, 231, 246, -0.05687877535820007
85, 0, 20, 233, 260, -0.05239226296544075
85, 1, 0, 0, 0, 0.0
85, 1, 1, 0, 0, 0.0
85, 1, 2, 0, 0, 0.0
85, 1, 3, 0, 0, 0.0
85, 1, 4, 0, 0, 0.0
85, 1, 5, 0, 0, 0.0
85, 1, 6, 0, 0, 0.0
85, 1, 7, 0, 0, 0.0
85, 1, 8, 0, 0, 0.0
85, 1, 9, 0, 0, 0.0
85, 1, 10, 0, 0, 0.0
85, 1, 11, 0, 0, 0.0
85, 1, 12, 0, 0, 0.0
85, 1, 13, 0, 0, 0.0
85, 1, 14, 0, 0, 0.0
85, 1, 15, 0, 0, 0.0
85, 1, 16, 0, 0, 0.0
85, 1, 17, 0, 0, 0.0
85, 1, 18, 0, 0, 0.0
85, 1, 19, 0, 0, 0.0
85, 1, 20, 0, 0, 0.0
86, 0, 0, 215, 309, 4.3170254571123223e-07
86, 0, 1, 242, 299, -0.01276466716080904
86, 0, 2, 262, 275, -0.019896553829312325
86, 0, 3, 267, 252, -0.02912062034010887
86, 0, 4, 253, 245, -0.03736201301217079
86, 0, 5, 252, 229, -0.008258271962404251
86, 0, 6, 269, 199, -0.022165825590491295
86, 0, 7, 280, 182, -0.03247731551527977
86, 0, 8, 288, 166, -0.04035410284996033
86, 0, 9, 234, 227, -0.016199951991438866
86, 0, 10, 237, 185, -0.035865891724824905
86, 0, 11, 243, 162, -0.048890624195337296
86, 0, 12, 247, 144, -0.056414999067783356
86, 0, 13, 217, 234, -0.025672586634755135
86, 0, 14, 228, 205, -0.05495121330022812
86, 0, 15, 242, 225, -0.05794038996100426
86, 0, 16, 247, 242, -0.05223166570067406
86, 0, 17, 202, 248, -0.0359751433134079
86, 0, 18, 219, 231, -0.060395125299692154
86, 0, 19, 231, 245, -0.05991901084780693
86, 0, 20, 233, 259, -0.05425819754600525
86, 1, 0, 0, 0, 0.0
86, 1, 1, 0, 0, 0.0
86, 1, 2, 0, 0, 0.0
86, 1, 3, 0, 0, 0.0
86, 1, 4, 0, 0, 0.0
86, 1, 5, 0, 0, 0.0
86, 1, 6, 0, 0, 0.0
86, 1, 7, 0, 0, 0.0
86, 1, 8, 0, 0, 0.0
86, 1, 9, 0, 0, 0.0
86, 1, 10, 0, 0, 0.0
86, 1, 11, 0, 0, 0.0
86, 1, 12, 0, 0, 0.0
86, 1, 13, 0, 0, 0.0
86, 1, 14, 0, 0, 0.0
86, 1, 15, 0, 0, 0.0
86, 1, 16, 0, 0, 0.0
86, 1, 17, 0, 0, 0.0
86, 1, 18, 0, 0, 0.0
86, 1, 19, 0, 0, 0.0
86, 1, 20, 0, 0, 0.0
87, 0, 0, 214, 309, 4.0327674355467025e-07
87, 0, 1, 242, 298, -0.011432615108788013
87, 0, 2, 262, 273, -0.017873430624604225
87, 0, 3, 267, 250, -0.026625066995620728
87, 0, 4, 253, 242, -0.034305717796087265
87, 0, 5, 252, 230, -0.0071795969270169735
87, 0, 6, 268, 201, -0.02066425047814846
87, 0, 7, 280, 184, -0.03069443069398403
87, 0, 8, 289, 170, -0.03836957737803459
87, 0, 9, 235, 227, -0.01530434563755989
87, 0, 10, 237, 185, -0.03450930491089821
87, 0, 11, 244, 162, -0.04719992354512215
87, 0, 12, 249, 144, -0.05474861338734627
87, 0, 13, 218, 234, -0.024855146184563637
87, 0, 14, 230, 204, -0.05344419553875923
87, 0, 15, 243, 225, -0.05579211562871933
87, 0, 16, 248, 242, -0.049924105405807495
87, 0, 17, 203, 247, -0.03518369421362877
87, 0, 18, 221, 230, -0.05898895487189293
87, 0, 19, 232, 244, -0.0580696240067482
87, 0, 20, 233, 259, -0.05228893458843231
87, 1, 0, 0, 0, 0.0
87, 1, 1, 0, 0, 0.0
87, 1, 2, 0, 0, 0.0
87, 1, 3, 0, 0, 0.0
87, 1, 4, 0, 0, 0.0
87, 1, 5, 0, 0, 0.0
87, 1, 6, 0, 0, 0.0
87, 1, 7, 0, 0, 0.0
87, 1, 8, 0, 0, 0.0
87, 1, 9, 0, 0, 0.0
87, 1, 10, 0, 0, 0.0
87, 1, 11, 0, 0, 0.0
87, 1, 12, 0, 0, 0.0
87, 1, 13, 0, 0, 0.0
87, 1, 14, 0, 0, 0.0
87, 1, 15, 0, 0, 0.0
87, 1, 16, 0, 0, 0.0
87, 1, 17, 0, 0, 0.0
87, 1, 18, 0, 0, 0.0
87, 1, 19, 0, 0, 0.0
87, 1, 20, 0, 0, 0.0
88, 0, 0, 215, 308, 3.385329137017834e-07
88, 0, 1, 243, 297, -0.010502333752810955
88, 0, 2, 263, 271, -0.015418881550431252
88, 0, 3, 268, 246, -0.022794827818870544
88, 0, 4, 254, 237, -0.02813873067498207
88, 0, 5, 252, 230, -0.0013187143485993147
88, 0, 6, 265, 201, -0.014191548340022564
88, 0, 7, 276, 190, -0.023360783234238625
88, 0, 8, 287, 183, -0.02981998212635517
88, 0, 9, 235, 226, -0.008317715488374233
88, 0, 10, 234, 186, -0.02670559659600258
88, 0, 11, 245, 169, -0.036448024213314056
88, 0, 12, 255, 160, -0.041522715240716934
88, 0, 13, 218, 232, -0.017529288306832314
88, 0, 14, 230, 202, -0.04408102482557297
88, 0, 15, 242, 224, -0.043197717517614365
88, 0, 16, 246, 244, -0.03552979603409767
88, 0, 17, 204, 243, -0.027794521301984787
88, 0, 18, 222, 227, -0.05052868276834488
88, 0, 19, 232, 243, -0.04937157779932022
88, 0, 20, 234, 259, -0.043474502861499786
88, 1, 0, 0, 0, 0.0
88, 1, 1, 0, 0, 0.0
88, 1, 2, 0, 0, 0.0
88, 1, 3, 0, 0, 0.0
88, 1, 4, 0, 0, 0.0
88, 1, 5, 0, 0, 0.0
88, 1, 6, 0, 0, 0.0
88, 1, 7, 0, 0, 0.0
88, 1, 8, 0, 0, 0.0
88, 1, 9, 0, 0, 0.0
88, 1, 10, 0, 0, 0.0
88, 1, 11, 0, 0, 0.0
88, 1, 12, 0, 0, 0.0
88, 1, 13, 0, 0, 0.0
88, 1, 14, 0, 0, 0.0
88, 1, 15, 0, 0, 0.0
88, 1, 16, 0, 0, 0.0
88, 1, 17, 0, 0, 0.0
88, 1, 18, 0, 0, 0.0
88, 1, 19, 0, 0, 0.0
88, 1, 20, 0, 0, 0.0
89, 0, 0, 215, 307, 2.8867347623418027e-07
89, 0, 1, 242, 296, -0.007136223837733269
89, 0, 2, 263, 269, -0.01049772184342146
89, 0, 3, 268, 243, -0.017541542649269104
89, 0, 4, 253, 238, -0.021360458806157112
89, 0, 5, 252, 226, 0.005637250375002623
89, 0, 6, 258, 198, -0.009793061763048172
89, 0, 7, 267, 189, -0.018046103417873383
89, 0, 8, 273, 196, -0.020732348784804344
89, 0, 9, 235, 224, -0.0021157003939151764
89, 0, 10, 231, 183, -0.02025865577161312
89, 0, 11, 243, 171, -0.02605026587843895
89, 0, 12, 254, 174, -0.02627897635102272
89, 0, 13, 217, 229, -0.01304306834936142
89, 0, 14, 228, 198, -0.035850055515766144
89, 0, 15, 241, 217, -0.029660655185580254
89, 0, 16, 246, 238, -0.01822970062494278
89, 0, 17, 203, 240, -0.025412706658244133
89, 0, 18, 222, 225, -0.04605497419834137
89, 0, 19, 233, 241, -0.04417552426457405
89, 0, 20, 235, 257, -0.03688257932662964
89, 1, 0, 0, 0, 0.0
89, 1, 1, 0, 0, 0.0
89, 1, 2, 0, 0, 0.0
89, 1, 3, 0, 0, 0.0
89, 1, 4, 0, 0, 0.0
89, 1, 5, 0, 0, 0.0
89, 1, 6, 0, 0, 0.0
89, 1, 7, 0, 0, 0.0
89, 1, 8, 0, 0, 0.0
89, 1, 9, 0, 0, 0.0
89, 1, 10, 0, 0, 0.0
89, 1, 11, 0, 0, 0.0
89, 1, 12, 0, 0, 0.0
89, 1, 13, 0, 0, 0.0
89, 1, 14, 0, 0, 0.0
89, 1, 15, 0, 0, 0.0
89, 1, 16, 0, 0, 0.0
89, 1, 17, 0, 0, 0.0
89, 1, 18, 0, 0, 0.0
89, 1, 19, 0, 0, 0.0
89, 1, 20, 0, 0, 0.0
90, 0, 0, 217, 306, 2.1356956381168857e-07
90, 0, 1, 243, 294, -0.005053423345088959
90, 0, 2, 261, 267, -0.009080387651920319
90, 0, 3, 268, 243, -0.016935333609580994
90, 0, 4, 259, 238, -0.021977555006742477
90, 0, 5, 252, 224, 0.0032996681984514
90, 0, 6, 255, 194, -0.013976199552416801
90, 0, 7, 264, 188, -0.023702489212155342
90, 0, 8, 269, 198, -0.026946036145091057
90, 0, 9, 235, 223, -0.005375625565648079
90, 0, 10, 230, 180, -0.024835387244820595
90, 0, 11, 243, 172, -0.03186073899269104
90, 0, 12, 252, 179, -0.03295283764600754
90, 0, 13, 218, 230, -0.016834115609526634
90, 0, 14, 225, 197, -0.03996980935335159
90, 0, 15, 241, 214, -0.03630828857421875
90, 0, 16, 246, 232, -0.027155881747603416
90, 0, 17, 202, 241, -0.029207846149802208
90, 0, 18, 218, 223, -0.04854842275381088
90, 0, 19, 230, 235, -0.04679373279213905
90, 0, 20, 231, 250, -0.04047871753573418
90, 1, 0, 0, 0, 0.0
90, 1, 1, 0, 0, 0.0
90, 1, 2, 0, 0, 0.0
90, 1, 3, 0, 0, 0.0
90, 1, 4, 0, 0, 0.0
90, 1, 5, 0, 0, 0.0
90, 1, 6, 0, 0, 0.0
90, 1, 7, 0, 0, 0.0
90, 1, 8, 0, 0, 0.0
90, 1, 9, 0, 0, 0.0
90, 1, 10, 0, 0, 0.0
90, 1, 11, 0, 0, 0.0
90, 1, 12, 0, 0, 0.0
90, 1, 13, 0, 0, 0.0
90, 1, 14, 0, 0, 0.0
90, 1, 15, 0, 0, 0.0
90, 1, 16, 0, 0, 0.0
90, 1, 17, 0, 0, 0.0
90, 1, 18, 0, 0, 0.0
90, 1, 19, 0, 0, 0.0
90, 1, 20, 0, 0, 0.0
91, 0, 0, 217, 304, 1.54621673686961e-07
91, 0, 1, 245, 291, -0.0024301097728312016
91, 0, 2, 263, 265, -0.005353863816708326
91, 0, 3, 274, 244, -0.012255674228072166
91, 0, 4, 271, 231, -0.017269998788833618
91, 0, 5, 251, 224, 0.003225877648219466
91, 0, 6, 255, 194, -0.015177132561802864
91, 0, 7, 264, 188, -0.02569224312901497
91, 0, 8, 269, 197, -0.028567131608724594
91, 0, 9, 233, 223, -0.00640848046168685
91, 0, 10, 229, 178, -0.02428111806511879
91, 0, 11, 243, 174, -0.02833453379571438
91, 0, 12, 253, 181, -0.026290450245141983
91, 0, 13, 217, 229, -0.018688485026359558
91, 0, 14, 223, 197, -0.04129814729094505
91, 0, 15, 238, 213, -0.03618384897708893
91, 0, 16, 243, 230, -0.025434723123908043
91, 0, 17, 201, 241, -0.03148074448108673
91, 0, 18, 214, 222, -0.05008171498775482
91, 0, 19, 226, 233, -0.045994240790605545
91, 0, 20, 229, 246, -0.037451427429914474
91, 1, 0, 0, 0, 0.0
91, 1, 1, 0, 0, 0.0
91, 1, 2, 0, 0, 0.0
91, 1, 3, 0, 0, 0.0
91, 1, 4, 0, 0, 0.0
91, 1, 5, 0, 0, 0.0
91, 1, 6, 0, 0, 0.0
91, 1, 7, 0, 0, 0.0
91, 1, 8, 0, 0, 0.0
91, 1, 9, 0, 0, 0.0
91, 1, 10, 0, 0, 0.0
91, 1, 11, 0, 0, 0.0
91, 1, 12, 0, 0, 0.0
91, 1, 13, 0, 0, 0.0
91, 1, 14, 0, 0, 0.0
91, 1, 15, 0, 0, 0.0
91, 1, 16, 0, 0, 0.0
91, 1, 17, 0, 0, 0.0
91, 1, 18, 0, 0, 0.0
91, 1, 19, 0, 0, 0.0
91, 1, 20, 0, 0, 0.0
92, 0, 0, 217, 302, 2.1304981601133477e-07
92, 0, 1, 247, 288, -0.010323068127036095
92, 0, 2, 268, 263, -0.01983337104320526
92, 0, 3, 282, 242, -0.03212453052401543
92, 0, 4, 294, 225, -0.04223168268799782
92, 0, 5, 249, 219, -0.006773937959223986
92, 0, 6, 248, 186, -0.026294687762856483
92, 0, 7, 261, 181, -0.03574668988585472
92, 0, 8, 268, 192, -0.03756977617740631
92, 0, 9, 233, 220, -0.014324196614325047
92, 0, 10, 227, 175, -0.0329182967543602
92, 0, 11, 244, 178, -0.03593374788761139
92, 0, 12, 254, 191, -0.031938109546899796
92, 0, 13, 216, 228, -0.02477697841823101
92, 0, 14, 224, 198, -0.04838120564818382
92, 0, 15, 239, 218, -0.04086652770638466
92, 0, 16, 240, 233, -0.028102461248636246
92, 0, 17, 200, 240, -0.03624644875526428
92, 0, 18, 213, 220, -0.054968394339084625
92, 0, 19, 225, 234, -0.047733381390571594
92, 0, 20, 224, 246, -0.03648246079683304
92, 1, 0, 0, 0, 0.0
92, 1, 1, 0, 0, 0.0
92, 1, 2, 0, 0, 0.0
92, 1, 3, 0, 0, 0.0
92, 1, 4, 0, 0, 0.0
92, 1, 5, 0, 0, 0.0
92, 1, 6, 0, 0, 0.0
92, 1, 7, 0, 0, 0.0
92, 1, 8, 0, 0, 0.0
92, 1, 9, 0, 0, 0.0
92, 1, 10, 0, 0, 0.0
92, 1, 11, 0, 0, 0.0
92, 1, 12, 0, 0, 0.0
92, 1, 13, 0, 0, 0.0
92, 1, 14, 0, 0, 0.0
92, 1, 15, 0, 0, 0.0
92, 1, 16, 0, 0, 0.0
92, 1, 17, 0, 0, 0.0
92, 1, 18, 0, 0, 0.0
92, 1, 19, 0, 0, 0.0
92, 1, 20, 0, 0, 0.0
93, 0, 0, 217, 301, 1.911251956698834e-07
93, 0, 1, 246, 288, -0.0130890728905797
93, 0, 2, 272, 263, -0.024955496191978455
93, 0, 3, 292, 247, -0.03866178169846535
93, 0, 4, 308, 235, -0.052145350724458694
93, 0, 5, 251, 219, -0.012146438471972942
93, 0, 6, 253, 186, -0.03140564635396004
93, 0, 7, 266, 173, -0.04174543544650078
93, 0, 8, 275, 167, -0.046969737857580185
93, 0, 9, 234, 220, -0.019681885838508606
93, 0, 10, 238, 179, -0.04312610253691673
93, 0, 11, 251, 199, -0.046354807913303375
93, 0, 12, 253, 213, -0.04153363034129143
93, 0, 13, 217, 227, -0.02976039983332157
93, 0, 14, 229, 204, -0.05923335999250412
93, 0, 15, 240, 230, -0.051627274602651596
93, 0, 16, 236, 241, -0.037840500473976135
93, 0, 17, 199, 240, -0.04048991948366165
93, 0, 18, 212, 221, -0.060585327446460724
93, 0, 19, 223, 238, -0.05109616369009018
93, 0, 20, 220, 248, -0.038950081914663315
93, 1, 0, 0, 0, 0.0
93, 1, 1, 0, 0, 0.0
93, 1, 2, 0, 0, 0.0
93, 1, 3, 0, 0, 0.0
93, 1, 4, 0, 0, 0.0
93, 1, 5, 0, 0, 0.0
93, 1, 6, 0, 0, 0.0
93, 1, 7, 0, 0, 0.0
93, 1, 8, 0, 0, 0.0
93, 1, 9, 0, 0, 0.0
93, 1, 10, 0, 0, 0.0
93, 1, 11, 0, 0, 0.0
93, 1, 12, 0, 0, 0.0
93, 1, 13, 0, 0, 0.0
93, 1, 14, 0, 0, 0.0
93, 1, 15, 0, 0, 0.0
93, 1, 16, 0, 0, 0.0
93, 1, 17, 0, 0, 0.0
93, 1, 18, 0, 0, 0.0
93, 1, 19, 0, 0, 0.0
93, 1, 20, 0, 0, 0.0
94, 0, 0, 216, 301, 2.404451322490786e-07
94, 0, 1, 245, 288, -0.013782165944576263
94, 0, 2, 272, 266, -0.025769880041480064
94, 0, 3, 294, 255, -0.03918758034706116
94, 0, 4, 313, 247, -0.05279960855841637
94, 0, 5, 251, 221, -0.014315115287899971
94, 0, 6, 259, 188, -0.03201886638998985
94, 0, 7, 270, 170, -0.04202762618660927
94, 0, 8, 277, 155, -0.04891841113567352
94, 0, 9, 234, 221, -0.021806662902235985
94, 0, 10, 247, 186, -0.0484064556658268
94, 0, 11, 260, 207, -0.05481301620602608
94, 0, 12, 258, 220, -0.05236685648560524
94, 0, 13, 217, 228, -0.03116343729197979
94, 0, 14, 235, 210, -0.06283603608608246
94, 0, 15, 243, 238, -0.05741119384765625
94, 0, 16, 236, 247, -0.044893160462379456
94, 0, 17, 199, 239, -0.040993329137563705
94, 0, 18, 216, 223, -0.06151523068547249
94, 0, 19, 226, 242, -0.05233844369649887
94, 0, 20, 220, 251, -0.04070637375116348
94, 1, 0, 0, 0, 0.0
94, 1, 1, 0, 0, 0.0
94, 1, 2, 0, 0, 0.0
94, 1, 3, 0, 0, 0.0
94, 1, 4, 0, 0, 0.0
94, 1, 5, 0, 0, 0.0
94, 1, 6, 0, 0, 0.0
94, 1, 7, 0, 0, 0.0
94, 1, 8, 0, 0, 0.0
94, 1, 9, 0, 0, 0.0
94, 1, 10, 0, 0, 0.0
94, 1, 11, 0, 0, 0.0
94, 1, 12, 0, 0, 0.0
94, 1, 13, 0, 0, 0.0
94, 1, 14, 0, 0, 0.0
94, 1, 15, 0, 0, 0.0
94, 1, 16, 0, 0, 0.0
94, 1, 17, 0, 0, 0.0
94, 1, 18, 0, 0, 0.0
94, 1, 19, 0, 0, 0.0
94, 1, 20, 0, 0, 0.0
95, 0, 0, 217, 299, 2.8001551299894345e-07
95, 0, 1, 245, 288, -0.01562502607703209
95, 0, 2, 272, 268, -0.029635943472385406
95, 0, 3, 296, 259, -0.04496745392680168
95, 0, 4, 317, 253, -0.06012259051203728
95, 0, 5, 252, 221, -0.017424292862415314
95, 0, 6, 262, 187, -0.036655206233263016
95, 0, 7, 275, 170, -0.04668694734573364
95, 0, 8, 282, 155, -0.053405389189720154
95, 0, 9, 234, 220, -0.023920433595776558
95, 0, 10, 254, 193, -0.052806269377470016
95, 0, 11, 265, 218, -0.05859270319342613
95, 0, 12, 262, 231, -0.05528595298528671
95, 0, 13, 216, 226, -0.03249868378043175
95, 0, 14, 239, 217, -0.06490226089954376
95, 0, 15, 245, 244, -0.059705700725317
95, 0, 16, 236, 251, -0.04749413952231407
95, 0, 17, 199, 236, -0.041860681027173996
95, 0, 18, 221, 228, -0.06268438696861267
95, 0, 19, 229, 247, -0.05465291067957878
95, 0, 20, 222, 254, -0.04370848834514618
95, 1, 0, 0, 0, 0.0
95, 1, 1, 0, 0, 0.0
95, 1, 2, 0, 0, 0.0
95, 1, 3, 0, 0, 0.0
95, 1, 4, 0, 0, 0.0
95, 1, 5, 0, 0, 0.0
95, 1, 6, 0, 0, 0.0
95, 1, 7, 0, 0, 0.0
95, 1, 8, 0, 0, 0.0
95, 1, 9, 0, 0, 0.0
95, 1, 10, 0, 0, 0.0
95, 1, 11, 0, 0, 0.0
95, 1, 12, 0, 0, 0.0
95, 1, 13, 0, 0, 0.0
95, 1, 14, 0, 0, 0.0
95, 1, 15, 0, 0, 0.0
95, 1, 16, 0, 0, 0.0
95, 1, 17, 0, 0, 0.0
95, 1, 18, 0, 0, 0.0
95, 1, 19, 0, 0, 0.0
95, 1, 20, 0, 0, 0.0
96, 0, 0, 216, 301, 2.427931917736714e-07
96, 0, 1, 244, 290, -0.0160911176353693
96, 0, 2, 273, 271, -0.03091498278081417
96, 0, 3, 297, 262, -0.04714065045118332
96, 0, 4, 318, 257, -0.06310666352510452
96, 0, 5, 251, 222, -0.018437692895531654
96, 0, 6, 264, 189, -0.03921499848365784
96, 0, 7, 276, 171, -0.05060461163520813
96, 0, 8, 284, 155, -0.0581769235432148
96, 0, 9, 233, 221, -0.02510584145784378
96, 0, 10, 261, 202, -0.056382644921541214
96, 0, 11, 269, 229, -0.0627850741147995
96, 0, 12, 264, 244, -0.05941053479909897
96, 0, 13, 216, 227, -0.03393467515707016
96, 0, 14, 244, 225, -0.06717982888221741
96, 0, 15, 247, 252, -0.06249610707163811
96, 0, 16, 238, 259, -0.05047585442662239
96, 0, 17, 200, 238, -0.04381657764315605
96, 0, 18, 225, 237, -0.0642862617969513
96, 0, 19, 232, 255, -0.056911952793598175
96, 0, 20, 226, 261, -0.04626443609595299
96, 1, 0, 0, 0, 0.0
96, 1, 1, 0, 0, 0.0
96, 1, 2, 0, 0, 0.0
96, 1, 3, 0, 0, 0.0
96, 1, 4, 0, 0, 0.0
96, 1, 5, 0, 0, 0.0
96, 1, 6, 0, 0, 0.0
96, 1, 7, 0, 0, 0.0
96, 1, 8, 0, 0, 0.0
96, 1, 9, 0, 0, 0.0
96, 1, 10, 0, 0, 0.0
96, 1, 11, 0, 0, 0.0
96, 1, 12, 0, 0, 0.0
96, 1, 13, 0, 0, 0.0
96, 1, 14, 0, 0, 0.0
96, 1, 15, 0, 0, 0.0
96, 1, 16, 0, 0, 0.0
96, 1, 17, 0, 0, 0.0
96, 1, 18, 0, 0, 0.0
96, 1, 19, 0, 0, 0.0
96, 1, 20, 0, 0, 0.0
97, 0, 0, 216, 305, 1.393090656165441e-07
97, 0, 1, 243, 294, -0.014675827696919441
97, 0, 2, 268, 275, -0.0312928669154644
97, 0, 3, 289, 263, -0.050136517733335495
97, 0, 4, 309, 256, -0.06877893954515457
97, 0, 5, 253, 225, -0.0193941593170166
97, 0, 6, 270, 197, -0.04193228483200073
97, 0, 7, 284, 181, -0.05427581071853638
97, 0, 8, 294, 169, -0.06206333264708519
97, 0, 9, 233, 222, -0.026540620252490044
97, 0, 10, 265, 218, -0.05820798873901367
97, 0, 11, 267, 247, -0.06344658136367798
97, 0, 12, 259, 260, -0.059901364147663116
97, 0, 13, 216, 227, -0.03578917309641838
97, 0, 14, 247, 234, -0.06801766902208328
97, 0, 15, 246, 260, -0.06204921007156372
97, 0, 16, 235, 267, -0.0501362681388855
97, 0, 17, 200, 237, -0.046311888843774796
97, 0, 18, 226, 243, -0.06609403342008591
97, 0, 19, 232, 261, -0.058758363127708435
97, 0, 20, 226, 268, -0.04819841682910919
97, 1, 0, 0, 0, 0.0
97, 1, 1, 0, 0, 0.0
97, 1, 2, 0, 0, 0.0
97, 1, 3, 0, 0, 0.0
97, 1, 4, 0, 0, 0.0
97, 1, 5, 0, 0, 0.0
97, 1, 6, 0, 0, 0.0
97, 1, 7, 0, 0, 0.0
97, 1, 8, 0, 0, 0.0
97, 1, 9, 0, 0, 0.0
97, 1, 10, 0, 0, 0.0
97, 1, 11, 0, 0, 0.0
97, 1, 12, 0, 0, 0.0
97, 1, 13, 0, 0, 0.0
97, 1, 14, 0, 0, 0.0
97, 1, 15, 0, 0, 0.0
97, 1, 16, 0, 0, 0.0
97, 1, 17, 0, 0, 0.0
97, 1, 18, 0, 0, 0.0
97, 1, 19, 0, 0, 0.0
97, 1, 20, 0, 0, 0.0
98, 0, 0, 215, 311, -2.4348264560103416e-07
98, 0, 1, 246, 294, -0.010942417196929455
98, 0, 2, 267, 276, -0.023466328158974648
98, 0, 3, 279, 258, -0.03923766687512398
98, 0, 4, 274, 240, -0.05245066434144974
98, 0, 5, 247, 225, -0.01012506429105997
98, 0, 6, 273, 207, -0.03808359429240227
98, 0, 7, 279, 226, -0.05457940697669983
98, 0, 8, 277, 241, -0.060644518584012985
98, 0, 9, 230, 223, -0.01634960249066353
98, 0, 10, 262, 229, -0.04245429113507271
98, 0, 11, 259, 259, -0.04863181337714195
98, 0, 12, 250, 271, -0.04721628502011299
98, 0, 13, 214, 227, -0.025980260223150253
98, 0, 14, 246, 238, -0.05052661895751953
98, 0, 15, 242, 264, -0.045552004128694534
98, 0, 16, 232, 275, -0.035913776606321335
98, 0, 17, 199, 237, -0.03709759563207626
98, 0, 18, 227, 244, -0.05068983882665634
98, 0, 19, 228, 263, -0.043254099786281586
98, 0, 20, 221, 272, -0.03306470811367035
98, 1, 0, 0, 0, 0.0
98, 1, 1, 0, 0, 0.0
98, 1, 2, 0, 0, 0.0
98, 1, 3, 0, 0, 0.0
98, 1, 4, 0, 0, 0.0
98, 1, 5, 0, 0, 0.0
98, 1, 6, 0, 0, 0.0
98, 1, 7, 0, 0, 0.0
98, 1, 8, 0, 0, 0.0
98, 1, 9, 0, 0, 0.0
98, 1, 10, 0, 0, 0.0
98, 1, 11, 0, 0, 0.0
98, 1, 12, 0, 0, 0.0
98, 1, 13, 0, 0, 0.0
98, 1, 14, 0, 0, 0.0
98, 1, 15, 0, 0, 0.0
98, 1, 16, 0, 0, 0.0
98, 1, 17, 0, 0, 0.0
98, 1, 18, 0, 0, 0.0
98, 1, 19, 0, 0, 0.0
98, 1, 20, 0, 0, 0.0
99, 0, 0, 216, 317, -1.3106236451676523e-07
99, 0, 1, 246, 298, -0.009604762308299541
99, 0, 2, 264, 279, -0.021470390260219574
99, 0, 3, 271, 259, -0.036813925951719284
99, 0, 4, 266, 241, -0.05027173087000847
99, 0, 5, 245, 229, 0.00016426843649242073
99, 0, 6, 269, 222, -0.025922555476427078
99, 0, 7, 282, 234, -0.04241880401968956
99, 0, 8, 287, 248, -0.04904111474752426
99, 0, 9, 229, 226, -0.0073267268016934395
99, 0, 10, 260, 229, -0.03205499425530434
99, 0, 11, 258, 257, -0.03805434703826904
99, 0, 12, 250, 270, -0.03573412820696831
99, 0, 13, 214, 230, -0.018579961732029915
99, 0, 14, 245, 238, -0.04457468539476395
99, 0, 15, 241, 264, -0.03970419242978096
99, 0, 16, 231, 274, -0.02902870625257492
99, 0, 17, 200, 239, -0.031038830056786537
99, 0, 18, 227, 244, -0.04618040472269058
99, 0, 19, 228, 263, -0.03767228499054909
99, 0, 20, 220, 271, -0.026175687089562416
99, 1, 0, 0, 0, 0.0
99, 1, 1, 0, 0, 0.0
99, 1, 2, 0, 0, 0.0
99, 1, 3, 0, 0, 0.0
99, 1, 4, 0, 0, 0.0
99, 1, 5, 0, 0, 0.0
99, 1, 6, 0, 0, 0.0
99, 1, 7, 0, 0, 0.0
99, 1, 8, 0, 0, 0.0
99, 1, 9, 0, 0, 0.0
99, 1, 10, 0, 0, 0.0
99, 1, 11, 0, 0, 0.0
99, 1, 12, 0, 0, 0.0
99, 1, 13, 0, 0, 0.0
99, 1, 14, 0, 0, 0.0
99, 1, 15, 0, 0, 0.0
99, 1, 16, 0, 0, 0.0
99, 1, 17, 0, 0, 0.0
99, 1, 18, 0, 0, 0.0
99, 1, 19, 0, 0, 0.0
99, 1, 20, 0, 0, 0.0
100, 0, 0, 219, 319, -1.0260886540436331e-07
100, 0, 1, 249, 303, -0.01411410328000784
100, 0, 2, 268, 282, -0.02733376808464527
100, 0, 3, 272, 261, -0.042401574552059174
100, 0, 4, 263, 242, -0.05509043112397194
100, 0, 5, 243, 230, -0.002998851239681244
100, 0, 6, 270, 226, -0.02994205802679062
100, 0, 7, 282, 241, -0.04723573848605156
100, 0, 8, 287, 256, -0.05437270179390907
100, 0, 9, 227, 227, -0.007610272150486708
100, 0, 10, 258, 235, -0.032605960965156555
100, 0, 11, 256, 264, -0.038924504071474075
100, 0, 12, 248, 276, -0.03688657283782959
100, 0, 13, 212, 233, -0.01627534255385399
100, 0, 14, 245, 243, -0.04236363247036934
100, 0, 15, 242, 269, -0.03721529617905617
100, 0, 16, 234, 279, -0.026424003764986992
100, 0, 17, 199, 244, -0.026435337960720062
100, 0, 18, 228, 250, -0.0423649400472641
100, 0, 19, 228, 269, -0.034560319036245346
100, 0, 20, 221, 277, -0.023292429745197296
100, 1, 0, 0, 0, 0.0
100, 1, 1, 0, 0, 0.0
100, 1, 2, 0, 0, 0.0
100, 1, 3, 0, 0, 0.0
100, 1, 4, 0, 0, 0.0
100, 1, 5, 0, 0, 0.0
100, 1, 6, 0, 0, 0.0
100, 1, 7, 0, 0, 0.0
100, 1, 8, 0, 0, 0.0
100, 1, 9, 0, 0, 0.0
100, 1, 10, 0, 0, 0.0
100, 1, 11, 0, 0, 0.0
100, 1, 12, 0, 0, 0.0
100, 1, 13, 0, 0, 0.0
100, 1, 14, 0, 0, 0.0
100, 1, 15, 0, 0, 0.0
100, 1, 16, 0, 0, 0.0
100, 1, 17, 0, 0, 0.0
100, 1, 18, 0, 0, 0.0
100, 1, 19, 0, 0, 0.0
100, 1, 20, 0, 0, 0.0
101, 0, 0, 222, 325, -1.0519351434368218e-07
101, 0, 1, 250, 309, -0.011798138730227947
101, 0, 2, 269, 288, -0.02443978749215603
101, 0, 3, 273, 268, -0.03922775015234947
101, 0, 4, 264, 251, -0.05183056369423866
101, 0, 5, 243, 233, -0.0017559918342158198
101, 0, 6, 270, 233, -0.02919321320950985
101, 0, 7, 282, 246, -0.046946827322244644
101, 0, 8, 288, 261, -0.05437407270073891
101, 0, 9, 226, 232, -0.007728531491011381
101, 0, 10, 259, 240, -0.03216017410159111
101, 0, 11, 257, 269, -0.03801153972744942
101, 0, 12, 251, 280, -0.03580821305513382
101, 0, 13, 211, 239, -0.01759215258061886
101, 0, 14, 245, 250, -0.04287418723106384
101, 0, 15, 243, 277, -0.037110377103090286
101, 0, 16, 235, 286, -0.026234928518533707
101, 0, 17, 199, 251, -0.028873920440673828
101, 0, 18, 228, 257, -0.04313979297876358
101, 0, 19, 229, 276, -0.034374017268419266
101, 0, 20, 223, 284, -0.02284279279410839
101, 1, 0, 0, 0, 0.0
101, 1, 1, 0, 0, 0.0
101, 1, 2, 0, 0, 0.0
101, 1, 3, 0, 0, 0.0
101, 1, 4, 0, 0, 0.0
101, 1, 5, 0, 0, 0.0
101, 1, 6, 0, 0, 0.0
101, 1, 7, 0, 0, 0.0
101, 1, 8, 0, 0, 0.0
101, 1, 9, 0, 0, 0.0
101, 1, 10, 0, 0, 0.0
101, 1, 11, 0, 0, 0.0
101, 1, 12, 0, 0, 0.0
101, 1, 13, 0, 0, 0.0
101, 1, 14, 0, 0, 0.0
101, 1, 15, 0, 0, 0.0
101, 1, 16, 0, 0, 0.0
101, 1, 17, 0, 0, 0.0
101, 1, 18, 0, 0, 0.0
101, 1, 19, 0, 0, 0.0
101, 1, 20, 0, 0, 0.0
102, 0, 0, 222, 333, -1.2869085708189232e-07
102, 0, 1, 249, 317, -0.010886264964938164
102, 0, 2, 268, 296, -0.022516582161188126
102, 0, 3, 273, 277, -0.03684568777680397
102, 0, 4, 264, 260, -0.048887576907873154
102, 0, 5, 245, 245, 0.0013812632532790303
102, 0, 6, 271, 240, -0.027616476640105247
102, 0, 7, 283, 254, -0.046978581696748734
102, 0, 8, 288, 269, -0.05483565852046013
102, 0, 9, 228, 243, -0.004885568283498287
102, 0, 10, 259, 248, -0.0308366771787405
102, 0, 11, 258, 277, -0.03798873350024223
102, 0, 12, 251, 289, -0.03596833348274231
102, 0, 13, 213, 248, -0.015430579893290997
102, 0, 14, 246, 260, -0.041245218366384506
102, 0, 15, 243, 286, -0.036312445998191833
102, 0, 16, 236, 295, -0.025384247303009033
102, 0, 17, 200, 260, -0.02748485654592514
102, 0, 18, 229, 267, -0.0411166250705719
102, 0, 19, 230, 286, -0.032944850623607635
102, 0, 20, 223, 293, -0.021663472056388855
102, 1, 0, 0, 0, 0.0
102, 1, 1, 0, 0, 0.0
102, 1, 2, 0, 0, 0.0
102, 1, 3, 0, 0, 0.0
102, 1, 4, 0, 0, 0.0
102, 1, 5, 0, 0, 0.0
102, 1, 6, 0, 0, 0.0
102, 1, 7, 0, 0, 0.0
102, 1, 8, 0, 0, 0.0
102, 1, 9, 0, 0, 0.0
102, 1, 10, 0, 0, 0.0
102, 1, 11, 0, 0, 0.0
102, 1, 12, 0, 0, 0.0
102, 1, 13, 0, 0, 0.0
102, 1, 14, 0, 0, 0.0
102, 1, 15, 0, 0, 0.0
102, 1, 16, 0, 0, 0.0
102, 1, 17, 0, 0, 0.0
102, 1, 18, 0, 0, 0.0
102, 1, 19, 0, 0, 0.0
102, 1, 20, 0, 0, 0.0
103, 0, 0, 221, 341, -1.3866409176443995e-07
103, 0, 1, 249, 325, -0.011355023831129074
103, 0, 2, 267, 304, -0.022686708718538284
103, 0, 3, 272, 284, -0.03661710396409035
103, 0, 4, 264, 267, -0.04834459722042084
103, 0, 5, 245, 254, 0.000564302084967494
103, 0, 6, 271, 248, -0.02915225923061371
103, 0, 7, 283, 262, -0.049551963806152344
103, 0, 8, 287, 278, -0.058104146271944046
103, 0, 9, 228, 252, -0.005422584246844053
103, 0, 10, 258, 257, -0.03227207809686661
103, 0, 11, 257, 284, -0.04062929376959801
103, 0, 12, 250, 297, -0.03949322924017906
103, 0, 13, 213, 258, -0.015707984566688538
103, 0, 14, 245, 269, -0.041799865663051605
103, 0, 15, 243, 294, -0.03818035498261452
103, 0, 16, 235, 303, -0.028181515634059906
103, 0, 17, 200, 269, -0.027513975277543068
103, 0, 18, 228, 277, -0.041009142994880676
103, 0, 19, 229, 295, -0.03368975967168808
103, 0, 20, 222, 302, -0.023169584572315216
103, 1, 0, 0, 0, 0.0
103, 1, 1, 0, 0, 0.0
103, 1, 2, 0, 0, 0.0
103, 1, 3, 0, 0, 0.0
103, 1, 4, 0, 0, 0.0
103, 1, 5, 0, 0, 0.0
103, 1, 6, 0, 0, 0.0
103, 1, 7, 0, 0, 0.0
103, 1, 8, 0, 0, 0.0
103, 1, 9, 0, 0, 0.0
103, 1, 10, 0, 0, 0.0
103, 1, 11, 0, 0, 0.0
103, 1, 12, 0, 0, 0.0
103, 1, 13, 0, 0, 0.0
103, 1, 14, 0, 0, 0.0
103, 1, 15, 0, 0, 0.0
103, 1, 16, 0, 0, 0.0
103, 1, 17, 0, 0, 0.0
103, 1, 18, 0, 0, 0.0
103, 1, 19, 0, 0, 0.0
103, 1, 20, 0, 0, 0.0
104, 0, 0, 220, 349, -1.4228987765818601e-07
104, 0, 1, 247, 333, -0.012254396453499794
104, 0, 2, 266, 313, -0.02432977221906185
104, 0, 3, 272, 293, -0.038672808557748795
104, 0, 4, 263, 277, -0.050765447318553925
104, 0, 5, 243, 260, -0.002202137839049101
104, 0, 6, 270, 255, -0.031732697039842606
104, 0, 7, 282, 271, -0.05168461054563522
104, 0, 8, 286, 287, -0.05988642945885658
104, 0, 9, 226, 259, -0.007659681607037783
104, 0, 10, 258, 266, -0.03426656499505043
104, 0, 11, 256, 293, -0.04249361902475357
104, 0, 12, 249, 306, -0.041570182889699936
104, 0, 13, 211, 266, -0.017232490703463554
104, 0, 14, 244, 278, -0.04293101653456688
104, 0, 15, 241, 303, -0.03976812586188316
104, 0, 16, 234, 312, -0.03032318502664566
104, 0, 17, 198, 278, -0.028337659314274788
104, 0, 18, 227, 287, -0.04155422002077103
104, 0, 19, 227, 305, -0.03450440615415573
104, 0, 20, 221, 312, -0.024288514629006386
104, 1, 0, 0, 0, 0.0
104, 1, 1, 0, 0, 0.0
104, 1, 2, 0, 0, 0.0
104, 1, 3, 0, 0, 0.0
104, 1, 4, 0, 0, 0.0
104, 1, 5, 0, 0, 0.0
104, 1, 6, 0, 0, 0.0
104, 1, 7, 0, 0, 0.0
104, 1, 8, 0, 0, 0.0
104, 1, 9, 0, 0, 0.0
104, 1, 10, 0, 0, 0.0
104, 1, 11, 0, 0, 0.0
104, 1, 12, 0, 0, 0.0
104, 1, 13, 0, 0, 0.0
104, 1, 14, 0, 0, 0.0
104, 1, 15, 0, 0, 0.0
104, 1, 16, 0, 0, 0.0
104, 1, 17, 0, 0, 0.0
104, 1, 18, 0, 0, 0.0
104, 1, 19, 0, 0, 0.0
104, 1, 20, 0, 0, 0.0
105, 0, 0, 219, 359, -1.7016718345530535e-07
105, 0, 1, 247, 343, -0.012130333110690117
105, 0, 2, 265, 322, -0.023607155308127403
105, 0, 3, 270, 302, -0.037364158779382706
105, 0, 4, 262, 287, -0.04869294539093971
105, 0, 5, 242, 270, -0.0010077710030600429
105, 0, 6, 269, 264, -0.031278520822525024
105, 0, 7, 280, 281, -0.05195651948451996
105, 0, 8, 285, 297, -0.060572266578674316
105, 0, 9, 224, 269, -0.0065888166427612305
105, 0, 10, 255, 276, -0.033866699784994125
105, 0, 11, 254, 303, -0.042629651725292206
105, 0, 12, 248, 316, -0.042036253958940506
105, 0, 13, 209, 276, -0.016555560752749443
105, 0, 14, 243, 289, -0.0426093228161335
105, 0, 15, 240, 314, -0.04002755135297775
105, 0, 16, 233, 322, -0.03097992204129696
105, 0, 17, 197, 289, -0.02811967208981514
105, 0, 18, 226, 298, -0.04133022576570511
105, 0, 19, 226, 316, -0.03494162857532501
105, 0, 20, 219, 322, -0.025357164442539215
105, 1, 0, 0, 0, 0.0
105, 1, 1, 0, 0, 0.0
105, 1, 2, 0, 0, 0.0
105, 1, 3, 0, 0, 0.0
105, 1, 4, 0, 0, 0.0
105, 1, 5, 0, 0, 0.0
105, 1, 6, 0, 0, 0.0
105, 1, 7, 0, 0, 0.0
105, 1, 8, 0, 0, 0.0
105, 1, 9, 0, 0, 0.0
105, 1, 10, 0, 0, 0.0
105, 1, 11, 0, 0, 0.0
105, 1, 12, 0, 0, 0.0
105, 1, 13, 0, 0, 0.0
105, 1, 14, 0, 0, 0.0
105, 1, 15, 0, 0, 0.0
105, 1, 16, 0, 0, 0.0
105, 1, 17, 0, 0, 0.0
105, 1, 18, 0, 0, 0.0
105, 1, 19, 0, 0, 0.0
105, 1, 20, 0, 0, 0.0
106, 0, 0, 221, 371, -1.9120497540825454e-07
106, 0, 1, 247, 355, -0.009432598948478699
106, 0, 2, 266, 332, -0.019298411905765533
106, 0, 3, 270, 313, -0.03131787106394768
106, 0, 4, 261, 300, -0.04126797989010811
106, 0, 5, 240, 280, -0.0018685004906728864
106, 0, 6, 267, 276, -0.029910333454608917
106, 0, 7, 279, 294, -0.04994499310851097
106, 0, 8, 285, 309, -0.05883917957544327
106, 0, 9, 222, 280, -0.008322691544890404
106, 0, 10, 253, 289, -0.03212818503379822
106, 0, 11, 255, 315, -0.04037366807460785
106, 0, 12, 250, 329, -0.041214436292648315
106, 0, 13, 207, 289, -0.018416274338960648
106, 0, 14, 240, 302, -0.04161174222826958
106, 0, 15, 240, 327, -0.0388464592397213
106, 0, 16, 234, 337, -0.03113902360200882
106, 0, 17, 196, 304, -0.02990869991481304
106, 0, 18, 224, 312, -0.04179061949253082
106, 0, 19, 227, 331, -0.035137422382831573
106, 0, 20, 222, 340, -0.02612840197980404
106, 1, 0, 0, 0, 0.0
106, 1, 1, 0, 0, 0.0
106, 1, 2, 0, 0, 0.0
106, 1, 3, 0, 0, 0.0
106, 1, 4, 0, 0, 0.0
106, 1, 5, 0, 0, 0.0
106, 1, 6, 0, 0, 0.0
106, 1, 7, 0, 0, 0.0
106, 1, 8, 0, 0, 0.0
106, 1, 9, 0, 0, 0.0
106, 1, 10, 0, 0, 0.0
106, 1, 11, 0, 0, 0.0
106, 1, 12, 0, 0, 0.0
106, 1, 13, 0, 0, 0.0
106, 1, 14, 0, 0, 0.0
106, 1, 15, 0, 0, 0.0
106, 1, 16, 0, 0, 0.0
106, 1, 17, 0, 0, 0.0
106, 1, 18, 0, 0, 0.0
106, 1, 19, 0, 0, 0.0
106, 1, 20, 0, 0, 0.0
107, 0, 0, 226, 387, -1.7038000521552021e-07
107, 0, 1, 250, 370, -0.010585823096334934
107, 0, 2, 267, 348, -0.02220465987920761
107, 0, 3, 269, 330, -0.034712765365839005
107, 0, 4, 259, 320, -0.04530542343854904
107, 0, 5, 238, 293, -0.009708963334560394
107, 0, 6, 267, 295, -0.037769854068756104
107, 0, 7, 281, 314, -0.057596560567617416
107, 0, 8, 288, 330, -0.06656073033809662
107, 0, 9, 220, 296, -0.01596781425178051
107, 0, 10, 251, 306, -0.039704471826553345
107, 0, 11, 258, 333, -0.04747270047664642
107, 0, 12, 257, 349, -0.047965869307518005
107, 0, 13, 205, 309, -0.025126637890934944
107, 0, 14, 238, 322, -0.048327717930078506
107, 0, 15, 243, 347, -0.04584086313843727
107, 0, 16, 240, 360, -0.03816599398851395
107, 0, 17, 195, 327, -0.035535819828510284
107, 0, 18, 223, 336, -0.047899115830659866
107, 0, 19, 229, 356, -0.04137085750699043
107, 0, 20, 229, 366, -0.032258011400699615
107, 1, 0, 0, 0, 0.0
107, 1, 1, 0, 0, 0.0
107, 1, 2, 0, 0, 0.0
107, 1, 3, 0, 0, 0.0
107, 1, 4, 0, 0, 0.0
107, 1, 5, 0, 0, 0.0
107, 1, 6, 0, 0, 0.0
107, 1, 7, 0, 0, 0.0
107, 1, 8, 0, 0, 0.0
107, 1, 9, 0, 0, 0.0
107, 1, 10, 0, 0, 0.0
107, 1, 11, 0, 0, 0.0
107, 1, 12, 0, 0, 0.0
107, 1, 13, 0, 0, 0.0
107, 1, 14, 0, 0, 0.0
107, 1, 15, 0, 0, 0.0
107, 1, 16, 0, 0, 0.0
107, 1, 17, 0, 0, 0.0
107, 1, 18, 0, 0, 0.0
107, 1, 19, 0, 0, 0.0
107, 1, 20, 0, 0, 0.0
108, 0, 0, 227, 401, -1.863642609123417e-07
108, 0, 1, 253, 387, -0.011315389536321163
108, 0, 2, 269, 369, -0.0253201425075531
108, 0, 3, 273, 356, -0.040505632758140564
108, 0, 4, 269, 350, -0.05436132475733757
108, 0, 5, 239, 314, -0.01670539751648903
108, 0, 6, 268, 319, -0.04563178867101669
108, 0, 7, 284, 340, -0.06653925031423569
108, 0, 8, 291, 357, -0.0765647366642952
108, 0, 9, 222, 322, -0.023673040792346
108, 0, 10, 254, 334, -0.045710835605859756
108, 0, 11, 264, 358, -0.05381079763174057
108, 0, 12, 265, 374, -0.05637387931346893
108, 0, 13, 207, 338, -0.03314461186528206
108, 0, 14, 241, 353, -0.05299969017505646
108, 0, 15, 247, 374, -0.050930168479681015
108, 0, 16, 245, 386, -0.04552288353443146
108, 0, 17, 197, 359, -0.04409191012382507
108, 0, 18, 225, 371, -0.053479067981243134
108, 0, 19, 233, 386, -0.04678715020418167
108, 0, 20, 232, 394, -0.038971055299043655
108, 1, 0, 0, 0, 0.0
108, 1, 1, 0, 0, 0.0
108, 1, 2, 0, 0, 0.0
108, 1, 3, 0, 0, 0.0
108, 1, 4, 0, 0, 0.0
108, 1, 5, 0, 0, 0.0
108, 1, 6, 0, 0, 0.0
108, 1, 7, 0, 0, 0.0
108, 1, 8, 0, 0, 0.0
108, 1, 9, 0, 0, 0.0
108, 1, 10, 0, 0, 0.0
108, 1, 11, 0, 0, 0.0
108, 1, 12, 0, 0, 0.0
108, 1, 13, 0, 0, 0.0
108, 1, 14, 0, 0, 0.0
108, 1, 15, 0, 0, 0.0
108, 1, 16, 0, 0, 0.0
108, 1, 17, 0, 0, 0.0
108, 1, 18, 0, 0, 0.0
108, 1, 19, 0, 0, 0.0
108, 1, 20, 0, 0, 0.0
109, 0, 0, 227, 388, -1.3053619341008016e-07
109, 0, 1, 247, 379, -0.01373401191085577
109, 0, 2, 268, 376, -0.032260432839393616
109, 0, 3, 283, 385, -0.05234465375542641
109, 0, 4, 294, 398, -0.07485993206501007
109, 0, 5, 251, 345, -0.03332405164837837
109, 0, 6, 276, 365, -0.06207570433616638
109, 0, 7, 290, 386, -0.0832921490073204
109, 0, 8, 298, 405, -0.09464187175035477
109, 0, 9, 232, 357, -0.040262557566165924
109, 0, 10, 254, 377, -0.06321021914482117
109, 0, 11, 266, 400, -0.07286357134580612
109, 0, 12, 270, 416, -0.0784570723772049
109, 0, 13, 215, 373, -0.04825394228100777
109, 0, 14, 237, 393, -0.07089746743440628
109, 0, 15, 247, 413, -0.07177857309579849
109, 0, 16, 249, 426, -0.068601094186306
109, 0, 17, 204, 390, -0.057302121073007584
109, 0, 18, 221, 407, -0.06958308815956116
109, 0, 19, 232, 421, -0.06346026062965393
109, 0, 20, 235, 431, -0.056886207312345505
109, 1, 0, 0, 0, 0.0
109, 1, 1, 0, 0, 0.0
109, 1, 2, 0, 0, 0.0
109, 1, 3, 0, 0, 0.0
109, 1, 4, 0, 0, 0.0
109, 1, 5, 0, 0, 0.0
109, 1, 6, 0, 0, 0.0
109, 1, 7, 0, 0, 0.0
109, 1, 8, 0, 0, 0.0
109, 1, 9, 0, 0, 0.0
109, 1, 10, 0, 0, 0.0
109, 1, 11, 0, 0, 0.0
109, 1, 12, 0, 0, 0.0
109, 1, 13, 0, 0, 0.0
109, 1, 14, 0, 0, 0.0
109, 1, 15, 0, 0, 0.0
109, 1, 16, 0, 0, 0.0
109, 1, 17, 0, 0, 0.0
109, 1, 18, 0, 0, 0.0
109, 1, 19, 0, 0, 0.0
109, 1, 20, 0, 0, 0.0
110, 0, 0, 0, 0, 0.0
110, 0, 1, 0, 0, 0.0
110, 0, 2, 0, 0, 0.0
110, 0, 3, 0, 0, 0.0
110, 0, 4, 0, 0, 0.0
110, 0, 5, 0, 0, 0.0
110, 0, 6, 0, 0, 0.0
110, 0, 7, 0, 0, 0.0
110, 0, 8, 0, 0, 0.0
110, 0, 9, 0, 0, 0.0
110, 0, 10, 0, 0, 0.0
110, 0, 11, 0, 0, 0.0
110, 0, 12, 0, 0, 0.0
110, 0, 13, 0, 0, 0.0
110, 0, 14, 0, 0, 0.0
110, 0, 15, 0, 0, 0.0
110, 0, 16, 0, 0, 0.0
110, 0, 17, 0, 0, 0.0
110, 0, 18, 0, 0, 0.0
110, 0, 19, 0, 0, 0.0
110, 0, 20, 0, 0, 0.0
110, 1, 0, 0, 0, 0.0
110, 1, 1, 0, 0, 0.0
110, 1, 2, 0, 0, 0.0
110, 1, 3, 0, 0, 0.0
110, 1, 4, 0, 0, 0.0
110, 1, 5, 0, 0, 0.0
110, 1, 6, 0, 0, 0.0
110, 1, 7, 0, 0, 0.0
110, 1, 8, 0, 0, 0.0
110, 1, 9, 0, 0, 0.0
110, 1, 10, 0, 0, 0.0
110, 1, 11, 0, 0, 0.0
110, 1, 12, 0, 0, 0.0
110, 1, 13, 0, 0, 0.0
110, 1, 14, 0, 0, 0.0
110, 1, 15, 0, 0, 0.0
110, 1, 16, 0, 0, 0.0
110, 1, 17, 0, 0, 0.0
110, 1, 18, 0, 0, 0.0
110, 1, 19, 0, 0, 0.0
110, 1, 20, 0, 0, 0.0
111, 0, 0, 0, 0, 0.0
111, 0, 1, 0, 0, 0.0
111, 0, 2, 0, 0, 0.0
111, 0, 3, 0, 0, 0.0
111, 0, 4, 0, 0, 0.0
111, 0, 5, 0, 0, 0.0
111, 0, 6, 0, 0, 0.0
111, 0, 7, 0, 0, 0.0
111, 0, 8, 0, 0, 0.0
111, 0, 9, 0, 0, 0.0
111, 0, 10, 0, 0, 0.0
111, 0, 11, 0, 0, 0.0
111, 0, 12, 0, 0, 0.0
111, 0, 13, 0, 0, 0.0
111, 0, 14, 0, 0, 0.0
111, 0, 15, 0, 0, 0.0
111, 0, 16, 0, 0, 0.0
111, 0, 17, 0, 0, 0.0
111, 0, 18, 0, 0, 0.0
111, 0, 19, 0, 0, 0.0
111, 0, 20, 0, 0, 0.0
111, 1, 0, 0, 0, 0.0
111, 1, 1, 0, 0, 0.0
111, 1, 2, 0, 0, 0.0
111, 1, 3, 0, 0, 0.0
111, 1, 4, 0, 0, 0.0
111, 1, 5, 0, 0, 0.0
111, 1, 6, 0, 0, 0.0
111, 1, 7, 0, 0, 0.0
111, 1, 8, 0, 0, 0.0
111, 1, 9, 0, 0, 0.0
111, 1, 10, 0, 0, 0.0
111, 1, 11, 0, 0, 0.0
111, 1, 12, 0, 0, 0.0
111, 1, 13, 0, 0, 0.0
111, 1, 14, 0, 0, 0.0
111, 1, 15, 0, 0, 0.0
111, 1, 16, 0, 0, 0.0
111, 1, 17, 0, 0, 0.0
111, 1, 18, 0, 0, 0.0
111, 1, 19, 0, 0, 0.0
111, 1, 20, 0, 0, 0.0
112, 0, 0, 0, 0, 0.0
112, 0, 1, 0, 0, 0.0
112, 0, 2, 0, 0, 0.0
112, 0, 3, 0, 0, 0.0
112, 0, 4, 0, 0, 0.0
112, 0, 5, 0, 0, 0.0
112, 0, 6, 0, 0, 0.0
112, 0, 7, 0, 0, 0.0
112, 0, 8, 0, 0, 0.0
112, 0, 9, 0, 0, 0.0
112, 0, 10, 0, 0, 0.0
112, 0, 11, 0, 0, 0.0
112, 0, 12, 0, 0, 0.0
112, 0, 13, 0, 0, 0.0
112, 0, 14, 0, 0, 0.0
112, 0, 15, 0, 0, 0.0
112, 0, 16, 0, 0, 0.0
112, 0, 17, 0, 0, 0.0
112, 0, 18, 0, 0, 0.0
112, 0, 19, 0, 0, 0.0
112, 0, 20, 0, 0, 0.0
112, 1, 0, 0, 0, 0.0
112, 1, 1, 0, 0, 0.0
112, 1, 2, 0, 0, 0.0
112, 1, 3, 0, 0, 0.0
112, 1, 4, 0, 0, 0.0
112, 1, 5, 0, 0, 0.0
112, 1, 6, 0, 0, 0.0
112, 1, 7, 0, 0, 0.0
112, 1, 8, 0, 0, 0.0
112, 1, 9, 0, 0, 0.0
112, 1, 10, 0, 0, 0.0
112, 1, 11, 0, 0, 0.0
112, 1, 12, 0, 0, 0.0
112, 1, 13, 0, 0, 0.0
112, 1, 14, 0, 0, 0.0
112, 1, 15, 0, 0, 0.0
112, 1, 16, 0, 0, 0.0
112, 1, 17, 0, 0, 0.0
112, 1, 18, 0, 0, 0.0
112, 1, 19, 0, 0, 0.0
112, 1, 20, 0, 0, 0.0
113, 0, 0, 0, 0, 0.0
113, 0, 1, 0, 0, 0.0
113, 0, 2, 0, 0, 0.0
113, 0, 3, 0, 0, 0.0
113, 0, 4, 0, 0, 0.0
113, 0, 5, 0, 0, 0.0
113, 0, 6, 0, 0, 0.0
113, 0, 7, 0, 0, 0.0
113, 0, 8, 0, 0, 0.0
113, 0, 9, 0, 0, 0.0
113, 0, 10, 0, 0, 0.0
113, 0, 11, 0, 0, 0.0
113, 0, 12, 0, 0, 0.0
113, 0, 13, 0, 0, 0.0
113, 0, 14, 0, 0, 0.0
113, 0, 15, 0, 0, 0.0
113, 0, 16, 0, 0, 0.0
113, 0, 17, 0, 0, 0.0
113, 0, 18, 0, 0, 0.0
113, 0, 19, 0, 0, 0.0
113, 0, 20, 0, 0, 0.0
113, 1, 0, 0, 0, 0.0
113, 1, 1, 0, 0, 0.0
113, 1, 2, 0, 0, 0.0
113, 1, 3, 0, 0, 0.0
113, 1, 4, 0, 0, 0.0
113, 1, 5, 0, 0, 0.0
113, 1, 6, 0, 0, 0.0
113, 1, 7, 0, 0, 0.0
113, 1, 8, 0, 0, 0.0
113, 1, 9, 0, 0, 0.0
113, 1, 10, 0, 0, 0.0
113, 1, 11, 0, 0, 0.0
113, 1, 12, 0, 0, 0.0
113, 1, 13, 0, 0, 0.0
113, 1, 14, 0, 0, 0.0
113, 1, 15, 0, 0, 0.0
113, 1, 16, 0, 0, 0.0
113, 1, 17, 0, 0, 0.0
113, 1, 18, 0, 0, 0.0
113, 1, 19, 0, 0, 0.0
113, 1, 20, 0, 0, 0.0
114, 0, 0, 0, 0, 0.0
114, 0, 1, 0, 0, 0.0
114, 0, 2, 0, 0, 0.0
114, 0, 3, 0, 0, 0.0
114, 0, 4, 0, 0, 0.0
114, 0, 5, 0, 0, 0.0
114, 0, 6, 0, 0, 0.0
114, 0, 7, 0, 0, 0.0
114, 0, 8, 0, 0, 0.0
114, 0, 9, 0, 0, 0.0
114, 0, 10, 0, 0, 0.0
114, 0, 11, 0, 0, 0.0
114, 0, 12, 0, 0, 0.0
114, 0, 13, 0, 0, 0.0
114, 0, 14, 0, 0, 0.0
114, 0, 15, 0, 0, 0.0
114, 0, 16, 0, 0, 0.0
114, 0, 17, 0, 0, 0.0
114, 0, 18, 0, 0, 0.0
114, 0, 19, 0, 0, 0.0
114, 0, 20, 0, 0, 0.0
114, 1, 0, 0, 0, 0.0
114, 1, 1, 0, 0, 0.0
114, 1, 2, 0, 0, 0.0
114, 1, 3, 0, 0, 0.0
114, 1, 4, 0, 0, 0.0
114, 1, 5, 0, 0, 0.0
114, 1, 6, 0, 0, 0.0
114, 1, 7, 0, 0, 0.0
114, 1, 8, 0, 0, 0.0
114, 1, 9, 0, 0, 0.0
114, 1, 10, 0, 0, 0.0
114, 1, 11, 0, 0, 0.0
114, 1, 12, 0, 0, 0.0
114, 1, 13, 0, 0, 0.0
114, 1, 14, 0, 0, 0.0
114, 1, 15, 0, 0, 0.0
114, 1, 16, 0, 0, 0.0
114, 1, 17, 0, 0, 0.0
114, 1, 18, 0, 0, 0.0
114, 1, 19, 0, 0, 0.0
114, 1, 20, 0, 0, 0.0
115, 0, 0, 0, 0, 0.0
115, 0, 1, 0, 0, 0.0
115, 0, 2, 0, 0, 0.0
115, 0, 3, 0, 0, 0.0
115, 0, 4, 0, 0, 0.0
115, 0, 5, 0, 0, 0.0
115, 0, 6, 0, 0, 0.0
115, 0, 7, 0, 0, 0.0
115, 0, 8, 0, 0, 0.0
115, 0, 9, 0, 0, 0.0
115, 0, 10, 0, 0, 0.0
115, 0, 11, 0, 0, 0.0
115, 0, 12, 0, 0, 0.0
115, 0, 13, 0, 0, 0.0
115, 0, 14, 0, 0, 0.0
115, 0, 15, 0, 0, 0.0
115, 0, 16, 0, 0, 0.0
115, 0, 17, 0, 0, 0.0
115, 0, 18, 0, 0, 0.0
115, 0, 19, 0, 0, 0.0
115, 0, 20, 0, 0, 0.0
115, 1, 0, 0, 0, 0.0
115, 1, 1, 0, 0, 0.0
115, 1, 2, 0, 0, 0.0
115, 1, 3, 0, 0, 0.0
115, 1, 4, 0, 0, 0.0
115, 1, 5, 0, 0, 0.0
115, 1, 6, 0, 0, 0.0
115, 1, 7, 0, 0, 0.0
115, 1, 8, 0, 0, 0.0
115, 1, 9, 0, 0, 0.0
115, 1, 10, 0, 0, 0.0
115, 1, 11, 0, 0, 0.0
115, 1, 12, 0, 0, 0.0
115, 1, 13, 0, 0, 0.0
115, 1, 14, 0, 0, 0.0
115, 1, 15, 0, 0, 0.0
115, 1, 16, 0, 0, 0.0
115, 1, 17, 0, 0, 0.0
115, 1, 18, 0, 0, 0.0
115, 1, 19, 0, 0, 0.0
115, 1, 20, 0, 0, 0.0
116, 0, 0, 0, 0, 0.0
116, 0, 1, 0, 0, 0.0
116, 0, 2, 0, 0, 0.0
116, 0, 3, 0, 0, 0.0
116, 0, 4, 0, 0, 0.0
116, 0, 5, 0, 0, 0.0
116, 0, 6, 0, 0, 0.0
116, 0, 7, 0, 0, 0.0
116, 0, 8, 0, 0, 0.0
116, 0, 9, 0, 0, 0.0
116, 0, 10, 0, 0, 0.0
116, 0, 11, 0, 0, 0.0
116, 0, 12, 0, 0, 0.0
116, 0, 13, 0, 0, 0.0
116, 0, 14, 0, 0, 0.0
116, 0, 15, 0, 0, 0.0
116, 0, 16, 0, 0, 0.0
116, 0, 17, 0, 0, 0.0
116, 0, 18, 0, 0, 0.0
116, 0, 19, 0, 0, 0.0
116, 0, 20, 0, 0, 0.0
116, 1, 0, 0, 0, 0.0
116, 1, 1, 0, 0, 0.0
116, 1, 2, 0, 0, 0.0
116, 1, 3, 0, 0, 0.0
116, 1, 4, 0, 0, 0.0
116, 1, 5, 0, 0, 0.0
116, 1, 6, 0, 0, 0.0
116, 1, 7, 0, 0, 0.0
116, 1, 8, 0, 0, 0.0
116, 1, 9, 0, 0, 0.0
116, 1, 10, 0, 0, 0.0
116, 1, 11, 0, 0, 0.0
116, 1, 12, 0, 0, 0.0
116, 1, 13, 0, 0, 0.0
116, 1, 14, 0, 0, 0.0
116, 1, 15, 0, 0, 0.0
116, 1, 16, 0, 0, 0.0
116, 1, 17, 0, 0, 0.0
116, 1, 18, 0, 0, 0.0
116, 1, 19, 0, 0, 0.0
116, 1, 20, 0, 0, 0.0
117, 0, 0, 0, 0, 0.0
117, 0, 1, 0, 0, 0.0
117, 0, 2, 0, 0, 0.0
117, 0, 3, 0, 0, 0.0
117, 0, 4, 0, 0, 0.0
117, 0, 5, 0, 0, 0.0
117, 0, 6, 0, 0, 0.0
117, 0, 7, 0, 0, 0.0
117, 0, 8, 0, 0, 0.0
117, 0, 9, 0, 0, 0.0
117, 0, 10, 0, 0, 0.0
117, 0, 11, 0, 0, 0.0
117, 0, 12, 0, 0, 0.0
117, 0, 13, 0, 0, 0.0
117, 0, 14, 0, 0, 0.0
117, 0, 15, 0, 0, 0.0
117, 0, 16, 0, 0, 0.0
117, 0, 17, 0, 0, 0.0
117, 0, 18, 0, 0, 0.0
117, 0, 19, 0, 0, 0.0
117, 0, 20, 0, 0, 0.0
117, 1, 0, 0, 0, 0.0
117, 1, 1, 0, 0, 0.0
117, 1, 2, 0, 0, 0.0
117, 1, 3, 0, 0, 0.0
117, 1, 4, 0, 0, 0.0
117, 1, 5, 0, 0, 0.0
117, 1, 6, 0, 0, 0.0
117, 1, 7, 0, 0, 0.0
117, 1, 8, 0, 0, 0.0
117, 1, 9, 0, 0, 0.0
117, 1, 10, 0, 0, 0.0
117, 1, 11, 0, 0, 0.0
117, 1, 12, 0, 0, 0.0
117, 1, 13, 0, 0, 0.0
117, 1, 14, 0, 0, 0.0
117, 1, 15, 0, 0, 0.0
117, 1, 16, 0, 0, 0.0
117, 1, 17, 0, 0, 0.0
117, 1, 18, 0, 0, 0.0
117, 1, 19, 0, 0, 0.0
117, 1, 20, 0, 0, 0.0
118, 0, 0, 0, 0, 0.0
118, 0, 1, 0, 0, 0.0
118, 0, 2, 0, 0, 0.0
118, 0, 3, 0, 0, 0.0
118, 0, 4, 0, 0, 0.0
118, 0, 5, 0, 0, 0.0
118, 0, 6, 0, 0, 0.0
118, 0, 7, 0, 0, 0.0
118, 0, 8, 0, 0, 0.0
118, 0, 9, 0, 0, 0.0
118, 0, 10, 0, 0, 0.0
118, 0, 11, 0, 0, 0.0
118, 0, 12, 0, 0, 0.0
118, 0, 13, 0, 0, 0.0
118, 0, 14, 0, 0, 0.0
118, 0, 15, 0, 0, 0.0
118, 0, 16, 0, 0, 0.0
118, 0, 17, 0, 0, 0.0
118, 0, 18, 0, 0, 0.0
118, 0, 19, 0, 0, 0.0
118, 0, 20, 0, 0, 0.0
118, 1, 0, 0, 0, 0.0
118, 1, 1, 0, 0, 0.0
118, 1, 2, 0, 0, 0.0
118, 1, 3, 0, 0, 0.0
118, 1, 4, 0, 0, 0.0
118, 1, 5, 0, 0, 0.0
118, 1, 6, 0, 0, 0.0
118, 1, 7, 0, 0, 0.0
118, 1, 8, 0, 0, 0.0
118, 1, 9, 0, 0, 0.0
118, 1, 10, 0, 0, 0.0
118, 1, 11, 0, 0, 0.0
118, 1, 12, 0, 0, 0.0
118, 1, 13, 0, 0, 0.0
118, 1, 14, 0, 0, 0.0
118, 1, 15, 0, 0, 0.0
118, 1, 16, 0, 0, 0.0
118, 1, 17, 0, 0, 0.0
118, 1, 18, 0, 0, 0.0
118, 1, 19, 0, 0, 0.0
118, 1, 20, 0, 0, 0.0
119, 0, 0, 0, 0, 0.0
119, 0, 1, 0, 0, 0.0
119, 0, 2, 0, 0, 0.0
119, 0, 3, 0, 0, 0.0
119, 0, 4, 0, 0, 0.0
119, 0, 5, 0, 0, 0.0
119, 0, 6, 0, 0, 0.0
119, 0, 7, 0, 0, 0.0
119, 0, 8, 0, 0, 0.0
119, 0, 9, 0, 0, 0.0
119, 0, 10, 0, 0, 0.0
119, 0, 11, 0, 0, 0.0
119, 0, 12, 0, 0, 0.0
119, 0, 13, 0, 0, 0.0
119, 0, 14, 0, 0, 0.0
119, 0, 15, 0, 0, 0.0
119, 0, 16, 0, 0, 0.0
119, 0, 17, 0, 0, 0.0
119, 0, 18, 0, 0, 0.0
119, 0, 19, 0, 0, 0.0
119, 0, 20, 0, 0, 0.0
119, 1, 0, 0, 0, 0.0
119, 1, 1, 0, 0, 0.0
119, 1, 2, 0, 0, 0.0
119, 1, 3, 0, 0, 0.0
119, 1, 4, 0, 0, 0.0
119, 1, 5, 0, 0, 0.0
119, 1, 6, 0, 0, 0.0
119, 1, 7, 0, 0, 0.0
119, 1, 8, 0, 0, 0.0
119, 1, 9, 0, 0, 0.0
119, 1, 10, 0, 0, 0.0
119, 1, 11, 0, 0, 0.0
119, 1, 12, 0, 0, 0.0
119, 1, 13, 0, 0, 0.0
119, 1, 14, 0, 0, 0.0
119, 1, 15, 0, 0, 0.0
119, 1, 16, 0, 0, 0.0
119, 1, 17, 0, 0, 0.0
119, 1, 18, 0, 0, 0.0
119, 1, 19, 0, 0, 0.0
119, 1, 20, 0, 0, 0.0
120, 0, 0, 0, 0, 0.0
120, 0, 1, 0, 0, 0.0
120, 0, 2, 0, 0, 0.0
120, 0, 3, 0, 0, 0.0
120, 0, 4, 0, 0, 0.0
120, 0, 5, 0, 0, 0.0
120, 0, 6, 0, 0, 0.0
120, 0, 7, 0, 0, 0.0
120, 0, 8, 0, 0, 0.0
120, 0, 9, 0, 0, 0.0
120, 0, 10, 0, 0, 0.0
120, 0, 11, 0, 0, 0.0
120, 0, 12, 0, 0, 0.0
120, 0, 13, 0, 0, 0.0
120, 0, 14, 0, 0, 0.0
120, 0, 15, 0, 0, 0.0
120, 0, 16, 0, 0, 0.0
120, 0, 17, 0, 0, 0.0
120, 0, 18, 0, 0, 0.0
120, 0, 19, 0, 0, 0.0
120, 0, 20, 0, 0, 0.0
120, 1, 0, 0, 0, 0.0
120, 1, 1, 0, 0, 0.0
120, 1, 2, 0, 0, 0.0
120, 1, 3, 0, 0, 0.0
120, 1, 4, 0, 0, 0.0
120, 1, 5, 0, 0, 0.0
120, 1, 6, 0, 0, 0.0
120, 1, 7, 0, 0, 0.0
120, 1, 8, 0, 0, 0.0
120, 1, 9, 0, 0, 0.0
120, 1, 10, 0, 0, 0.0
120, 1, 11, 0, 0, 0.0
120, 1, 12, 0, 0, 0.0
120, 1, 13, 0, 0, 0.0
120, 1, 14, 0, 0, 0.0
120, 1, 15, 0, 0, 0.0
120, 1, 16, 0, 0, 0.0
120, 1, 17, 0, 0, 0.0
120, 1, 18, 0, 0, 0.0
120, 1, 19, 0, 0, 0.0
120, 1, 20, 0, 0, 0.0
121, 0, 0, 0, 0, 0.0
121, 0, 1, 0, 0, 0.0
121, 0, 2, 0, 0, 0.0
121, 0, 3, 0, 0, 0.0
121, 0, 4, 0, 0, 0.0
121, 0, 5, 0, 0, 0.0
121, 0, 6, 0, 0, 0.0
121, 0, 7, 0, 0, 0.0
121, 0, 8, 0, 0, 0.0
121, 0, 9, 0, 0, 0.0
121, 0, 10, 0, 0, 0.0
121, 0, 11, 0, 0, 0.0
121, 0, 12, 0, 0, 0.0
121, 0, 13, 0, 0, 0.0
121, 0, 14, 0, 0, 0.0
121, 0, 15, 0, 0, 0.0
121, 0, 16, 0, 0, 0.0
121, 0, 17, 0, 0, 0.0
121, 0, 18, 0, 0, 0.0
121, 0, 19, 0, 0, 0.0
121, 0, 20, 0, 0, 0.0
121, 1, 0, 0, 0, 0.0
121, 1, 1, 0, 0, 0.0
121, 1, 2, 0, 0, 0.0
121, 1, 3, 0, 0, 0.0
121, 1, 4, 0, 0, 0.0
121, 1, 5, 0, 0, 0.0
121, 1, 6, 0, 0, 0.0
121, 1, 7, 0, 0, 0.0
121, 1, 8, 0, 0, 0.0
121, 1, 9, 0, 0, 0.0
121, 1, 10, 0, 0, 0.0
121, 1, 11, 0, 0, 0.0
121, 1, 12, 0, 0, 0.0
121, 1, 13, 0, 0, 0.0
121, 1, 14, 0, 0, 0.0
121, 1, 15, 0, 0, 0.0
121, 1, 16, 0, 0, 0.0
121, 1, 17, 0, 0, 0.0
121, 1, 18, 0, 0, 0.0
121, 1, 19, 0, 0, 0.0
121, 1, 20, 0, 0, 0.0
122, 0, 0, 0, 0, 0.0
122, 0, 1, 0, 0, 0.0
122, 0, 2, 0, 0, 0.0
122, 0, 3, 0, 0, 0.0
122, 0, 4, 0, 0, 0.0
122, 0, 5, 0, 0, 0.0
122, 0, 6, 0, 0, 0.0
122, 0, 7, 0, 0, 0.0
122, 0, 8, 0, 0, 0.0
122, 0, 9, 0, 0, 0.0
122, 0, 10, 0, 0, 0.0
122, 0, 11, 0, 0, 0.0
122, 0, 12, 0, 0, 0.0
122, 0, 13, 0, 0, 0.0
122, 0, 14, 0, 0, 0.0
122, 0, 15, 0, 0, 0.0
122, 0, 16, 0, 0, 0.0
122, 0, 17, 0, 0, 0.0
122, 0, 18, 0, 0, 0.0
122, 0, 19, 0, 0, 0.0
122, 0, 20, 0, 0, 0.0
122, 1, 0, 0, 0, 0.0
122, 1, 1, 0, 0, 0.0
122, 1, 2, 0, 0, 0.0
122, 1, 3, 0, 0, 0.0
122, 1, 4, 0, 0, 0.0
122, 1, 5, 0, 0, 0.0
122, 1, 6, 0, 0, 0.0
122, 1, 7, 0, 0, 0.0
122, 1, 8, 0, 0, 0.0
122, 1, 9, 0, 0, 0.0
122, 1, 10, 0, 0, 0.0
122, 1, 11, 0, 0, 0.0
122, 1, 12, 0, 0, 0.0
122, 1, 13, 0, 0, 0.0
122, 1, 14, 0, 0, 0.0
122, 1, 15, 0, 0, 0.0
122, 1, 16, 0, 0, 0.0
122, 1, 17, 0, 0, 0.0
122, 1, 18, 0, 0, 0.0
122, 1, 19, 0, 0, 0.0
122, 1, 20, 0, 0, 0.0
123, 0, 0, 0, 0, 0.0
123, 0, 1, 0, 0, 0.0
123, 0, 2, 0, 0, 0.0
123, 0, 3, 0, 0, 0.0
123, 0, 4, 0, 0, 0.0
123, 0, 5, 0, 0, 0.0
123, 0, 6, 0, 0, 0.0
123, 0, 7, 0, 0, 0.0
123, 0, 8, 0, 0, 0.0
123, 0, 9, 0, 0, 0.0
123, 0, 10, 0, 0, 0.0
123, 0, 11, 0, 0, 0.0
123, 0, 12, 0, 0, 0.0
123, 0, 13, 0, 0, 0.0
123, 0, 14, 0, 0, 0.0
123, 0, 15, 0, 0, 0.0
123, 0, 16, 0, 0, 0.0
123, 0, 17, 0, 0, 0.0
123, 0, 18, 0, 0, 0.0
123, 0, 19, 0, 0, 0.0
123, 0, 20, 0, 0, 0.0
123, 1, 0, 0, 0, 0.0
123, 1, 1, 0, 0, 0.0
123, 1, 2, 0, 0, 0.0
123, 1, 3, 0, 0, 0.0
123, 1, 4, 0, 0, 0.0
123, 1, 5, 0, 0, 0.0
123, 1, 6, 0, 0, 0.0
123, 1, 7, 0, 0, 0.0
123, 1, 8, 0, 0, 0.0
123, 1, 9, 0, 0, 0.0
123, 1, 10, 0, 0, 0.0
123, 1, 11, 0, 0, 0.0
123, 1, 12, 0, 0, 0.0
123, 1, 13, 0, 0, 0.0
123, 1, 14, 0, 0, 0.0
123, 1, 15, 0, 0, 0.0
123, 1, 16, 0, 0, 0.0
123, 1, 17, 0, 0, 0.0
123, 1, 18, 0, 0, 0.0
123, 1, 19, 0, 0, 0.0
123, 1, 20, 0, 0, 0.0
124, 0, 0, 0, 0, 0.0
124, 0, 1, 0, 0, 0.0
124, 0, 2, 0, 0, 0.0
124, 0, 3, 0, 0, 0.0
124, 0, 4, 0, 0, 0.0
124, 0, 5, 0, 0, 0.0
124, 0, 6, 0, 0, 0.0
124, 0, 7, 0, 0, 0.0
124, 0, 8, 0, 0, 0.0
124, 0, 9, 0, 0, 0.0
124, 0, 10, 0, 0, 0.0
124, 0, 11, 0, 0, 0.0
124, 0, 12, 0, 0, 0.0
124, 0, 13, 0, 0, 0.0
124, 0, 14, 0, 0, 0.0
124, 0, 15, 0, 0, 0.0
124, 0, 16, 0, 0, 0.0
124, 0, 17, 0, 0, 0.0
124, 0, 18, 0, 0, 0.0
124, 0, 19, 0, 0, 0.0
124, 0, 20, 0, 0, 0.0
124, 1, 0, 0, 0, 0.0
124, 1, 1, 0, 0, 0.0
124, 1, 2, 0, 0, 0.0
124, 1, 3, 0, 0, 0.0
124, 1, 4, 0, 0, 0.0
124, 1, 5, 0, 0, 0.0
124, 1, 6, 0, 0, 0.0
124, 1, 7, 0, 0, 0.0
124, 1, 8, 0, 0, 0.0
124, 1, 9, 0, 0, 0.0
124, 1, 10, 0, 0, 0.0
124, 1, 11, 0, 0, 0.0
124, 1, 12, 0, 0, 0.0
124, 1, 13, 0, 0, 0.0
124, 1, 14, 0, 0, 0.0
124, 1, 15, 0, 0, 0.0
124, 1, 16, 0, 0, 0.0
124, 1, 17, 0, 0, 0.0
124, 1, 18, 0, 0, 0.0
124, 1, 19, 0, 0, 0.0
124, 1, 20, 0, 0, 0.0
125, 0, 0, 0, 0, 0.0
125, 0, 1, 0, 0, 0.0
125, 0, 2, 0, 0, 0.0
125, 0, 3, 0, 0, 0.0
125, 0, 4, 0, 0, 0.0
125, 0, 5, 0, 0, 0.0
125, 0, 6, 0, 0, 0.0
125, 0, 7, 0, 0, 0.0
125, 0, 8, 0, 0, 0.0
125, 0, 9, 0, 0, 0.0
125, 0, 10, 0, 0, 0.0
125, 0, 11, 0, 0, 0.0
125, 0, 12, 0, 0, 0.0
125, 0, 13, 0, 0, 0.0
125, 0, 14, 0, 0, 0.0
125, 0, 15, 0, 0, 0.0
125, 0, 16, 0, 0, 0.0
125, 0, 17, 0, 0, 0.0
125, 0, 18, 0, 0, 0.0
125, 0, 19, 0, 0, 0.0
125, 0, 20, 0, 0, 0.0
125, 1, 0, 0, 0, 0.0
125, 1, 1, 0, 0, 0.0
125, 1, 2, 0, 0, 0.0
125, 1, 3, 0, 0, 0.0
125, 1, 4, 0, 0, 0.0
125, 1, 5, 0, 0, 0.0
125, 1, 6, 0, 0, 0.0
125, 1, 7, 0, 0, 0.0
125, 1, 8, 0, 0, 0.0
125, 1, 9, 0, 0, 0.0
125, 1, 10, 0, 0, 0.0
125, 1, 11, 0, 0, 0.0
125, 1, 12, 0, 0, 0.0
125, 1, 13, 0, 0, 0.0
125, 1, 14, 0, 0, 0.0
125, 1, 15, 0, 0, 0.0
125, 1, 16, 0, 0, 0.0
125, 1, 17, 0, 0, 0.0
125, 1, 18, 0, 0, 0.0
125, 1, 19, 0, 0, 0.0
125, 1, 20, 0, 0, 0.0
126, 0, 0, 0, 0, 0.0
126, 0, 1, 0, 0, 0.0
126, 0, 2, 0, 0, 0.0
126, 0, 3, 0, 0, 0.0
126, 0, 4, 0, 0, 0.0
126, 0, 5, 0, 0, 0.0
126, 0, 6, 0, 0, 0.0
126, 0, 7, 0, 0, 0.0
126, 0, 8, 0, 0, 0.0
126, 0, 9, 0, 0, 0.0
126, 0, 10, 0, 0, 0.0
126, 0, 11, 0, 0, 0.0
126, 0, 12, 0, 0, 0.0
126, 0, 13, 0, 0, 0.0
126, 0, 14, 0, 0, 0.0
126, 0, 15, 0, 0, 0.0
126, 0, 16, 0, 0, 0.0
126, 0, 17, 0, 0, 0.0
126, 0, 18, 0, 0, 0.0
126, 0, 19, 0, 0, 0.0
126, 0, 20, 0, 0, 0.0
126, 1, 0, 0, 0, 0.0
126, 1, 1, 0, 0, 0.0
126, 1, 2, 0, 0, 0.0
126, 1, 3, 0, 0, 0.0
126, 1, 4, 0, 0, 0.0
126, 1, 5, 0, 0, 0.0
126, 1, 6, 0, 0, 0.0
126, 1, 7, 0, 0, 0.0
126, 1, 8, 0, 0, 0.0
126, 1, 9, 0, 0, 0.0
126, 1, 10, 0, 0, 0.0
126, 1, 11, 0, 0, 0.0
126, 1, 12, 0, 0, 0.0
126, 1, 13, 0, 0, 0.0
126, 1, 14, 0, 0, 0.0
126, 1, 15, 0, 0, 0.0
126, 1, 16, 0, 0, 0.0
126, 1, 17, 0, 0, 0.0
126, 1, 18, 0, 0, 0.0
126, 1, 19, 0, 0, 0.0
126, 1, 20, 0, 0, 0.0
127, 0, 0, 0, 0, 0.0
127, 0, 1, 0, 0, 0.0
127, 0, 2, 0, 0, 0.0
127, 0, 3, 0, 0, 0.0
127, 0, 4, 0, 0, 0.0
127, 0, 5, 0, 0, 0.0
127, 0, 6, 0, 0, 0.0
127, 0, 7, 0, 0, 0.0
127, 0, 8, 0, 0, 0.0
127, 0, 9, 0, 0, 0.0
127, 0, 10, 0, 0, 0.0
127, 0, 11, 0, 0, 0.0
127, 0, 12, 0, 0, 0.0
127, 0, 13, 0, 0, 0.0
127, 0, 14, 0, 0, 0.0
127, 0, 15, 0, 0, 0.0
127, 0, 16, 0, 0, 0.0
127, 0, 17, 0, 0, 0.0
127, 0, 18, 0, 0, 0.0
127, 0, 19, 0, 0, 0.0
127, 0, 20, 0, 0, 0.0
127, 1, 0, 0, 0, 0.0
127, 1, 1, 0, 0, 0.0
127, 1, 2, 0, 0, 0.0
127, 1, 3, 0, 0, 0.0
127, 1, 4, 0, 0, 0.0
127, 1, 5, 0, 0, 0.0
127, 1, 6, 0, 0, 0.0
127, 1, 7, 0, 0, 0.0
127, 1, 8, 0, 0, 0.0
127, 1, 9, 0, 0, 0.0
127, 1, 10, 0, 0, 0.0
127, 1, 11, 0, 0, 0.0
127, 1, 12, 0, 0, 0.0
127, 1, 13, 0, 0, 0.0
127, 1, 14, 0, 0, 0.0
127, 1, 15, 0, 0, 0.0
127, 1, 16, 0, 0, 0.0
127, 1, 17, 0, 0, 0.0
127, 1, 18, 0, 0, 0.0
127, 1, 19, 0, 0, 0.0
127, 1, 20, 0, 0, 0.0
128, 0, 0, 0, 0, 0.0
128, 0, 1, 0, 0, 0.0
128, 0, 2, 0, 0, 0.0
128, 0, 3, 0, 0, 0.0
128, 0, 4, 0, 0, 0.0
128, 0, 5, 0, 0, 0.0
128, 0, 6, 0, 0, 0.0
128, 0, 7, 0, 0, 0.0
128, 0, 8, 0, 0, 0.0
128, 0, 9, 0, 0, 0.0
128, 0, 10, 0, 0, 0.0
128, 0, 11, 0, 0, 0.0
128, 0, 12, 0, 0, 0.0
128, 0, 13, 0, 0, 0.0
128, 0, 14, 0, 0, 0.0
128, 0, 15, 0, 0, 0.0
128, 0, 16, 0, 0, 0.0
128, 0, 17, 0, 0, 0.0
128, 0, 18, 0, 0, 0.0
128, 0, 19, 0, 0, 0.0
128, 0, 20, 0, 0, 0.0
128, 1, 0, 0, 0, 0.0
128, 1, 1, 0, 0, 0.0
128, 1, 2, 0, 0, 0.0
128, 1, 3, 0, 0, 0.0
128, 1, 4, 0, 0, 0.0
128, 1, 5, 0, 0, 0.0
128, 1, 6, 0, 0, 0.0
128, 1, 7, 0, 0, 0.0
128, 1, 8, 0, 0, 0.0
128, 1, 9, 0, 0, 0.0
128, 1, 10, 0, 0, 0.0
128, 1, 11, 0, 0, 0.0
128, 1, 12, 0, 0, 0.0
128, 1, 13, 0, 0, 0.0
128, 1, 14, 0, 0, 0.0
128, 1, 15, 0, 0, 0.0
128, 1, 16, 0, 0, 0.0
128, 1, 17, 0, 0, 0.0
128, 1, 18, 0, 0, 0.0
128, 1, 19, 0, 0, 0.0
128, 1, 20, 0, 0, 0.0
129, 0, 0, 0, 0, 0.0
129, 0, 1, 0, 0, 0.0
129, 0, 2, 0, 0, 0.0
129, 0, 3, 0, 0, 0.0
129, 0, 4, 0, 0, 0.0
129, 0, 5, 0, 0, 0.0
129, 0, 6, 0, 0, 0.0
129, 0, 7, 0, 0, 0.0
129, 0, 8, 0, 0, 0.0
129, 0, 9, 0, 0, 0.0
129, 0, 10, 0, 0, 0.0
129, 0, 11, 0, 0, 0.0
129, 0, 12, 0, 0, 0.0
129, 0, 13, 0, 0, 0.0
129, 0, 14, 0, 0, 0.0
129, 0, 15, 0, 0, 0.0
129, 0, 16, 0, 0, 0.0
129, 0, 17, 0, 0, 0.0
129, 0, 18, 0, 0, 0.0
129, 0, 19, 0, 0, 0.0
129, 0, 20, 0, 0, 0.0
129, 1, 0, 0, 0, 0.0
129, 1, 1, 0, 0, 0.0
129, 1, 2, 0, 0, 0.0
129, 1, 3, 0, 0, 0.0
129, 1, 4, 0, 0, 0.0
129, 1, 5, 0, 0, 0.0
129, 1, 6, 0, 0, 0.0
129, 1, 7, 0, 0, 0.0
129, 1, 8, 0, 0, 0.0
129, 1, 9, 0, 0, 0.0
129, 1, 10, 0, 0, 0.0
129, 1, 11, 0, 0, 0.0
129, 1, 12, 0, 0, 0.0
129, 1, 13, 0, 0, 0.0
129, 1, 14, 0, 0, 0.0
129, 1, 15, 0, 0, 0.0
129, 1, 16, 0, 0, 0.0
129, 1, 17, 0, 0, 0.0
129, 1, 18, 0, 0, 0.0
129, 1, 19, 0, 0, 0.0
129, 1, 20, 0, 0, 0.0
130, 0, 0, 0, 0, 0.0
130, 0, 1, 0, 0, 0.0
130, 0, 2, 0, 0, 0.0
130, 0, 3, 0, 0, 0.0
130, 0, 4, 0, 0, 0.0
130, 0, 5, 0, 0, 0.0
130, 0, 6, 0, 0, 0.0
130, 0, 7, 0, 0, 0.0
130, 0, 8, 0, 0, 0.0
130, 0, 9, 0, 0, 0.0
130, 0, 10, 0, 0, 0.0
130, 0, 11, 0, 0, 0.0
130, 0, 12, 0, 0, 0.0
130, 0, 13, 0, 0, 0.0
130, 0, 14, 0, 0, 0.0
130, 0, 15, 0, 0, 0.0
130, 0, 16, 0, 0, 0.0
130, 0, 17, 0, 0, 0.0
130, 0, 18, 0, 0, 0.0
130, 0, 19, 0, 0, 0.0
130, 0, 20, 0, 0, 0.0
130, 1, 0, 0, 0, 0.0
130, 1, 1, 0, 0, 0.0
130, 1, 2, 0, 0, 0.0
130, 1, 3, 0, 0, 0.0
130, 1, 4, 0, 0, 0.0
130, 1, 5, 0, 0, 0.0
130, 1, 6, 0, 0, 0.0
130, 1, 7, 0, 0, 0.0
130, 1, 8, 0, 0, 0.0
130, 1, 9, 0, 0, 0.0
130, 1, 10, 0, 0, 0.0
130, 1, 11, 0, 0, 0.0
130, 1, 12, 0, 0, 0.0
130, 1, 13, 0, 0, 0.0
130, 1, 14, 0, 0, 0.0
130, 1, 15, 0, 0, 0.0
130, 1, 16, 0, 0, 0.0
130, 1, 17, 0, 0, 0.0
130, 1, 18, 0, 0, 0.0
130, 1, 19, 0, 0, 0.0
130, 1, 20, 0, 0, 0.0
131, 0, 0, 0, 0, 0.0
131, 0, 1, 0, 0, 0.0
131, 0, 2, 0, 0, 0.0
131, 0, 3, 0, 0, 0.0
131, 0, 4, 0, 0, 0.0
131, 0, 5, 0, 0, 0.0
131, 0, 6, 0, 0, 0.0
131, 0, 7, 0, 0, 0.0
131, 0, 8, 0, 0, 0.0
131, 0, 9, 0, 0, 0.0
131, 0, 10, 0, 0, 0.0
131, 0, 11, 0, 0, 0.0
131, 0, 12, 0, 0, 0.0
131, 0, 13, 0, 0, 0.0
131, 0, 14, 0, 0, 0.0
131, 0, 15, 0, 0, 0.0
131, 0, 16, 0, 0, 0.0
131, 0, 17, 0, 0, 0.0
131, 0, 18, 0, 0, 0.0
131, 0, 19, 0, 0, 0.0
131, 0, 20, 0, 0, 0.0
131, 1, 0, 0, 0, 0.0
131, 1, 1, 0, 0, 0.0
131, 1, 2, 0, 0, 0.0
131, 1, 3, 0, 0, 0.0
131, 1, 4, 0, 0, 0.0
131, 1, 5, 0, 0, 0.0
131, 1, 6, 0, 0, 0.0
131, 1, 7, 0, 0, 0.0
131, 1, 8, 0, 0, 0.0
131, 1, 9, 0, 0, 0.0
131, 1, 10, 0, 0, 0.0
131, 1, 11, 0, 0, 0.0
131, 1, 12, 0, 0, 0.0
131, 1, 13, 0, 0, 0.0
131, 1, 14, 0, 0, 0.0
131, 1, 15, 0, 0, 0.0
131, 1, 16, 0, 0, 0.0
131, 1, 17, 0, 0, 0.0
131, 1, 18, 0, 0, 0.0
131, 1, 19, 0, 0, 0.0
131, 1, 20, 0, 0, 0.0
132, 0, 0, 0, 0, 0.0
132, 0, 1, 0, 0, 0.0
132, 0, 2, 0, 0, 0.0
132, 0, 3, 0, 0, 0.0
132, 0, 4, 0, 0, 0.0
132, 0, 5, 0, 0, 0.0
132, 0, 6, 0, 0, 0.0
132, 0, 7, 0, 0, 0.0
132, 0, 8, 0, 0, 0.0
132, 0, 9, 0, 0, 0.0
132, 0, 10, 0, 0, 0.0
132, 0, 11, 0, 0, 0.0
132, 0, 12, 0, 0, 0.0
132, 0, 13, 0, 0, 0.0
132, 0, 14, 0, 0, 0.0
132, 0, 15, 0, 0, 0.0
132, 0, 16, 0, 0, 0.0
132, 0, 17, 0, 0, 0.0
132, 0, 18, 0, 0, 0.0
132, 0, 19, 0, 0, 0.0
132, 0, 20, 0, 0, 0.0
132, 1, 0, 0, 0, 0.0
132, 1, 1, 0, 0, 0.0
132, 1, 2, 0, 0, 0.0
132, 1, 3, 0, 0, 0.0
132, 1, 4, 0, 0, 0.0
132, 1, 5, 0, 0, 0.0
132, 1, 6, 0, 0, 0.0
132, 1, 7, 0, 0, 0.0
132, 1, 8, 0, 0, 0.0
132, 1, 9, 0, 0, 0.0
132, 1, 10, 0, 0, 0.0
132, 1, 11, 0, 0, 0.0
132, 1, 12, 0, 0, 0.0
132, 1, 13, 0, 0, 0.0
132, 1, 14, 0, 0, 0.0
132, 1, 15, 0, 0, 0.0
132, 1, 16, 0, 0, 0.0
132, 1, 17, 0, 0, 0.0
132, 1, 18, 0, 0, 0.0
132, 1, 19, 0, 0, 0.0
132, 1, 20, 0, 0, 0.0
133, 0, 0, 0, 0, 0.0
133, 0, 1, 0, 0, 0.0
133, 0, 2, 0, 0, 0.0
133, 0, 3, 0, 0, 0.0
133, 0, 4, 0, 0, 0.0
133, 0, 5, 0, 0, 0.0
133, 0, 6, 0, 0, 0.0
133, 0, 7, 0, 0, 0.0
133, 0, 8, 0, 0, 0.0
133, 0, 9, 0, 0, 0.0
133, 0, 10, 0, 0, 0.0
133, 0, 11, 0, 0, 0.0
133, 0, 12, 0, 0, 0.0
133, 0, 13, 0, 0, 0.0
133, 0, 14, 0, 0, 0.0
133, 0, 15, 0, 0, 0.0
133, 0, 16, 0, 0, 0.0
133, 0, 17, 0, 0, 0.0
133, 0, 18, 0, 0, 0.0
133, 0, 19, 0, 0, 0.0
133, 0, 20, 0, 0, 0.0
133, 1, 0, 0, 0, 0.0
133, 1, 1, 0, 0, 0.0
133, 1, 2, 0, 0, 0.0
133, 1, 3, 0, 0, 0.0
133, 1, 4, 0, 0, 0.0
133, 1, 5, 0, 0, 0.0
133, 1, 6, 0, 0, 0.0
133, 1, 7, 0, 0, 0.0
133, 1, 8, 0, 0, 0.0
133, 1, 9, 0, 0, 0.0
133, 1, 10, 0, 0, 0.0
133, 1, 11, 0, 0, 0.0
133, 1, 12, 0, 0, 0.0
133, 1, 13, 0, 0, 0.0
133, 1, 14, 0, 0, 0.0
133, 1, 15, 0, 0, 0.0
133, 1, 16, 0, 0, 0.0
133, 1, 17, 0, 0, 0.0
133, 1, 18, 0, 0, 0.0
133, 1, 19, 0, 0, 0.0
133, 1, 20, 0, 0, 0.0
134, 0, 0, 0, 0, 0.0
134, 0, 1, 0, 0, 0.0
134, 0, 2, 0, 0, 0.0
134, 0, 3, 0, 0, 0.0
134, 0, 4, 0, 0, 0.0
134, 0, 5, 0, 0, 0.0
134, 0, 6, 0, 0, 0.0
134, 0, 7, 0, 0, 0.0
134, 0, 8, 0, 0, 0.0
134, 0, 9, 0, 0, 0.0
134, 0, 10, 0, 0, 0.0
134, 0, 11, 0, 0, 0.0
134, 0, 12, 0, 0, 0.0
134, 0, 13, 0, 0, 0.0
134, 0, 14, 0, 0, 0.0
134, 0, 15, 0, 0, 0.0
134, 0, 16, 0, 0, 0.0
134, 0, 17, 0, 0, 0.0
134, 0, 18, 0, 0, 0.0
134, 0, 19, 0, 0, 0.0
134, 0, 20, 0, 0, 0.0
134, 1, 0, 0, 0, 0.0
134, 1, 1, 0, 0, 0.0
134, 1, 2, 0, 0, 0.0
134, 1, 3, 0, 0, 0.0
134, 1, 4, 0, 0, 0.0
134, 1, 5, 0, 0, 0.0
134, 1, 6, 0, 0, 0.0
134, 1, 7, 0, 0, 0.0
134, 1, 8, 0, 0, 0.0
134, 1, 9, 0, 0, 0.0
134, 1, 10, 0, 0, 0.0
134, 1, 11, 0, 0, 0.0
134, 1, 12, 0, 0, 0.0
134, 1, 13, 0, 0, 0.0
134, 1, 14, 0, 0, 0.0
134, 1, 15, 0, 0, 0.0
134, 1, 16, 0, 0, 0.0
134, 1, 17, 0, 0, 0.0
134, 1, 18, 0, 0, 0.0
134, 1, 19, 0, 0, 0.0
134, 1, 20, 0, 0, 0.0
135, 0, 0, 0, 0, 0.0
135, 0, 1, 0, 0, 0.0
135, 0, 2, 0, 0, 0.0
135, 0, 3, 0, 0, 0.0
135, 0, 4, 0, 0, 0.0
135, 0, 5, 0, 0, 0.0
135, 0, 6, 0, 0, 0.0
135, 0, 7, 0, 0, 0.0
135, 0, 8, 0, 0, 0.0
135, 0, 9, 0, 0, 0.0
135, 0, 10, 0, 0, 0.0
135, 0, 11, 0, 0, 0.0
135, 0, 12, 0, 0, 0.0
135, 0, 13, 0, 0, 0.0
135, 0, 14, 0, 0, 0.0
135, 0, 15, 0, 0, 0.0
135, 0, 16, 0, 0, 0.0
135, 0, 17, 0, 0, 0.0
135, 0, 18, 0, 0, 0.0
135, 0, 19, 0, 0, 0.0
135, 0, 20, 0, 0, 0.0
135, 1, 0, 0, 0, 0.0
135, 1, 1, 0, 0, 0.0
135, 1, 2, 0, 0, 0.0
135, 1, 3, 0, 0, 0.0
135, 1, 4, 0, 0, 0.0
135, 1, 5, 0, 0, 0.0
135, 1, 6, 0, 0, 0.0
135, 1, 7, 0, 0, 0.0
135, 1, 8, 0, 0, 0.0
135, 1, 9, 0, 0, 0.0
135, 1, 10, 0, 0, 0.0
135, 1, 11, 0, 0, 0.0
135, 1, 12, 0, 0, 0.0
135, 1, 13, 0, 0, 0.0
135, 1, 14, 0, 0, 0.0
135, 1, 15, 0, 0, 0.0
135, 1, 16, 0, 0, 0.0
135, 1, 17, 0, 0, 0.0
135, 1, 18, 0, 0, 0.0
135, 1, 19, 0, 0, 0.0
135, 1, 20, 0, 0, 0.0
136, 0, 0, 0, 0, 0.0
136, 0, 1, 0, 0, 0.0
136, 0, 2, 0, 0, 0.0
136, 0, 3, 0, 0, 0.0
136, 0, 4, 0, 0, 0.0
136, 0, 5, 0, 0, 0.0
136, 0, 6, 0, 0, 0.0
136, 0, 7, 0, 0, 0.0
136, 0, 8, 0, 0, 0.0
136, 0, 9, 0, 0, 0.0
136, 0, 10, 0, 0, 0.0
136, 0, 11, 0, 0, 0.0
136, 0, 12, 0, 0, 0.0
136, 0, 13, 0, 0, 0.0
136, 0, 14, 0, 0, 0.0
136, 0, 15, 0, 0, 0.0
136, 0, 16, 0, 0, 0.0
136, 0, 17, 0, 0, 0.0
136, 0, 18, 0, 0, 0.0
136, 0, 19, 0, 0, 0.0
136, 0, 20, 0, 0, 0.0
136, 1, 0, 0, 0, 0.0
136, 1, 1, 0, 0, 0.0
136, 1, 2, 0, 0, 0.0
136, 1, 3, 0, 0, 0.0
136, 1, 4, 0, 0, 0.0
136, 1, 5, 0, 0, 0.0
136, 1, 6, 0, 0, 0.0
136, 1, 7, 0, 0, 0.0
136, 1, 8, 0, 0, 0.0
136, 1, 9, 0, 0, 0.0
136, 1, 10, 0, 0, 0.0
136, 1, 11, 0, 0, 0.0
136, 1, 12, 0, 0, 0.0
136, 1, 13, 0, 0, 0.0
136, 1, 14, 0, 0, 0.0
136, 1, 15, 0, 0, 0.0
136, 1, 16, 0, 0, 0.0
136, 1, 17, 0, 0, 0.0
136, 1, 18, 0, 0, 0.0
136, 1, 19, 0, 0, 0.0
136, 1, 20, 0, 0, 0.0
137, 0, 0, 0, 0, 0.0
137, 0, 1, 0, 0, 0.0
137, 0, 2, 0, 0, 0.0
137, 0, 3, 0, 0, 0.0
137, 0, 4, 0, 0, 0.0
137, 0, 5, 0, 0, 0.0
137, 0, 6, 0, 0, 0.0
137, 0, 7, 0, 0, 0.0
137, 0, 8, 0, 0, 0.0
137, 0, 9, 0, 0, 0.0
137, 0, 10, 0, 0, 0.0
137, 0, 11, 0, 0, 0.0
137, 0, 12, 0, 0, 0.0
137, 0, 13, 0, 0, 0.0
137, 0, 14, 0, 0, 0.0
137, 0, 15, 0, 0, 0.0
137, 0, 16, 0, 0, 0.0
137, 0, 17, 0, 0, 0.0
137, 0, 18, 0, 0, 0.0
137, 0, 19, 0, 0, 0.0
137, 0, 20, 0, 0, 0.0
137, 1, 0, 0, 0, 0.0
137, 1, 1, 0, 0, 0.0
137, 1, 2, 0, 0, 0.0
137, 1, 3, 0, 0, 0.0
137, 1, 4, 0, 0, 0.0
137, 1, 5, 0, 0, 0.0
137, 1, 6, 0, 0, 0.0
137, 1, 7, 0, 0, 0.0
137, 1, 8, 0, 0, 0.0
137, 1, 9, 0, 0, 0.0
137, 1, 10, 0, 0, 0.0
137, 1, 11, 0, 0, 0.0
137, 1, 12, 0, 0, 0.0
137, 1, 13, 0, 0, 0.0
137, 1, 14, 0, 0, 0.0
137, 1, 15, 0, 0, 0.0
137, 1, 16, 0, 0, 0.0
137, 1, 17, 0, 0, 0.0
137, 1, 18, 0, 0, 0.0
137, 1, 19, 0, 0, 0.0
137, 1, 20, 0, 0, 0.0
138, 0, 0, 0, 0, 0.0
138, 0, 1, 0, 0, 0.0
138, 0, 2, 0, 0, 0.0
138, 0, 3, 0, 0, 0.0
138, 0, 4, 0, 0, 0.0
138, 0, 5, 0, 0, 0.0
138, 0, 6, 0, 0, 0.0
138, 0, 7, 0, 0, 0.0
138, 0, 8, 0, 0, 0.0
138, 0, 9, 0, 0, 0.0
138, 0, 10, 0, 0, 0.0
138, 0, 11, 0, 0, 0.0
138, 0, 12, 0, 0, 0.0
138, 0, 13, 0, 0, 0.0
138, 0, 14, 0, 0, 0.0
138, 0, 15, 0, 0, 0.0
138, 0, 16, 0, 0, 0.0
138, 0, 17, 0, 0, 0.0
138, 0, 18, 0, 0, 0.0
138, 0, 19, 0, 0, 0.0
138, 0, 20, 0, 0, 0.0
138, 1, 0, 0, 0, 0.0
138, 1, 1, 0, 0, 0.0
138, 1, 2, 0, 0, 0.0
138, 1, 3, 0, 0, 0.0
138, 1, 4, 0, 0, 0.0
138, 1, 5, 0, 0, 0.0
138, 1, 6, 0, 0, 0.0
138, 1, 7, 0, 0, 0.0
138, 1, 8, 0, 0, 0.0
138, 1, 9, 0, 0, 0.0
138, 1, 10, 0, 0, 0.0
138, 1, 11, 0, 0, 0.0
138, 1, 12, 0, 0, 0.0
138, 1, 13, 0, 0, 0.0
138, 1, 14, 0, 0, 0.0
138, 1, 15, 0, 0, 0.0
138, 1, 16, 0, 0, 0.0
138, 1, 17, 0, 0, 0.0
138, 1, 18, 0, 0, 0.0
138, 1, 19, 0, 0, 0.0
138, 1, 20, 0, 0, 0.0
139, 0, 0, 0, 0, 0.0
139, 0, 1, 0, 0, 0.0
139, 0, 2, 0, 0, 0.0
139, 0, 3, 0, 0, 0.0
139, 0, 4, 0, 0, 0.0
139, 0, 5, 0, 0, 0.0
139, 0, 6, 0, 0, 0.0
139, 0, 7, 0, 0, 0.0
139, 0, 8, 0, 0, 0.0
139, 0, 9, 0, 0, 0.0
139, 0, 10, 0, 0, 0.0
139, 0, 11, 0, 0, 0.0
139, 0, 12, 0, 0, 0.0
139, 0, 13, 0, 0, 0.0
139, 0, 14, 0, 0, 0.0
139, 0, 15, 0, 0, 0.0
139, 0, 16, 0, 0, 0.0
139, 0, 17, 0, 0, 0.0
139, 0, 18, 0, 0, 0.0
139, 0, 19, 0, 0, 0.0
139, 0, 20, 0, 0, 0.0
139, 1, 0, 0, 0, 0.0
139, 1, 1, 0, 0, 0.0
139, 1, 2, 0, 0, 0.0
139, 1, 3, 0, 0, 0.0
139, 1, 4, 0, 0, 0.0
139, 1, 5, 0, 0, 0.0
139, 1, 6, 0, 0, 0.0
139, 1, 7, 0, 0, 0.0
139, 1, 8, 0, 0, 0.0
139, 1, 9, 0, 0, 0.0
139, 1, 10, 0, 0, 0.0
139, 1, 11, 0, 0, 0.0
139, 1, 12, 0, 0, 0.0
139, 1, 13, 0, 0, 0.0
139, 1, 14, 0, 0, 0.0
139, 1, 15, 0, 0, 0.0
139, 1, 16, 0, 0, 0.0
139, 1, 17, 0, 0, 0.0
139, 1, 18, 0, 0, 0.0
139, 1, 19, 0, 0, 0.0
139, 1, 20, 0, 0, 0.0
140, 0, 0, 0, 0, 0.0
140, 0, 1, 0, 0, 0.0
140, 0, 2, 0, 0, 0.0
140, 0, 3, 0, 0, 0.0
140, 0, 4, 0, 0, 0.0
140, 0, 5, 0, 0, 0.0
140, 0, 6, 0, 0, 0.0
140, 0, 7, 0, 0, 0.0
140, 0, 8, 0, 0, 0.0
140, 0, 9, 0, 0, 0.0
140, 0, 10, 0, 0, 0.0
140, 0, 11, 0, 0, 0.0
140, 0, 12, 0, 0, 0.0
140, 0, 13, 0, 0, 0.0
140, 0, 14, 0, 0, 0.0
140, 0, 15, 0, 0, 0.0
140, 0, 16, 0, 0, 0.0
140, 0, 17, 0, 0, 0.0
140, 0, 18, 0, 0, 0.0
140, 0, 19, 0, 0, 0.0
140, 0, 20, 0, 0, 0.0
140, 1, 0, 0, 0, 0.0
140, 1, 1, 0, 0, 0.0
140, 1, 2, 0, 0, 0.0
140, 1, 3, 0, 0, 0.0
140, 1, 4, 0, 0, 0.0
140, 1, 5, 0, 0, 0.0
140, 1, 6, 0, 0, 0.0
140, 1, 7, 0, 0, 0.0
140, 1, 8, 0, 0, 0.0
140, 1, 9, 0, 0, 0.0
140, 1, 10, 0, 0, 0.0
140, 1, 11, 0, 0, 0.0
140, 1, 12, 0, 0, 0.0
140, 1, 13, 0, 0, 0.0
140, 1, 14, 0, 0, 0.0
140, 1, 15, 0, 0, 0.0
140, 1, 16, 0, 0, 0.0
140, 1, 17, 0, 0, 0.0
140, 1, 18, 0, 0, 0.0
140, 1, 19, 0, 0, 0.0
140, 1, 20, 0, 0, 0.0
141, 0, 0, 0, 0, 0.0
141, 0, 1, 0, 0, 0.0
141, 0, 2, 0, 0, 0.0
141, 0, 3, 0, 0, 0.0
141, 0, 4, 0, 0, 0.0
141, 0, 5, 0, 0, 0.0
141, 0, 6, 0, 0, 0.0
141, 0, 7, 0, 0, 0.0
141, 0, 8, 0, 0, 0.0
141, 0, 9, 0, 0, 0.0
141, 0, 10, 0, 0, 0.0
141, 0, 11, 0, 0, 0.0
141, 0, 12, 0, 0, 0.0
141, 0, 13, 0, 0, 0.0
141, 0, 14, 0, 0, 0.0
141, 0, 15, 0, 0, 0.0
141, 0, 16, 0, 0, 0.0
141, 0, 17, 0, 0, 0.0
141, 0, 18, 0, 0, 0.0
141, 0, 19, 0, 0, 0.0
141, 0, 20, 0, 0, 0.0
141, 1, 0, 0, 0, 0.0
141, 1, 1, 0, 0, 0.0
141, 1, 2, 0, 0, 0.0
141, 1, 3, 0, 0, 0.0
141, 1, 4, 0, 0, 0.0
141, 1, 5, 0, 0, 0.0
141, 1, 6, 0, 0, 0.0
141, 1, 7, 0, 0, 0.0
141, 1, 8, 0, 0, 0.0
141, 1, 9, 0, 0, 0.0
141, 1, 10, 0, 0, 0.0
141, 1, 11, 0, 0, 0.0
141, 1, 12, 0, 0, 0.0
141, 1, 13, 0, 0, 0.0
141, 1, 14, 0, 0, 0.0
141, 1, 15, 0, 0, 0.0
141, 1, 16, 0, 0, 0.0
141, 1, 17, 0, 0, 0.0
141, 1, 18, 0, 0, 0.0
141, 1, 19, 0, 0, 0.0
141, 1, 20, 0, 0, 0.0
142, 0, 0, 0, 0, 0.0
142, 0, 1, 0, 0, 0.0
142, 0, 2, 0, 0, 0.0
142, 0, 3, 0, 0, 0.0
142, 0, 4, 0, 0, 0.0
142, 0, 5, 0, 0, 0.0
142, 0, 6, 0, 0, 0.0
142, 0, 7, 0, 0, 0.0
142, 0, 8, 0, 0, 0.0
142, 0, 9, 0, 0, 0.0
142, 0, 10, 0, 0, 0.0
142, 0, 11, 0, 0, 0.0
142, 0, 12, 0, 0, 0.0
142, 0, 13, 0, 0, 0.0
142, 0, 14, 0, 0, 0.0
142, 0, 15, 0, 0, 0.0
142, 0, 16, 0, 0, 0.0
142, 0, 17, 0, 0, 0.0
142, 0, 18, 0, 0, 0.0
142, 0, 19, 0, 0, 0.0
142, 0, 20, 0, 0, 0.0
142, 1, 0, 0, 0, 0.0
142, 1, 1, 0, 0, 0.0
142, 1, 2, 0, 0, 0.0
142, 1, 3, 0, 0, 0.0
142, 1, 4, 0, 0, 0.0
142, 1, 5, 0, 0, 0.0
142, 1, 6, 0, 0, 0.0
142, 1, 7, 0, 0, 0.0
142, 1, 8, 0, 0, 0.0
142, 1, 9, 0, 0, 0.0
142, 1, 10, 0, 0, 0.0
142, 1, 11, 0, 0, 0.0
142, 1, 12, 0, 0, 0.0
142, 1, 13, 0, 0, 0.0
142, 1, 14, 0, 0, 0.0
142, 1, 15, 0, 0, 0.0
142, 1, 16, 0, 0, 0.0
142, 1, 17, 0, 0, 0.0
142, 1, 18, 0, 0, 0.0
142, 1, 19, 0, 0, 0.0
142, 1, 20, 0, 0, 0.0
143, 0, 0, 0, 0, 0.0
143, 0, 1, 0, 0, 0.0
143, 0, 2, 0, 0, 0.0
143, 0, 3, 0, 0, 0.0
143, 0, 4, 0, 0, 0.0
143, 0, 5, 0, 0, 0.0
143, 0, 6, 0, 0, 0.0
143, 0, 7, 0, 0, 0.0
143, 0, 8, 0, 0, 0.0
143, 0, 9, 0, 0, 0.0
143, 0, 10, 0, 0, 0.0
143, 0, 11, 0, 0, 0.0
143, 0, 12, 0, 0, 0.0
143, 0, 13, 0, 0, 0.0
143, 0, 14, 0, 0, 0.0
143, 0, 15, 0, 0, 0.0
143, 0, 16, 0, 0, 0.0
143, 0, 17, 0, 0, 0.0
143, 0, 18, 0, 0, 0.0
143, 0, 19, 0, 0, 0.0
143, 0, 20, 0, 0, 0.0
143, 1, 0, 0, 0, 0.0
143, 1, 1, 0, 0, 0.0
143, 1, 2, 0, 0, 0.0
143, 1, 3, 0, 0, 0.0
143, 1, 4, 0, 0, 0.0
143, 1, 5, 0, 0, 0.0
143, 1, 6, 0, 0, 0.0
143, 1, 7, 0, 0, 0.0
143, 1, 8, 0, 0, 0.0
143, 1, 9, 0, 0, 0.0
143, 1, 10, 0, 0, 0.0
143, 1, 11, 0, 0, 0.0
143, 1, 12, 0, 0, 0.0
143, 1, 13, 0, 0, 0.0
143, 1, 14, 0, 0, 0.0
143, 1, 15, 0, 0, 0.0
143, 1, 16, 0, 0, 0.0
143, 1, 17, 0, 0, 0.0
143, 1, 18, 0, 0, 0.0
143, 1, 19, 0, 0, 0.0
143, 1, 20, 0, 0, 0.0
144, 0, 0, 0, 0, 0.0
144, 0, 1, 0, 0, 0.0
144, 0, 2, 0, 0, 0.0
144, 0, 3, 0, 0, 0.0
144, 0, 4, 0, 0, 0.0
144, 0, 5, 0, 0, 0.0
144, 0, 6, 0, 0, 0.0
144, 0, 7, 0, 0, 0.0
144, 0, 8, 0, 0, 0.0
144, 0, 9, 0, 0, 0.0
144, 0, 10, 0, 0, 0.0
144, 0, 11, 0, 0, 0.0
144, 0, 12, 0, 0, 0.0
144, 0, 13, 0, 0, 0.0
144, 0, 14, 0, 0, 0.0
144, 0, 15, 0, 0, 0.0
144, 0, 16, 0, 0, 0.0
144, 0, 17, 0, 0, 0.0
144, 0, 18, 0, 0, 0.0
144, 0, 19, 0, 0, 0.0
144, 0, 20, 0, 0, 0.0
144, 1, 0, 0, 0, 0.0
144, 1, 1, 0, 0, 0.0
144, 1, 2, 0, 0, 0.0
144, 1, 3, 0, 0, 0.0
144, 1, 4, 0, 0, 0.0
144, 1, 5, 0, 0, 0.0
144, 1, 6, 0, 0, 0.0
144, 1, 7, 0, 0, 0.0
144, 1, 8, 0, 0, 0.0
144, 1, 9, 0, 0, 0.0
144, 1, 10, 0, 0, 0.0
144, 1, 11, 0, 0, 0.0
144, 1, 12, 0, 0, 0.0
144, 1, 13, 0, 0, 0.0
144, 1, 14, 0, 0, 0.0
144, 1, 15, 0, 0, 0.0
144, 1, 16, 0, 0, 0.0
144, 1, 17, 0, 0, 0.0
144, 1, 18, 0, 0, 0.0
144, 1, 19, 0, 0, 0.0
144, 1, 20, 0, 0, 0.0
145, 0, 0, 0, 0, 0.0
145, 0, 1, 0, 0, 0.0
145, 0, 2, 0, 0, 0.0
145, 0, 3, 0, 0, 0.0
145, 0, 4, 0, 0, 0.0
145, 0, 5, 0, 0, 0.0
145, 0, 6, 0, 0, 0.0
145, 0, 7, 0, 0, 0.0
145, 0, 8, 0, 0, 0.0
145, 0, 9, 0, 0, 0.0
145, 0, 10, 0, 0, 0.0
145, 0, 11, 0, 0, 0.0
145, 0, 12, 0, 0, 0.0
145, 0, 13, 0, 0, 0.0
145, 0, 14, 0, 0, 0.0
145, 0, 15, 0, 0, 0.0
145, 0, 16, 0, 0, 0.0
145, 0, 17, 0, 0, 0.0
145, 0, 18, 0, 0, 0.0
145, 0, 19, 0, 0, 0.0
145, 0, 20, 0, 0, 0.0
145, 1, 0, 0, 0, 0.0
145, 1, 1, 0, 0, 0.0
145, 1, 2, 0, 0, 0.0
145, 1, 3, 0, 0, 0.0
145, 1, 4, 0, 0, 0.0
145, 1, 5, 0, 0, 0.0
145, 1, 6, 0, 0, 0.0
145, 1, 7, 0, 0, 0.0
145, 1, 8, 0, 0, 0.0
145, 1, 9, 0, 0, 0.0
145, 1, 10, 0, 0, 0.0
145, 1, 11, 0, 0, 0.0
145, 1, 12, 0, 0, 0.0
145, 1, 13, 0, 0, 0.0
145, 1, 14, 0, 0, 0.0
145, 1, 15, 0, 0, 0.0
145, 1, 16, 0, 0, 0.0
145, 1, 17, 0, 0, 0.0
145, 1, 18, 0, 0, 0.0
145, 1, 19, 0, 0, 0.0
145, 1, 20, 0, 0, 0.0
146, 0, 0, 0, 0, 0.0
146, 0, 1, 0, 0, 0.0
146, 0, 2, 0, 0, 0.0
146, 0, 3, 0, 0, 0.0
146, 0, 4, 0, 0, 0.0
146, 0, 5, 0, 0, 0.0
146, 0, 6, 0, 0, 0.0
146, 0, 7, 0, 0, 0.0
146, 0, 8, 0, 0, 0.0
146, 0, 9, 0, 0, 0.0
146, 0, 10, 0, 0, 0.0
146, 0, 11, 0, 0, 0.0
146, 0, 12, 0, 0, 0.0
146, 0, 13, 0, 0, 0.0
146, 0, 14, 0, 0, 0.0
146, 0, 15, 0, 0, 0.0
146, 0, 16, 0, 0, 0.0
146, 0, 17, 0, 0, 0.0
146, 0, 18, 0, 0, 0.0
146, 0, 19, 0, 0, 0.0
146, 0, 20, 0, 0, 0.0
146, 1, 0, 0, 0, 0.0
146, 1, 1, 0, 0, 0.0
146, 1, 2, 0, 0, 0.0
146, 1, 3, 0, 0, 0.0
146, 1, 4, 0, 0, 0.0
146, 1, 5, 0, 0, 0.0
146, 1, 6, 0, 0, 0.0
146, 1, 7, 0, 0, 0.0
146, 1, 8, 0, 0, 0.0
146, 1, 9, 0, 0, 0.0
146, 1, 10, 0, 0, 0.0
146, 1, 11, 0, 0, 0.0
146, 1, 12, 0, 0, 0.0
146, 1, 13, 0, 0, 0.0
146, 1, 14, 0, 0, 0.0
146, 1, 15, 0, 0, 0.0
146, 1, 16, 0, 0, 0.0
146, 1, 17, 0, 0, 0.0
146, 1, 18, 0, 0, 0.0
146, 1, 19, 0, 0, 0.0
146, 1, 20, 0, 0, 0.0
