0, 0, 0, 0, 0, 0.0
0, 0, 1, 0, 0, 0.0
0, 0, 2, 0, 0, 0.0
0, 0, 3, 0, 0, 0.0
0, 0, 4, 0, 0, 0.0
0, 0, 5, 0, 0, 0.0
0, 0, 6, 0, 0, 0.0
0, 0, 7, 0, 0, 0.0
0, 0, 8, 0, 0, 0.0
0, 0, 9, 0, 0, 0.0
0, 0, 10, 0, 0, 0.0
0, 0, 11, 0, 0, 0.0
0, 0, 12, 0, 0, 0.0
0, 0, 13, 0, 0, 0.0
0, 0, 14, 0, 0, 0.0
0, 0, 15, 0, 0, 0.0
0, 0, 16, 0, 0, 0.0
0, 0, 17, 0, 0, 0.0
0, 0, 18, 0, 0, 0.0
0, 0, 19, 0, 0, 0.0
0, 0, 20, 0, 0, 0.0
0, 1, 0, 0, 0, 0.0
0, 1, 1, 0, 0, 0.0
0, 1, 2, 0, 0, 0.0
0, 1, 3, 0, 0, 0.0
0, 1, 4, 0, 0, 0.0
0, 1, 5, 0, 0, 0.0
0, 1, 6, 0, 0, 0.0
0, 1, 7, 0, 0, 0.0
0, 1, 8, 0, 0, 0.0
0, 1, 9, 0, 0, 0.0
0, 1, 10, 0, 0, 0.0
0, 1, 11, 0, 0, 0.0
0, 1, 12, 0, 0, 0.0
0, 1, 13, 0, 0, 0.0
0, 1, 14, 0, 0, 0.0
0, 1, 15, 0, 0, 0.0
0, 1, 16, 0, 0, 0.0
0, 1, 17, 0, 0, 0.0
0, 1, 18, 0, 0, 0.0
0, 1, 19, 0, 0, 0.0
0, 1, 20, 0, 0, 0.0
1, 0, 0, 0, 0, 0.0
1, 0, 1, 0, 0, 0.0
1, 0, 2, 0, 0, 0.0
1, 0, 3, 0, 0, 0.0
1, 0, 4, 0, 0, 0.0
1, 0, 5, 0, 0, 0.0
1, 0, 6, 0, 0, 0.0
1, 0, 7, 0, 0, 0.0
1, 0, 8, 0, 0, 0.0
1, 0, 9, 0, 0, 0.0
1, 0, 10, 0, 0, 0.0
1, 0, 11, 0, 0, 0.0
1, 0, 12, 0, 0, 0.0
1, 0, 13, 0, 0, 0.0
1, 0, 14, 0, 0, 0.0
1, 0, 15, 0, 0, 0.0
1, 0, 16, 0, 0, 0.0
1, 0, 17, 0, 0, 0.0
1, 0, 18, 0, 0, 0.0
1, 0, 19, 0, 0, 0.0
1, 0, 20, 0, 0, 0.0
1, 1, 0, 0, 0, 0.0
1, 1, 1, 0, 0, 0.0
1, 1, 2, 0, 0, 0.0
1, 1, 3, 0, 0, 0.0
1, 1, 4, 0, 0, 0.0
1, 1, 5, 0, 0, 0.0
1, 1, 6, 0, 0, 0.0
1, 1, 7, 0, 0, 0.0
1, 1, 8, 0, 0, 0.0
1, 1, 9, 0, 0, 0.0
1, 1, 10, 0, 0, 0.0
1, 1, 11, 0, 0, 0.0
1, 1, 12, 0, 0, 0.0
1, 1, 13, 0, 0, 0.0
1, 1, 14, 0, 0, 0.0
1, 1, 15, 0, 0, 0.0
1, 1, 16, 0, 0, 0.0
1, 1, 17, 0, 0, 0.0
1, 1, 18, 0, 0, 0.0
1, 1, 19, 0, 0, 0.0
1, 1, 20, 0, 0, 0.0
2, 0, 0, 0, 0, 0.0
2, 0, 1, 0, 0, 0.0
2, 0, 2, 0, 0, 0.0
2, 0, 3, 0, 0, 0.0
2, 0, 4, 0, 0, 0.0
2, 0, 5, 0, 0, 0.0
2, 0, 6, 0, 0, 0.0
2, 0, 7, 0, 0, 0.0
2, 0, 8, 0, 0, 0.0
2, 0, 9, 0, 0, 0.0
2, 0, 10, 0, 0, 0.0
2, 0, 11, 0, 0, 0.0
2, 0, 12, 0, 0, 0.0
2, 0, 13, 0, 0, 0.0
2, 0, 14, 0, 0, 0.0
2, 0, 15, 0, 0, 0.0
2, 0, 16, 0, 0, 0.0
2, 0, 17, 0, 0, 0.0
2, 0, 18, 0, 0, 0.0
2, 0, 19, 0, 0, 0.0
2, 0, 20, 0, 0, 0.0
2, 1, 0, 0, 0, 0.0
2, 1, 1, 0, 0, 0.0
2, 1, 2, 0, 0, 0.0
2, 1, 3, 0, 0, 0.0
2, 1, 4, 0, 0, 0.0
2, 1, 5, 0, 0, 0.0
2, 1, 6, 0, 0, 0.0
2, 1, 7, 0, 0, 0.0
2, 1, 8, 0, 0, 0.0
2, 1, 9, 0, 0, 0.0
2, 1, 10, 0, 0, 0.0
2, 1, 11, 0, 0, 0.0
2, 1, 12, 0, 0, 0.0
2, 1, 13, 0, 0, 0.0
2, 1, 14, 0, 0, 0.0
2, 1, 15, 0, 0, 0.0
2, 1, 16, 0, 0, 0.0
2, 1, 17, 0, 0, 0.0
2, 1, 18, 0, 0, 0.0
2, 1, 19, 0, 0, 0.0
2, 1, 20, 0, 0, 0.0
3, 0, 0, 0, 0, 0.0
3, 0, 1, 0, 0, 0.0
3, 0, 2, 0, 0, 0.0
3, 0, 3, 0, 0, 0.0
3, 0, 4, 0, 0, 0.0
3, 0, 5, 0, 0, 0.0
3, 0, 6, 0, 0, 0.0
3, 0, 7, 0, 0, 0.0
3, 0, 8, 0, 0, 0.0
3, 0, 9, 0, 0, 0.0
3, 0, 10, 0, 0, 0.0
3, 0, 11, 0, 0, 0.0
3, 0, 12, 0, 0, 0.0
3, 0, 13, 0, 0, 0.0
3, 0, 14, 0, 0, 0.0
3, 0, 15, 0, 0, 0.0
3, 0, 16, 0, 0, 0.0
3, 0, 17, 0, 0, 0.0
3, 0, 18, 0, 0, 0.0
3, 0, 19, 0, 0, 0.0
3, 0, 20, 0, 0, 0.0
3, 1, 0, 0, 0, 0.0
3, 1, 1, 0, 0, 0.0
3, 1, 2, 0, 0, 0.0
3, 1, 3, 0, 0, 0.0
3, 1, 4, 0, 0, 0.0
3, 1, 5, 0, 0, 0.0
3, 1, 6, 0, 0, 0.0
3, 1, 7, 0, 0, 0.0
3, 1, 8, 0, 0, 0.0
3, 1, 9, 0, 0, 0.0
3, 1, 10, 0, 0, 0.0
3, 1, 11, 0, 0, 0.0
3, 1, 12, 0, 0, 0.0
3, 1, 13, 0, 0, 0.0
3, 1, 14, 0, 0, 0.0
3, 1, 15, 0, 0, 0.0
3, 1, 16, 0, 0, 0.0
3, 1, 17, 0, 0, 0.0
3, 1, 18, 0, 0, 0.0
3, 1, 19, 0, 0, 0.0
3, 1, 20, 0, 0, 0.0
4, 0, 0, 0, 0, 0.0
4, 0, 1, 0, 0, 0.0
4, 0, 2, 0, 0, 0.0
4, 0, 3, 0, 0, 0.0
4, 0, 4, 0, 0, 0.0
4, 0, 5, 0, 0, 0.0
4, 0, 6, 0, 0, 0.0
4, 0, 7, 0, 0, 0.0
4, 0, 8, 0, 0, 0.0
4, 0, 9, 0, 0, 0.0
4, 0, 10, 0, 0, 0.0
4, 0, 11, 0, 0, 0.0
4, 0, 12, 0, 0, 0.0
4, 0, 13, 0, 0, 0.0
4, 0, 14, 0, 0, 0.0
4, 0, 15, 0, 0, 0.0
4, 0, 16, 0, 0, 0.0
4, 0, 17, 0, 0, 0.0
4, 0, 18, 0, 0, 0.0
4, 0, 19, 0, 0, 0.0
4, 0, 20, 0, 0, 0.0
4, 1, 0, 0, 0, 0.0
4, 1, 1, 0, 0, 0.0
4, 1, 2, 0, 0, 0.0
4, 1, 3, 0, 0, 0.0
4, 1, 4, 0, 0, 0.0
4, 1, 5, 0, 0, 0.0
4, 1, 6, 0, 0, 0.0
4, 1, 7, 0, 0, 0.0
4, 1, 8, 0, 0, 0.0
4, 1, 9, 0, 0, 0.0
4, 1, 10, 0, 0, 0.0
4, 1, 11, 0, 0, 0.0
4, 1, 12, 0, 0, 0.0
4, 1, 13, 0, 0, 0.0
4, 1, 14, 0, 0, 0.0
4, 1, 15, 0, 0, 0.0
4, 1, 16, 0, 0, 0.0
4, 1, 17, 0, 0, 0.0
4, 1, 18, 0, 0, 0.0
4, 1, 19, 0, 0, 0.0
4, 1, 20, 0, 0, 0.0
5, 0, 0, 0, 0, 0.0
5, 0, 1, 0, 0, 0.0
5, 0, 2, 0, 0, 0.0
5, 0, 3, 0, 0, 0.0
5, 0, 4, 0, 0, 0.0
5, 0, 5, 0, 0, 0.0
5, 0, 6, 0, 0, 0.0
5, 0, 7, 0, 0, 0.0
5, 0, 8, 0, 0, 0.0
5, 0, 9, 0, 0, 0.0
5, 0, 10, 0, 0, 0.0
5, 0, 11, 0, 0, 0.0
5, 0, 12, 0, 0, 0.0
5, 0, 13, 0, 0, 0.0
5, 0, 14, 0, 0, 0.0
5, 0, 15, 0, 0, 0.0
5, 0, 16, 0, 0, 0.0
5, 0, 17, 0, 0, 0.0
5, 0, 18, 0, 0, 0.0
5, 0, 19, 0, 0, 0.0
5, 0, 20, 0, 0, 0.0
5, 1, 0, 0, 0, 0.0
5, 1, 1, 0, 0, 0.0
5, 1, 2, 0, 0, 0.0
5, 1, 3, 0, 0, 0.0
5, 1, 4, 0, 0, 0.0
5, 1, 5, 0, 0, 0.0
5, 1, 6, 0, 0, 0.0
5, 1, 7, 0, 0, 0.0
5, 1, 8, 0, 0, 0.0
5, 1, 9, 0, 0, 0.0
5, 1, 10, 0, 0, 0.0
5, 1, 11, 0, 0, 0.0
5, 1, 12, 0, 0, 0.0
5, 1, 13, 0, 0, 0.0
5, 1, 14, 0, 0, 0.0
5, 1, 15, 0, 0, 0.0
5, 1, 16, 0, 0, 0.0
5, 1, 17, 0, 0, 0.0
5, 1, 18, 0, 0, 0.0
5, 1, 19, 0, 0, 0.0
5, 1, 20, 0, 0, 0.0
6, 0, 0, 0, 0, 0.0
6, 0, 1, 0, 0, 0.0
6, 0, 2, 0, 0, 0.0
6, 0, 3, 0, 0, 0.0
6, 0, 4, 0, 0, 0.0
6, 0, 5, 0, 0, 0.0
6, 0, 6, 0, 0, 0.0
6, 0, 7, 0, 0, 0.0
6, 0, 8, 0, 0, 0.0
6, 0, 9, 0, 0, 0.0
6, 0, 10, 0, 0, 0.0
6, 0, 11, 0, 0, 0.0
6, 0, 12, 0, 0, 0.0
6, 0, 13, 0, 0, 0.0
6, 0, 14, 0, 0, 0.0
6, 0, 15, 0, 0, 0.0
6, 0, 16, 0, 0, 0.0
6, 0, 17, 0, 0, 0.0
6, 0, 18, 0, 0, 0.0
6, 0, 19, 0, 0, 0.0
6, 0, 20, 0, 0, 0.0
6, 1, 0, 0, 0, 0.0
6, 1, 1, 0, 0, 0.0
6, 1, 2, 0, 0, 0.0
6, 1, 3, 0, 0, 0.0
6, 1, 4, 0, 0, 0.0
6, 1, 5, 0, 0, 0.0
6, 1, 6, 0, 0, 0.0
6, 1, 7, 0, 0, 0.0
6, 1, 8, 0, 0, 0.0
6, 1, 9, 0, 0, 0.0
6, 1, 10, 0, 0, 0.0
6, 1, 11, 0, 0, 0.0
6, 1, 12, 0, 0, 0.0
6, 1, 13, 0, 0, 0.0
6, 1, 14, 0, 0, 0.0
6, 1, 15, 0, 0, 0.0
6, 1, 16, 0, 0, 0.0
6, 1, 17, 0, 0, 0.0
6, 1, 18, 0, 0, 0.0
6, 1, 19, 0, 0, 0.0
6, 1, 20, 0, 0, 0.0
7, 0, 0, 0, 0, 0.0
7, 0, 1, 0, 0, 0.0
7, 0, 2, 0, 0, 0.0
7, 0, 3, 0, 0, 0.0
7, 0, 4, 0, 0, 0.0
7, 0, 5, 0, 0, 0.0
7, 0, 6, 0, 0, 0.0
7, 0, 7, 0, 0, 0.0
7, 0, 8, 0, 0, 0.0
7, 0, 9, 0, 0, 0.0
7, 0, 10, 0, 0, 0.0
7, 0, 11, 0, 0, 0.0
7, 0, 12, 0, 0, 0.0
7, 0, 13, 0, 0, 0.0
7, 0, 14, 0, 0, 0.0
7, 0, 15, 0, 0, 0.0
7, 0, 16, 0, 0, 0.0
7, 0, 17, 0, 0, 0.0
7, 0, 18, 0, 0, 0.0
7, 0, 19, 0, 0, 0.0
7, 0, 20, 0, 0, 0.0
7, 1, 0, 0, 0, 0.0
7, 1, 1, 0, 0, 0.0
7, 1, 2, 0, 0, 0.0
7, 1, 3, 0, 0, 0.0
7, 1, 4, 0, 0, 0.0
7, 1, 5, 0, 0, 0.0
7, 1, 6, 0, 0, 0.0
7, 1, 7, 0, 0, 0.0
7, 1, 8, 0, 0, 0.0
7, 1, 9, 0, 0, 0.0
7, 1, 10, 0, 0, 0.0
7, 1, 11, 0, 0, 0.0
7, 1, 12, 0, 0, 0.0
7, 1, 13, 0, 0, 0.0
7, 1, 14, 0, 0, 0.0
7, 1, 15, 0, 0, 0.0
7, 1, 16, 0, 0, 0.0
7, 1, 17, 0, 0, 0.0
7, 1, 18, 0, 0, 0.0
7, 1, 19, 0, 0, 0.0
7, 1, 20, 0, 0, 0.0
8, 0, 0, 0, 0, 0.0
8, 0, 1, 0, 0, 0.0
8, 0, 2, 0, 0, 0.0
8, 0, 3, 0, 0, 0.0
8, 0, 4, 0, 0, 0.0
8, 0, 5, 0, 0, 0.0
8, 0, 6, 0, 0, 0.0
8, 0, 7, 0, 0, 0.0
8, 0, 8, 0, 0, 0.0
8, 0, 9, 0, 0, 0.0
8, 0, 10, 0, 0, 0.0
8, 0, 11, 0, 0, 0.0
8, 0, 12, 0, 0, 0.0
8, 0, 13, 0, 0, 0.0
8, 0, 14, 0, 0, 0.0
8, 0, 15, 0, 0, 0.0
8, 0, 16, 0, 0, 0.0
8, 0, 17, 0, 0, 0.0
8, 0, 18, 0, 0, 0.0
8, 0, 19, 0, 0, 0.0
8, 0, 20, 0, 0, 0.0
8, 1, 0, 0, 0, 0.0
8, 1, 1, 0, 0, 0.0
8, 1, 2, 0, 0, 0.0
8, 1, 3, 0, 0, 0.0
8, 1, 4, 0, 0, 0.0
8, 1, 5, 0, 0, 0.0
8, 1, 6, 0, 0, 0.0
8, 1, 7, 0, 0, 0.0
8, 1, 8, 0, 0, 0.0
8, 1, 9, 0, 0, 0.0
8, 1, 10, 0, 0, 0.0
8, 1, 11, 0, 0, 0.0
8, 1, 12, 0, 0, 0.0
8, 1, 13, 0, 0, 0.0
8, 1, 14, 0, 0, 0.0
8, 1, 15, 0, 0, 0.0
8, 1, 16, 0, 0, 0.0
8, 1, 17, 0, 0, 0.0
8, 1, 18, 0, 0, 0.0
8, 1, 19, 0, 0, 0.0
8, 1, 20, 0, 0, 0.0
9, 0, 0, 0, 0, 0.0
9, 0, 1, 0, 0, 0.0
9, 0, 2, 0, 0, 0.0
9, 0, 3, 0, 0, 0.0
9, 0, 4, 0, 0, 0.0
9, 0, 5, 0, 0, 0.0
9, 0, 6, 0, 0, 0.0
9, 0, 7, 0, 0, 0.0
9, 0, 8, 0, 0, 0.0
9, 0, 9, 0, 0, 0.0
9, 0, 10, 0, 0, 0.0
9, 0, 11, 0, 0, 0.0
9, 0, 12, 0, 0, 0.0
9, 0, 13, 0, 0, 0.0
9, 0, 14, 0, 0, 0.0
9, 0, 15, 0, 0, 0.0
9, 0, 16, 0, 0, 0.0
9, 0, 17, 0, 0, 0.0
9, 0, 18, 0, 0, 0.0
9, 0, 19, 0, 0, 0.0
9, 0, 20, 0, 0, 0.0
9, 1, 0, 0, 0, 0.0
9, 1, 1, 0, 0, 0.0
9, 1, 2, 0, 0, 0.0
9, 1, 3, 0, 0, 0.0
9, 1, 4, 0, 0, 0.0
9, 1, 5, 0, 0, 0.0
9, 1, 6, 0, 0, 0.0
9, 1, 7, 0, 0, 0.0
9, 1, 8, 0, 0, 0.0
9, 1, 9, 0, 0, 0.0
9, 1, 10, 0, 0, 0.0
9, 1, 11, 0, 0, 0.0
9, 1, 12, 0, 0, 0.0
9, 1, 13, 0, 0, 0.0
9, 1, 14, 0, 0, 0.0
9, 1, 15, 0, 0, 0.0
9, 1, 16, 0, 0, 0.0
9, 1, 17, 0, 0, 0.0
9, 1, 18, 0, 0, 0.0
9, 1, 19, 0, 0, 0.0
9, 1, 20, 0, 0, 0.0
10, 0, 0, 0, 0, 0.0
10, 0, 1, 0, 0, 0.0
10, 0, 2, 0, 0, 0.0
10, 0, 3, 0, 0, 0.0
10, 0, 4, 0, 0, 0.0
10, 0, 5, 0, 0, 0.0
10, 0, 6, 0, 0, 0.0
10, 0, 7, 0, 0, 0.0
10, 0, 8, 0, 0, 0.0
10, 0, 9, 0, 0, 0.0
10, 0, 10, 0, 0, 0.0
10, 0, 11, 0, 0, 0.0
10, 0, 12, 0, 0, 0.0
10, 0, 13, 0, 0, 0.0
10, 0, 14, 0, 0, 0.0
10, 0, 15, 0, 0, 0.0
10, 0, 16, 0, 0, 0.0
10, 0, 17, 0, 0, 0.0
10, 0, 18, 0, 0, 0.0
10, 0, 19, 0, 0, 0.0
10, 0, 20, 0, 0, 0.0
10, 1, 0, 0, 0, 0.0
10, 1, 1, 0, 0, 0.0
10, 1, 2, 0, 0, 0.0
10, 1, 3, 0, 0, 0.0
10, 1, 4, 0, 0, 0.0
10, 1, 5, 0, 0, 0.0
10, 1, 6, 0, 0, 0.0
10, 1, 7, 0, 0, 0.0
10, 1, 8, 0, 0, 0.0
10, 1, 9, 0, 0, 0.0
10, 1, 10, 0, 0, 0.0
10, 1, 11, 0, 0, 0.0
10, 1, 12, 0, 0, 0.0
10, 1, 13, 0, 0, 0.0
10, 1, 14, 0, 0, 0.0
10, 1, 15, 0, 0, 0.0
10, 1, 16, 0, 0, 0.0
10, 1, 17, 0, 0, 0.0
10, 1, 18, 0, 0, 0.0
10, 1, 19, 0, 0, 0.0
10, 1, 20, 0, 0, 0.0
11, 0, 0, 0, 0, 0.0
11, 0, 1, 0, 0, 0.0
11, 0, 2, 0, 0, 0.0
11, 0, 3, 0, 0, 0.0
11, 0, 4, 0, 0, 0.0
11, 0, 5, 0, 0, 0.0
11, 0, 6, 0, 0, 0.0
11, 0, 7, 0, 0, 0.0
11, 0, 8, 0, 0, 0.0
11, 0, 9, 0, 0, 0.0
11, 0, 10, 0, 0, 0.0
11, 0, 11, 0, 0, 0.0
11, 0, 12, 0, 0, 0.0
11, 0, 13, 0, 0, 0.0
11, 0, 14, 0, 0, 0.0
11, 0, 15, 0, 0, 0.0
11, 0, 16, 0, 0, 0.0
11, 0, 17, 0, 0, 0.0
11, 0, 18, 0, 0, 0.0
11, 0, 19, 0, 0, 0.0
11, 0, 20, 0, 0, 0.0
11, 1, 0, 0, 0, 0.0
11, 1, 1, 0, 0, 0.0
11, 1, 2, 0, 0, 0.0
11, 1, 3, 0, 0, 0.0
11, 1, 4, 0, 0, 0.0
11, 1, 5, 0, 0, 0.0
11, 1, 6, 0, 0, 0.0
11, 1, 7, 0, 0, 0.0
11, 1, 8, 0, 0, 0.0
11, 1, 9, 0, 0, 0.0
11, 1, 10, 0, 0, 0.0
11, 1, 11, 0, 0, 0.0
11, 1, 12, 0, 0, 0.0
11, 1, 13, 0, 0, 0.0
11, 1, 14, 0, 0, 0.0
11, 1, 15, 0, 0, 0.0
11, 1, 16, 0, 0, 0.0
11, 1, 17, 0, 0, 0.0
11, 1, 18, 0, 0, 0.0
11, 1, 19, 0, 0, 0.0
11, 1, 20, 0, 0, 0.0
12, 0, 0, 0, 0, 0.0
12, 0, 1, 0, 0, 0.0
12, 0, 2, 0, 0, 0.0
12, 0, 3, 0, 0, 0.0
12, 0, 4, 0, 0, 0.0
12, 0, 5, 0, 0, 0.0
12, 0, 6, 0, 0, 0.0
12, 0, 7, 0, 0, 0.0
12, 0, 8, 0, 0, 0.0
12, 0, 9, 0, 0, 0.0
12, 0, 10, 0, 0, 0.0
12, 0, 11, 0, 0, 0.0
12, 0, 12, 0, 0, 0.0
12, 0, 13, 0, 0, 0.0
12, 0, 14, 0, 0, 0.0
12, 0, 15, 0, 0, 0.0
12, 0, 16, 0, 0, 0.0
12, 0, 17, 0, 0, 0.0
12, 0, 18, 0, 0, 0.0
12, 0, 19, 0, 0, 0.0
12, 0, 20, 0, 0, 0.0
12, 1, 0, 0, 0, 0.0
12, 1, 1, 0, 0, 0.0
12, 1, 2, 0, 0, 0.0
12, 1, 3, 0, 0, 0.0
12, 1, 4, 0, 0, 0.0
12, 1, 5, 0, 0, 0.0
12, 1, 6, 0, 0, 0.0
12, 1, 7, 0, 0, 0.0
12, 1, 8, 0, 0, 0.0
12, 1, 9, 0, 0, 0.0
12, 1, 10, 0, 0, 0.0
12, 1, 11, 0, 0, 0.0
12, 1, 12, 0, 0, 0.0
12, 1, 13, 0, 0, 0.0
12, 1, 14, 0, 0, 0.0
12, 1, 15, 0, 0, 0.0
12, 1, 16, 0, 0, 0.0
12, 1, 17, 0, 0, 0.0
12, 1, 18, 0, 0, 0.0
12, 1, 19, 0, 0, 0.0
12, 1, 20, 0, 0, 0.0
13, 0, 0, 0, 0, 0.0
13, 0, 1, 0, 0, 0.0
13, 0, 2, 0, 0, 0.0
13, 0, 3, 0, 0, 0.0
13, 0, 4, 0, 0, 0.0
13, 0, 5, 0, 0, 0.0
13, 0, 6, 0, 0, 0.0
13, 0, 7, 0, 0, 0.0
13, 0, 8, 0, 0, 0.0
13, 0, 9, 0, 0, 0.0
13, 0, 10, 0, 0, 0.0
13, 0, 11, 0, 0, 0.0
13, 0, 12, 0, 0, 0.0
13, 0, 13, 0, 0, 0.0
13, 0, 14, 0, 0, 0.0
13, 0, 15, 0, 0, 0.0
13, 0, 16, 0, 0, 0.0
13, 0, 17, 0, 0, 0.0
13, 0, 18, 0, 0, 0.0
13, 0, 19, 0, 0, 0.0
13, 0, 20, 0, 0, 0.0
13, 1, 0, 0, 0, 0.0
13, 1, 1, 0, 0, 0.0
13, 1, 2, 0, 0, 0.0
13, 1, 3, 0, 0, 0.0
13, 1, 4, 0, 0, 0.0
13, 1, 5, 0, 0, 0.0
13, 1, 6, 0, 0, 0.0
13, 1, 7, 0, 0, 0.0
13, 1, 8, 0, 0, 0.0
13, 1, 9, 0, 0, 0.0
13, 1, 10, 0, 0, 0.0
13, 1, 11, 0, 0, 0.0
13, 1, 12, 0, 0, 0.0
13, 1, 13, 0, 0, 0.0
13, 1, 14, 0, 0, 0.0
13, 1, 15, 0, 0, 0.0
13, 1, 16, 0, 0, 0.0
13, 1, 17, 0, 0, 0.0
13, 1, 18, 0, 0, 0.0
13, 1, 19, 0, 0, 0.0
13, 1, 20, 0, 0, 0.0
14, 0, 0, 0, 0, 0.0
14, 0, 1, 0, 0, 0.0
14, 0, 2, 0, 0, 0.0
14, 0, 3, 0, 0, 0.0
14, 0, 4, 0, 0, 0.0
14, 0, 5, 0, 0, 0.0
14, 0, 6, 0, 0, 0.0
14, 0, 7, 0, 0, 0.0
14, 0, 8, 0, 0, 0.0
14, 0, 9, 0, 0, 0.0
14, 0, 10, 0, 0, 0.0
14, 0, 11, 0, 0, 0.0
14, 0, 12, 0, 0, 0.0
14, 0, 13, 0, 0, 0.0
14, 0, 14, 0, 0, 0.0
14, 0, 15, 0, 0, 0.0
14, 0, 16, 0, 0, 0.0
14, 0, 17, 0, 0, 0.0
14, 0, 18, 0, 0, 0.0
14, 0, 19, 0, 0, 0.0
14, 0, 20, 0, 0, 0.0
14, 1, 0, 0, 0, 0.0
14, 1, 1, 0, 0, 0.0
14, 1, 2, 0, 0, 0.0
14, 1, 3, 0, 0, 0.0
14, 1, 4, 0, 0, 0.0
14, 1, 5, 0, 0, 0.0
14, 1, 6, 0, 0, 0.0
14, 1, 7, 0, 0, 0.0
14, 1, 8, 0, 0, 0.0
14, 1, 9, 0, 0, 0.0
14, 1, 10, 0, 0, 0.0
14, 1, 11, 0, 0, 0.0
14, 1, 12, 0, 0, 0.0
14, 1, 13, 0, 0, 0.0
14, 1, 14, 0, 0, 0.0
14, 1, 15, 0, 0, 0.0
14, 1, 16, 0, 0, 0.0
14, 1, 17, 0, 0, 0.0
14, 1, 18, 0, 0, 0.0
14, 1, 19, 0, 0, 0.0
14, 1, 20, 0, 0, 0.0
15, 0, 0, 0, 0, 0.0
15, 0, 1, 0, 0, 0.0
15, 0, 2, 0, 0, 0.0
15, 0, 3, 0, 0, 0.0
15, 0, 4, 0, 0, 0.0
15, 0, 5, 0, 0, 0.0
15, 0, 6, 0, 0, 0.0
15, 0, 7, 0, 0, 0.0
15, 0, 8, 0, 0, 0.0
15, 0, 9, 0, 0, 0.0
15, 0, 10, 0, 0, 0.0
15, 0, 11, 0, 0, 0.0
15, 0, 12, 0, 0, 0.0
15, 0, 13, 0, 0, 0.0
15, 0, 14, 0, 0, 0.0
15, 0, 15, 0, 0, 0.0
15, 0, 16, 0, 0, 0.0
15, 0, 17, 0, 0, 0.0
15, 0, 18, 0, 0, 0.0
15, 0, 19, 0, 0, 0.0
15, 0, 20, 0, 0, 0.0
15, 1, 0, 0, 0, 0.0
15, 1, 1, 0, 0, 0.0
15, 1, 2, 0, 0, 0.0
15, 1, 3, 0, 0, 0.0
15, 1, 4, 0, 0, 0.0
15, 1, 5, 0, 0, 0.0
15, 1, 6, 0, 0, 0.0
15, 1, 7, 0, 0, 0.0
15, 1, 8, 0, 0, 0.0
15, 1, 9, 0, 0, 0.0
15, 1, 10, 0, 0, 0.0
15, 1, 11, 0, 0, 0.0
15, 1, 12, 0, 0, 0.0
15, 1, 13, 0, 0, 0.0
15, 1, 14, 0, 0, 0.0
15, 1, 15, 0, 0, 0.0
15, 1, 16, 0, 0, 0.0
15, 1, 17, 0, 0, 0.0
15, 1, 18, 0, 0, 0.0
15, 1, 19, 0, 0, 0.0
15, 1, 20, 0, 0, 0.0
16, 0, 0, 0, 0, 0.0
16, 0, 1, 0, 0, 0.0
16, 0, 2, 0, 0, 0.0
16, 0, 3, 0, 0, 0.0
16, 0, 4, 0, 0, 0.0
16, 0, 5, 0, 0, 0.0
16, 0, 6, 0, 0, 0.0
16, 0, 7, 0, 0, 0.0
16, 0, 8, 0, 0, 0.0
16, 0, 9, 0, 0, 0.0
16, 0, 10, 0, 0, 0.0
16, 0, 11, 0, 0, 0.0
16, 0, 12, 0, 0, 0.0
16, 0, 13, 0, 0, 0.0
16, 0, 14, 0, 0, 0.0
16, 0, 15, 0, 0, 0.0
16, 0, 16, 0, 0, 0.0
16, 0, 17, 0, 0, 0.0
16, 0, 18, 0, 0, 0.0
16, 0, 19, 0, 0, 0.0
16, 0, 20, 0, 0, 0.0
16, 1, 0, 0, 0, 0.0
16, 1, 1, 0, 0, 0.0
16, 1, 2, 0, 0, 0.0
16, 1, 3, 0, 0, 0.0
16, 1, 4, 0, 0, 0.0
16, 1, 5, 0, 0, 0.0
16, 1, 6, 0, 0, 0.0
16, 1, 7, 0, 0, 0.0
16, 1, 8, 0, 0, 0.0
16, 1, 9, 0, 0, 0.0
16, 1, 10, 0, 0, 0.0
16, 1, 11, 0, 0, 0.0
16, 1, 12, 0, 0, 0.0
16, 1, 13, 0, 0, 0.0
16, 1, 14, 0, 0, 0.0
16, 1, 15, 0, 0, 0.0
16, 1, 16, 0, 0, 0.0
16, 1, 17, 0, 0, 0.0
16, 1, 18, 0, 0, 0.0
16, 1, 19, 0, 0, 0.0
16, 1, 20, 0, 0, 0.0
17, 0, 0, 0, 0, 0.0
17, 0, 1, 0, 0, 0.0
17, 0, 2, 0, 0, 0.0
17, 0, 3, 0, 0, 0.0
17, 0, 4, 0, 0, 0.0
17, 0, 5, 0, 0, 0.0
17, 0, 6, 0, 0, 0.0
17, 0, 7, 0, 0, 0.0
17, 0, 8, 0, 0, 0.0
17, 0, 9, 0, 0, 0.0
17, 0, 10, 0, 0, 0.0
17, 0, 11, 0, 0, 0.0
17, 0, 12, 0, 0, 0.0
17, 0, 13, 0, 0, 0.0
17, 0, 14, 0, 0, 0.0
17, 0, 15, 0, 0, 0.0
17, 0, 16, 0, 0, 0.0
17, 0, 17, 0, 0, 0.0
17, 0, 18, 0, 0, 0.0
17, 0, 19, 0, 0, 0.0
17, 0, 20, 0, 0, 0.0
17, 1, 0, 0, 0, 0.0
17, 1, 1, 0, 0, 0.0
17, 1, 2, 0, 0, 0.0
17, 1, 3, 0, 0, 0.0
17, 1, 4, 0, 0, 0.0
17, 1, 5, 0, 0, 0.0
17, 1, 6, 0, 0, 0.0
17, 1, 7, 0, 0, 0.0
17, 1, 8, 0, 0, 0.0
17, 1, 9, 0, 0, 0.0
17, 1, 10, 0, 0, 0.0
17, 1, 11, 0, 0, 0.0
17, 1, 12, 0, 0, 0.0
17, 1, 13, 0, 0, 0.0
17, 1, 14, 0, 0, 0.0
17, 1, 15, 0, 0, 0.0
17, 1, 16, 0, 0, 0.0
17, 1, 17, 0, 0, 0.0
17, 1, 18, 0, 0, 0.0
17, 1, 19, 0, 0, 0.0
17, 1, 20, 0, 0, 0.0
18, 0, 0, 0, 0, 0.0
18, 0, 1, 0, 0, 0.0
18, 0, 2, 0, 0, 0.0
18, 0, 3, 0, 0, 0.0
18, 0, 4, 0, 0, 0.0
18, 0, 5, 0, 0, 0.0
18, 0, 6, 0, 0, 0.0
18, 0, 7, 0, 0, 0.0
18, 0, 8, 0, 0, 0.0
18, 0, 9, 0, 0, 0.0
18, 0, 10, 0, 0, 0.0
18, 0, 11, 0, 0, 0.0
18, 0, 12, 0, 0, 0.0
18, 0, 13, 0, 0, 0.0
18, 0, 14, 0, 0, 0.0
18, 0, 15, 0, 0, 0.0
18, 0, 16, 0, 0, 0.0
18, 0, 17, 0, 0, 0.0
18, 0, 18, 0, 0, 0.0
18, 0, 19, 0, 0, 0.0
18, 0, 20, 0, 0, 0.0
18, 1, 0, 0, 0, 0.0
18, 1, 1, 0, 0, 0.0
18, 1, 2, 0, 0, 0.0
18, 1, 3, 0, 0, 0.0
18, 1, 4, 0, 0, 0.0
18, 1, 5, 0, 0, 0.0
18, 1, 6, 0, 0, 0.0
18, 1, 7, 0, 0, 0.0
18, 1, 8, 0, 0, 0.0
18, 1, 9, 0, 0, 0.0
18, 1, 10, 0, 0, 0.0
18, 1, 11, 0, 0, 0.0
18, 1, 12, 0, 0, 0.0
18, 1, 13, 0, 0, 0.0
18, 1, 14, 0, 0, 0.0
18, 1, 15, 0, 0, 0.0
18, 1, 16, 0, 0, 0.0
18, 1, 17, 0, 0, 0.0
18, 1, 18, 0, 0, 0.0
18, 1, 19, 0, 0, 0.0
18, 1, 20, 0, 0, 0.0
19, 0, 0, 0, 0, 0.0
19, 0, 1, 0, 0, 0.0
19, 0, 2, 0, 0, 0.0
19, 0, 3, 0, 0, 0.0
19, 0, 4, 0, 0, 0.0
19, 0, 5, 0, 0, 0.0
19, 0, 6, 0, 0, 0.0
19, 0, 7, 0, 0, 0.0
19, 0, 8, 0, 0, 0.0
19, 0, 9, 0, 0, 0.0
19, 0, 10, 0, 0, 0.0
19, 0, 11, 0, 0, 0.0
19, 0, 12, 0, 0, 0.0
19, 0, 13, 0, 0, 0.0
19, 0, 14, 0, 0, 0.0
19, 0, 15, 0, 0, 0.0
19, 0, 16, 0, 0, 0.0
19, 0, 17, 0, 0, 0.0
19, 0, 18, 0, 0, 0.0
19, 0, 19, 0, 0, 0.0
19, 0, 20, 0, 0, 0.0
19, 1, 0, 0, 0, 0.0
19, 1, 1, 0, 0, 0.0
19, 1, 2, 0, 0, 0.0
19, 1, 3, 0, 0, 0.0
19, 1, 4, 0, 0, 0.0
19, 1, 5, 0, 0, 0.0
19, 1, 6, 0, 0, 0.0
19, 1, 7, 0, 0, 0.0
19, 1, 8, 0, 0, 0.0
19, 1, 9, 0, 0, 0.0
19, 1, 10, 0, 0, 0.0
19, 1, 11, 0, 0, 0.0
19, 1, 12, 0, 0, 0.0
19, 1, 13, 0, 0, 0.0
19, 1, 14, 0, 0, 0.0
19, 1, 15, 0, 0, 0.0
19, 1, 16, 0, 0, 0.0
19, 1, 17, 0, 0, 0.0
19, 1, 18, 0, 0, 0.0
19, 1, 19, 0, 0, 0.0
19, 1, 20, 0, 0, 0.0
20, 0, 0, 0, 0, 0.0
20, 0, 1, 0, 0, 0.0
20, 0, 2, 0, 0, 0.0
20, 0, 3, 0, 0, 0.0
20, 0, 4, 0, 0, 0.0
20, 0, 5, 0, 0, 0.0
20, 0, 6, 0, 0, 0.0
20, 0, 7, 0, 0, 0.0
20, 0, 8, 0, 0, 0.0
20, 0, 9, 0, 0, 0.0
20, 0, 10, 0, 0, 0.0
20, 0, 11, 0, 0, 0.0
20, 0, 12, 0, 0, 0.0
20, 0, 13, 0, 0, 0.0
20, 0, 14, 0, 0, 0.0
20, 0, 15, 0, 0, 0.0
20, 0, 16, 0, 0, 0.0
20, 0, 17, 0, 0, 0.0
20, 0, 18, 0, 0, 0.0
20, 0, 19, 0, 0, 0.0
20, 0, 20, 0, 0, 0.0
20, 1, 0, 0, 0, 0.0
20, 1, 1, 0, 0, 0.0
20, 1, 2, 0, 0, 0.0
20, 1, 3, 0, 0, 0.0
20, 1, 4, 0, 0, 0.0
20, 1, 5, 0, 0, 0.0
20, 1, 6, 0, 0, 0.0
20, 1, 7, 0, 0, 0.0
20, 1, 8, 0, 0, 0.0
20, 1, 9, 0, 0, 0.0
20, 1, 10, 0, 0, 0.0
20, 1, 11, 0, 0, 0.0
20, 1, 12, 0, 0, 0.0
20, 1, 13, 0, 0, 0.0
20, 1, 14, 0, 0, 0.0
20, 1, 15, 0, 0, 0.0
20, 1, 16, 0, 0, 0.0
20, 1, 17, 0, 0, 0.0
20, 1, 18, 0, 0, 0.0
20, 1, 19, 0, 0, 0.0
20, 1, 20, 0, 0, 0.0
21, 0, 0, 130, 398, 4.07675116775863e-07
21, 0, 1, 128, 361, -0.008195278234779835
21, 0, 2, 137, 322, -0.021712692454457283
21, 0, 3, 154, 295, -0.03459945321083069
21, 0, 4, 174, 281, -0.047813303768634796
21, 0, 5, 124, 325, -0.043491851538419724
21, 0, 6, 144, 296, -0.06952660530805588
21, 0, 7, 166, 282, -0.08428795635700226
21, 0, 8, 184, 273, -0.09294331073760986
21, 0, 9, 130, 343, -0.05213840678334236
21, 0, 10, 155, 318, -0.07644060254096985
21, 0, 11, 179, 302, -0.08400164544582367
21, 0, 12, 199, 290, -0.08842328190803528
21, 0, 13, 141, 363, -0.060569267719984055
21, 0, 14, 166, 338, -0.08265925198793411
21, 0, 15, 188, 321, -0.08398938924074173
21, 0, 16, 207, 308, -0.0827350914478302
21, 0, 17, 156, 383, -0.06927737593650818
21, 0, 18, 176, 361, -0.0840025395154953
21, 0, 19, 192, 344, -0.08366169035434723
21, 0, 20, 205, 330, -0.08206003159284592
21, 1, 0, 0, 0, 0.0
21, 1, 1, 0, 0, 0.0
21, 1, 2, 0, 0, 0.0
21, 1, 3, 0, 0, 0.0
21, 1, 4, 0, 0, 0.0
21, 1, 5, 0, 0, 0.0
21, 1, 6, 0, 0, 0.0
21, 1, 7, 0, 0, 0.0
21, 1, 8, 0, 0, 0.0
21, 1, 9, 0, 0, 0.0
21, 1, 10, 0, 0, 0.0
21, 1, 11, 0, 0, 0.0
21, 1, 12, 0, 0, 0.0
21, 1, 13, 0, 0, 0.0
21, 1, 14, 0, 0, 0.0
21, 1, 15, 0, 0, 0.0
21, 1, 16, 0, 0, 0.0
21, 1, 17, 0, 0, 0.0
21, 1, 18, 0, 0, 0.0
21, 1, 19, 0, 0, 0.0
21, 1, 20, 0, 0, 0.0
22, 0, 0, 170, 387, 5.527022040041629e-07
22, 0, 1, 162, 349, -0.003874456509947777
22, 0, 2, 166, 312, -0.015153801999986172
22, 0, 3, 181, 285, -0.02667471207678318
22, 0, 4, 198, 267, -0.03897762671113014
22, 0, 5, 149, 310, -0.03524893522262573
22, 0, 6, 168, 283, -0.05785131826996803
22, 0, 7, 186, 266, -0.07149528712034225
22, 0, 8, 203, 252, -0.07968327403068542
22, 0, 9, 157, 325, -0.04540281742811203
22, 0, 10, 189, 295, -0.06515936553478241
22, 0, 11, 214, 276, -0.07324661314487457
22, 0, 12, 235, 261, -0.07874254882335663
22, 0, 13, 171, 343, -0.054849136620759964
22, 0, 14, 202, 314, -0.0714944377541542
22, 0, 15, 226, 296, -0.07408245652914047
22, 0, 16, 246, 282, -0.07508030533790588
22, 0, 17, 188, 362, -0.06436475366353989
22, 0, 18, 209, 338, -0.07516534626483917
22, 0, 19, 225, 320, -0.07505232840776443
22, 0, 20, 240, 306, -0.07422556728124619
22, 1, 0, 0, 0, 0.0
22, 1, 1, 0, 0, 0.0
22, 1, 2, 0, 0, 0.0
22, 1, 3, 0, 0, 0.0
22, 1, 4, 0, 0, 0.0
22, 1, 5, 0, 0, 0.0
22, 1, 6, 0, 0, 0.0
22, 1, 7, 0, 0, 0.0
22, 1, 8, 0, 0, 0.0
22, 1, 9, 0, 0, 0.0
22, 1, 10, 0, 0, 0.0
22, 1, 11, 0, 0, 0.0
22, 1, 12, 0, 0, 0.0
22, 1, 13, 0, 0, 0.0
22, 1, 14, 0, 0, 0.0
22, 1, 15, 0, 0, 0.0
22, 1, 16, 0, 0, 0.0
22, 1, 17, 0, 0, 0.0
22, 1, 18, 0, 0, 0.0
22, 1, 19, 0, 0, 0.0
22, 1, 20, 0, 0, 0.0
23, 0, 0, 204, 366, 5.634940976051439e-07
23, 0, 1, 197, 330, -0.0024120055604726076
23, 0, 2, 200, 293, -0.01263390015810728
23, 0, 3, 215, 265, -0.023969918489456177
23, 0, 4, 232, 246, -0.035878293216228485
23, 0, 5, 180, 291, -0.02980504371225834
23, 0, 6, 201, 261, -0.04980405047535896
23, 0, 7, 219, 242, -0.061886850744485855
23, 0, 8, 233, 228, -0.06904314458370209
23, 0, 9, 188, 305, -0.03958231583237648
23, 0, 10, 222, 270, -0.056781020015478134
23, 0, 11, 245, 251, -0.06233588978648186
23, 0, 12, 262, 237, -0.06629998981952667
23, 0, 13, 203, 319, -0.04896347597241402
23, 0, 14, 236, 286, -0.06171511113643646
23, 0, 15, 256, 268, -0.06082671880722046
23, 0, 16, 271, 257, -0.059645310044288635
23, 0, 17, 221, 333, -0.058770038187503815
23, 0, 18, 245, 305, -0.06388997286558151
23, 0, 19, 258, 289, -0.059982772916555405
23, 0, 20, 269, 277, -0.056929949671030045
23, 1, 0, 0, 0, 0.0
23, 1, 1, 0, 0, 0.0
23, 1, 2, 0, 0, 0.0
23, 1, 3, 0, 0, 0.0
23, 1, 4, 0, 0, 0.0
23, 1, 5, 0, 0, 0.0
23, 1, 6, 0, 0, 0.0
23, 1, 7, 0, 0, 0.0
23, 1, 8, 0, 0, 0.0
23, 1, 9, 0, 0, 0.0
23, 1, 10, 0, 0, 0.0
23, 1, 11, 0, 0, 0.0
23, 1, 12, 0, 0, 0.0
23, 1, 13, 0, 0, 0.0
23, 1, 14, 0, 0, 0.0
23, 1, 15, 0, 0, 0.0
23, 1, 16, 0, 0, 0.0
23, 1, 17, 0, 0, 0.0
23, 1, 18, 0, 0, 0.0
23, 1, 19, 0, 0, 0.0
23, 1, 20, 0, 0, 0.0
24, 0, 0, 449, 461, 2.1826943452651903e-07
24, 0, 1, 452, 434, -0.02326689101755619
24, 0, 2, 447, 405, -0.042711932212114334
24, 0, 3, 450, 380, -0.05878401920199394
24, 0, 4, 459, 361, -0.07565353065729141
24, 0, 5, 417, 419, -0.049757156521081924
24, 0, 6, 391, 411, -0.07288584858179092
24, 0, 7, 371, 410, -0.08754788339138031
24, 0, 8, 353, 409, -0.09692639857530594
24, 0, 9, 405, 439, -0.048338185995817184
24, 0, 10, 373, 432, -0.07032261043787003
24, 0, 11, 349, 426, -0.08293497562408447
24, 0, 12, 327, 419, -0.09180282801389694
24, 0, 13, 395, 456, -0.047049544751644135
24, 0, 14, 364, 447, -0.06444782018661499
24, 0, 15, 341, 438, -0.07309944182634354
24, 0, 16, 322, 429, -0.07797067612409592
24, 0, 17, 389, 469, -0.04726888984441757
24, 0, 18, 362, 459, -0.06006893515586853
24, 0, 19, 342, 450, -0.0652143582701683
24, 0, 20, 326, 441, -0.0679236426949501
24, 1, 0, 221, 344, 5.269528173812432e-07
24, 1, 1, 210, 312, -0.00411021476611495
24, 1, 2, 213, 276, -0.01479304302483797
24, 1, 3, 229, 249, -0.0251570213586092
24, 1, 4, 247, 232, -0.03553897514939308
24, 1, 5, 198, 273, -0.03176835924386978
24, 1, 6, 223, 243, -0.04814666509628296
24, 1, 7, 240, 225, -0.0567416213452816
24, 1, 8, 253, 211, -0.061935026198625565
24, 1, 9, 212, 287, -0.039612945169210434
24, 1, 10, 243, 253, -0.0531257763504982
24, 1, 11, 264, 233, -0.05656684562563896
24, 1, 12, 278, 217, -0.05985771492123604
24, 1, 13, 229, 300, -0.046961460262537
24, 1, 14, 258, 266, -0.05682305619120598
24, 1, 15, 275, 245, -0.056362152099609375
24, 1, 16, 286, 229, -0.05636746436357498
24, 1, 17, 249, 310, -0.054719142615795135
24, 1, 18, 269, 283, -0.05829199403524399
24, 1, 19, 278, 265, -0.05487200990319252
24, 1, 20, 285, 251, -0.05277238413691521
25, 0, 0, 433, 452, 3.4403427662255126e-07
25, 0, 1, 438, 421, -0.022989511489868164
25, 0, 2, 438, 387, -0.0433233305811882
25, 0, 3, 447, 360, -0.06112284958362579
25, 0, 4, 461, 340, -0.08049164712429047
25, 0, 5, 413, 407, -0.05277722701430321
25, 0, 6, 388, 399, -0.0753365084528923
25, 0, 7, 368, 397, -0.08908659219741821
25, 0, 8, 348, 396, -0.0982997715473175
25, 0, 9, 399, 428, -0.05251925066113472
25, 0, 10, 367, 419, -0.07363513857126236
25, 0, 11, 341, 412, -0.08470451831817627
25, 0, 12, 318, 406, -0.09311341494321823
25, 0, 13, 388, 445, -0.05212311074137688
25, 0, 14, 356, 436, -0.06876890361309052
25, 0, 15, 331, 427, -0.07747410237789154
25, 0, 16, 310, 418, -0.0828607827425003
25, 0, 17, 381, 459, -0.05337314307689667
25, 0, 18, 353, 450, -0.06517869234085083
25, 0, 19, 332, 441, -0.07036836445331573
25, 0, 20, 315, 431, -0.0739084780216217
25, 1, 0, 233, 329, 5.340848474588711e-07
25, 1, 1, 220, 300, -0.004033125936985016
25, 1, 2, 221, 269, -0.014701204374432564
25, 1, 3, 238, 246, -0.02488834783434868
25, 1, 4, 257, 234, -0.03498004376888275
25, 1, 5, 212, 262, -0.02977440319955349
25, 1, 6, 235, 230, -0.04599516838788986
25, 1, 7, 252, 212, -0.05535079538822174
25, 1, 8, 265, 198, -0.06075600907206535
25, 1, 9, 227, 273, -0.03680531680583954
25, 1, 10, 256, 238, -0.049560364335775375
25, 1, 11, 274, 219, -0.0532405748963356
25, 1, 12, 288, 204, -0.05620185285806656
25, 1, 13, 245, 284, -0.043331827968358994
25, 1, 14, 271, 250, -0.05205754563212395
25, 1, 15, 286, 230, -0.05217605084180832
25, 1, 16, 298, 214, -0.05243241414427757
25, 1, 17, 265, 294, -0.05018347129225731
25, 1, 18, 281, 266, -0.05296609178185463
25, 1, 19, 288, 250, -0.04951772093772888
25, 1, 20, 294, 237, -0.0472845733165741
26, 0, 0, 411, 440, 2.198804338604532e-07
26, 0, 1, 420, 405, -0.01994464546442032
26, 0, 2, 427, 374, -0.039642974734306335
26, 0, 3, 438, 348, -0.057915594428777695
26, 0, 4, 453, 329, -0.077996164560318
26, 0, 5, 401, 397, -0.04706639051437378
26, 0, 6, 381, 389, -0.07050252705812454
26, 0, 7, 363, 386, -0.08635178953409195
26, 0, 8, 344, 385, -0.0971006229519844
26, 0, 9, 384, 419, -0.04809211194515228
26, 0, 10, 357, 411, -0.06872498244047165
26, 0, 11, 333, 404, -0.08056832104921341
26, 0, 12, 311, 396, -0.0910133421421051
26, 0, 13, 371, 435, -0.049281664192676544
26, 0, 14, 343, 426, -0.06611748784780502
26, 0, 15, 320, 416, -0.07362913340330124
26, 0, 16, 300, 405, -0.07935811579227448
26, 0, 17, 362, 446, -0.052100975066423416
26, 0, 18, 336, 439, -0.06488320231437683
26, 0, 19, 317, 430, -0.0695967897772789
26, 0, 20, 300, 419, -0.07345101982355118
26, 1, 0, 239, 320, 5.301134251567419e-07
26, 1, 1, 227, 293, -0.004436320625245571
26, 1, 2, 229, 262, -0.014814140275120735
26, 1, 3, 246, 240, -0.02487128973007202
26, 1, 4, 263, 229, -0.03473756089806557
26, 1, 5, 218, 255, -0.02888023667037487
26, 1, 6, 242, 223, -0.04548252746462822
26, 1, 7, 260, 205, -0.05471983179450035
26, 1, 8, 274, 191, -0.05987650156021118
26, 1, 9, 234, 265, -0.03603819012641907
26, 1, 10, 261, 230, -0.04975287243723869
26, 1, 11, 278, 210, -0.05487282574176788
26, 1, 12, 292, 195, -0.0584435872733593
26, 1, 13, 252, 276, -0.04277138039469719
26, 1, 14, 276, 243, -0.05242006108164787
26, 1, 15, 291, 222, -0.05420606955885887
26, 1, 16, 302, 206, -0.05543350428342819
26, 1, 17, 272, 285, -0.049843497574329376
26, 1, 18, 287, 258, -0.05397212877869606
26, 1, 19, 294, 242, -0.05219659581780434
26, 1, 20, 299, 229, -0.05105438455939293
27, 0, 0, 402, 436, 1.5018623855667101e-07
27, 0, 1, 411, 398, -0.019044673070311546
27, 0, 2, 418, 366, -0.040355779230594635
27, 0, 3, 431, 339, -0.06009397655725479
27, 0, 4, 449, 319, -0.08173473924398422
27, 0, 5, 393, 389, -0.05124199017882347
27, 0, 6, 369, 380, -0.07824793457984924
27, 0, 7, 349, 379, -0.09694194793701172
27, 0, 8, 328, 382, -0.10885647684335709
27, 0, 9, 375, 413, -0.05272456631064415
27, 0, 10, 345, 405, -0.07487158477306366
27, 0, 11, 319, 398, -0.08772896975278854
27, 0, 12, 296, 392, -0.09944295138120651
27, 0, 13, 362, 430, -0.05399428308010101
27, 0, 14, 331, 421, -0.07083950936794281
27, 0, 15, 308, 412, -0.07772998511791229
27, 0, 16, 287, 403, -0.08376875519752502
27, 0, 17, 353, 442, -0.05679008737206459
27, 0, 18, 326, 435, -0.06792296469211578
27, 0, 19, 307, 428, -0.07096793502569199
27, 0, 20, 290, 419, -0.07425939291715622
27, 1, 0, 242, 317, 5.100666840007761e-07
27, 1, 1, 230, 289, -0.005165575537830591
27, 1, 2, 234, 257, -0.016012590378522873
27, 1, 3, 252, 237, -0.026114195585250854
27, 1, 4, 270, 227, -0.03616730123758316
27, 1, 5, 223, 251, -0.030946902930736542
27, 1, 6, 247, 220, -0.047980863600969315
27, 1, 7, 264, 201, -0.058222781866788864
27, 1, 8, 279, 187, -0.06415409594774246
27, 1, 9, 239, 261, -0.037730008363723755
27, 1, 10, 265, 226, -0.05115712434053421
27, 1, 11, 283, 206, -0.056986913084983826
27, 1, 12, 297, 190, -0.061296865344047546
27, 1, 13, 257, 271, -0.043919868767261505
27, 1, 14, 282, 238, -0.05331505462527275
27, 1, 15, 296, 218, -0.055870577692985535
27, 1, 16, 306, 203, -0.0578564815223217
27, 1, 17, 277, 281, -0.05046088621020317
27, 1, 18, 292, 255, -0.05419064313173294
27, 1, 19, 296, 241, -0.05233791470527649
27, 1, 20, 299, 231, -0.05135711282491684
28, 0, 0, 395, 432, 1.0880617651309876e-07
28, 0, 1, 405, 394, -0.016706645488739014
28, 0, 2, 411, 362, -0.03643766790628433
28, 0, 3, 425, 335, -0.05509384348988533
28, 0, 4, 443, 316, -0.07569106668233871
28, 0, 5, 384, 382, -0.04528699442744255
28, 0, 6, 358, 373, -0.06937751919031143
28, 0, 7, 337, 373, -0.08683697134256363
28, 0, 8, 316, 375, -0.0983877032995224
28, 0, 9, 367, 405, -0.04733896255493164
28, 0, 10, 336, 397, -0.0663495659828186
28, 0, 11, 312, 391, -0.078070268034935
28, 0, 12, 290, 385, -0.08947012573480606
28, 0, 13, 354, 423, -0.049161288887262344
28, 0, 14, 324, 414, -0.06309814751148224
28, 0, 15, 301, 405, -0.06871677935123444
28, 0, 16, 281, 396, -0.07464510947465897
28, 0, 17, 344, 437, -0.05246611312031746
28, 0, 18, 318, 429, -0.061500970274209976
28, 0, 19, 301, 423, -0.06319109350442886
28, 0, 20, 284, 414, -0.06584881246089935
28, 1, 0, 247, 317, 4.973726390744559e-07
28, 1, 1, 235, 288, -0.004424087703227997
28, 1, 2, 240, 257, -0.014417137950658798
28, 1, 3, 260, 238, -0.02402557246387005
28, 1, 4, 279, 229, -0.033671364188194275
28, 1, 5, 228, 252, -0.028963319957256317
28, 1, 6, 252, 219, -0.04536857828497887
28, 1, 7, 269, 201, -0.05516912043094635
28, 1, 8, 284, 187, -0.06095467880368233
28, 1, 9, 245, 263, -0.036454349756240845
28, 1, 10, 271, 227, -0.04978720843791962
28, 1, 11, 288, 205, -0.056412700563669205
28, 1, 12, 302, 190, -0.06161094084382057
28, 1, 13, 264, 274, -0.043390240520238876
28, 1, 14, 288, 238, -0.05392541363835335
28, 1, 15, 300, 220, -0.05824314057826996
28, 1, 16, 308, 207, -0.06145074963569641
28, 1, 17, 283, 283, -0.05046840384602547
28, 1, 18, 297, 256, -0.05573439598083496
28, 1, 19, 297, 246, -0.054926592856645584
28, 1, 20, 295, 240, -0.05478965863585472
29, 0, 0, 389, 430, 1.329351277945534e-07
29, 0, 1, 399, 393, -0.016240356490015984
29, 0, 2, 404, 359, -0.03649803623557091
29, 0, 3, 417, 332, -0.0554196871817112
29, 0, 4, 437, 314, -0.07629348337650299
29, 0, 5, 379, 377, -0.04790154844522476
29, 0, 6, 354, 363, -0.07231806218624115
29, 0, 7, 334, 361, -0.08864692598581314
29, 0, 8, 317, 362, -0.09880907088518143
29, 0, 9, 360, 400, -0.049946486949920654
29, 0, 10, 331, 388, -0.06888317316770554
29, 0, 11, 308, 381, -0.0790555402636528
29, 0, 12, 289, 374, -0.08899008482694626
29, 0, 13, 345, 418, -0.0516471303999424
29, 0, 14, 316, 405, -0.06551253795623779
29, 0, 15, 295, 394, -0.07029008865356445
29, 0, 16, 277, 384, -0.07524912804365158
29, 0, 17, 334, 431, -0.05459076911211014
29, 0, 18, 307, 419, -0.06298000365495682
29, 0, 19, 289, 410, -0.06423380225896835
29, 0, 20, 274, 399, -0.06643583625555038
29, 1, 0, 250, 321, 4.984715360478731e-07
29, 1, 1, 238, 292, -0.0044062151573598385
29, 1, 2, 242, 260, -0.014862088486552238
29, 1, 3, 261, 240, -0.025178533047437668
29, 1, 4, 278, 229, -0.03548295050859451
29, 1, 5, 233, 256, -0.032360728830099106
29, 1, 6, 256, 222, -0.049991313368082047
29, 1, 7, 274, 203, -0.05979488044977188
29, 1, 8, 289, 188, -0.06484214961528778
29, 1, 9, 251, 269, -0.039507992565631866
29, 1, 10, 275, 231, -0.054185427725315094
29, 1, 11, 292, 209, -0.05992370843887329
29, 1, 12, 306, 195, -0.0640411302447319
29, 1, 13, 271, 280, -0.04568485543131828
29, 1, 14, 293, 243, -0.05644186586141586
29, 1, 15, 299, 228, -0.05709973722696304
29, 1, 16, 301, 221, -0.056934602558612823
29, 1, 17, 290, 289, -0.05211053043603897
29, 1, 18, 304, 258, -0.0569787435233593
29, 1, 19, 303, 247, -0.05393536388874054
29, 1, 20, 300, 242, -0.05133539065718651
30, 0, 0, 384, 424, 2.781093257908651e-07
30, 0, 1, 394, 388, -0.01618836261332035
30, 0, 2, 398, 355, -0.0370781235396862
30, 0, 3, 409, 328, -0.05626581609249115
30, 0, 4, 428, 309, -0.07729268074035645
30, 0, 5, 373, 371, -0.05332616716623306
30, 0, 6, 351, 353, -0.07883401960134506
30, 0, 7, 334, 344, -0.09415717422962189
30, 0, 8, 320, 338, -0.1034608855843544
30, 0, 9, 352, 391, -0.05562293156981468
30, 0, 10, 324, 371, -0.0770365446805954
30, 0, 11, 303, 357, -0.08596859872341156
30, 0, 12, 287, 346, -0.09404526650905609
30, 0, 13, 334, 408, -0.05733261629939079
30, 0, 14, 307, 388, -0.07394660264253616
30, 0, 15, 288, 373, -0.07896969467401505
30, 0, 16, 275, 360, -0.08313433825969696
30, 0, 17, 321, 422, -0.05997162684798241
30, 0, 18, 294, 404, -0.07134157419204712
30, 0, 19, 278, 392, -0.07451654970645905
30, 0, 20, 266, 379, -0.07740943133831024
30, 1, 0, 256, 326, 4.2768675712068216e-07
30, 1, 1, 242, 298, -0.005636552348732948
30, 1, 2, 244, 265, -0.0157929714769125
30, 1, 3, 259, 241, -0.025314193218946457
30, 1, 4, 273, 227, -0.034922901540994644
30, 1, 5, 237, 261, -0.03323850408196449
30, 1, 6, 260, 227, -0.05034220963716507
30, 1, 7, 277, 209, -0.058910299092531204
30, 1, 8, 292, 195, -0.06296253949403763
30, 1, 9, 254, 274, -0.039864420890808105
30, 1, 10, 279, 234, -0.053772807121276855
30, 1, 11, 295, 213, -0.058118075132369995
30, 1, 12, 308, 198, -0.06064699590206146
30, 1, 13, 273, 286, -0.045689620077610016
30, 1, 14, 293, 247, -0.05503368005156517
30, 1, 15, 304, 225, -0.05514127388596535
30, 1, 16, 311, 210, -0.05496581271290779
30, 1, 17, 293, 296, -0.05188414826989174
30, 1, 18, 305, 264, -0.05601979047060013
30, 1, 19, 308, 247, -0.052656687796115875
30, 1, 20, 310, 235, -0.04996010288596153
31, 0, 0, 378, 418, 4.2068069205924985e-07
31, 0, 1, 389, 381, -0.016299879178404808
31, 0, 2, 394, 348, -0.03561379760503769
31, 0, 3, 404, 322, -0.05296602100133896
31, 0, 4, 423, 306, -0.07225748896598816
31, 0, 5, 362, 359, -0.0479799322783947
31, 0, 6, 335, 336, -0.06778272986412048
31, 0, 7, 315, 324, -0.07944874465465546
31, 0, 8, 297, 312, -0.0875248834490776
31, 0, 9, 340, 376, -0.04947688430547714
31, 0, 10, 310, 349, -0.06670461595058441
31, 0, 11, 289, 332, -0.07433123141527176
31, 0, 12, 272, 317, -0.08106941729784012
31, 0, 13, 322, 391, -0.05004523694515228
31, 0, 14, 292, 365, -0.06251337379217148
31, 0, 15, 272, 347, -0.06736499816179276
31, 0, 16, 256, 331, -0.07118137180805206
31, 0, 17, 309, 403, -0.05165354162454605
31, 0, 18, 282, 381, -0.059921521693468094
31, 0, 19, 265, 365, -0.06170265004038811
31, 0, 20, 253, 351, -0.06317966431379318
31, 1, 0, 275, 328, 2.787776054447022e-07
31, 1, 1, 295, 307, -0.011708265170454979
31, 1, 2, 306, 281, -0.01564372517168522
31, 1, 3, 307, 259, -0.020008234307169914
31, 1, 4, 305, 242, -0.02440520189702511
31, 1, 5, 299, 260, -0.005341558251529932
31, 1, 6, 304, 238, -0.019413692876696587
31, 1, 7, 308, 225, -0.031706761568784714
31, 1, 8, 313, 213, -0.039152659475803375
31, 1, 9, 283, 261, -0.006817406974732876
31, 1, 10, 290, 238, -0.018097326159477234
31, 1, 11, 296, 225, -0.02580469846725464
31, 1, 12, 304, 213, -0.030257515609264374
31, 1, 13, 266, 264, -0.010929356329143047
31, 1, 14, 273, 244, -0.02185043878853321
31, 1, 15, 280, 231, -0.022547870874404907
31, 1, 16, 288, 220, -0.02152472548186779
31, 1, 17, 248, 272, -0.016762398183345795
31, 1, 18, 256, 254, -0.024487841874361038
31, 1, 19, 263, 243, -0.022339781746268272
31, 1, 20, 271, 234, -0.019223900511860847
32, 0, 0, 375, 411, 5.273294618746149e-07
32, 0, 1, 386, 373, -0.016589488834142685
32, 0, 2, 390, 340, -0.035519327968358994
32, 0, 3, 398, 315, -0.052645765244960785
32, 0, 4, 411, 299, -0.07109787315130234
32, 0, 5, 348, 338, -0.04406367242336273
32, 0, 6, 312, 309, -0.0645056813955307
32, 0, 7, 288, 296, -0.07650816440582275
32, 0, 8, 269, 286, -0.08327179402112961
32, 0, 9, 329, 357, -0.045931290835142136
32, 0, 10, 291, 325, -0.06405074149370193
32, 0, 11, 265, 306, -0.07388535887002945
32, 0, 12, 245, 292, -0.08054528385400772
32, 0, 13, 314, 375, -0.047183845192193985
32, 0, 14, 280, 344, -0.05925538390874863
32, 0, 15, 258, 324, -0.06580294668674469
32, 0, 16, 241, 308, -0.06982534378767014
32, 0, 17, 303, 391, -0.04946283623576164
32, 0, 18, 277, 363, -0.05775463581085205
32, 0, 19, 261, 345, -0.05969271436333656
32, 0, 20, 248, 330, -0.059918999671936035
32, 1, 0, 0, 0, 0.0
32, 1, 1, 0, 0, 0.0
32, 1, 2, 0, 0, 0.0
32, 1, 3, 0, 0, 0.0
32, 1, 4, 0, 0, 0.0
32, 1, 5, 0, 0, 0.0
32, 1, 6, 0, 0, 0.0
32, 1, 7, 0, 0, 0.0
32, 1, 8, 0, 0, 0.0
32, 1, 9, 0, 0, 0.0
32, 1, 10, 0, 0, 0.0
32, 1, 11, 0, 0, 0.0
32, 1, 12, 0, 0, 0.0
32, 1, 13, 0, 0, 0.0
32, 1, 14, 0, 0, 0.0
32, 1, 15, 0, 0, 0.0
32, 1, 16, 0, 0, 0.0
32, 1, 17, 0, 0, 0.0
32, 1, 18, 0, 0, 0.0
32, 1, 19, 0, 0, 0.0
32, 1, 20, 0, 0, 0.0
33, 0, 0, 369, 405, 4.782665428137989e-07
33, 0, 1, 382, 369, -0.020601630210876465
33, 0, 2, 386, 337, -0.042929571121931076
33, 0, 3, 394, 310, -0.06249218061566353
33, 0, 4, 406, 291, -0.08374990522861481
33, 0, 5, 346, 335, -0.055614423006772995
33, 0, 6, 310, 308, -0.0791608989238739
33, 0, 7, 287, 296, -0.09250964969396591
33, 0, 8, 266, 286, -0.1008288562297821
33, 0, 9, 326, 354, -0.05738905072212219
33, 0, 10, 288, 322, -0.07872773706912994
33, 0, 11, 263, 303, -0.08962512761354446
33, 0, 12, 243, 288, -0.09739170223474503
33, 0, 13, 311, 373, -0.05842891335487366
33, 0, 14, 276, 342, -0.0739516094326973
33, 0, 15, 255, 323, -0.08113208413124084
33, 0, 16, 239, 307, -0.08594173192977905
33, 0, 17, 300, 390, -0.06058456376194954
33, 0, 18, 273, 365, -0.07250025868415833
33, 0, 19, 257, 348, -0.07608999311923981
33, 0, 20, 244, 333, -0.07782073318958282
33, 1, 0, 0, 0, 0.0
33, 1, 1, 0, 0, 0.0
33, 1, 2, 0, 0, 0.0
33, 1, 3, 0, 0, 0.0
33, 1, 4, 0, 0, 0.0
33, 1, 5, 0, 0, 0.0
33, 1, 6, 0, 0, 0.0
33, 1, 7, 0, 0, 0.0
33, 1, 8, 0, 0, 0.0
33, 1, 9, 0, 0, 0.0
33, 1, 10, 0, 0, 0.0
33, 1, 11, 0, 0, 0.0
33, 1, 12, 0, 0, 0.0
33, 1, 13, 0, 0, 0.0
33, 1, 14, 0, 0, 0.0
33, 1, 15, 0, 0, 0.0
33, 1, 16, 0, 0, 0.0
33, 1, 17, 0, 0, 0.0
33, 1, 18, 0, 0, 0.0
33, 1, 19, 0, 0, 0.0
33, 1, 20, 0, 0, 0.0
34, 0, 0, 370, 413, 4.276309084616514e-07
34, 0, 1, 383, 376, -0.02177249640226364
34, 0, 2, 388, 343, -0.04249429330229759
34, 0, 3, 394, 317, -0.06061374396085739
34, 0, 4, 405, 298, -0.07999211549758911
34, 0, 5, 342, 339, -0.04849380999803543
34, 0, 6, 305, 312, -0.06992857158184052
34, 0, 7, 280, 298, -0.08359159529209137
34, 0, 8, 259, 289, -0.0925913006067276
34, 0, 9, 322, 356, -0.04915923252701759
34, 0, 10, 284, 324, -0.06796117126941681
34, 0, 11, 259, 305, -0.0796504020690918
34, 0, 12, 238, 290, -0.08836410194635391
34, 0, 13, 307, 374, -0.04956132546067238
34, 0, 14, 273, 343, -0.0627206414937973
34, 0, 15, 251, 324, -0.0708833783864975
34, 0, 16, 234, 308, -0.07683410495519638
34, 0, 17, 296, 391, -0.0515134260058403
34, 0, 18, 270, 365, -0.06156652420759201
34, 0, 19, 254, 349, -0.06516219675540924
34, 0, 20, 242, 335, -0.06711024791002274
34, 1, 0, 0, 0, 0.0
34, 1, 1, 0, 0, 0.0
34, 1, 2, 0, 0, 0.0
34, 1, 3, 0, 0, 0.0
34, 1, 4, 0, 0, 0.0
34, 1, 5, 0, 0, 0.0
34, 1, 6, 0, 0, 0.0
34, 1, 7, 0, 0, 0.0
34, 1, 8, 0, 0, 0.0
34, 1, 9, 0, 0, 0.0
34, 1, 10, 0, 0, 0.0
34, 1, 11, 0, 0, 0.0
34, 1, 12, 0, 0, 0.0
34, 1, 13, 0, 0, 0.0
34, 1, 14, 0, 0, 0.0
34, 1, 15, 0, 0, 0.0
34, 1, 16, 0, 0, 0.0
34, 1, 17, 0, 0, 0.0
34, 1, 18, 0, 0, 0.0
34, 1, 19, 0, 0, 0.0
34, 1, 20, 0, 0, 0.0
35, 0, 0, 370, 420, 4.3210573608121194e-07
35, 0, 1, 382, 384, -0.021538034081459045
35, 0, 2, 386, 350, -0.04313969612121582
35, 0, 3, 394, 322, -0.06189696118235588
35, 0, 4, 409, 304, -0.08233824372291565
35, 0, 5, 346, 348, -0.05334833264350891
35, 0, 6, 310, 321, -0.07648158073425293
35, 0, 7, 287, 308, -0.09045784175395966
35, 0, 8, 266, 299, -0.09925628453493118
35, 0, 9, 324, 367, -0.05450582504272461
35, 0, 10, 287, 334, -0.07503750175237656
35, 0, 11, 262, 315, -0.0870814099907875
35, 0, 12, 240, 300, -0.09573303908109665
35, 0, 13, 309, 386, -0.05504494532942772
35, 0, 14, 274, 354, -0.06954418122768402
35, 0, 15, 251, 333, -0.07844933122396469
35, 0, 16, 235, 317, -0.08456108719110489
35, 0, 17, 298, 402, -0.05687003582715988
35, 0, 18, 271, 375, -0.0676996260881424
35, 0, 19, 254, 356, -0.07225104421377182
35, 0, 20, 240, 340, -0.07486853003501892
35, 1, 0, 0, 0, 0.0
35, 1, 1, 0, 0, 0.0
35, 1, 2, 0, 0, 0.0
35, 1, 3, 0, 0, 0.0
35, 1, 4, 0, 0, 0.0
35, 1, 5, 0, 0, 0.0
35, 1, 6, 0, 0, 0.0
35, 1, 7, 0, 0, 0.0
35, 1, 8, 0, 0, 0.0
35, 1, 9, 0, 0, 0.0
35, 1, 10, 0, 0, 0.0
35, 1, 11, 0, 0, 0.0
35, 1, 12, 0, 0, 0.0
35, 1, 13, 0, 0, 0.0
35, 1, 14, 0, 0, 0.0
35, 1, 15, 0, 0, 0.0
35, 1, 16, 0, 0, 0.0
35, 1, 17, 0, 0, 0.0
35, 1, 18, 0, 0, 0.0
35, 1, 19, 0, 0, 0.0
35, 1, 20, 0, 0, 0.0
36, 0, 0, 372, 428, 3.7187226098467363e-07
36, 0, 1, 382, 391, -0.018159542232751846
36, 0, 2, 385, 355, -0.03793806955218315
36, 0, 3, 393, 328, -0.05538976192474365
36, 0, 4, 411, 311, -0.07481153309345245
36, 0, 5, 349, 360, -0.05117082968354225
36, 0, 6, 313, 333, -0.07322802394628525
36, 0, 7, 290, 320, -0.08594045042991638
36, 0, 8, 270, 312, -0.09377095848321915
36, 0, 9, 329, 380, -0.05325917899608612
36, 0, 10, 291, 349, -0.07294104993343353
36, 0, 11, 266, 332, -0.08303576707839966
36, 0, 12, 246, 319, -0.09055865556001663
36, 0, 13, 313, 399, -0.05453615263104439
36, 0, 14, 278, 369, -0.06807645410299301
36, 0, 15, 255, 349, -0.07486993819475174
36, 0, 16, 239, 335, -0.07963461428880692
36, 0, 17, 301, 416, -0.05689893662929535
36, 0, 18, 274, 389, -0.06638901680707932
36, 0, 19, 256, 370, -0.06969446688890457
36, 0, 20, 242, 354, -0.07178311794996262
36, 1, 0, 0, 0, 0.0
36, 1, 1, 0, 0, 0.0
36, 1, 2, 0, 0, 0.0
36, 1, 3, 0, 0, 0.0
36, 1, 4, 0, 0, 0.0
36, 1, 5, 0, 0, 0.0
36, 1, 6, 0, 0, 0.0
36, 1, 7, 0, 0, 0.0
36, 1, 8, 0, 0, 0.0
36, 1, 9, 0, 0, 0.0
36, 1, 10, 0, 0, 0.0
36, 1, 11, 0, 0, 0.0
36, 1, 12, 0, 0, 0.0
36, 1, 13, 0, 0, 0.0
36, 1, 14, 0, 0, 0.0
36, 1, 15, 0, 0, 0.0
36, 1, 16, 0, 0, 0.0
36, 1, 17, 0, 0, 0.0
36, 1, 18, 0, 0, 0.0
36, 1, 19, 0, 0, 0.0
36, 1, 20, 0, 0, 0.0
37, 0, 0, 371, 428, 3.9075453628356627e-07
37, 0, 1, 383, 391, -0.019326981157064438
37, 0, 2, 387, 358, -0.041667066514492035
37, 0, 3, 397, 331, -0.06175220012664795
37, 0, 4, 414, 314, -0.08408422023057938
37, 0, 5, 348, 363, -0.055431727319955826
37, 0, 6, 315, 340, -0.08127962797880173
37, 0, 7, 293, 331, -0.09717816114425659
37, 0, 8, 272, 326, -0.1069478988647461
37, 0, 9, 328, 383, -0.058242835104465485
37, 0, 10, 290, 354, -0.08030377328395844
37, 0, 11, 264, 337, -0.0928434282541275
37, 0, 12, 240, 324, -0.10265491902828217
37, 0, 13, 312, 403, -0.06036372110247612
37, 0, 14, 278, 375, -0.07646949589252472
37, 0, 15, 254, 357, -0.08619512617588043
37, 0, 16, 235, 342, -0.09321977943181992
37, 0, 17, 300, 420, -0.06349395215511322
37, 0, 18, 272, 396, -0.07490532100200653
37, 0, 19, 254, 380, -0.08016503602266312
37, 0, 20, 239, 365, -0.08407080918550491
37, 1, 0, 0, 0, 0.0
37, 1, 1, 0, 0, 0.0
37, 1, 2, 0, 0, 0.0
37, 1, 3, 0, 0, 0.0
37, 1, 4, 0, 0, 0.0
37, 1, 5, 0, 0, 0.0
37, 1, 6, 0, 0, 0.0
37, 1, 7, 0, 0, 0.0
37, 1, 8, 0, 0, 0.0
37, 1, 9, 0, 0, 0.0
37, 1, 10, 0, 0, 0.0
37, 1, 11, 0, 0, 0.0
37, 1, 12, 0, 0, 0.0
37, 1, 13, 0, 0, 0.0
37, 1, 14, 0, 0, 0.0
37, 1, 15, 0, 0, 0.0
37, 1, 16, 0, 0, 0.0
37, 1, 17, 0, 0, 0.0
37, 1, 18, 0, 0, 0.0
37, 1, 19, 0, 0, 0.0
37, 1, 20, 0, 0, 0.0
38, 0, 0, 372, 424, 3.996370594450127e-07
38, 0, 1, 383, 389, -0.01699906587600708
38, 0, 2, 387, 356, -0.035382140427827835
38, 0, 3, 395, 330, -0.05206046998500824
38, 0, 4, 411, 315, -0.0700976550579071
38, 0, 5, 346, 358, -0.0409027636051178
38, 0, 6, 311, 333, -0.05849289149045944
38, 0, 7, 289, 321, -0.06852289289236069
38, 0, 8, 271, 313, -0.07503315061330795
38, 0, 9, 325, 376, -0.04233403503894806
38, 0, 10, 291, 347, -0.05735260248184204
38, 0, 11, 270, 331, -0.06452783197164536
38, 0, 12, 253, 319, -0.07034841179847717
38, 0, 13, 310, 393, -0.04343678429722786
38, 0, 14, 279, 365, -0.05311629921197891
38, 0, 15, 260, 348, -0.05668795481324196
38, 0, 16, 247, 335, -0.05982635170221329
38, 0, 17, 299, 409, -0.045925941318273544
38, 0, 18, 273, 385, -0.0521884560585022
38, 0, 19, 258, 369, -0.052545130252838135
38, 0, 20, 246, 356, -0.05283129960298538
38, 1, 0, 0, 0, 0.0
38, 1, 1, 0, 0, 0.0
38, 1, 2, 0, 0, 0.0
38, 1, 3, 0, 0, 0.0
38, 1, 4, 0, 0, 0.0
38, 1, 5, 0, 0, 0.0
38, 1, 6, 0, 0, 0.0
38, 1, 7, 0, 0, 0.0
38, 1, 8, 0, 0, 0.0
38, 1, 9, 0, 0, 0.0
38, 1, 10, 0, 0, 0.0
38, 1, 11, 0, 0, 0.0
38, 1, 12, 0, 0, 0.0
38, 1, 13, 0, 0, 0.0
38, 1, 14, 0, 0, 0.0
38, 1, 15, 0, 0, 0.0
38, 1, 16, 0, 0, 0.0
38, 1, 17, 0, 0, 0.0
38, 1, 18, 0, 0, 0.0
38, 1, 19, 0, 0, 0.0
38, 1, 20, 0, 0, 0.0
39, 0, 0, 366, 412, 5.70688939660613e-07
39, 0, 1, 377, 377, -0.020090164616703987
39, 0, 2, 381, 347, -0.04128308594226837
39, 0, 3, 389, 323, -0.060434740036726
39, 0, 4, 401, 307, -0.08073665201663971
39, 0, 5, 337, 340, -0.044465404003858566
39, 0, 6, 302, 312, -0.06601006537675858
39, 0, 7, 279, 299, -0.0794161930680275
39, 0, 8, 259, 290, -0.08744189888238907
39, 0, 9, 317, 358, -0.045761462301015854
39, 0, 10, 281, 325, -0.06391317397356033
39, 0, 11, 257, 305, -0.07446783035993576
39, 0, 12, 238, 290, -0.08156021684408188
39, 0, 13, 303, 376, -0.047054488211870193
39, 0, 14, 269, 345, -0.06021246314048767
39, 0, 15, 248, 326, -0.0678480714559555
39, 0, 16, 232, 311, -0.0726989135146141
39, 0, 17, 293, 393, -0.04962743818759918
39, 0, 18, 267, 368, -0.059066083282232285
39, 0, 19, 251, 353, -0.061472196131944656
39, 0, 20, 239, 339, -0.06213630363345146
39, 1, 0, 0, 0, 0.0
39, 1, 1, 0, 0, 0.0
39, 1, 2, 0, 0, 0.0
39, 1, 3, 0, 0, 0.0
39, 1, 4, 0, 0, 0.0
39, 1, 5, 0, 0, 0.0
39, 1, 6, 0, 0, 0.0
39, 1, 7, 0, 0, 0.0
39, 1, 8, 0, 0, 0.0
39, 1, 9, 0, 0, 0.0
39, 1, 10, 0, 0, 0.0
39, 1, 11, 0, 0, 0.0
39, 1, 12, 0, 0, 0.0
39, 1, 13, 0, 0, 0.0
39, 1, 14, 0, 0, 0.0
39, 1, 15, 0, 0, 0.0
39, 1, 16, 0, 0, 0.0
39, 1, 17, 0, 0, 0.0
39, 1, 18, 0, 0, 0.0
39, 1, 19, 0, 0, 0.0
39, 1, 20, 0, 0, 0.0
40, 0, 0, 367, 411, 4.853835662288475e-07
40, 0, 1, 380, 375, -0.021606657654047012
40, 0, 2, 383, 344, -0.04399189352989197
40, 0, 3, 389, 318, -0.06362494081258774
40, 0, 4, 399, 298, -0.08482568711042404
40, 0, 5, 339, 340, -0.05399001017212868
40, 0, 6, 303, 312, -0.07755078375339508
40, 0, 7, 280, 300, -0.09147144854068756
40, 0, 8, 260, 290, -0.10045786201953888
40, 0, 9, 319, 359, -0.055728938430547714
40, 0, 10, 281, 327, -0.07694081962108612
40, 0, 11, 256, 307, -0.0893082395195961
40, 0, 12, 236, 291, -0.09840063750743866
40, 0, 13, 305, 379, -0.057006824761629105
40, 0, 14, 270, 347, -0.07330028712749481
40, 0, 15, 249, 327, -0.08317991346120834
40, 0, 16, 232, 310, -0.09013460576534271
40, 0, 17, 296, 397, -0.05938508361577988
40, 0, 18, 269, 372, -0.07294508069753647
40, 0, 19, 252, 356, -0.07868913561105728
40, 0, 20, 239, 341, -0.08207551389932632
40, 1, 0, 0, 0, 0.0
40, 1, 1, 0, 0, 0.0
40, 1, 2, 0, 0, 0.0
40, 1, 3, 0, 0, 0.0
40, 1, 4, 0, 0, 0.0
40, 1, 5, 0, 0, 0.0
40, 1, 6, 0, 0, 0.0
40, 1, 7, 0, 0, 0.0
40, 1, 8, 0, 0, 0.0
40, 1, 9, 0, 0, 0.0
40, 1, 10, 0, 0, 0.0
40, 1, 11, 0, 0, 0.0
40, 1, 12, 0, 0, 0.0
40, 1, 13, 0, 0, 0.0
40, 1, 14, 0, 0, 0.0
40, 1, 15, 0, 0, 0.0
40, 1, 16, 0, 0, 0.0
40, 1, 17, 0, 0, 0.0
40, 1, 18, 0, 0, 0.0
40, 1, 19, 0, 0, 0.0
40, 1, 20, 0, 0, 0.0
41, 0, 0, 368, 414, 5.270499059406575e-07
41, 0, 1, 380, 377, -0.023509550839662552
41, 0, 2, 383, 346, -0.047194577753543854
41, 0, 3, 389, 319, -0.0674440786242485
41, 0, 4, 400, 298, -0.08915938436985016
41, 0, 5, 338, 341, -0.05602658540010452
41, 0, 6, 301, 312, -0.07934767752885818
41, 0, 7, 278, 298, -0.09337301552295685
41, 0, 8, 257, 287, -0.10250194370746613
41, 0, 9, 319, 360, -0.05651792138814926
41, 0, 10, 279, 326, -0.07754569500684738
41, 0, 11, 254, 306, -0.08996519446372986
41, 0, 12, 234, 289, -0.09908278286457062
41, 0, 13, 304, 380, -0.05644814670085907
41, 0, 14, 269, 347, -0.07235976308584213
41, 0, 15, 247, 326, -0.08200667053461075
41, 0, 16, 230, 309, -0.08889736235141754
41, 0, 17, 295, 398, -0.05758810415863991
41, 0, 18, 267, 372, -0.07047126442193985
41, 0, 19, 252, 355, -0.07539040595293045
41, 0, 20, 240, 341, -0.07816707342863083
41, 1, 0, 0, 0, 0.0
41, 1, 1, 0, 0, 0.0
41, 1, 2, 0, 0, 0.0
41, 1, 3, 0, 0, 0.0
41, 1, 4, 0, 0, 0.0
41, 1, 5, 0, 0, 0.0
41, 1, 6, 0, 0, 0.0
41, 1, 7, 0, 0, 0.0
41, 1, 8, 0, 0, 0.0
41, 1, 9, 0, 0, 0.0
41, 1, 10, 0, 0, 0.0
41, 1, 11, 0, 0, 0.0
41, 1, 12, 0, 0, 0.0
41, 1, 13, 0, 0, 0.0
41, 1, 14, 0, 0, 0.0
41, 1, 15, 0, 0, 0.0
41, 1, 16, 0, 0, 0.0
41, 1, 17, 0, 0, 0.0
41, 1, 18, 0, 0, 0.0
41, 1, 19, 0, 0, 0.0
41, 1, 20, 0, 0, 0.0
42, 0, 0, 368, 418, 5.06615492668061e-07
42, 0, 1, 380, 380, -0.021269436925649643
42, 0, 2, 384, 348, -0.04351607710123062
42, 0, 3, 391, 321, -0.06312204152345657
42, 0, 4, 404, 301, -0.08441295474767685
42, 0, 5, 340, 345, -0.05415114760398865
42, 0, 6, 305, 316, -0.07742853462696075
42, 0, 7, 282, 302, -0.09158392995595932
42, 0, 8, 261, 291, -0.10107672214508057
42, 0, 9, 319, 363, -0.0563705638051033
42, 0, 10, 282, 329, -0.07722150534391403
42, 0, 11, 257, 308, -0.08988890051841736
42, 0, 12, 236, 291, -0.09947364032268524
42, 0, 13, 305, 382, -0.05795209854841232
42, 0, 14, 271, 350, -0.07347515970468521
42, 0, 15, 249, 328, -0.08367893844842911
42, 0, 16, 232, 310, -0.09120006859302521
42, 0, 17, 295, 401, -0.06071331724524498
42, 0, 18, 268, 375, -0.07358676195144653
42, 0, 19, 251, 358, -0.07922782748937607
42, 0, 20, 238, 343, -0.0827694907784462
42, 1, 0, 0, 0, 0.0
42, 1, 1, 0, 0, 0.0
42, 1, 2, 0, 0, 0.0
42, 1, 3, 0, 0, 0.0
42, 1, 4, 0, 0, 0.0
42, 1, 5, 0, 0, 0.0
42, 1, 6, 0, 0, 0.0
42, 1, 7, 0, 0, 0.0
42, 1, 8, 0, 0, 0.0
42, 1, 9, 0, 0, 0.0
42, 1, 10, 0, 0, 0.0
42, 1, 11, 0, 0, 0.0
42, 1, 12, 0, 0, 0.0
42, 1, 13, 0, 0, 0.0
42, 1, 14, 0, 0, 0.0
42, 1, 15, 0, 0, 0.0
42, 1, 16, 0, 0, 0.0
42, 1, 17, 0, 0, 0.0
42, 1, 18, 0, 0, 0.0
42, 1, 19, 0, 0, 0.0
42, 1, 20, 0, 0, 0.0
43, 0, 0, 371, 424, 4.5627501776834833e-07
43, 0, 1, 381, 386, -0.020778929814696312
43, 0, 2, 385, 353, -0.04209267348051071
43, 0, 3, 393, 326, -0.06095306947827339
43, 0, 4, 408, 307, -0.08168530464172363
43, 0, 5, 343, 353, -0.05147607624530792
43, 0, 6, 309, 325, -0.07391819357872009
43, 0, 7, 287, 311, -0.087560273706913
43, 0, 8, 268, 300, -0.09644998610019684
43, 0, 9, 323, 372, -0.05357386916875839
43, 0, 10, 288, 339, -0.07411640137434006
43, 0, 11, 263, 319, -0.08620813488960266
43, 0, 12, 242, 303, -0.09527235478162766
43, 0, 13, 308, 392, -0.055220961570739746
43, 0, 14, 276, 359, -0.07022719085216522
43, 0, 15, 253, 337, -0.07965102791786194
43, 0, 16, 236, 319, -0.08635769039392471
43, 0, 17, 298, 409, -0.0581180676817894
43, 0, 18, 272, 381, -0.06976644694805145
43, 0, 19, 255, 361, -0.07471007108688354
43, 0, 20, 241, 344, -0.07782716304063797
43, 1, 0, 0, 0, 0.0
43, 1, 1, 0, 0, 0.0
43, 1, 2, 0, 0, 0.0
43, 1, 3, 0, 0, 0.0
43, 1, 4, 0, 0, 0.0
43, 1, 5, 0, 0, 0.0
43, 1, 6, 0, 0, 0.0
43, 1, 7, 0, 0, 0.0
43, 1, 8, 0, 0, 0.0
43, 1, 9, 0, 0, 0.0
43, 1, 10, 0, 0, 0.0
43, 1, 11, 0, 0, 0.0
43, 1, 12, 0, 0, 0.0
43, 1, 13, 0, 0, 0.0
43, 1, 14, 0, 0, 0.0
43, 1, 15, 0, 0, 0.0
43, 1, 16, 0, 0, 0.0
43, 1, 17, 0, 0, 0.0
43, 1, 18, 0, 0, 0.0
43, 1, 19, 0, 0, 0.0
43, 1, 20, 0, 0, 0.0
44, 0, 0, 372, 427, 4.15452120705595e-07
44, 0, 1, 381, 390, -0.01734934374690056
44, 0, 2, 384, 355, -0.037015918642282486
44, 0, 3, 393, 329, -0.05503915995359421
44, 0, 4, 410, 312, -0.0752389207482338
44, 0, 5, 347, 361, -0.048280034214258194
44, 0, 6, 313, 336, -0.06977371871471405
44, 0, 7, 292, 324, -0.08303076773881912
44, 0, 8, 273, 314, -0.0914250835776329
44, 0, 9, 328, 382, -0.05123575031757355
44, 0, 10, 292, 352, -0.06965341418981552
44, 0, 11, 268, 335, -0.08026669919490814
44, 0, 12, 248, 322, -0.08855212479829788
44, 0, 13, 313, 402, -0.05353487655520439
44, 0, 14, 281, 373, -0.0662446916103363
44, 0, 15, 258, 355, -0.07415899634361267
44, 0, 16, 241, 340, -0.08010237663984299
44, 0, 17, 302, 420, -0.05689552053809166
44, 0, 18, 275, 397, -0.06578986346721649
44, 0, 19, 257, 381, -0.0689186230301857
44, 0, 20, 244, 367, -0.07111512869596481
44, 1, 0, 0, 0, 0.0
44, 1, 1, 0, 0, 0.0
44, 1, 2, 0, 0, 0.0
44, 1, 3, 0, 0, 0.0
44, 1, 4, 0, 0, 0.0
44, 1, 5, 0, 0, 0.0
44, 1, 6, 0, 0, 0.0
44, 1, 7, 0, 0, 0.0
44, 1, 8, 0, 0, 0.0
44, 1, 9, 0, 0, 0.0
44, 1, 10, 0, 0, 0.0
44, 1, 11, 0, 0, 0.0
44, 1, 12, 0, 0, 0.0
44, 1, 13, 0, 0, 0.0
44, 1, 14, 0, 0, 0.0
44, 1, 15, 0, 0, 0.0
44, 1, 16, 0, 0, 0.0
44, 1, 17, 0, 0, 0.0
44, 1, 18, 0, 0, 0.0
44, 1, 19, 0, 0, 0.0
44, 1, 20, 0, 0, 0.0
45, 0, 0, 370, 429, 4.328013858412305e-07
45, 0, 1, 380, 392, -0.01851198635995388
45, 0, 2, 384, 358, -0.04005061462521553
45, 0, 3, 394, 331, -0.05971305072307587
45, 0, 4, 412, 315, -0.08175386488437653
45, 0, 5, 348, 366, -0.05359889194369316
45, 0, 6, 315, 341, -0.07777588069438934
45, 0, 7, 293, 330, -0.09233330190181732
45, 0, 8, 273, 322, -0.101625956594944
45, 0, 9, 329, 386, -0.05696262791752815
45, 0, 10, 292, 357, -0.07776175439357758
45, 0, 11, 266, 340, -0.08926212042570114
45, 0, 12, 244, 327, -0.09856588393449783
45, 0, 13, 313, 406, -0.05957135930657387
45, 0, 14, 280, 378, -0.07431663572788239
45, 0, 15, 258, 359, -0.08260848373174667
45, 0, 16, 240, 344, -0.08888286352157593
45, 0, 17, 301, 424, -0.06335047632455826
45, 0, 18, 274, 400, -0.07372141629457474
45, 0, 19, 256, 384, -0.07768319547176361
45, 0, 20, 243, 369, -0.08077922463417053
45, 1, 0, 0, 0, 0.0
45, 1, 1, 0, 0, 0.0
45, 1, 2, 0, 0, 0.0
45, 1, 3, 0, 0, 0.0
45, 1, 4, 0, 0, 0.0
45, 1, 5, 0, 0, 0.0
45, 1, 6, 0, 0, 0.0
45, 1, 7, 0, 0, 0.0
45, 1, 8, 0, 0, 0.0
45, 1, 9, 0, 0, 0.0
45, 1, 10, 0, 0, 0.0
45, 1, 11, 0, 0, 0.0
45, 1, 12, 0, 0, 0.0
45, 1, 13, 0, 0, 0.0
45, 1, 14, 0, 0, 0.0
45, 1, 15, 0, 0, 0.0
45, 1, 16, 0, 0, 0.0
45, 1, 17, 0, 0, 0.0
45, 1, 18, 0, 0, 0.0
45, 1, 19, 0, 0, 0.0
45, 1, 20, 0, 0, 0.0
46, 0, 0, 368, 426, 5.343814564184868e-07
46, 0, 1, 378, 390, -0.017381718382239342
46, 0, 2, 382, 357, -0.03717297315597534
46, 0, 3, 390, 332, -0.055074986070394516
46, 0, 4, 404, 316, -0.07456161826848984
46, 0, 5, 341, 358, -0.04651289060711861
46, 0, 6, 304, 329, -0.0662946030497551
46, 0, 7, 282, 314, -0.07710690051317215
46, 0, 8, 264, 303, -0.08348164707422256
46, 0, 9, 320, 376, -0.048550959676504135
46, 0, 10, 283, 342, -0.06595003604888916
46, 0, 11, 260, 320, -0.07464741915464401
46, 0, 12, 243, 304, -0.0809207484126091
46, 0, 13, 305, 393, -0.04995789751410484
46, 0, 14, 271, 360, -0.06184304878115654
46, 0, 15, 250, 338, -0.06842103600502014
46, 0, 16, 235, 321, -0.07307963818311691
46, 0, 17, 293, 409, -0.05238065868616104
46, 0, 18, 268, 380, -0.06059984490275383
46, 0, 19, 252, 361, -0.06284602731466293
46, 0, 20, 240, 345, -0.06403858959674835
46, 1, 0, 0, 0, 0.0
46, 1, 1, 0, 0, 0.0
46, 1, 2, 0, 0, 0.0
46, 1, 3, 0, 0, 0.0
46, 1, 4, 0, 0, 0.0
46, 1, 5, 0, 0, 0.0
46, 1, 6, 0, 0, 0.0
46, 1, 7, 0, 0, 0.0
46, 1, 8, 0, 0, 0.0
46, 1, 9, 0, 0, 0.0
46, 1, 10, 0, 0, 0.0
46, 1, 11, 0, 0, 0.0
46, 1, 12, 0, 0, 0.0
46, 1, 13, 0, 0, 0.0
46, 1, 14, 0, 0, 0.0
46, 1, 15, 0, 0, 0.0
46, 1, 16, 0, 0, 0.0
46, 1, 17, 0, 0, 0.0
46, 1, 18, 0, 0, 0.0
46, 1, 19, 0, 0, 0.0
46, 1, 20, 0, 0, 0.0
47, 0, 0, 365, 417, 5.07512311287428e-07
47, 0, 1, 374, 381, -0.020632600411772728
47, 0, 2, 375, 349, -0.04178931191563606
47, 0, 3, 381, 324, -0.060284364968538284
47, 0, 4, 393, 304, -0.08026287704706192
47, 0, 5, 333, 346, -0.05060598626732826
47, 0, 6, 298, 319, -0.07261118292808533
47, 0, 7, 275, 306, -0.08594788610935211
47, 0, 8, 255, 296, -0.094614177942276
47, 0, 9, 315, 365, -0.052039116621017456
47, 0, 10, 277, 335, -0.07130686193704605
47, 0, 11, 252, 316, -0.08264069259166718
47, 0, 12, 232, 301, -0.09120787680149078
47, 0, 13, 301, 385, -0.05309896543622017
47, 0, 14, 267, 356, -0.06756935268640518
47, 0, 15, 245, 336, -0.07709839940071106
47, 0, 16, 228, 320, -0.08402014523744583
47, 0, 17, 293, 403, -0.055275481194257736
47, 0, 18, 265, 381, -0.06746986508369446
47, 0, 19, 247, 366, -0.07306565344333649
47, 0, 20, 233, 353, -0.07638883590698242
47, 1, 0, 0, 0, 0.0
47, 1, 1, 0, 0, 0.0
47, 1, 2, 0, 0, 0.0
47, 1, 3, 0, 0, 0.0
47, 1, 4, 0, 0, 0.0
47, 1, 5, 0, 0, 0.0
47, 1, 6, 0, 0, 0.0
47, 1, 7, 0, 0, 0.0
47, 1, 8, 0, 0, 0.0
47, 1, 9, 0, 0, 0.0
47, 1, 10, 0, 0, 0.0
47, 1, 11, 0, 0, 0.0
47, 1, 12, 0, 0, 0.0
47, 1, 13, 0, 0, 0.0
47, 1, 14, 0, 0, 0.0
47, 1, 15, 0, 0, 0.0
47, 1, 16, 0, 0, 0.0
47, 1, 17, 0, 0, 0.0
47, 1, 18, 0, 0, 0.0
47, 1, 19, 0, 0, 0.0
47, 1, 20, 0, 0, 0.0
48, 0, 0, 363, 418, 4.93469713092054e-07
48, 0, 1, 373, 381, -0.01912742294371128
48, 0, 2, 375, 349, -0.04000266268849373
48, 0, 3, 380, 323, -0.05869164317846298
48, 0, 4, 391, 303, -0.07920213788747787
48, 0, 5, 333, 346, -0.05091911926865578
48, 0, 6, 297, 319, -0.07339292764663696
48, 0, 7, 273, 306, -0.08671054989099503
48, 0, 8, 252, 296, -0.09555584192276001
48, 0, 9, 314, 365, -0.053684916347265244
48, 0, 10, 275, 334, -0.07436215132474899
48, 0, 11, 251, 315, -0.08638759702444077
48, 0, 12, 231, 299, -0.09524030238389969
48, 0, 13, 300, 386, -0.05581700801849365
48, 0, 14, 265, 356, -0.07175925374031067
48, 0, 15, 243, 335, -0.08144773542881012
48, 0, 16, 226, 319, -0.08827327936887741
48, 0, 17, 291, 405, -0.05888229236006737
48, 0, 18, 263, 381, -0.07208295911550522
48, 0, 19, 247, 365, -0.07750242948532104
48, 0, 20, 234, 351, -0.08065281063318253
48, 1, 0, 0, 0, 0.0
48, 1, 1, 0, 0, 0.0
48, 1, 2, 0, 0, 0.0
48, 1, 3, 0, 0, 0.0
48, 1, 4, 0, 0, 0.0
48, 1, 5, 0, 0, 0.0
48, 1, 6, 0, 0, 0.0
48, 1, 7, 0, 0, 0.0
48, 1, 8, 0, 0, 0.0
48, 1, 9, 0, 0, 0.0
48, 1, 10, 0, 0, 0.0
48, 1, 11, 0, 0, 0.0
48, 1, 12, 0, 0, 0.0
48, 1, 13, 0, 0, 0.0
48, 1, 14, 0, 0, 0.0
48, 1, 15, 0, 0, 0.0
48, 1, 16, 0, 0, 0.0
48, 1, 17, 0, 0, 0.0
48, 1, 18, 0, 0, 0.0
48, 1, 19, 0, 0, 0.0
48, 1, 20, 0, 0, 0.0
49, 0, 0, 363, 419, 5.169328005649731e-07
49, 0, 1, 374, 382, -0.020113900303840637
49, 0, 2, 375, 350, -0.0414937287569046
49, 0, 3, 380, 323, -0.06017736718058586
49, 0, 4, 390, 303, -0.08060672879219055
49, 0, 5, 331, 346, -0.05204015597701073
49, 0, 6, 293, 317, -0.07403174042701721
49, 0, 7, 269, 304, -0.08696144819259644
49, 0, 8, 249, 293, -0.09535452723503113
49, 0, 9, 312, 365, -0.05368245393037796
49, 0, 10, 272, 332, -0.07337876409292221
49, 0, 11, 247, 312, -0.08463690429925919
49, 0, 12, 228, 296, -0.09288571029901505
49, 0, 13, 298, 385, -0.05464201048016548
49, 0, 14, 262, 354, -0.06974205374717712
49, 0, 15, 240, 334, -0.07902893424034119
49, 0, 16, 224, 317, -0.08565114438533783
49, 0, 17, 290, 404, -0.056530728936195374
49, 0, 18, 262, 380, -0.06923678517341614
49, 0, 19, 246, 365, -0.07413867861032486
49, 0, 20, 234, 351, -0.07679025083780289
49, 1, 0, 0, 0, 0.0
49, 1, 1, 0, 0, 0.0
49, 1, 2, 0, 0, 0.0
49, 1, 3, 0, 0, 0.0
49, 1, 4, 0, 0, 0.0
49, 1, 5, 0, 0, 0.0
49, 1, 6, 0, 0, 0.0
49, 1, 7, 0, 0, 0.0
49, 1, 8, 0, 0, 0.0
49, 1, 9, 0, 0, 0.0
49, 1, 10, 0, 0, 0.0
49, 1, 11, 0, 0, 0.0
49, 1, 12, 0, 0, 0.0
49, 1, 13, 0, 0, 0.0
49, 1, 14, 0, 0, 0.0
49, 1, 15, 0, 0, 0.0
49, 1, 16, 0, 0, 0.0
49, 1, 17, 0, 0, 0.0
49, 1, 18, 0, 0, 0.0
49, 1, 19, 0, 0, 0.0
49, 1, 20, 0, 0, 0.0
50, 0, 0, 365, 418, 5.02653790590557e-07
50, 0, 1, 374, 380, -0.019428350031375885
50, 0, 2, 375, 349, -0.04069812223315239
50, 0, 3, 381, 323, -0.05947311967611313
50, 0, 4, 391, 302, -0.08003038913011551
50, 0, 5, 331, 345, -0.051446232944726944
50, 0, 6, 294, 318, -0.07337795197963715
50, 0, 7, 271, 304, -0.08645030856132507
50, 0, 8, 251, 293, -0.09524212777614594
50, 0, 9, 312, 364, -0.053828924894332886
50, 0, 10, 273, 332, -0.07408494502305984
50, 0, 11, 248, 312, -0.08625827729701996
50, 0, 12, 228, 296, -0.09526971727609634
50, 0, 13, 299, 384, -0.05547861009836197
50, 0, 14, 263, 354, -0.07104846090078354
50, 0, 15, 241, 333, -0.08128225058317184
50, 0, 16, 224, 316, -0.08870935440063477
50, 0, 17, 291, 403, -0.05799049511551857
50, 0, 18, 263, 379, -0.07129903882741928
50, 0, 19, 247, 364, -0.07721135765314102
50, 0, 20, 234, 350, -0.08079054951667786
50, 1, 0, 0, 0, 0.0
50, 1, 1, 0, 0, 0.0
50, 1, 2, 0, 0, 0.0
50, 1, 3, 0, 0, 0.0
50, 1, 4, 0, 0, 0.0
50, 1, 5, 0, 0, 0.0
50, 1, 6, 0, 0, 0.0
50, 1, 7, 0, 0, 0.0
50, 1, 8, 0, 0, 0.0
50, 1, 9, 0, 0, 0.0
50, 1, 10, 0, 0, 0.0
50, 1, 11, 0, 0, 0.0
50, 1, 12, 0, 0, 0.0
50, 1, 13, 0, 0, 0.0
50, 1, 14, 0, 0, 0.0
50, 1, 15, 0, 0, 0.0
50, 1, 16, 0, 0, 0.0
50, 1, 17, 0, 0, 0.0
50, 1, 18, 0, 0, 0.0
50, 1, 19, 0, 0, 0.0
50, 1, 20, 0, 0, 0.0
51, 0, 0, 364, 417, 5.075639819551725e-07
51, 0, 1, 374, 380, -0.019090954214334488
51, 0, 2, 375, 349, -0.04039425030350685
51, 0, 3, 381, 322, -0.0591711588203907
51, 0, 4, 391, 301, -0.07980598509311676
51, 0, 5, 332, 345, -0.05237584188580513
51, 0, 6, 294, 318, -0.07447567582130432
51, 0, 7, 271, 304, -0.08739790320396423
51, 0, 8, 250, 293, -0.09601616859436035
51, 0, 9, 313, 364, -0.0548236109316349
51, 0, 10, 273, 332, -0.07529502362012863
51, 0, 11, 248, 312, -0.08725810050964355
51, 0, 12, 228, 296, -0.09608223289251328
51, 0, 13, 299, 384, -0.05637321621179581
51, 0, 14, 263, 354, -0.07203906774520874
51, 0, 15, 241, 333, -0.08184652030467987
51, 0, 16, 224, 316, -0.08892671763896942
51, 0, 17, 291, 403, -0.058719176799058914
51, 0, 18, 263, 379, -0.07187854498624802
51, 0, 19, 247, 363, -0.07737486064434052
51, 0, 20, 234, 349, -0.0806359052658081
51, 1, 0, 0, 0, 0.0
51, 1, 1, 0, 0, 0.0
51, 1, 2, 0, 0, 0.0
51, 1, 3, 0, 0, 0.0
51, 1, 4, 0, 0, 0.0
51, 1, 5, 0, 0, 0.0
51, 1, 6, 0, 0, 0.0
51, 1, 7, 0, 0, 0.0
51, 1, 8, 0, 0, 0.0
51, 1, 9, 0, 0, 0.0
51, 1, 10, 0, 0, 0.0
51, 1, 11, 0, 0, 0.0
51, 1, 12, 0, 0, 0.0
51, 1, 13, 0, 0, 0.0
51, 1, 14, 0, 0, 0.0
51, 1, 15, 0, 0, 0.0
51, 1, 16, 0, 0, 0.0
51, 1, 17, 0, 0, 0.0
51, 1, 18, 0, 0, 0.0
51, 1, 19, 0, 0, 0.0
51, 1, 20, 0, 0, 0.0
52, 0, 0, 363, 418, 5.011766006646212e-07
52, 0, 1, 373, 381, -0.020372578874230385
52, 0, 2, 375, 349, -0.041820064187049866
52, 0, 3, 380, 322, -0.06051991879940033
52, 0, 4, 391, 301, -0.08097422122955322
52, 0, 5, 331, 346, -0.05251254886388779
52, 0, 6, 294, 319, -0.0746833086013794
52, 0, 7, 271, 305, -0.08791492134332657
52, 0, 8, 251, 294, -0.09681405872106552
52, 0, 9, 312, 364, -0.054310593754053116
52, 0, 10, 273, 333, -0.0748325064778328
52, 0, 11, 248, 314, -0.08709492534399033
52, 0, 12, 227, 297, -0.09620532393455505
52, 0, 13, 298, 384, -0.05537807568907738
52, 0, 14, 262, 354, -0.07117879390716553
52, 0, 15, 240, 334, -0.08116011321544647
52, 0, 16, 224, 317, -0.08835095912218094
52, 0, 17, 290, 403, -0.05741574615240097
52, 0, 18, 262, 379, -0.07078973203897476
52, 0, 19, 246, 363, -0.07657342404127121
52, 0, 20, 234, 349, -0.08003219217061996
52, 1, 0, 0, 0, 0.0
52, 1, 1, 0, 0, 0.0
52, 1, 2, 0, 0, 0.0
52, 1, 3, 0, 0, 0.0
52, 1, 4, 0, 0, 0.0
52, 1, 5, 0, 0, 0.0
52, 1, 6, 0, 0, 0.0
52, 1, 7, 0, 0, 0.0
52, 1, 8, 0, 0, 0.0
52, 1, 9, 0, 0, 0.0
52, 1, 10, 0, 0, 0.0
52, 1, 11, 0, 0, 0.0
52, 1, 12, 0, 0, 0.0
52, 1, 13, 0, 0, 0.0
52, 1, 14, 0, 0, 0.0
52, 1, 15, 0, 0, 0.0
52, 1, 16, 0, 0, 0.0
52, 1, 17, 0, 0, 0.0
52, 1, 18, 0, 0, 0.0
52, 1, 19, 0, 0, 0.0
52, 1, 20, 0, 0, 0.0
53, 0, 0, 363, 418, 4.805563094123499e-07
53, 0, 1, 373, 381, -0.01855882816016674
53, 0, 2, 374, 349, -0.038915663957595825
53, 0, 3, 379, 322, -0.05667312443256378
53, 0, 4, 389, 301, -0.07622044533491135
53, 0, 5, 331, 346, -0.050499387085437775
53, 0, 6, 294, 320, -0.0715995505452156
53, 0, 7, 271, 306, -0.08429870009422302
53, 0, 8, 251, 295, -0.09301278740167618
53, 0, 9, 311, 364, -0.052746403962373734
53, 0, 10, 272, 334, -0.07285325229167938
53, 0, 11, 247, 315, -0.0852055549621582
53, 0, 12, 227, 298, -0.09449434280395508
53, 0, 13, 298, 384, -0.053983643651008606
53, 0, 14, 262, 355, -0.06953035295009613
53, 0, 15, 240, 335, -0.07971009612083435
53, 0, 16, 223, 318, -0.08711334317922592
53, 0, 17, 289, 403, -0.055945802479982376
53, 0, 18, 261, 379, -0.0690414160490036
53, 0, 19, 246, 364, -0.07466017454862595
53, 0, 20, 233, 350, -0.07805848866701126
53, 1, 0, 0, 0, 0.0
53, 1, 1, 0, 0, 0.0
53, 1, 2, 0, 0, 0.0
53, 1, 3, 0, 0, 0.0
53, 1, 4, 0, 0, 0.0
53, 1, 5, 0, 0, 0.0
53, 1, 6, 0, 0, 0.0
53, 1, 7, 0, 0, 0.0
53, 1, 8, 0, 0, 0.0
53, 1, 9, 0, 0, 0.0
53, 1, 10, 0, 0, 0.0
53, 1, 11, 0, 0, 0.0
53, 1, 12, 0, 0, 0.0
53, 1, 13, 0, 0, 0.0
53, 1, 14, 0, 0, 0.0
53, 1, 15, 0, 0, 0.0
53, 1, 16, 0, 0, 0.0
53, 1, 17, 0, 0, 0.0
53, 1, 18, 0, 0, 0.0
53, 1, 19, 0, 0, 0.0
53, 1, 20, 0, 0, 0.0
54, 0, 0, 363, 419, 4.77034404866572e-07
54, 0, 1, 373, 381, -0.018000949174165726
54, 0, 2, 374, 349, -0.03822098299860954
54, 0, 3, 379, 321, -0.056085024029016495
54, 0, 4, 390, 301, -0.07584095001220703
54, 0, 5, 331, 346, -0.04925123602151871
54, 0, 6, 294, 320, -0.07037932425737381
54, 0, 7, 271, 307, -0.08319728076457977
54, 0, 8, 251, 296, -0.09192811697721481
54, 0, 9, 312, 364, -0.05192066729068756
54, 0, 10, 273, 334, -0.0719178318977356
54, 0, 11, 247, 315, -0.08406481891870499
54, 0, 12, 227, 299, -0.09308525174856186
54, 0, 13, 298, 385, -0.053691111505031586
54, 0, 14, 262, 355, -0.06919211894273758
54, 0, 15, 240, 335, -0.07910478860139847
54, 0, 16, 223, 319, -0.0861901342868805
54, 0, 17, 290, 404, -0.05618009716272354
54, 0, 18, 262, 380, -0.06915760785341263
54, 0, 19, 246, 364, -0.07444766908884048
54, 0, 20, 233, 351, -0.0775318294763565
54, 1, 0, 0, 0, 0.0
54, 1, 1, 0, 0, 0.0
54, 1, 2, 0, 0, 0.0
54, 1, 3, 0, 0, 0.0
54, 1, 4, 0, 0, 0.0
54, 1, 5, 0, 0, 0.0
54, 1, 6, 0, 0, 0.0
54, 1, 7, 0, 0, 0.0
54, 1, 8, 0, 0, 0.0
54, 1, 9, 0, 0, 0.0
54, 1, 10, 0, 0, 0.0
54, 1, 11, 0, 0, 0.0
54, 1, 12, 0, 0, 0.0
54, 1, 13, 0, 0, 0.0
54, 1, 14, 0, 0, 0.0
54, 1, 15, 0, 0, 0.0
54, 1, 16, 0, 0, 0.0
54, 1, 17, 0, 0, 0.0
54, 1, 18, 0, 0, 0.0
54, 1, 19, 0, 0, 0.0
54, 1, 20, 0, 0, 0.0
55, 0, 0, 363, 419, 4.7409224634975544e-07
55, 0, 1, 373, 381, -0.018610287457704544
55, 0, 2, 374, 349, -0.039095163345336914
55, 0, 3, 379, 322, -0.0570971705019474
55, 0, 4, 390, 301, -0.07686026394367218
55, 0, 5, 331, 346, -0.04998735338449478
55, 0, 6, 294, 320, -0.07116682827472687
55, 0, 7, 271, 308, -0.08391989022493362
55, 0, 8, 251, 297, -0.09264641255140305
55, 0, 9, 312, 365, -0.05243087187409401
55, 0, 10, 273, 335, -0.07282625883817673
55, 0, 11, 247, 316, -0.08528301864862442
55, 0, 12, 227, 300, -0.09456925094127655
55, 0, 13, 298, 385, -0.05395295098423958
55, 0, 14, 262, 356, -0.06965373456478119
55, 0, 15, 240, 336, -0.07969317585229874
55, 0, 16, 223, 320, -0.08693157136440277
55, 0, 17, 290, 404, -0.05626193806529045
55, 0, 18, 262, 380, -0.06940317898988724
55, 0, 19, 246, 365, -0.0749211460351944
55, 0, 20, 233, 351, -0.07820827513933182
55, 1, 0, 0, 0, 0.0
55, 1, 1, 0, 0, 0.0
55, 1, 2, 0, 0, 0.0
55, 1, 3, 0, 0, 0.0
55, 1, 4, 0, 0, 0.0
55, 1, 5, 0, 0, 0.0
55, 1, 6, 0, 0, 0.0
55, 1, 7, 0, 0, 0.0
55, 1, 8, 0, 0, 0.0
55, 1, 9, 0, 0, 0.0
55, 1, 10, 0, 0, 0.0
55, 1, 11, 0, 0, 0.0
55, 1, 12, 0, 0, 0.0
55, 1, 13, 0, 0, 0.0
55, 1, 14, 0, 0, 0.0
55, 1, 15, 0, 0, 0.0
55, 1, 16, 0, 0, 0.0
55, 1, 17, 0, 0, 0.0
55, 1, 18, 0, 0, 0.0
55, 1, 19, 0, 0, 0.0
55, 1, 20, 0, 0, 0.0
56, 0, 0, 364, 419, 4.7556869731124607e-07
56, 0, 1, 373, 382, -0.018771706148982048
56, 0, 2, 374, 350, -0.03961481899023056
56, 0, 3, 379, 322, -0.057941190898418427
56, 0, 4, 390, 301, -0.07809958606958389
56, 0, 5, 331, 347, -0.05144425481557846
56, 0, 6, 295, 321, -0.07329997420310974
56, 0, 7, 271, 308, -0.0862775519490242
56, 0, 8, 251, 297, -0.09508334845304489
56, 0, 9, 312, 366, -0.05405149236321449
56, 0, 10, 273, 335, -0.07507646083831787
56, 0, 11, 248, 316, -0.08758103102445602
56, 0, 12, 227, 300, -0.09684614092111588
56, 0, 13, 299, 386, -0.05571223795413971
56, 0, 14, 263, 356, -0.07200732827186584
56, 0, 15, 240, 336, -0.0821494460105896
56, 0, 16, 223, 320, -0.08935967832803726
56, 0, 17, 290, 405, -0.05813487619161606
56, 0, 18, 262, 381, -0.07168911397457123
56, 0, 19, 246, 365, -0.0774308517575264
56, 0, 20, 233, 351, -0.080877386033535
56, 1, 0, 0, 0, 0.0
56, 1, 1, 0, 0, 0.0
56, 1, 2, 0, 0, 0.0
56, 1, 3, 0, 0, 0.0
56, 1, 4, 0, 0, 0.0
56, 1, 5, 0, 0, 0.0
56, 1, 6, 0, 0, 0.0
56, 1, 7, 0, 0, 0.0
56, 1, 8, 0, 0, 0.0
56, 1, 9, 0, 0, 0.0
56, 1, 10, 0, 0, 0.0
56, 1, 11, 0, 0, 0.0
56, 1, 12, 0, 0, 0.0
56, 1, 13, 0, 0, 0.0
56, 1, 14, 0, 0, 0.0
56, 1, 15, 0, 0, 0.0
56, 1, 16, 0, 0, 0.0
56, 1, 17, 0, 0, 0.0
56, 1, 18, 0, 0, 0.0
56, 1, 19, 0, 0, 0.0
56, 1, 20, 0, 0, 0.0
57, 0, 0, 364, 419, 4.838280460717215e-07
57, 0, 1, 374, 382, -0.018825897946953773
57, 0, 2, 375, 350, -0.03975638002157211
57, 0, 3, 379, 322, -0.05817326530814171
57, 0, 4, 390, 301, -0.07838596403598785
57, 0, 5, 332, 348, -0.05081021040678024
57, 0, 6, 295, 321, -0.0724797323346138
57, 0, 7, 272, 308, -0.0853118970990181
57, 0, 8, 252, 297, -0.09388293325901031
57, 0, 9, 312, 366, -0.053140122443437576
57, 0, 10, 273, 335, -0.07358317077159882
57, 0, 11, 248, 316, -0.08544791489839554
57, 0, 12, 228, 300, -0.09412389993667603
57, 0, 13, 299, 386, -0.05461888760328293
57, 0, 14, 263, 356, -0.07027949392795563
57, 0, 15, 240, 336, -0.07975082844495773
57, 0, 16, 224, 319, -0.08647867292165756
57, 0, 17, 291, 405, -0.05689450353384018
57, 0, 18, 262, 381, -0.06988737732172012
57, 0, 19, 246, 366, -0.07507263123989105
57, 0, 20, 234, 351, -0.07806091755628586
57, 1, 0, 0, 0, 0.0
57, 1, 1, 0, 0, 0.0
57, 1, 2, 0, 0, 0.0
57, 1, 3, 0, 0, 0.0
57, 1, 4, 0, 0, 0.0
57, 1, 5, 0, 0, 0.0
57, 1, 6, 0, 0, 0.0
57, 1, 7, 0, 0, 0.0
57, 1, 8, 0, 0, 0.0
57, 1, 9, 0, 0, 0.0
57, 1, 10, 0, 0, 0.0
57, 1, 11, 0, 0, 0.0
57, 1, 12, 0, 0, 0.0
57, 1, 13, 0, 0, 0.0
57, 1, 14, 0, 0, 0.0
57, 1, 15, 0, 0, 0.0
57, 1, 16, 0, 0, 0.0
57, 1, 17, 0, 0, 0.0
57, 1, 18, 0, 0, 0.0
57, 1, 19, 0, 0, 0.0
57, 1, 20, 0, 0, 0.0
58, 0, 0, 365, 421, 4.924342533740855e-07
58, 0, 1, 375, 383, -0.018966125324368477
58, 0, 2, 376, 351, -0.03951010853052139
58, 0, 3, 381, 323, -0.05774311348795891
58, 0, 4, 392, 303, -0.07771889120340347
58, 0, 5, 332, 348, -0.04941920191049576
58, 0, 6, 296, 321, -0.07117012143135071
58, 0, 7, 273, 308, -0.08444370329380035
58, 0, 8, 253, 297, -0.0935034528374672
58, 0, 9, 313, 366, -0.05204065144062042
58, 0, 10, 274, 335, -0.0724216029047966
58, 0, 11, 249, 316, -0.08487965166568756
58, 0, 12, 229, 299, -0.09407969564199448
58, 0, 13, 299, 386, -0.05396644398570061
58, 0, 14, 264, 356, -0.0696495771408081
58, 0, 15, 242, 336, -0.07973457127809525
58, 0, 16, 225, 319, -0.08695828914642334
58, 0, 17, 291, 405, -0.05679100379347801
58, 0, 18, 263, 381, -0.06989479809999466
58, 0, 19, 247, 365, -0.07554876059293747
58, 0, 20, 234, 351, -0.07893048226833344
58, 1, 0, 0, 0, 0.0
58, 1, 1, 0, 0, 0.0
58, 1, 2, 0, 0, 0.0
58, 1, 3, 0, 0, 0.0
58, 1, 4, 0, 0, 0.0
58, 1, 5, 0, 0, 0.0
58, 1, 6, 0, 0, 0.0
58, 1, 7, 0, 0, 0.0
58, 1, 8, 0, 0, 0.0
58, 1, 9, 0, 0, 0.0
58, 1, 10, 0, 0, 0.0
58, 1, 11, 0, 0, 0.0
58, 1, 12, 0, 0, 0.0
58, 1, 13, 0, 0, 0.0
58, 1, 14, 0, 0, 0.0
58, 1, 15, 0, 0, 0.0
58, 1, 16, 0, 0, 0.0
58, 1, 17, 0, 0, 0.0
58, 1, 18, 0, 0, 0.0
58, 1, 19, 0, 0, 0.0
58, 1, 20, 0, 0, 0.0
59, 0, 0, 365, 420, 5.131584543960344e-07
59, 0, 1, 375, 383, -0.019606739282608032
59, 0, 2, 376, 351, -0.04024433344602585
59, 0, 3, 381, 323, -0.05836249515414238
59, 0, 4, 393, 302, -0.07823015749454498
59, 0, 5, 332, 348, -0.04971838369965553
59, 0, 6, 295, 320, -0.07099873572587967
59, 0, 7, 272, 306, -0.08385177701711655
59, 0, 8, 252, 295, -0.09255339205265045
59, 0, 9, 313, 366, -0.051711827516555786
59, 0, 10, 275, 335, -0.0714033916592598
59, 0, 11, 249, 315, -0.08337435126304626
59, 0, 12, 229, 299, -0.09231410920619965
59, 0, 13, 300, 387, -0.053100816905498505
59, 0, 14, 265, 357, -0.06814435869455338
59, 0, 15, 243, 337, -0.07818369567394257
59, 0, 16, 226, 319, -0.08544749766588211
59, 0, 17, 292, 406, -0.055468302220106125
59, 0, 18, 264, 382, -0.06806082278490067
59, 0, 19, 248, 366, -0.07369042187929153
59, 0, 20, 235, 352, -0.07713332772254944
59, 1, 0, 0, 0, 0.0
59, 1, 1, 0, 0, 0.0
59, 1, 2, 0, 0, 0.0
59, 1, 3, 0, 0, 0.0
59, 1, 4, 0, 0, 0.0
59, 1, 5, 0, 0, 0.0
59, 1, 6, 0, 0, 0.0
59, 1, 7, 0, 0, 0.0
59, 1, 8, 0, 0, 0.0
59, 1, 9, 0, 0, 0.0
59, 1, 10, 0, 0, 0.0
59, 1, 11, 0, 0, 0.0
59, 1, 12, 0, 0, 0.0
59, 1, 13, 0, 0, 0.0
59, 1, 14, 0, 0, 0.0
59, 1, 15, 0, 0, 0.0
59, 1, 16, 0, 0, 0.0
59, 1, 17, 0, 0, 0.0
59, 1, 18, 0, 0, 0.0
59, 1, 19, 0, 0, 0.0
59, 1, 20, 0, 0, 0.0
60, 0, 0, 366, 420, 5.176731860956352e-07
60, 0, 1, 376, 382, -0.0200949814170599
60, 0, 2, 377, 351, -0.041114550083875656
60, 0, 3, 382, 323, -0.05949311703443527
60, 0, 4, 394, 302, -0.07962193340063095
60, 0, 5, 332, 348, -0.050665855407714844
60, 0, 6, 296, 320, -0.072372205555439
60, 0, 7, 272, 306, -0.08548461645841599
60, 0, 8, 252, 295, -0.09439729899168015
60, 0, 9, 313, 366, -0.052432335913181305
60, 0, 10, 275, 335, -0.07268683612346649
60, 0, 11, 250, 315, -0.08484134823083878
60, 0, 12, 230, 299, -0.09384460002183914
60, 0, 13, 300, 386, -0.05358049273490906
60, 0, 14, 265, 357, -0.06944362074136734
60, 0, 15, 243, 336, -0.07981095463037491
60, 0, 16, 226, 319, -0.0871635153889656
60, 0, 17, 292, 405, -0.055672548711299896
60, 0, 18, 265, 381, -0.06904717534780502
60, 0, 19, 249, 366, -0.07503561675548553
60, 0, 20, 236, 352, -0.07863419502973557
60, 1, 0, 0, 0, 0.0
60, 1, 1, 0, 0, 0.0
60, 1, 2, 0, 0, 0.0
60, 1, 3, 0, 0, 0.0
60, 1, 4, 0, 0, 0.0
60, 1, 5, 0, 0, 0.0
60, 1, 6, 0, 0, 0.0
60, 1, 7, 0, 0, 0.0
60, 1, 8, 0, 0, 0.0
60, 1, 9, 0, 0, 0.0
60, 1, 10, 0, 0, 0.0
60, 1, 11, 0, 0, 0.0
60, 1, 12, 0, 0, 0.0
60, 1, 13, 0, 0, 0.0
60, 1, 14, 0, 0, 0.0
60, 1, 15, 0, 0, 0.0
60, 1, 16, 0, 0, 0.0
60, 1, 17, 0, 0, 0.0
60, 1, 18, 0, 0, 0.0
60, 1, 19, 0, 0, 0.0
60, 1, 20, 0, 0, 0.0
61, 0, 0, 367, 421, 5.043577857577475e-07
61, 0, 1, 377, 383, -0.020218944177031517
61, 0, 2, 378, 352, -0.04119843244552612
61, 0, 3, 383, 325, -0.059740424156188965
61, 0, 4, 394, 304, -0.07996559888124466
61, 0, 5, 333, 349, -0.04948797821998596
61, 0, 6, 297, 323, -0.07128362357616425
61, 0, 7, 274, 309, -0.08482833951711655
61, 0, 8, 254, 297, -0.094206802546978
61, 0, 9, 314, 367, -0.05159078910946846
61, 0, 10, 276, 336, -0.07200131565332413
61, 0, 11, 251, 317, -0.08483382314443588
61, 0, 12, 231, 300, -0.09439334273338318
61, 0, 13, 301, 387, -0.053178247064352036
61, 0, 14, 266, 358, -0.068998783826828
61, 0, 15, 243, 338, -0.0795789435505867
61, 0, 16, 226, 320, -0.08720807731151581
61, 0, 17, 293, 406, -0.05583348125219345
61, 0, 18, 265, 382, -0.06928233802318573
61, 0, 19, 249, 367, -0.07556634396314621
61, 0, 20, 235, 352, -0.07945914566516876
61, 1, 0, 0, 0, 0.0
61, 1, 1, 0, 0, 0.0
61, 1, 2, 0, 0, 0.0
61, 1, 3, 0, 0, 0.0
61, 1, 4, 0, 0, 0.0
61, 1, 5, 0, 0, 0.0
61, 1, 6, 0, 0, 0.0
61, 1, 7, 0, 0, 0.0
61, 1, 8, 0, 0, 0.0
61, 1, 9, 0, 0, 0.0
61, 1, 10, 0, 0, 0.0
61, 1, 11, 0, 0, 0.0
61, 1, 12, 0, 0, 0.0
61, 1, 13, 0, 0, 0.0
61, 1, 14, 0, 0, 0.0
61, 1, 15, 0, 0, 0.0
61, 1, 16, 0, 0, 0.0
61, 1, 17, 0, 0, 0.0
61, 1, 18, 0, 0, 0.0
61, 1, 19, 0, 0, 0.0
61, 1, 20, 0, 0, 0.0
62, 0, 0, 369, 425, 4.853751534028561e-07
62, 0, 1, 378, 386, -0.02041286788880825
62, 0, 2, 379, 354, -0.04145023599267006
62, 0, 3, 384, 327, -0.05998224392533302
62, 0, 4, 395, 306, -0.08016939461231232
62, 0, 5, 335, 352, -0.04982965439558029
62, 0, 6, 298, 326, -0.0718657523393631
62, 0, 7, 275, 312, -0.08582977950572968
62, 0, 8, 254, 301, -0.09532308578491211
62, 0, 9, 316, 371, -0.052015021443367004
62, 0, 10, 278, 341, -0.0721527636051178
62, 0, 11, 252, 322, -0.08501388877630234
62, 0, 12, 231, 306, -0.09455342590808868
62, 0, 13, 303, 392, -0.05368311330676079
62, 0, 14, 268, 362, -0.06894120573997498
62, 0, 15, 244, 342, -0.07907908409833908
62, 0, 16, 227, 325, -0.08636759221553802
62, 0, 17, 295, 410, -0.05650293827056885
62, 0, 18, 267, 387, -0.06928083300590515
62, 0, 19, 250, 371, -0.07482670247554779
62, 0, 20, 236, 356, -0.0780806690454483
62, 1, 0, 0, 0, 0.0
62, 1, 1, 0, 0, 0.0
62, 1, 2, 0, 0, 0.0
62, 1, 3, 0, 0, 0.0
62, 1, 4, 0, 0, 0.0
62, 1, 5, 0, 0, 0.0
62, 1, 6, 0, 0, 0.0
62, 1, 7, 0, 0, 0.0
62, 1, 8, 0, 0, 0.0
62, 1, 9, 0, 0, 0.0
62, 1, 10, 0, 0, 0.0
62, 1, 11, 0, 0, 0.0
62, 1, 12, 0, 0, 0.0
62, 1, 13, 0, 0, 0.0
62, 1, 14, 0, 0, 0.0
62, 1, 15, 0, 0, 0.0
62, 1, 16, 0, 0, 0.0
62, 1, 17, 0, 0, 0.0
62, 1, 18, 0, 0, 0.0
62, 1, 19, 0, 0, 0.0
62, 1, 20, 0, 0, 0.0
63, 0, 0, 374, 432, 4.4195510895406187e-07
63, 0, 1, 382, 394, -0.021003417670726776
63, 0, 2, 381, 361, -0.04181583598256111
63, 0, 3, 384, 332, -0.06006799265742302
63, 0, 4, 394, 311, -0.08012969046831131
63, 0, 5, 339, 361, -0.05111335590481758
63, 0, 6, 302, 335, -0.07415685802698135
63, 0, 7, 278, 321, -0.0883212685585022
63, 0, 8, 258, 310, -0.09761959314346313
63, 0, 9, 321, 380, -0.053396932780742645
63, 0, 10, 282, 350, -0.07508308440446854
63, 0, 11, 256, 331, -0.08819007128477097
63, 0, 12, 234, 315, -0.09756220877170563
63, 0, 13, 309, 401, -0.05533961206674576
63, 0, 14, 272, 371, -0.07187601923942566
63, 0, 15, 247, 350, -0.0823172926902771
63, 0, 16, 228, 332, -0.08935905992984772
63, 0, 17, 300, 419, -0.058493226766586304
63, 0, 18, 271, 393, -0.07221216708421707
63, 0, 19, 252, 375, -0.07859289646148682
63, 0, 20, 237, 359, -0.08225978165864944
63, 1, 0, 0, 0, 0.0
63, 1, 1, 0, 0, 0.0
63, 1, 2, 0, 0, 0.0
63, 1, 3, 0, 0, 0.0
63, 1, 4, 0, 0, 0.0
63, 1, 5, 0, 0, 0.0
63, 1, 6, 0, 0, 0.0
63, 1, 7, 0, 0, 0.0
63, 1, 8, 0, 0, 0.0
63, 1, 9, 0, 0, 0.0
63, 1, 10, 0, 0, 0.0
63, 1, 11, 0, 0, 0.0
63, 1, 12, 0, 0, 0.0
63, 1, 13, 0, 0, 0.0
63, 1, 14, 0, 0, 0.0
63, 1, 15, 0, 0, 0.0
63, 1, 16, 0, 0, 0.0
63, 1, 17, 0, 0, 0.0
63, 1, 18, 0, 0, 0.0
63, 1, 19, 0, 0, 0.0
63, 1, 20, 0, 0, 0.0
64, 0, 0, 383, 441, 3.969234967371449e-07
64, 0, 1, 388, 404, -0.020200546830892563
64, 0, 2, 384, 369, -0.0396038219332695
64, 0, 3, 384, 340, -0.05651478096842766
64, 0, 4, 393, 318, -0.07506195455789566
64, 0, 5, 343, 371, -0.045920874923467636
64, 0, 6, 305, 349, -0.06660179048776627
64, 0, 7, 280, 338, -0.07992620021104813
64, 0, 8, 261, 329, -0.08871188759803772
64, 0, 9, 327, 393, -0.047622911632061005
64, 0, 10, 288, 367, -0.06642328202724457
64, 0, 11, 263, 351, -0.07798885554075241
64, 0, 12, 243, 338, -0.08645755797624588
64, 0, 13, 316, 415, -0.04912685975432396
64, 0, 14, 281, 389, -0.06270776689052582
64, 0, 15, 257, 372, -0.07005975395441055
64, 0, 16, 240, 359, -0.07530750334262848
64, 0, 17, 309, 435, -0.05197376385331154
64, 0, 18, 280, 413, -0.06269287317991257
64, 0, 19, 262, 398, -0.06616155803203583
64, 0, 20, 248, 386, -0.06791643798351288
64, 1, 0, 0, 0, 0.0
64, 1, 1, 0, 0, 0.0
64, 1, 2, 0, 0, 0.0
64, 1, 3, 0, 0, 0.0
64, 1, 4, 0, 0, 0.0
64, 1, 5, 0, 0, 0.0
64, 1, 6, 0, 0, 0.0
64, 1, 7, 0, 0, 0.0
64, 1, 8, 0, 0, 0.0
64, 1, 9, 0, 0, 0.0
64, 1, 10, 0, 0, 0.0
64, 1, 11, 0, 0, 0.0
64, 1, 12, 0, 0, 0.0
64, 1, 13, 0, 0, 0.0
64, 1, 14, 0, 0, 0.0
64, 1, 15, 0, 0, 0.0
64, 1, 16, 0, 0, 0.0
64, 1, 17, 0, 0, 0.0
64, 1, 18, 0, 0, 0.0
64, 1, 19, 0, 0, 0.0
64, 1, 20, 0, 0, 0.0
65, 0, 0, 400, 454, 3.984465877238108e-07
65, 0, 1, 402, 420, -0.023262234404683113
65, 0, 2, 393, 386, -0.04314909130334854
65, 0, 3, 388, 357, -0.05949413776397705
65, 0, 4, 390, 333, -0.07666566222906113
65, 0, 5, 350, 398, -0.05103176832199097
65, 0, 6, 309, 377, -0.0746041014790535
65, 0, 7, 292, 363, -0.08832866698503494
65, 0, 8, 281, 351, -0.09591440111398697
65, 0, 9, 334, 420, -0.050120215862989426
65, 0, 10, 293, 396, -0.07013887166976929
65, 0, 11, 270, 378, -0.08076272904872894
65, 0, 12, 254, 363, -0.08806465566158295
65, 0, 13, 325, 439, -0.049563948065042496
65, 0, 14, 287, 415, -0.06507037580013275
65, 0, 15, 263, 397, -0.07354240864515305
65, 0, 16, 247, 381, -0.07908960431814194
65, 0, 17, 320, 456, -0.05032503232359886
65, 0, 18, 288, 436, -0.06265012174844742
65, 0, 19, 269, 421, -0.0681251734495163
65, 0, 20, 255, 408, -0.07116852700710297
65, 1, 0, 0, 0, 0.0
65, 1, 1, 0, 0, 0.0
65, 1, 2, 0, 0, 0.0
65, 1, 3, 0, 0, 0.0
65, 1, 4, 0, 0, 0.0
65, 1, 5, 0, 0, 0.0
65, 1, 6, 0, 0, 0.0
65, 1, 7, 0, 0, 0.0
65, 1, 8, 0, 0, 0.0
65, 1, 9, 0, 0, 0.0
65, 1, 10, 0, 0, 0.0
65, 1, 11, 0, 0, 0.0
65, 1, 12, 0, 0, 0.0
65, 1, 13, 0, 0, 0.0
65, 1, 14, 0, 0, 0.0
65, 1, 15, 0, 0, 0.0
65, 1, 16, 0, 0, 0.0
65, 1, 17, 0, 0, 0.0
65, 1, 18, 0, 0, 0.0
65, 1, 19, 0, 0, 0.0
65, 1, 20, 0, 0, 0.0
66, 0, 0, 409, 473, 2.9157629910514515e-07
66, 0, 1, 413, 439, -0.029065651819109917
66, 0, 2, 400, 406, -0.045170947909355164
66, 0, 3, 387, 379, -0.05602915212512016
66, 0, 4, 380, 358, -0.06597244739532471
66, 0, 5, 350, 424, -0.035702984780073166
66, 0, 6, 314, 414, -0.05118723213672638
66, 0, 7, 293, 406, -0.06244603917002678
66, 0, 8, 279, 400, -0.06975803524255753
66, 0, 9, 338, 444, -0.027365555986762047
66, 0, 10, 302, 432, -0.04039730131626129
66, 0, 11, 281, 421, -0.05002255737781525
66, 0, 12, 265, 411, -0.0571783185005188
66, 0, 13, 332, 459, -0.020380448549985886
66, 0, 14, 299, 447, -0.030672799795866013
66, 0, 15, 279, 437, -0.036229923367500305
66, 0, 16, 264, 426, -0.03985179588198662
66, 0, 17, 332, 471, -0.015742981806397438
66, 0, 18, 303, 461, -0.023548351600766182
66, 0, 19, 285, 453, -0.025873346254229546
66, 0, 20, 272, 444, -0.026681721210479736
66, 1, 0, 0, 0, 0.0
66, 1, 1, 0, 0, 0.0
66, 1, 2, 0, 0, 0.0
66, 1, 3, 0, 0, 0.0
66, 1, 4, 0, 0, 0.0
66, 1, 5, 0, 0, 0.0
66, 1, 6, 0, 0, 0.0
66, 1, 7, 0, 0, 0.0
66, 1, 8, 0, 0, 0.0
66, 1, 9, 0, 0, 0.0
66, 1, 10, 0, 0, 0.0
66, 1, 11, 0, 0, 0.0
66, 1, 12, 0, 0, 0.0
66, 1, 13, 0, 0, 0.0
66, 1, 14, 0, 0, 0.0
66, 1, 15, 0, 0, 0.0
66, 1, 16, 0, 0, 0.0
66, 1, 17, 0, 0, 0.0
66, 1, 18, 0, 0, 0.0
66, 1, 19, 0, 0, 0.0
66, 1, 20, 0, 0, 0.0
67, 0, 0, 428, 480, 3.007928057741083e-07
67, 0, 1, 428, 452, -0.04546334221959114
67, 0, 2, 410, 428, -0.0658433809876442
67, 0, 3, 393, 405, -0.07604990154504776
67, 0, 4, 381, 385, -0.08435158431529999
67, 0, 5, 363, 452, -0.054042618721723557
67, 0, 6, 326, 443, -0.07024436444044113
67, 0, 7, 304, 435, -0.08172716945409775
67, 0, 8, 290, 429, -0.08830820024013519
67, 0, 9, 355, 465, -0.032680265605449677
67, 0, 10, 316, 460, -0.04780711978673935
67, 0, 11, 290, 454, -0.06022362783551216
67, 0, 12, 271, 452, -0.06846410781145096
67, 0, 13, 352, 471, -0.012616066262125969
67, 0, 14, 316, 466, -0.02496294490993023
67, 0, 15, 292, 462, -0.034616805613040924
67, 0, 16, 273, 458, -0.04018324986100197
67, 0, 17, 351, 473, 0.004558024927973747
67, 0, 18, 321, 469, -0.004003576934337616
67, 0, 19, 301, 465, -0.00908468198031187
67, 0, 20, 285, 461, -0.011695954017341137
67, 1, 0, 0, 0, 0.0
67, 1, 1, 0, 0, 0.0
67, 1, 2, 0, 0, 0.0
67, 1, 3, 0, 0, 0.0
67, 1, 4, 0, 0, 0.0
67, 1, 5, 0, 0, 0.0
67, 1, 6, 0, 0, 0.0
67, 1, 7, 0, 0, 0.0
67, 1, 8, 0, 0, 0.0
67, 1, 9, 0, 0, 0.0
67, 1, 10, 0, 0, 0.0
67, 1, 11, 0, 0, 0.0
67, 1, 12, 0, 0, 0.0
67, 1, 13, 0, 0, 0.0
67, 1, 14, 0, 0, 0.0
67, 1, 15, 0, 0, 0.0
67, 1, 16, 0, 0, 0.0
67, 1, 17, 0, 0, 0.0
67, 1, 18, 0, 0, 0.0
67, 1, 19, 0, 0, 0.0
67, 1, 20, 0, 0, 0.0
68, 0, 0, 0, 0, 0.0
68, 0, 1, 0, 0, 0.0
68, 0, 2, 0, 0, 0.0
68, 0, 3, 0, 0, 0.0
68, 0, 4, 0, 0, 0.0
68, 0, 5, 0, 0, 0.0
68, 0, 6, 0, 0, 0.0
68, 0, 7, 0, 0, 0.0
68, 0, 8, 0, 0, 0.0
68, 0, 9, 0, 0, 0.0
68, 0, 10, 0, 0, 0.0
68, 0, 11, 0, 0, 0.0
68, 0, 12, 0, 0, 0.0
68, 0, 13, 0, 0, 0.0
68, 0, 14, 0, 0, 0.0
68, 0, 15, 0, 0, 0.0
68, 0, 16, 0, 0, 0.0
68, 0, 17, 0, 0, 0.0
68, 0, 18, 0, 0, 0.0
68, 0, 19, 0, 0, 0.0
68, 0, 20, 0, 0, 0.0
68, 1, 0, 0, 0, 0.0
68, 1, 1, 0, 0, 0.0
68, 1, 2, 0, 0, 0.0
68, 1, 3, 0, 0, 0.0
68, 1, 4, 0, 0, 0.0
68, 1, 5, 0, 0, 0.0
68, 1, 6, 0, 0, 0.0
68, 1, 7, 0, 0, 0.0
68, 1, 8, 0, 0, 0.0
68, 1, 9, 0, 0, 0.0
68, 1, 10, 0, 0, 0.0
68, 1, 11, 0, 0, 0.0
68, 1, 12, 0, 0, 0.0
68, 1, 13, 0, 0, 0.0
68, 1, 14, 0, 0, 0.0
68, 1, 15, 0, 0, 0.0
68, 1, 16, 0, 0, 0.0
68, 1, 17, 0, 0, 0.0
68, 1, 18, 0, 0, 0.0
68, 1, 19, 0, 0, 0.0
68, 1, 20, 0, 0, 0.0
69, 0, 0, 0, 0, 0.0
69, 0, 1, 0, 0, 0.0
69, 0, 2, 0, 0, 0.0
69, 0, 3, 0, 0, 0.0
69, 0, 4, 0, 0, 0.0
69, 0, 5, 0, 0, 0.0
69, 0, 6, 0, 0, 0.0
69, 0, 7, 0, 0, 0.0
69, 0, 8, 0, 0, 0.0
69, 0, 9, 0, 0, 0.0
69, 0, 10, 0, 0, 0.0
69, 0, 11, 0, 0, 0.0
69, 0, 12, 0, 0, 0.0
69, 0, 13, 0, 0, 0.0
69, 0, 14, 0, 0, 0.0
69, 0, 15, 0, 0, 0.0
69, 0, 16, 0, 0, 0.0
69, 0, 17, 0, 0, 0.0
69, 0, 18, 0, 0, 0.0
69, 0, 19, 0, 0, 0.0
69, 0, 20, 0, 0, 0.0
69, 1, 0, 0, 0, 0.0
69, 1, 1, 0, 0, 0.0
69, 1, 2, 0, 0, 0.0
69, 1, 3, 0, 0, 0.0
69, 1, 4, 0, 0, 0.0
69, 1, 5, 0, 0, 0.0
69, 1, 6, 0, 0, 0.0
69, 1, 7, 0, 0, 0.0
69, 1, 8, 0, 0, 0.0
69, 1, 9, 0, 0, 0.0
69, 1, 10, 0, 0, 0.0
69, 1, 11, 0, 0, 0.0
69, 1, 12, 0, 0, 0.0
69, 1, 13, 0, 0, 0.0
69, 1, 14, 0, 0, 0.0
69, 1, 15, 0, 0, 0.0
69, 1, 16, 0, 0, 0.0
69, 1, 17, 0, 0, 0.0
69, 1, 18, 0, 0, 0.0
69, 1, 19, 0, 0, 0.0
69, 1, 20, 0, 0, 0.0
70, 0, 0, 0, 0, 0.0
70, 0, 1, 0, 0, 0.0
70, 0, 2, 0, 0, 0.0
70, 0, 3, 0, 0, 0.0
70, 0, 4, 0, 0, 0.0
70, 0, 5, 0, 0, 0.0
70, 0, 6, 0, 0, 0.0
70, 0, 7, 0, 0, 0.0
70, 0, 8, 0, 0, 0.0
70, 0, 9, 0, 0, 0.0
70, 0, 10, 0, 0, 0.0
70, 0, 11, 0, 0, 0.0
70, 0, 12, 0, 0, 0.0
70, 0, 13, 0, 0, 0.0
70, 0, 14, 0, 0, 0.0
70, 0, 15, 0, 0, 0.0
70, 0, 16, 0, 0, 0.0
70, 0, 17, 0, 0, 0.0
70, 0, 18, 0, 0, 0.0
70, 0, 19, 0, 0, 0.0
70, 0, 20, 0, 0, 0.0
70, 1, 0, 0, 0, 0.0
70, 1, 1, 0, 0, 0.0
70, 1, 2, 0, 0, 0.0
70, 1, 3, 0, 0, 0.0
70, 1, 4, 0, 0, 0.0
70, 1, 5, 0, 0, 0.0
70, 1, 6, 0, 0, 0.0
70, 1, 7, 0, 0, 0.0
70, 1, 8, 0, 0, 0.0
70, 1, 9, 0, 0, 0.0
70, 1, 10, 0, 0, 0.0
70, 1, 11, 0, 0, 0.0
70, 1, 12, 0, 0, 0.0
70, 1, 13, 0, 0, 0.0
70, 1, 14, 0, 0, 0.0
70, 1, 15, 0, 0, 0.0
70, 1, 16, 0, 0, 0.0
70, 1, 17, 0, 0, 0.0
70, 1, 18, 0, 0, 0.0
70, 1, 19, 0, 0, 0.0
70, 1, 20, 0, 0, 0.0
71, 0, 0, 0, 0, 0.0
71, 0, 1, 0, 0, 0.0
71, 0, 2, 0, 0, 0.0
71, 0, 3, 0, 0, 0.0
71, 0, 4, 0, 0, 0.0
71, 0, 5, 0, 0, 0.0
71, 0, 6, 0, 0, 0.0
71, 0, 7, 0, 0, 0.0
71, 0, 8, 0, 0, 0.0
71, 0, 9, 0, 0, 0.0
71, 0, 10, 0, 0, 0.0
71, 0, 11, 0, 0, 0.0
71, 0, 12, 0, 0, 0.0
71, 0, 13, 0, 0, 0.0
71, 0, 14, 0, 0, 0.0
71, 0, 15, 0, 0, 0.0
71, 0, 16, 0, 0, 0.0
71, 0, 17, 0, 0, 0.0
71, 0, 18, 0, 0, 0.0
71, 0, 19, 0, 0, 0.0
71, 0, 20, 0, 0, 0.0
71, 1, 0, 0, 0, 0.0
71, 1, 1, 0, 0, 0.0
71, 1, 2, 0, 0, 0.0
71, 1, 3, 0, 0, 0.0
71, 1, 4, 0, 0, 0.0
71, 1, 5, 0, 0, 0.0
71, 1, 6, 0, 0, 0.0
71, 1, 7, 0, 0, 0.0
71, 1, 8, 0, 0, 0.0
71, 1, 9, 0, 0, 0.0
71, 1, 10, 0, 0, 0.0
71, 1, 11, 0, 0, 0.0
71, 1, 12, 0, 0, 0.0
71, 1, 13, 0, 0, 0.0
71, 1, 14, 0, 0, 0.0
71, 1, 15, 0, 0, 0.0
71, 1, 16, 0, 0, 0.0
71, 1, 17, 0, 0, 0.0
71, 1, 18, 0, 0, 0.0
71, 1, 19, 0, 0, 0.0
71, 1, 20, 0, 0, 0.0
72, 0, 0, 0, 0, 0.0
72, 0, 1, 0, 0, 0.0
72, 0, 2, 0, 0, 0.0
72, 0, 3, 0, 0, 0.0
72, 0, 4, 0, 0, 0.0
72, 0, 5, 0, 0, 0.0
72, 0, 6, 0, 0, 0.0
72, 0, 7, 0, 0, 0.0
72, 0, 8, 0, 0, 0.0
72, 0, 9, 0, 0, 0.0
72, 0, 10, 0, 0, 0.0
72, 0, 11, 0, 0, 0.0
72, 0, 12, 0, 0, 0.0
72, 0, 13, 0, 0, 0.0
72, 0, 14, 0, 0, 0.0
72, 0, 15, 0, 0, 0.0
72, 0, 16, 0, 0, 0.0
72, 0, 17, 0, 0, 0.0
72, 0, 18, 0, 0, 0.0
72, 0, 19, 0, 0, 0.0
72, 0, 20, 0, 0, 0.0
72, 1, 0, 0, 0, 0.0
72, 1, 1, 0, 0, 0.0
72, 1, 2, 0, 0, 0.0
72, 1, 3, 0, 0, 0.0
72, 1, 4, 0, 0, 0.0
72, 1, 5, 0, 0, 0.0
72, 1, 6, 0, 0, 0.0
72, 1, 7, 0, 0, 0.0
72, 1, 8, 0, 0, 0.0
72, 1, 9, 0, 0, 0.0
72, 1, 10, 0, 0, 0.0
72, 1, 11, 0, 0, 0.0
72, 1, 12, 0, 0, 0.0
72, 1, 13, 0, 0, 0.0
72, 1, 14, 0, 0, 0.0
72, 1, 15, 0, 0, 0.0
72, 1, 16, 0, 0, 0.0
72, 1, 17, 0, 0, 0.0
72, 1, 18, 0, 0, 0.0
72, 1, 19, 0, 0, 0.0
72, 1, 20, 0, 0, 0.0
73, 0, 0, 0, 0, 0.0
73, 0, 1, 0, 0, 0.0
73, 0, 2, 0, 0, 0.0
73, 0, 3, 0, 0, 0.0
73, 0, 4, 0, 0, 0.0
73, 0, 5, 0, 0, 0.0
73, 0, 6, 0, 0, 0.0
73, 0, 7, 0, 0, 0.0
73, 0, 8, 0, 0, 0.0
73, 0, 9, 0, 0, 0.0
73, 0, 10, 0, 0, 0.0
73, 0, 11, 0, 0, 0.0
73, 0, 12, 0, 0, 0.0
73, 0, 13, 0, 0, 0.0
73, 0, 14, 0, 0, 0.0
73, 0, 15, 0, 0, 0.0
73, 0, 16, 0, 0, 0.0
73, 0, 17, 0, 0, 0.0
73, 0, 18, 0, 0, 0.0
73, 0, 19, 0, 0, 0.0
73, 0, 20, 0, 0, 0.0
73, 1, 0, 0, 0, 0.0
73, 1, 1, 0, 0, 0.0
73, 1, 2, 0, 0, 0.0
73, 1, 3, 0, 0, 0.0
73, 1, 4, 0, 0, 0.0
73, 1, 5, 0, 0, 0.0
73, 1, 6, 0, 0, 0.0
73, 1, 7, 0, 0, 0.0
73, 1, 8, 0, 0, 0.0
73, 1, 9, 0, 0, 0.0
73, 1, 10, 0, 0, 0.0
73, 1, 11, 0, 0, 0.0
73, 1, 12, 0, 0, 0.0
73, 1, 13, 0, 0, 0.0
73, 1, 14, 0, 0, 0.0
73, 1, 15, 0, 0, 0.0
73, 1, 16, 0, 0, 0.0
73, 1, 17, 0, 0, 0.0
73, 1, 18, 0, 0, 0.0
73, 1, 19, 0, 0, 0.0
73, 1, 20, 0, 0, 0.0
74, 0, 0, 0, 0, 0.0
74, 0, 1, 0, 0, 0.0
74, 0, 2, 0, 0, 0.0
74, 0, 3, 0, 0, 0.0
74, 0, 4, 0, 0, 0.0
74, 0, 5, 0, 0, 0.0
74, 0, 6, 0, 0, 0.0
74, 0, 7, 0, 0, 0.0
74, 0, 8, 0, 0, 0.0
74, 0, 9, 0, 0, 0.0
74, 0, 10, 0, 0, 0.0
74, 0, 11, 0, 0, 0.0
74, 0, 12, 0, 0, 0.0
74, 0, 13, 0, 0, 0.0
74, 0, 14, 0, 0, 0.0
74, 0, 15, 0, 0, 0.0
74, 0, 16, 0, 0, 0.0
74, 0, 17, 0, 0, 0.0
74, 0, 18, 0, 0, 0.0
74, 0, 19, 0, 0, 0.0
74, 0, 20, 0, 0, 0.0
74, 1, 0, 0, 0, 0.0
74, 1, 1, 0, 0, 0.0
74, 1, 2, 0, 0, 0.0
74, 1, 3, 0, 0, 0.0
74, 1, 4, 0, 0, 0.0
74, 1, 5, 0, 0, 0.0
74, 1, 6, 0, 0, 0.0
74, 1, 7, 0, 0, 0.0
74, 1, 8, 0, 0, 0.0
74, 1, 9, 0, 0, 0.0
74, 1, 10, 0, 0, 0.0
74, 1, 11, 0, 0, 0.0
74, 1, 12, 0, 0, 0.0
74, 1, 13, 0, 0, 0.0
74, 1, 14, 0, 0, 0.0
74, 1, 15, 0, 0, 0.0
74, 1, 16, 0, 0, 0.0
74, 1, 17, 0, 0, 0.0
74, 1, 18, 0, 0, 0.0
74, 1, 19, 0, 0, 0.0
74, 1, 20, 0, 0, 0.0
75, 0, 0, 0, 0, 0.0
75, 0, 1, 0, 0, 0.0
75, 0, 2, 0, 0, 0.0
75, 0, 3, 0, 0, 0.0
75, 0, 4, 0, 0, 0.0
75, 0, 5, 0, 0, 0.0
75, 0, 6, 0, 0, 0.0
75, 0, 7, 0, 0, 0.0
75, 0, 8, 0, 0, 0.0
75, 0, 9, 0, 0, 0.0
75, 0, 10, 0, 0, 0.0
75, 0, 11, 0, 0, 0.0
75, 0, 12, 0, 0, 0.0
75, 0, 13, 0, 0, 0.0
75, 0, 14, 0, 0, 0.0
75, 0, 15, 0, 0, 0.0
75, 0, 16, 0, 0, 0.0
75, 0, 17, 0, 0, 0.0
75, 0, 18, 0, 0, 0.0
75, 0, 19, 0, 0, 0.0
75, 0, 20, 0, 0, 0.0
75, 1, 0, 0, 0, 0.0
75, 1, 1, 0, 0, 0.0
75, 1, 2, 0, 0, 0.0
75, 1, 3, 0, 0, 0.0
75, 1, 4, 0, 0, 0.0
75, 1, 5, 0, 0, 0.0
75, 1, 6, 0, 0, 0.0
75, 1, 7, 0, 0, 0.0
75, 1, 8, 0, 0, 0.0
75, 1, 9, 0, 0, 0.0
75, 1, 10, 0, 0, 0.0
75, 1, 11, 0, 0, 0.0
75, 1, 12, 0, 0, 0.0
75, 1, 13, 0, 0, 0.0
75, 1, 14, 0, 0, 0.0
75, 1, 15, 0, 0, 0.0
75, 1, 16, 0, 0, 0.0
75, 1, 17, 0, 0, 0.0
75, 1, 18, 0, 0, 0.0
75, 1, 19, 0, 0, 0.0
75, 1, 20, 0, 0, 0.0
76, 0, 0, 0, 0, 0.0
76, 0, 1, 0, 0, 0.0
76, 0, 2, 0, 0, 0.0
76, 0, 3, 0, 0, 0.0
76, 0, 4, 0, 0, 0.0
76, 0, 5, 0, 0, 0.0
76, 0, 6, 0, 0, 0.0
76, 0, 7, 0, 0, 0.0
76, 0, 8, 0, 0, 0.0
76, 0, 9, 0, 0, 0.0
76, 0, 10, 0, 0, 0.0
76, 0, 11, 0, 0, 0.0
76, 0, 12, 0, 0, 0.0
76, 0, 13, 0, 0, 0.0
76, 0, 14, 0, 0, 0.0
76, 0, 15, 0, 0, 0.0
76, 0, 16, 0, 0, 0.0
76, 0, 17, 0, 0, 0.0
76, 0, 18, 0, 0, 0.0
76, 0, 19, 0, 0, 0.0
76, 0, 20, 0, 0, 0.0
76, 1, 0, 0, 0, 0.0
76, 1, 1, 0, 0, 0.0
76, 1, 2, 0, 0, 0.0
76, 1, 3, 0, 0, 0.0
76, 1, 4, 0, 0, 0.0
76, 1, 5, 0, 0, 0.0
76, 1, 6, 0, 0, 0.0
76, 1, 7, 0, 0, 0.0
76, 1, 8, 0, 0, 0.0
76, 1, 9, 0, 0, 0.0
76, 1, 10, 0, 0, 0.0
76, 1, 11, 0, 0, 0.0
76, 1, 12, 0, 0, 0.0
76, 1, 13, 0, 0, 0.0
76, 1, 14, 0, 0, 0.0
76, 1, 15, 0, 0, 0.0
76, 1, 16, 0, 0, 0.0
76, 1, 17, 0, 0, 0.0
76, 1, 18, 0, 0, 0.0
76, 1, 19, 0, 0, 0.0
76, 1, 20, 0, 0, 0.0
77, 0, 0, 0, 0, 0.0
77, 0, 1, 0, 0, 0.0
77, 0, 2, 0, 0, 0.0
77, 0, 3, 0, 0, 0.0
77, 0, 4, 0, 0, 0.0
77, 0, 5, 0, 0, 0.0
77, 0, 6, 0, 0, 0.0
77, 0, 7, 0, 0, 0.0
77, 0, 8, 0, 0, 0.0
77, 0, 9, 0, 0, 0.0
77, 0, 10, 0, 0, 0.0
77, 0, 11, 0, 0, 0.0
77, 0, 12, 0, 0, 0.0
77, 0, 13, 0, 0, 0.0
77, 0, 14, 0, 0, 0.0
77, 0, 15, 0, 0, 0.0
77, 0, 16, 0, 0, 0.0
77, 0, 17, 0, 0, 0.0
77, 0, 18, 0, 0, 0.0
77, 0, 19, 0, 0, 0.0
77, 0, 20, 0, 0, 0.0
77, 1, 0, 0, 0, 0.0
77, 1, 1, 0, 0, 0.0
77, 1, 2, 0, 0, 0.0
77, 1, 3, 0, 0, 0.0
77, 1, 4, 0, 0, 0.0
77, 1, 5, 0, 0, 0.0
77, 1, 6, 0, 0, 0.0
77, 1, 7, 0, 0, 0.0
77, 1, 8, 0, 0, 0.0
77, 1, 9, 0, 0, 0.0
77, 1, 10, 0, 0, 0.0
77, 1, 11, 0, 0, 0.0
77, 1, 12, 0, 0, 0.0
77, 1, 13, 0, 0, 0.0
77, 1, 14, 0, 0, 0.0
77, 1, 15, 0, 0, 0.0
77, 1, 16, 0, 0, 0.0
77, 1, 17, 0, 0, 0.0
77, 1, 18, 0, 0, 0.0
77, 1, 19, 0, 0, 0.0
77, 1, 20, 0, 0, 0.0
78, 0, 0, 0, 0, 0.0
78, 0, 1, 0, 0, 0.0
78, 0, 2, 0, 0, 0.0
78, 0, 3, 0, 0, 0.0
78, 0, 4, 0, 0, 0.0
78, 0, 5, 0, 0, 0.0
78, 0, 6, 0, 0, 0.0
78, 0, 7, 0, 0, 0.0
78, 0, 8, 0, 0, 0.0
78, 0, 9, 0, 0, 0.0
78, 0, 10, 0, 0, 0.0
78, 0, 11, 0, 0, 0.0
78, 0, 12, 0, 0, 0.0
78, 0, 13, 0, 0, 0.0
78, 0, 14, 0, 0, 0.0
78, 0, 15, 0, 0, 0.0
78, 0, 16, 0, 0, 0.0
78, 0, 17, 0, 0, 0.0
78, 0, 18, 0, 0, 0.0
78, 0, 19, 0, 0, 0.0
78, 0, 20, 0, 0, 0.0
78, 1, 0, 0, 0, 0.0
78, 1, 1, 0, 0, 0.0
78, 1, 2, 0, 0, 0.0
78, 1, 3, 0, 0, 0.0
78, 1, 4, 0, 0, 0.0
78, 1, 5, 0, 0, 0.0
78, 1, 6, 0, 0, 0.0
78, 1, 7, 0, 0, 0.0
78, 1, 8, 0, 0, 0.0
78, 1, 9, 0, 0, 0.0
78, 1, 10, 0, 0, 0.0
78, 1, 11, 0, 0, 0.0
78, 1, 12, 0, 0, 0.0
78, 1, 13, 0, 0, 0.0
78, 1, 14, 0, 0, 0.0
78, 1, 15, 0, 0, 0.0
78, 1, 16, 0, 0, 0.0
78, 1, 17, 0, 0, 0.0
78, 1, 18, 0, 0, 0.0
78, 1, 19, 0, 0, 0.0
78, 1, 20, 0, 0, 0.0
79, 0, 0, 0, 0, 0.0
79, 0, 1, 0, 0, 0.0
79, 0, 2, 0, 0, 0.0
79, 0, 3, 0, 0, 0.0
79, 0, 4, 0, 0, 0.0
79, 0, 5, 0, 0, 0.0
79, 0, 6, 0, 0, 0.0
79, 0, 7, 0, 0, 0.0
79, 0, 8, 0, 0, 0.0
79, 0, 9, 0, 0, 0.0
79, 0, 10, 0, 0, 0.0
79, 0, 11, 0, 0, 0.0
79, 0, 12, 0, 0, 0.0
79, 0, 13, 0, 0, 0.0
79, 0, 14, 0, 0, 0.0
79, 0, 15, 0, 0, 0.0
79, 0, 16, 0, 0, 0.0
79, 0, 17, 0, 0, 0.0
79, 0, 18, 0, 0, 0.0
79, 0, 19, 0, 0, 0.0
79, 0, 20, 0, 0, 0.0
79, 1, 0, 0, 0, 0.0
79, 1, 1, 0, 0, 0.0
79, 1, 2, 0, 0, 0.0
79, 1, 3, 0, 0, 0.0
79, 1, 4, 0, 0, 0.0
79, 1, 5, 0, 0, 0.0
79, 1, 6, 0, 0, 0.0
79, 1, 7, 0, 0, 0.0
79, 1, 8, 0, 0, 0.0
79, 1, 9, 0, 0, 0.0
79, 1, 10, 0, 0, 0.0
79, 1, 11, 0, 0, 0.0
79, 1, 12, 0, 0, 0.0
79, 1, 13, 0, 0, 0.0
79, 1, 14, 0, 0, 0.0
79, 1, 15, 0, 0, 0.0
79, 1, 16, 0, 0, 0.0
79, 1, 17, 0, 0, 0.0
79, 1, 18, 0, 0, 0.0
79, 1, 19, 0, 0, 0.0
79, 1, 20, 0, 0, 0.0
80, 0, 0, 0, 0, 0.0
80, 0, 1, 0, 0, 0.0
80, 0, 2, 0, 0, 0.0
80, 0, 3, 0, 0, 0.0
80, 0, 4, 0, 0, 0.0
80, 0, 5, 0, 0, 0.0
80, 0, 6, 0, 0, 0.0
80, 0, 7, 0, 0, 0.0
80, 0, 8, 0, 0, 0.0
80, 0, 9, 0, 0, 0.0
80, 0, 10, 0, 0, 0.0
80, 0, 11, 0, 0, 0.0
80, 0, 12, 0, 0, 0.0
80, 0, 13, 0, 0, 0.0
80, 0, 14, 0, 0, 0.0
80, 0, 15, 0, 0, 0.0
80, 0, 16, 0, 0, 0.0
80, 0, 17, 0, 0, 0.0
80, 0, 18, 0, 0, 0.0
80, 0, 19, 0, 0, 0.0
80, 0, 20, 0, 0, 0.0
80, 1, 0, 0, 0, 0.0
80, 1, 1, 0, 0, 0.0
80, 1, 2, 0, 0, 0.0
80, 1, 3, 0, 0, 0.0
80, 1, 4, 0, 0, 0.0
80, 1, 5, 0, 0, 0.0
80, 1, 6, 0, 0, 0.0
80, 1, 7, 0, 0, 0.0
80, 1, 8, 0, 0, 0.0
80, 1, 9, 0, 0, 0.0
80, 1, 10, 0, 0, 0.0
80, 1, 11, 0, 0, 0.0
80, 1, 12, 0, 0, 0.0
80, 1, 13, 0, 0, 0.0
80, 1, 14, 0, 0, 0.0
80, 1, 15, 0, 0, 0.0
80, 1, 16, 0, 0, 0.0
80, 1, 17, 0, 0, 0.0
80, 1, 18, 0, 0, 0.0
80, 1, 19, 0, 0, 0.0
80, 1, 20, 0, 0, 0.0
81, 0, 0, 0, 0, 0.0
81, 0, 1, 0, 0, 0.0
81, 0, 2, 0, 0, 0.0
81, 0, 3, 0, 0, 0.0
81, 0, 4, 0, 0, 0.0
81, 0, 5, 0, 0, 0.0
81, 0, 6, 0, 0, 0.0
81, 0, 7, 0, 0, 0.0
81, 0, 8, 0, 0, 0.0
81, 0, 9, 0, 0, 0.0
81, 0, 10, 0, 0, 0.0
81, 0, 11, 0, 0, 0.0
81, 0, 12, 0, 0, 0.0
81, 0, 13, 0, 0, 0.0
81, 0, 14, 0, 0, 0.0
81, 0, 15, 0, 0, 0.0
81, 0, 16, 0, 0, 0.0
81, 0, 17, 0, 0, 0.0
81, 0, 18, 0, 0, 0.0
81, 0, 19, 0, 0, 0.0
81, 0, 20, 0, 0, 0.0
81, 1, 0, 0, 0, 0.0
81, 1, 1, 0, 0, 0.0
81, 1, 2, 0, 0, 0.0
81, 1, 3, 0, 0, 0.0
81, 1, 4, 0, 0, 0.0
81, 1, 5, 0, 0, 0.0
81, 1, 6, 0, 0, 0.0
81, 1, 7, 0, 0, 0.0
81, 1, 8, 0, 0, 0.0
81, 1, 9, 0, 0, 0.0
81, 1, 10, 0, 0, 0.0
81, 1, 11, 0, 0, 0.0
81, 1, 12, 0, 0, 0.0
81, 1, 13, 0, 0, 0.0
81, 1, 14, 0, 0, 0.0
81, 1, 15, 0, 0, 0.0
81, 1, 16, 0, 0, 0.0
81, 1, 17, 0, 0, 0.0
81, 1, 18, 0, 0, 0.0
81, 1, 19, 0, 0, 0.0
81, 1, 20, 0, 0, 0.0
82, 0, 0, 0, 0, 0.0
82, 0, 1, 0, 0, 0.0
82, 0, 2, 0, 0, 0.0
82, 0, 3, 0, 0, 0.0
82, 0, 4, 0, 0, 0.0
82, 0, 5, 0, 0, 0.0
82, 0, 6, 0, 0, 0.0
82, 0, 7, 0, 0, 0.0
82, 0, 8, 0, 0, 0.0
82, 0, 9, 0, 0, 0.0
82, 0, 10, 0, 0, 0.0
82, 0, 11, 0, 0, 0.0
82, 0, 12, 0, 0, 0.0
82, 0, 13, 0, 0, 0.0
82, 0, 14, 0, 0, 0.0
82, 0, 15, 0, 0, 0.0
82, 0, 16, 0, 0, 0.0
82, 0, 17, 0, 0, 0.0
82, 0, 18, 0, 0, 0.0
82, 0, 19, 0, 0, 0.0
82, 0, 20, 0, 0, 0.0
82, 1, 0, 0, 0, 0.0
82, 1, 1, 0, 0, 0.0
82, 1, 2, 0, 0, 0.0
82, 1, 3, 0, 0, 0.0
82, 1, 4, 0, 0, 0.0
82, 1, 5, 0, 0, 0.0
82, 1, 6, 0, 0, 0.0
82, 1, 7, 0, 0, 0.0
82, 1, 8, 0, 0, 0.0
82, 1, 9, 0, 0, 0.0
82, 1, 10, 0, 0, 0.0
82, 1, 11, 0, 0, 0.0
82, 1, 12, 0, 0, 0.0
82, 1, 13, 0, 0, 0.0
82, 1, 14, 0, 0, 0.0
82, 1, 15, 0, 0, 0.0
82, 1, 16, 0, 0, 0.0
82, 1, 17, 0, 0, 0.0
82, 1, 18, 0, 0, 0.0
82, 1, 19, 0, 0, 0.0
82, 1, 20, 0, 0, 0.0
83, 0, 0, 0, 0, 0.0
83, 0, 1, 0, 0, 0.0
83, 0, 2, 0, 0, 0.0
83, 0, 3, 0, 0, 0.0
83, 0, 4, 0, 0, 0.0
83, 0, 5, 0, 0, 0.0
83, 0, 6, 0, 0, 0.0
83, 0, 7, 0, 0, 0.0
83, 0, 8, 0, 0, 0.0
83, 0, 9, 0, 0, 0.0
83, 0, 10, 0, 0, 0.0
83, 0, 11, 0, 0, 0.0
83, 0, 12, 0, 0, 0.0
83, 0, 13, 0, 0, 0.0
83, 0, 14, 0, 0, 0.0
83, 0, 15, 0, 0, 0.0
83, 0, 16, 0, 0, 0.0
83, 0, 17, 0, 0, 0.0
83, 0, 18, 0, 0, 0.0
83, 0, 19, 0, 0, 0.0
83, 0, 20, 0, 0, 0.0
83, 1, 0, 0, 0, 0.0
83, 1, 1, 0, 0, 0.0
83, 1, 2, 0, 0, 0.0
83, 1, 3, 0, 0, 0.0
83, 1, 4, 0, 0, 0.0
83, 1, 5, 0, 0, 0.0
83, 1, 6, 0, 0, 0.0
83, 1, 7, 0, 0, 0.0
83, 1, 8, 0, 0, 0.0
83, 1, 9, 0, 0, 0.0
83, 1, 10, 0, 0, 0.0
83, 1, 11, 0, 0, 0.0
83, 1, 12, 0, 0, 0.0
83, 1, 13, 0, 0, 0.0
83, 1, 14, 0, 0, 0.0
83, 1, 15, 0, 0, 0.0
83, 1, 16, 0, 0, 0.0
83, 1, 17, 0, 0, 0.0
83, 1, 18, 0, 0, 0.0
83, 1, 19, 0, 0, 0.0
83, 1, 20, 0, 0, 0.0
84, 0, 0, 0, 0, 0.0
84, 0, 1, 0, 0, 0.0
84, 0, 2, 0, 0, 0.0
84, 0, 3, 0, 0, 0.0
84, 0, 4, 0, 0, 0.0
84, 0, 5, 0, 0, 0.0
84, 0, 6, 0, 0, 0.0
84, 0, 7, 0, 0, 0.0
84, 0, 8, 0, 0, 0.0
84, 0, 9, 0, 0, 0.0
84, 0, 10, 0, 0, 0.0
84, 0, 11, 0, 0, 0.0
84, 0, 12, 0, 0, 0.0
84, 0, 13, 0, 0, 0.0
84, 0, 14, 0, 0, 0.0
84, 0, 15, 0, 0, 0.0
84, 0, 16, 0, 0, 0.0
84, 0, 17, 0, 0, 0.0
84, 0, 18, 0, 0, 0.0
84, 0, 19, 0, 0, 0.0
84, 0, 20, 0, 0, 0.0
84, 1, 0, 0, 0, 0.0
84, 1, 1, 0, 0, 0.0
84, 1, 2, 0, 0, 0.0
84, 1, 3, 0, 0, 0.0
84, 1, 4, 0, 0, 0.0
84, 1, 5, 0, 0, 0.0
84, 1, 6, 0, 0, 0.0
84, 1, 7, 0, 0, 0.0
84, 1, 8, 0, 0, 0.0
84, 1, 9, 0, 0, 0.0
84, 1, 10, 0, 0, 0.0
84, 1, 11, 0, 0, 0.0
84, 1, 12, 0, 0, 0.0
84, 1, 13, 0, 0, 0.0
84, 1, 14, 0, 0, 0.0
84, 1, 15, 0, 0, 0.0
84, 1, 16, 0, 0, 0.0
84, 1, 17, 0, 0, 0.0
84, 1, 18, 0, 0, 0.0
84, 1, 19, 0, 0, 0.0
84, 1, 20, 0, 0, 0.0
85, 0, 0, 0, 0, 0.0
85, 0, 1, 0, 0, 0.0
85, 0, 2, 0, 0, 0.0
85, 0, 3, 0, 0, 0.0
85, 0, 4, 0, 0, 0.0
85, 0, 5, 0, 0, 0.0
85, 0, 6, 0, 0, 0.0
85, 0, 7, 0, 0, 0.0
85, 0, 8, 0, 0, 0.0
85, 0, 9, 0, 0, 0.0
85, 0, 10, 0, 0, 0.0
85, 0, 11, 0, 0, 0.0
85, 0, 12, 0, 0, 0.0
85, 0, 13, 0, 0, 0.0
85, 0, 14, 0, 0, 0.0
85, 0, 15, 0, 0, 0.0
85, 0, 16, 0, 0, 0.0
85, 0, 17, 0, 0, 0.0
85, 0, 18, 0, 0, 0.0
85, 0, 19, 0, 0, 0.0
85, 0, 20, 0, 0, 0.0
85, 1, 0, 0, 0, 0.0
85, 1, 1, 0, 0, 0.0
85, 1, 2, 0, 0, 0.0
85, 1, 3, 0, 0, 0.0
85, 1, 4, 0, 0, 0.0
85, 1, 5, 0, 0, 0.0
85, 1, 6, 0, 0, 0.0
85, 1, 7, 0, 0, 0.0
85, 1, 8, 0, 0, 0.0
85, 1, 9, 0, 0, 0.0
85, 1, 10, 0, 0, 0.0
85, 1, 11, 0, 0, 0.0
85, 1, 12, 0, 0, 0.0
85, 1, 13, 0, 0, 0.0
85, 1, 14, 0, 0, 0.0
85, 1, 15, 0, 0, 0.0
85, 1, 16, 0, 0, 0.0
85, 1, 17, 0, 0, 0.0
85, 1, 18, 0, 0, 0.0
85, 1, 19, 0, 0, 0.0
85, 1, 20, 0, 0, 0.0
86, 0, 0, 0, 0, 0.0
86, 0, 1, 0, 0, 0.0
86, 0, 2, 0, 0, 0.0
86, 0, 3, 0, 0, 0.0
86, 0, 4, 0, 0, 0.0
86, 0, 5, 0, 0, 0.0
86, 0, 6, 0, 0, 0.0
86, 0, 7, 0, 0, 0.0
86, 0, 8, 0, 0, 0.0
86, 0, 9, 0, 0, 0.0
86, 0, 10, 0, 0, 0.0
86, 0, 11, 0, 0, 0.0
86, 0, 12, 0, 0, 0.0
86, 0, 13, 0, 0, 0.0
86, 0, 14, 0, 0, 0.0
86, 0, 15, 0, 0, 0.0
86, 0, 16, 0, 0, 0.0
86, 0, 17, 0, 0, 0.0
86, 0, 18, 0, 0, 0.0
86, 0, 19, 0, 0, 0.0
86, 0, 20, 0, 0, 0.0
86, 1, 0, 0, 0, 0.0
86, 1, 1, 0, 0, 0.0
86, 1, 2, 0, 0, 0.0
86, 1, 3, 0, 0, 0.0
86, 1, 4, 0, 0, 0.0
86, 1, 5, 0, 0, 0.0
86, 1, 6, 0, 0, 0.0
86, 1, 7, 0, 0, 0.0
86, 1, 8, 0, 0, 0.0
86, 1, 9, 0, 0, 0.0
86, 1, 10, 0, 0, 0.0
86, 1, 11, 0, 0, 0.0
86, 1, 12, 0, 0, 0.0
86, 1, 13, 0, 0, 0.0
86, 1, 14, 0, 0, 0.0
86, 1, 15, 0, 0, 0.0
86, 1, 16, 0, 0, 0.0
86, 1, 17, 0, 0, 0.0
86, 1, 18, 0, 0, 0.0
86, 1, 19, 0, 0, 0.0
86, 1, 20, 0, 0, 0.0
87, 0, 0, 0, 0, 0.0
87, 0, 1, 0, 0, 0.0
87, 0, 2, 0, 0, 0.0
87, 0, 3, 0, 0, 0.0
87, 0, 4, 0, 0, 0.0
87, 0, 5, 0, 0, 0.0
87, 0, 6, 0, 0, 0.0
87, 0, 7, 0, 0, 0.0
87, 0, 8, 0, 0, 0.0
87, 0, 9, 0, 0, 0.0
87, 0, 10, 0, 0, 0.0
87, 0, 11, 0, 0, 0.0
87, 0, 12, 0, 0, 0.0
87, 0, 13, 0, 0, 0.0
87, 0, 14, 0, 0, 0.0
87, 0, 15, 0, 0, 0.0
87, 0, 16, 0, 0, 0.0
87, 0, 17, 0, 0, 0.0
87, 0, 18, 0, 0, 0.0
87, 0, 19, 0, 0, 0.0
87, 0, 20, 0, 0, 0.0
87, 1, 0, 0, 0, 0.0
87, 1, 1, 0, 0, 0.0
87, 1, 2, 0, 0, 0.0
87, 1, 3, 0, 0, 0.0
87, 1, 4, 0, 0, 0.0
87, 1, 5, 0, 0, 0.0
87, 1, 6, 0, 0, 0.0
87, 1, 7, 0, 0, 0.0
87, 1, 8, 0, 0, 0.0
87, 1, 9, 0, 0, 0.0
87, 1, 10, 0, 0, 0.0
87, 1, 11, 0, 0, 0.0
87, 1, 12, 0, 0, 0.0
87, 1, 13, 0, 0, 0.0
87, 1, 14, 0, 0, 0.0
87, 1, 15, 0, 0, 0.0
87, 1, 16, 0, 0, 0.0
87, 1, 17, 0, 0, 0.0
87, 1, 18, 0, 0, 0.0
87, 1, 19, 0, 0, 0.0
87, 1, 20, 0, 0, 0.0
88, 0, 0, 0, 0, 0.0
88, 0, 1, 0, 0, 0.0
88, 0, 2, 0, 0, 0.0
88, 0, 3, 0, 0, 0.0
88, 0, 4, 0, 0, 0.0
88, 0, 5, 0, 0, 0.0
88, 0, 6, 0, 0, 0.0
88, 0, 7, 0, 0, 0.0
88, 0, 8, 0, 0, 0.0
88, 0, 9, 0, 0, 0.0
88, 0, 10, 0, 0, 0.0
88, 0, 11, 0, 0, 0.0
88, 0, 12, 0, 0, 0.0
88, 0, 13, 0, 0, 0.0
88, 0, 14, 0, 0, 0.0
88, 0, 15, 0, 0, 0.0
88, 0, 16, 0, 0, 0.0
88, 0, 17, 0, 0, 0.0
88, 0, 18, 0, 0, 0.0
88, 0, 19, 0, 0, 0.0
88, 0, 20, 0, 0, 0.0
88, 1, 0, 0, 0, 0.0
88, 1, 1, 0, 0, 0.0
88, 1, 2, 0, 0, 0.0
88, 1, 3, 0, 0, 0.0
88, 1, 4, 0, 0, 0.0
88, 1, 5, 0, 0, 0.0
88, 1, 6, 0, 0, 0.0
88, 1, 7, 0, 0, 0.0
88, 1, 8, 0, 0, 0.0
88, 1, 9, 0, 0, 0.0
88, 1, 10, 0, 0, 0.0
88, 1, 11, 0, 0, 0.0
88, 1, 12, 0, 0, 0.0
88, 1, 13, 0, 0, 0.0
88, 1, 14, 0, 0, 0.0
88, 1, 15, 0, 0, 0.0
88, 1, 16, 0, 0, 0.0
88, 1, 17, 0, 0, 0.0
88, 1, 18, 0, 0, 0.0
88, 1, 19, 0, 0, 0.0
88, 1, 20, 0, 0, 0.0
89, 0, 0, 0, 0, 0.0
89, 0, 1, 0, 0, 0.0
89, 0, 2, 0, 0, 0.0
89, 0, 3, 0, 0, 0.0
89, 0, 4, 0, 0, 0.0
89, 0, 5, 0, 0, 0.0
89, 0, 6, 0, 0, 0.0
89, 0, 7, 0, 0, 0.0
89, 0, 8, 0, 0, 0.0
89, 0, 9, 0, 0, 0.0
89, 0, 10, 0, 0, 0.0
89, 0, 11, 0, 0, 0.0
89, 0, 12, 0, 0, 0.0
89, 0, 13, 0, 0, 0.0
89, 0, 14, 0, 0, 0.0
89, 0, 15, 0, 0, 0.0
89, 0, 16, 0, 0, 0.0
89, 0, 17, 0, 0, 0.0
89, 0, 18, 0, 0, 0.0
89, 0, 19, 0, 0, 0.0
89, 0, 20, 0, 0, 0.0
89, 1, 0, 0, 0, 0.0
89, 1, 1, 0, 0, 0.0
89, 1, 2, 0, 0, 0.0
89, 1, 3, 0, 0, 0.0
89, 1, 4, 0, 0, 0.0
89, 1, 5, 0, 0, 0.0
89, 1, 6, 0, 0, 0.0
89, 1, 7, 0, 0, 0.0
89, 1, 8, 0, 0, 0.0
89, 1, 9, 0, 0, 0.0
89, 1, 10, 0, 0, 0.0
89, 1, 11, 0, 0, 0.0
89, 1, 12, 0, 0, 0.0
89, 1, 13, 0, 0, 0.0
89, 1, 14, 0, 0, 0.0
89, 1, 15, 0, 0, 0.0
89, 1, 16, 0, 0, 0.0
89, 1, 17, 0, 0, 0.0
89, 1, 18, 0, 0, 0.0
89, 1, 19, 0, 0, 0.0
89, 1, 20, 0, 0, 0.0
90, 0, 0, 0, 0, 0.0
90, 0, 1, 0, 0, 0.0
90, 0, 2, 0, 0, 0.0
90, 0, 3, 0, 0, 0.0
90, 0, 4, 0, 0, 0.0
90, 0, 5, 0, 0, 0.0
90, 0, 6, 0, 0, 0.0
90, 0, 7, 0, 0, 0.0
90, 0, 8, 0, 0, 0.0
90, 0, 9, 0, 0, 0.0
90, 0, 10, 0, 0, 0.0
90, 0, 11, 0, 0, 0.0
90, 0, 12, 0, 0, 0.0
90, 0, 13, 0, 0, 0.0
90, 0, 14, 0, 0, 0.0
90, 0, 15, 0, 0, 0.0
90, 0, 16, 0, 0, 0.0
90, 0, 17, 0, 0, 0.0
90, 0, 18, 0, 0, 0.0
90, 0, 19, 0, 0, 0.0
90, 0, 20, 0, 0, 0.0
90, 1, 0, 0, 0, 0.0
90, 1, 1, 0, 0, 0.0
90, 1, 2, 0, 0, 0.0
90, 1, 3, 0, 0, 0.0
90, 1, 4, 0, 0, 0.0
90, 1, 5, 0, 0, 0.0
90, 1, 6, 0, 0, 0.0
90, 1, 7, 0, 0, 0.0
90, 1, 8, 0, 0, 0.0
90, 1, 9, 0, 0, 0.0
90, 1, 10, 0, 0, 0.0
90, 1, 11, 0, 0, 0.0
90, 1, 12, 0, 0, 0.0
90, 1, 13, 0, 0, 0.0
90, 1, 14, 0, 0, 0.0
90, 1, 15, 0, 0, 0.0
90, 1, 16, 0, 0, 0.0
90, 1, 17, 0, 0, 0.0
90, 1, 18, 0, 0, 0.0
90, 1, 19, 0, 0, 0.0
90, 1, 20, 0, 0, 0.0
91, 0, 0, 0, 0, 0.0
91, 0, 1, 0, 0, 0.0
91, 0, 2, 0, 0, 0.0
91, 0, 3, 0, 0, 0.0
91, 0, 4, 0, 0, 0.0
91, 0, 5, 0, 0, 0.0
91, 0, 6, 0, 0, 0.0
91, 0, 7, 0, 0, 0.0
91, 0, 8, 0, 0, 0.0
91, 0, 9, 0, 0, 0.0
91, 0, 10, 0, 0, 0.0
91, 0, 11, 0, 0, 0.0
91, 0, 12, 0, 0, 0.0
91, 0, 13, 0, 0, 0.0
91, 0, 14, 0, 0, 0.0
91, 0, 15, 0, 0, 0.0
91, 0, 16, 0, 0, 0.0
91, 0, 17, 0, 0, 0.0
91, 0, 18, 0, 0, 0.0
91, 0, 19, 0, 0, 0.0
91, 0, 20, 0, 0, 0.0
91, 1, 0, 0, 0, 0.0
91, 1, 1, 0, 0, 0.0
91, 1, 2, 0, 0, 0.0
91, 1, 3, 0, 0, 0.0
91, 1, 4, 0, 0, 0.0
91, 1, 5, 0, 0, 0.0
91, 1, 6, 0, 0, 0.0
91, 1, 7, 0, 0, 0.0
91, 1, 8, 0, 0, 0.0
91, 1, 9, 0, 0, 0.0
91, 1, 10, 0, 0, 0.0
91, 1, 11, 0, 0, 0.0
91, 1, 12, 0, 0, 0.0
91, 1, 13, 0, 0, 0.0
91, 1, 14, 0, 0, 0.0
91, 1, 15, 0, 0, 0.0
91, 1, 16, 0, 0, 0.0
91, 1, 17, 0, 0, 0.0
91, 1, 18, 0, 0, 0.0
91, 1, 19, 0, 0, 0.0
91, 1, 20, 0, 0, 0.0
92, 0, 0, 0, 0, 0.0
92, 0, 1, 0, 0, 0.0
92, 0, 2, 0, 0, 0.0
92, 0, 3, 0, 0, 0.0
92, 0, 4, 0, 0, 0.0
92, 0, 5, 0, 0, 0.0
92, 0, 6, 0, 0, 0.0
92, 0, 7, 0, 0, 0.0
92, 0, 8, 0, 0, 0.0
92, 0, 9, 0, 0, 0.0
92, 0, 10, 0, 0, 0.0
92, 0, 11, 0, 0, 0.0
92, 0, 12, 0, 0, 0.0
92, 0, 13, 0, 0, 0.0
92, 0, 14, 0, 0, 0.0
92, 0, 15, 0, 0, 0.0
92, 0, 16, 0, 0, 0.0
92, 0, 17, 0, 0, 0.0
92, 0, 18, 0, 0, 0.0
92, 0, 19, 0, 0, 0.0
92, 0, 20, 0, 0, 0.0
92, 1, 0, 0, 0, 0.0
92, 1, 1, 0, 0, 0.0
92, 1, 2, 0, 0, 0.0
92, 1, 3, 0, 0, 0.0
92, 1, 4, 0, 0, 0.0
92, 1, 5, 0, 0, 0.0
92, 1, 6, 0, 0, 0.0
92, 1, 7, 0, 0, 0.0
92, 1, 8, 0, 0, 0.0
92, 1, 9, 0, 0, 0.0
92, 1, 10, 0, 0, 0.0
92, 1, 11, 0, 0, 0.0
92, 1, 12, 0, 0, 0.0
92, 1, 13, 0, 0, 0.0
92, 1, 14, 0, 0, 0.0
92, 1, 15, 0, 0, 0.0
92, 1, 16, 0, 0, 0.0
92, 1, 17, 0, 0, 0.0
92, 1, 18, 0, 0, 0.0
92, 1, 19, 0, 0, 0.0
92, 1, 20, 0, 0, 0.0
93, 0, 0, 0, 0, 0.0
93, 0, 1, 0, 0, 0.0
93, 0, 2, 0, 0, 0.0
93, 0, 3, 0, 0, 0.0
93, 0, 4, 0, 0, 0.0
93, 0, 5, 0, 0, 0.0
93, 0, 6, 0, 0, 0.0
93, 0, 7, 0, 0, 0.0
93, 0, 8, 0, 0, 0.0
93, 0, 9, 0, 0, 0.0
93, 0, 10, 0, 0, 0.0
93, 0, 11, 0, 0, 0.0
93, 0, 12, 0, 0, 0.0
93, 0, 13, 0, 0, 0.0
93, 0, 14, 0, 0, 0.0
93, 0, 15, 0, 0, 0.0
93, 0, 16, 0, 0, 0.0
93, 0, 17, 0, 0, 0.0
93, 0, 18, 0, 0, 0.0
93, 0, 19, 0, 0, 0.0
93, 0, 20, 0, 0, 0.0
93, 1, 0, 0, 0, 0.0
93, 1, 1, 0, 0, 0.0
93, 1, 2, 0, 0, 0.0
93, 1, 3, 0, 0, 0.0
93, 1, 4, 0, 0, 0.0
93, 1, 5, 0, 0, 0.0
93, 1, 6, 0, 0, 0.0
93, 1, 7, 0, 0, 0.0
93, 1, 8, 0, 0, 0.0
93, 1, 9, 0, 0, 0.0
93, 1, 10, 0, 0, 0.0
93, 1, 11, 0, 0, 0.0
93, 1, 12, 0, 0, 0.0
93, 1, 13, 0, 0, 0.0
93, 1, 14, 0, 0, 0.0
93, 1, 15, 0, 0, 0.0
93, 1, 16, 0, 0, 0.0
93, 1, 17, 0, 0, 0.0
93, 1, 18, 0, 0, 0.0
93, 1, 19, 0, 0, 0.0
93, 1, 20, 0, 0, 0.0
94, 0, 0, 0, 0, 0.0
94, 0, 1, 0, 0, 0.0
94, 0, 2, 0, 0, 0.0
94, 0, 3, 0, 0, 0.0
94, 0, 4, 0, 0, 0.0
94, 0, 5, 0, 0, 0.0
94, 0, 6, 0, 0, 0.0
94, 0, 7, 0, 0, 0.0
94, 0, 8, 0, 0, 0.0
94, 0, 9, 0, 0, 0.0
94, 0, 10, 0, 0, 0.0
94, 0, 11, 0, 0, 0.0
94, 0, 12, 0, 0, 0.0
94, 0, 13, 0, 0, 0.0
94, 0, 14, 0, 0, 0.0
94, 0, 15, 0, 0, 0.0
94, 0, 16, 0, 0, 0.0
94, 0, 17, 0, 0, 0.0
94, 0, 18, 0, 0, 0.0
94, 0, 19, 0, 0, 0.0
94, 0, 20, 0, 0, 0.0
94, 1, 0, 0, 0, 0.0
94, 1, 1, 0, 0, 0.0
94, 1, 2, 0, 0, 0.0
94, 1, 3, 0, 0, 0.0
94, 1, 4, 0, 0, 0.0
94, 1, 5, 0, 0, 0.0
94, 1, 6, 0, 0, 0.0
94, 1, 7, 0, 0, 0.0
94, 1, 8, 0, 0, 0.0
94, 1, 9, 0, 0, 0.0
94, 1, 10, 0, 0, 0.0
94, 1, 11, 0, 0, 0.0
94, 1, 12, 0, 0, 0.0
94, 1, 13, 0, 0, 0.0
94, 1, 14, 0, 0, 0.0
94, 1, 15, 0, 0, 0.0
94, 1, 16, 0, 0, 0.0
94, 1, 17, 0, 0, 0.0
94, 1, 18, 0, 0, 0.0
94, 1, 19, 0, 0, 0.0
94, 1, 20, 0, 0, 0.0
95, 0, 0, 0, 0, 0.0
95, 0, 1, 0, 0, 0.0
95, 0, 2, 0, 0, 0.0
95, 0, 3, 0, 0, 0.0
95, 0, 4, 0, 0, 0.0
95, 0, 5, 0, 0, 0.0
95, 0, 6, 0, 0, 0.0
95, 0, 7, 0, 0, 0.0
95, 0, 8, 0, 0, 0.0
95, 0, 9, 0, 0, 0.0
95, 0, 10, 0, 0, 0.0
95, 0, 11, 0, 0, 0.0
95, 0, 12, 0, 0, 0.0
95, 0, 13, 0, 0, 0.0
95, 0, 14, 0, 0, 0.0
95, 0, 15, 0, 0, 0.0
95, 0, 16, 0, 0, 0.0
95, 0, 17, 0, 0, 0.0
95, 0, 18, 0, 0, 0.0
95, 0, 19, 0, 0, 0.0
95, 0, 20, 0, 0, 0.0
95, 1, 0, 0, 0, 0.0
95, 1, 1, 0, 0, 0.0
95, 1, 2, 0, 0, 0.0
95, 1, 3, 0, 0, 0.0
95, 1, 4, 0, 0, 0.0
95, 1, 5, 0, 0, 0.0
95, 1, 6, 0, 0, 0.0
95, 1, 7, 0, 0, 0.0
95, 1, 8, 0, 0, 0.0
95, 1, 9, 0, 0, 0.0
95, 1, 10, 0, 0, 0.0
95, 1, 11, 0, 0, 0.0
95, 1, 12, 0, 0, 0.0
95, 1, 13, 0, 0, 0.0
95, 1, 14, 0, 0, 0.0
95, 1, 15, 0, 0, 0.0
95, 1, 16, 0, 0, 0.0
95, 1, 17, 0, 0, 0.0
95, 1, 18, 0, 0, 0.0
95, 1, 19, 0, 0, 0.0
95, 1, 20, 0, 0, 0.0
96, 0, 0, 0, 0, 0.0
96, 0, 1, 0, 0, 0.0
96, 0, 2, 0, 0, 0.0
96, 0, 3, 0, 0, 0.0
96, 0, 4, 0, 0, 0.0
96, 0, 5, 0, 0, 0.0
96, 0, 6, 0, 0, 0.0
96, 0, 7, 0, 0, 0.0
96, 0, 8, 0, 0, 0.0
96, 0, 9, 0, 0, 0.0
96, 0, 10, 0, 0, 0.0
96, 0, 11, 0, 0, 0.0
96, 0, 12, 0, 0, 0.0
96, 0, 13, 0, 0, 0.0
96, 0, 14, 0, 0, 0.0
96, 0, 15, 0, 0, 0.0
96, 0, 16, 0, 0, 0.0
96, 0, 17, 0, 0, 0.0
96, 0, 18, 0, 0, 0.0
96, 0, 19, 0, 0, 0.0
96, 0, 20, 0, 0, 0.0
96, 1, 0, 0, 0, 0.0
96, 1, 1, 0, 0, 0.0
96, 1, 2, 0, 0, 0.0
96, 1, 3, 0, 0, 0.0
96, 1, 4, 0, 0, 0.0
96, 1, 5, 0, 0, 0.0
96, 1, 6, 0, 0, 0.0
96, 1, 7, 0, 0, 0.0
96, 1, 8, 0, 0, 0.0
96, 1, 9, 0, 0, 0.0
96, 1, 10, 0, 0, 0.0
96, 1, 11, 0, 0, 0.0
96, 1, 12, 0, 0, 0.0
96, 1, 13, 0, 0, 0.0
96, 1, 14, 0, 0, 0.0
96, 1, 15, 0, 0, 0.0
96, 1, 16, 0, 0, 0.0
96, 1, 17, 0, 0, 0.0
96, 1, 18, 0, 0, 0.0
96, 1, 19, 0, 0, 0.0
96, 1, 20, 0, 0, 0.0
97, 0, 0, 0, 0, 0.0
97, 0, 1, 0, 0, 0.0
97, 0, 2, 0, 0, 0.0
97, 0, 3, 0, 0, 0.0
97, 0, 4, 0, 0, 0.0
97, 0, 5, 0, 0, 0.0
97, 0, 6, 0, 0, 0.0
97, 0, 7, 0, 0, 0.0
97, 0, 8, 0, 0, 0.0
97, 0, 9, 0, 0, 0.0
97, 0, 10, 0, 0, 0.0
97, 0, 11, 0, 0, 0.0
97, 0, 12, 0, 0, 0.0
97, 0, 13, 0, 0, 0.0
97, 0, 14, 0, 0, 0.0
97, 0, 15, 0, 0, 0.0
97, 0, 16, 0, 0, 0.0
97, 0, 17, 0, 0, 0.0
97, 0, 18, 0, 0, 0.0
97, 0, 19, 0, 0, 0.0
97, 0, 20, 0, 0, 0.0
97, 1, 0, 0, 0, 0.0
97, 1, 1, 0, 0, 0.0
97, 1, 2, 0, 0, 0.0
97, 1, 3, 0, 0, 0.0
97, 1, 4, 0, 0, 0.0
97, 1, 5, 0, 0, 0.0
97, 1, 6, 0, 0, 0.0
97, 1, 7, 0, 0, 0.0
97, 1, 8, 0, 0, 0.0
97, 1, 9, 0, 0, 0.0
97, 1, 10, 0, 0, 0.0
97, 1, 11, 0, 0, 0.0
97, 1, 12, 0, 0, 0.0
97, 1, 13, 0, 0, 0.0
97, 1, 14, 0, 0, 0.0
97, 1, 15, 0, 0, 0.0
97, 1, 16, 0, 0, 0.0
97, 1, 17, 0, 0, 0.0
97, 1, 18, 0, 0, 0.0
97, 1, 19, 0, 0, 0.0
97, 1, 20, 0, 0, 0.0
98, 0, 0, 0, 0, 0.0
98, 0, 1, 0, 0, 0.0
98, 0, 2, 0, 0, 0.0
98, 0, 3, 0, 0, 0.0
98, 0, 4, 0, 0, 0.0
98, 0, 5, 0, 0, 0.0
98, 0, 6, 0, 0, 0.0
98, 0, 7, 0, 0, 0.0
98, 0, 8, 0, 0, 0.0
98, 0, 9, 0, 0, 0.0
98, 0, 10, 0, 0, 0.0
98, 0, 11, 0, 0, 0.0
98, 0, 12, 0, 0, 0.0
98, 0, 13, 0, 0, 0.0
98, 0, 14, 0, 0, 0.0
98, 0, 15, 0, 0, 0.0
98, 0, 16, 0, 0, 0.0
98, 0, 17, 0, 0, 0.0
98, 0, 18, 0, 0, 0.0
98, 0, 19, 0, 0, 0.0
98, 0, 20, 0, 0, 0.0
98, 1, 0, 0, 0, 0.0
98, 1, 1, 0, 0, 0.0
98, 1, 2, 0, 0, 0.0
98, 1, 3, 0, 0, 0.0
98, 1, 4, 0, 0, 0.0
98, 1, 5, 0, 0, 0.0
98, 1, 6, 0, 0, 0.0
98, 1, 7, 0, 0, 0.0
98, 1, 8, 0, 0, 0.0
98, 1, 9, 0, 0, 0.0
98, 1, 10, 0, 0, 0.0
98, 1, 11, 0, 0, 0.0
98, 1, 12, 0, 0, 0.0
98, 1, 13, 0, 0, 0.0
98, 1, 14, 0, 0, 0.0
98, 1, 15, 0, 0, 0.0
98, 1, 16, 0, 0, 0.0
98, 1, 17, 0, 0, 0.0
98, 1, 18, 0, 0, 0.0
98, 1, 19, 0, 0, 0.0
98, 1, 20, 0, 0, 0.0
99, 0, 0, 0, 0, 0.0
99, 0, 1, 0, 0, 0.0
99, 0, 2, 0, 0, 0.0
99, 0, 3, 0, 0, 0.0
99, 0, 4, 0, 0, 0.0
99, 0, 5, 0, 0, 0.0
99, 0, 6, 0, 0, 0.0
99, 0, 7, 0, 0, 0.0
99, 0, 8, 0, 0, 0.0
99, 0, 9, 0, 0, 0.0
99, 0, 10, 0, 0, 0.0
99, 0, 11, 0, 0, 0.0
99, 0, 12, 0, 0, 0.0
99, 0, 13, 0, 0, 0.0
99, 0, 14, 0, 0, 0.0
99, 0, 15, 0, 0, 0.0
99, 0, 16, 0, 0, 0.0
99, 0, 17, 0, 0, 0.0
99, 0, 18, 0, 0, 0.0
99, 0, 19, 0, 0, 0.0
99, 0, 20, 0, 0, 0.0
99, 1, 0, 0, 0, 0.0
99, 1, 1, 0, 0, 0.0
99, 1, 2, 0, 0, 0.0
99, 1, 3, 0, 0, 0.0
99, 1, 4, 0, 0, 0.0
99, 1, 5, 0, 0, 0.0
99, 1, 6, 0, 0, 0.0
99, 1, 7, 0, 0, 0.0
99, 1, 8, 0, 0, 0.0
99, 1, 9, 0, 0, 0.0
99, 1, 10, 0, 0, 0.0
99, 1, 11, 0, 0, 0.0
99, 1, 12, 0, 0, 0.0
99, 1, 13, 0, 0, 0.0
99, 1, 14, 0, 0, 0.0
99, 1, 15, 0, 0, 0.0
99, 1, 16, 0, 0, 0.0
99, 1, 17, 0, 0, 0.0
99, 1, 18, 0, 0, 0.0
99, 1, 19, 0, 0, 0.0
99, 1, 20, 0, 0, 0.0
100, 0, 0, 0, 0, 0.0
100, 0, 1, 0, 0, 0.0
100, 0, 2, 0, 0, 0.0
100, 0, 3, 0, 0, 0.0
100, 0, 4, 0, 0, 0.0
100, 0, 5, 0, 0, 0.0
100, 0, 6, 0, 0, 0.0
100, 0, 7, 0, 0, 0.0
100, 0, 8, 0, 0, 0.0
100, 0, 9, 0, 0, 0.0
100, 0, 10, 0, 0, 0.0
100, 0, 11, 0, 0, 0.0
100, 0, 12, 0, 0, 0.0
100, 0, 13, 0, 0, 0.0
100, 0, 14, 0, 0, 0.0
100, 0, 15, 0, 0, 0.0
100, 0, 16, 0, 0, 0.0
100, 0, 17, 0, 0, 0.0
100, 0, 18, 0, 0, 0.0
100, 0, 19, 0, 0, 0.0
100, 0, 20, 0, 0, 0.0
100, 1, 0, 0, 0, 0.0
100, 1, 1, 0, 0, 0.0
100, 1, 2, 0, 0, 0.0
100, 1, 3, 0, 0, 0.0
100, 1, 4, 0, 0, 0.0
100, 1, 5, 0, 0, 0.0
100, 1, 6, 0, 0, 0.0
100, 1, 7, 0, 0, 0.0
100, 1, 8, 0, 0, 0.0
100, 1, 9, 0, 0, 0.0
100, 1, 10, 0, 0, 0.0
100, 1, 11, 0, 0, 0.0
100, 1, 12, 0, 0, 0.0
100, 1, 13, 0, 0, 0.0
100, 1, 14, 0, 0, 0.0
100, 1, 15, 0, 0, 0.0
100, 1, 16, 0, 0, 0.0
100, 1, 17, 0, 0, 0.0
100, 1, 18, 0, 0, 0.0
100, 1, 19, 0, 0, 0.0
100, 1, 20, 0, 0, 0.0
101, 0, 0, 0, 0, 0.0
101, 0, 1, 0, 0, 0.0
101, 0, 2, 0, 0, 0.0
101, 0, 3, 0, 0, 0.0
101, 0, 4, 0, 0, 0.0
101, 0, 5, 0, 0, 0.0
101, 0, 6, 0, 0, 0.0
101, 0, 7, 0, 0, 0.0
101, 0, 8, 0, 0, 0.0
101, 0, 9, 0, 0, 0.0
101, 0, 10, 0, 0, 0.0
101, 0, 11, 0, 0, 0.0
101, 0, 12, 0, 0, 0.0
101, 0, 13, 0, 0, 0.0
101, 0, 14, 0, 0, 0.0
101, 0, 15, 0, 0, 0.0
101, 0, 16, 0, 0, 0.0
101, 0, 17, 0, 0, 0.0
101, 0, 18, 0, 0, 0.0
101, 0, 19, 0, 0, 0.0
101, 0, 20, 0, 0, 0.0
101, 1, 0, 0, 0, 0.0
101, 1, 1, 0, 0, 0.0
101, 1, 2, 0, 0, 0.0
101, 1, 3, 0, 0, 0.0
101, 1, 4, 0, 0, 0.0
101, 1, 5, 0, 0, 0.0
101, 1, 6, 0, 0, 0.0
101, 1, 7, 0, 0, 0.0
101, 1, 8, 0, 0, 0.0
101, 1, 9, 0, 0, 0.0
101, 1, 10, 0, 0, 0.0
101, 1, 11, 0, 0, 0.0
101, 1, 12, 0, 0, 0.0
101, 1, 13, 0, 0, 0.0
101, 1, 14, 0, 0, 0.0
101, 1, 15, 0, 0, 0.0
101, 1, 16, 0, 0, 0.0
101, 1, 17, 0, 0, 0.0
101, 1, 18, 0, 0, 0.0
101, 1, 19, 0, 0, 0.0
101, 1, 20, 0, 0, 0.0
102, 0, 0, 0, 0, 0.0
102, 0, 1, 0, 0, 0.0
102, 0, 2, 0, 0, 0.0
102, 0, 3, 0, 0, 0.0
102, 0, 4, 0, 0, 0.0
102, 0, 5, 0, 0, 0.0
102, 0, 6, 0, 0, 0.0
102, 0, 7, 0, 0, 0.0
102, 0, 8, 0, 0, 0.0
102, 0, 9, 0, 0, 0.0
102, 0, 10, 0, 0, 0.0
102, 0, 11, 0, 0, 0.0
102, 0, 12, 0, 0, 0.0
102, 0, 13, 0, 0, 0.0
102, 0, 14, 0, 0, 0.0
102, 0, 15, 0, 0, 0.0
102, 0, 16, 0, 0, 0.0
102, 0, 17, 0, 0, 0.0
102, 0, 18, 0, 0, 0.0
102, 0, 19, 0, 0, 0.0
102, 0, 20, 0, 0, 0.0
102, 1, 0, 0, 0, 0.0
102, 1, 1, 0, 0, 0.0
102, 1, 2, 0, 0, 0.0
102, 1, 3, 0, 0, 0.0
102, 1, 4, 0, 0, 0.0
102, 1, 5, 0, 0, 0.0
102, 1, 6, 0, 0, 0.0
102, 1, 7, 0, 0, 0.0
102, 1, 8, 0, 0, 0.0
102, 1, 9, 0, 0, 0.0
102, 1, 10, 0, 0, 0.0
102, 1, 11, 0, 0, 0.0
102, 1, 12, 0, 0, 0.0
102, 1, 13, 0, 0, 0.0
102, 1, 14, 0, 0, 0.0
102, 1, 15, 0, 0, 0.0
102, 1, 16, 0, 0, 0.0
102, 1, 17, 0, 0, 0.0
102, 1, 18, 0, 0, 0.0
102, 1, 19, 0, 0, 0.0
102, 1, 20, 0, 0, 0.0
103, 0, 0, 0, 0, 0.0
103, 0, 1, 0, 0, 0.0
103, 0, 2, 0, 0, 0.0
103, 0, 3, 0, 0, 0.0
103, 0, 4, 0, 0, 0.0
103, 0, 5, 0, 0, 0.0
103, 0, 6, 0, 0, 0.0
103, 0, 7, 0, 0, 0.0
103, 0, 8, 0, 0, 0.0
103, 0, 9, 0, 0, 0.0
103, 0, 10, 0, 0, 0.0
103, 0, 11, 0, 0, 0.0
103, 0, 12, 0, 0, 0.0
103, 0, 13, 0, 0, 0.0
103, 0, 14, 0, 0, 0.0
103, 0, 15, 0, 0, 0.0
103, 0, 16, 0, 0, 0.0
103, 0, 17, 0, 0, 0.0
103, 0, 18, 0, 0, 0.0
103, 0, 19, 0, 0, 0.0
103, 0, 20, 0, 0, 0.0
103, 1, 0, 0, 0, 0.0
103, 1, 1, 0, 0, 0.0
103, 1, 2, 0, 0, 0.0
103, 1, 3, 0, 0, 0.0
103, 1, 4, 0, 0, 0.0
103, 1, 5, 0, 0, 0.0
103, 1, 6, 0, 0, 0.0
103, 1, 7, 0, 0, 0.0
103, 1, 8, 0, 0, 0.0
103, 1, 9, 0, 0, 0.0
103, 1, 10, 0, 0, 0.0
103, 1, 11, 0, 0, 0.0
103, 1, 12, 0, 0, 0.0
103, 1, 13, 0, 0, 0.0
103, 1, 14, 0, 0, 0.0
103, 1, 15, 0, 0, 0.0
103, 1, 16, 0, 0, 0.0
103, 1, 17, 0, 0, 0.0
103, 1, 18, 0, 0, 0.0
103, 1, 19, 0, 0, 0.0
103, 1, 20, 0, 0, 0.0
104, 0, 0, 0, 0, 0.0
104, 0, 1, 0, 0, 0.0
104, 0, 2, 0, 0, 0.0
104, 0, 3, 0, 0, 0.0
104, 0, 4, 0, 0, 0.0
104, 0, 5, 0, 0, 0.0
104, 0, 6, 0, 0, 0.0
104, 0, 7, 0, 0, 0.0
104, 0, 8, 0, 0, 0.0
104, 0, 9, 0, 0, 0.0
104, 0, 10, 0, 0, 0.0
104, 0, 11, 0, 0, 0.0
104, 0, 12, 0, 0, 0.0
104, 0, 13, 0, 0, 0.0
104, 0, 14, 0, 0, 0.0
104, 0, 15, 0, 0, 0.0
104, 0, 16, 0, 0, 0.0
104, 0, 17, 0, 0, 0.0
104, 0, 18, 0, 0, 0.0
104, 0, 19, 0, 0, 0.0
104, 0, 20, 0, 0, 0.0
104, 1, 0, 0, 0, 0.0
104, 1, 1, 0, 0, 0.0
104, 1, 2, 0, 0, 0.0
104, 1, 3, 0, 0, 0.0
104, 1, 4, 0, 0, 0.0
104, 1, 5, 0, 0, 0.0
104, 1, 6, 0, 0, 0.0
104, 1, 7, 0, 0, 0.0
104, 1, 8, 0, 0, 0.0
104, 1, 9, 0, 0, 0.0
104, 1, 10, 0, 0, 0.0
104, 1, 11, 0, 0, 0.0
104, 1, 12, 0, 0, 0.0
104, 1, 13, 0, 0, 0.0
104, 1, 14, 0, 0, 0.0
104, 1, 15, 0, 0, 0.0
104, 1, 16, 0, 0, 0.0
104, 1, 17, 0, 0, 0.0
104, 1, 18, 0, 0, 0.0
104, 1, 19, 0, 0, 0.0
104, 1, 20, 0, 0, 0.0
105, 0, 0, 0, 0, 0.0
105, 0, 1, 0, 0, 0.0
105, 0, 2, 0, 0, 0.0
105, 0, 3, 0, 0, 0.0
105, 0, 4, 0, 0, 0.0
105, 0, 5, 0, 0, 0.0
105, 0, 6, 0, 0, 0.0
105, 0, 7, 0, 0, 0.0
105, 0, 8, 0, 0, 0.0
105, 0, 9, 0, 0, 0.0
105, 0, 10, 0, 0, 0.0
105, 0, 11, 0, 0, 0.0
105, 0, 12, 0, 0, 0.0
105, 0, 13, 0, 0, 0.0
105, 0, 14, 0, 0, 0.0
105, 0, 15, 0, 0, 0.0
105, 0, 16, 0, 0, 0.0
105, 0, 17, 0, 0, 0.0
105, 0, 18, 0, 0, 0.0
105, 0, 19, 0, 0, 0.0
105, 0, 20, 0, 0, 0.0
105, 1, 0, 0, 0, 0.0
105, 1, 1, 0, 0, 0.0
105, 1, 2, 0, 0, 0.0
105, 1, 3, 0, 0, 0.0
105, 1, 4, 0, 0, 0.0
105, 1, 5, 0, 0, 0.0
105, 1, 6, 0, 0, 0.0
105, 1, 7, 0, 0, 0.0
105, 1, 8, 0, 0, 0.0
105, 1, 9, 0, 0, 0.0
105, 1, 10, 0, 0, 0.0
105, 1, 11, 0, 0, 0.0
105, 1, 12, 0, 0, 0.0
105, 1, 13, 0, 0, 0.0
105, 1, 14, 0, 0, 0.0
105, 1, 15, 0, 0, 0.0
105, 1, 16, 0, 0, 0.0
105, 1, 17, 0, 0, 0.0
105, 1, 18, 0, 0, 0.0
105, 1, 19, 0, 0, 0.0
105, 1, 20, 0, 0, 0.0
106, 0, 0, 0, 0, 0.0
106, 0, 1, 0, 0, 0.0
106, 0, 2, 0, 0, 0.0
106, 0, 3, 0, 0, 0.0
106, 0, 4, 0, 0, 0.0
106, 0, 5, 0, 0, 0.0
106, 0, 6, 0, 0, 0.0
106, 0, 7, 0, 0, 0.0
106, 0, 8, 0, 0, 0.0
106, 0, 9, 0, 0, 0.0
106, 0, 10, 0, 0, 0.0
106, 0, 11, 0, 0, 0.0
106, 0, 12, 0, 0, 0.0
106, 0, 13, 0, 0, 0.0
106, 0, 14, 0, 0, 0.0
106, 0, 15, 0, 0, 0.0
106, 0, 16, 0, 0, 0.0
106, 0, 17, 0, 0, 0.0
106, 0, 18, 0, 0, 0.0
106, 0, 19, 0, 0, 0.0
106, 0, 20, 0, 0, 0.0
106, 1, 0, 0, 0, 0.0
106, 1, 1, 0, 0, 0.0
106, 1, 2, 0, 0, 0.0
106, 1, 3, 0, 0, 0.0
106, 1, 4, 0, 0, 0.0
106, 1, 5, 0, 0, 0.0
106, 1, 6, 0, 0, 0.0
106, 1, 7, 0, 0, 0.0
106, 1, 8, 0, 0, 0.0
106, 1, 9, 0, 0, 0.0
106, 1, 10, 0, 0, 0.0
106, 1, 11, 0, 0, 0.0
106, 1, 12, 0, 0, 0.0
106, 1, 13, 0, 0, 0.0
106, 1, 14, 0, 0, 0.0
106, 1, 15, 0, 0, 0.0
106, 1, 16, 0, 0, 0.0
106, 1, 17, 0, 0, 0.0
106, 1, 18, 0, 0, 0.0
106, 1, 19, 0, 0, 0.0
106, 1, 20, 0, 0, 0.0
107, 0, 0, 0, 0, 0.0
107, 0, 1, 0, 0, 0.0
107, 0, 2, 0, 0, 0.0
107, 0, 3, 0, 0, 0.0
107, 0, 4, 0, 0, 0.0
107, 0, 5, 0, 0, 0.0
107, 0, 6, 0, 0, 0.0
107, 0, 7, 0, 0, 0.0
107, 0, 8, 0, 0, 0.0
107, 0, 9, 0, 0, 0.0
107, 0, 10, 0, 0, 0.0
107, 0, 11, 0, 0, 0.0
107, 0, 12, 0, 0, 0.0
107, 0, 13, 0, 0, 0.0
107, 0, 14, 0, 0, 0.0
107, 0, 15, 0, 0, 0.0
107, 0, 16, 0, 0, 0.0
107, 0, 17, 0, 0, 0.0
107, 0, 18, 0, 0, 0.0
107, 0, 19, 0, 0, 0.0
107, 0, 20, 0, 0, 0.0
107, 1, 0, 0, 0, 0.0
107, 1, 1, 0, 0, 0.0
107, 1, 2, 0, 0, 0.0
107, 1, 3, 0, 0, 0.0
107, 1, 4, 0, 0, 0.0
107, 1, 5, 0, 0, 0.0
107, 1, 6, 0, 0, 0.0
107, 1, 7, 0, 0, 0.0
107, 1, 8, 0, 0, 0.0
107, 1, 9, 0, 0, 0.0
107, 1, 10, 0, 0, 0.0
107, 1, 11, 0, 0, 0.0
107, 1, 12, 0, 0, 0.0
107, 1, 13, 0, 0, 0.0
107, 1, 14, 0, 0, 0.0
107, 1, 15, 0, 0, 0.0
107, 1, 16, 0, 0, 0.0
107, 1, 17, 0, 0, 0.0
107, 1, 18, 0, 0, 0.0
107, 1, 19, 0, 0, 0.0
107, 1, 20, 0, 0, 0.0
108, 0, 0, 0, 0, 0.0
108, 0, 1, 0, 0, 0.0
108, 0, 2, 0, 0, 0.0
108, 0, 3, 0, 0, 0.0
108, 0, 4, 0, 0, 0.0
108, 0, 5, 0, 0, 0.0
108, 0, 6, 0, 0, 0.0
108, 0, 7, 0, 0, 0.0
108, 0, 8, 0, 0, 0.0
108, 0, 9, 0, 0, 0.0
108, 0, 10, 0, 0, 0.0
108, 0, 11, 0, 0, 0.0
108, 0, 12, 0, 0, 0.0
108, 0, 13, 0, 0, 0.0
108, 0, 14, 0, 0, 0.0
108, 0, 15, 0, 0, 0.0
108, 0, 16, 0, 0, 0.0
108, 0, 17, 0, 0, 0.0
108, 0, 18, 0, 0, 0.0
108, 0, 19, 0, 0, 0.0
108, 0, 20, 0, 0, 0.0
108, 1, 0, 0, 0, 0.0
108, 1, 1, 0, 0, 0.0
108, 1, 2, 0, 0, 0.0
108, 1, 3, 0, 0, 0.0
108, 1, 4, 0, 0, 0.0
108, 1, 5, 0, 0, 0.0
108, 1, 6, 0, 0, 0.0
108, 1, 7, 0, 0, 0.0
108, 1, 8, 0, 0, 0.0
108, 1, 9, 0, 0, 0.0
108, 1, 10, 0, 0, 0.0
108, 1, 11, 0, 0, 0.0
108, 1, 12, 0, 0, 0.0
108, 1, 13, 0, 0, 0.0
108, 1, 14, 0, 0, 0.0
108, 1, 15, 0, 0, 0.0
108, 1, 16, 0, 0, 0.0
108, 1, 17, 0, 0, 0.0
108, 1, 18, 0, 0, 0.0
108, 1, 19, 0, 0, 0.0
108, 1, 20, 0, 0, 0.0
109, 0, 0, 0, 0, 0.0
109, 0, 1, 0, 0, 0.0
109, 0, 2, 0, 0, 0.0
109, 0, 3, 0, 0, 0.0
109, 0, 4, 0, 0, 0.0
109, 0, 5, 0, 0, 0.0
109, 0, 6, 0, 0, 0.0
109, 0, 7, 0, 0, 0.0
109, 0, 8, 0, 0, 0.0
109, 0, 9, 0, 0, 0.0
109, 0, 10, 0, 0, 0.0
109, 0, 11, 0, 0, 0.0
109, 0, 12, 0, 0, 0.0
109, 0, 13, 0, 0, 0.0
109, 0, 14, 0, 0, 0.0
109, 0, 15, 0, 0, 0.0
109, 0, 16, 0, 0, 0.0
109, 0, 17, 0, 0, 0.0
109, 0, 18, 0, 0, 0.0
109, 0, 19, 0, 0, 0.0
109, 0, 20, 0, 0, 0.0
109, 1, 0, 0, 0, 0.0
109, 1, 1, 0, 0, 0.0
109, 1, 2, 0, 0, 0.0
109, 1, 3, 0, 0, 0.0
109, 1, 4, 0, 0, 0.0
109, 1, 5, 0, 0, 0.0
109, 1, 6, 0, 0, 0.0
109, 1, 7, 0, 0, 0.0
109, 1, 8, 0, 0, 0.0
109, 1, 9, 0, 0, 0.0
109, 1, 10, 0, 0, 0.0
109, 1, 11, 0, 0, 0.0
109, 1, 12, 0, 0, 0.0
109, 1, 13, 0, 0, 0.0
109, 1, 14, 0, 0, 0.0
109, 1, 15, 0, 0, 0.0
109, 1, 16, 0, 0, 0.0
109, 1, 17, 0, 0, 0.0
109, 1, 18, 0, 0, 0.0
109, 1, 19, 0, 0, 0.0
109, 1, 20, 0, 0, 0.0
110, 0, 0, 0, 0, 0.0
110, 0, 1, 0, 0, 0.0
110, 0, 2, 0, 0, 0.0
110, 0, 3, 0, 0, 0.0
110, 0, 4, 0, 0, 0.0
110, 0, 5, 0, 0, 0.0
110, 0, 6, 0, 0, 0.0
110, 0, 7, 0, 0, 0.0
110, 0, 8, 0, 0, 0.0
110, 0, 9, 0, 0, 0.0
110, 0, 10, 0, 0, 0.0
110, 0, 11, 0, 0, 0.0
110, 0, 12, 0, 0, 0.0
110, 0, 13, 0, 0, 0.0
110, 0, 14, 0, 0, 0.0
110, 0, 15, 0, 0, 0.0
110, 0, 16, 0, 0, 0.0
110, 0, 17, 0, 0, 0.0
110, 0, 18, 0, 0, 0.0
110, 0, 19, 0, 0, 0.0
110, 0, 20, 0, 0, 0.0
110, 1, 0, 0, 0, 0.0
110, 1, 1, 0, 0, 0.0
110, 1, 2, 0, 0, 0.0
110, 1, 3, 0, 0, 0.0
110, 1, 4, 0, 0, 0.0
110, 1, 5, 0, 0, 0.0
110, 1, 6, 0, 0, 0.0
110, 1, 7, 0, 0, 0.0
110, 1, 8, 0, 0, 0.0
110, 1, 9, 0, 0, 0.0
110, 1, 10, 0, 0, 0.0
110, 1, 11, 0, 0, 0.0
110, 1, 12, 0, 0, 0.0
110, 1, 13, 0, 0, 0.0
110, 1, 14, 0, 0, 0.0
110, 1, 15, 0, 0, 0.0
110, 1, 16, 0, 0, 0.0
110, 1, 17, 0, 0, 0.0
110, 1, 18, 0, 0, 0.0
110, 1, 19, 0, 0, 0.0
110, 1, 20, 0, 0, 0.0
111, 0, 0, 0, 0, 0.0
111, 0, 1, 0, 0, 0.0
111, 0, 2, 0, 0, 0.0
111, 0, 3, 0, 0, 0.0
111, 0, 4, 0, 0, 0.0
111, 0, 5, 0, 0, 0.0
111, 0, 6, 0, 0, 0.0
111, 0, 7, 0, 0, 0.0
111, 0, 8, 0, 0, 0.0
111, 0, 9, 0, 0, 0.0
111, 0, 10, 0, 0, 0.0
111, 0, 11, 0, 0, 0.0
111, 0, 12, 0, 0, 0.0
111, 0, 13, 0, 0, 0.0
111, 0, 14, 0, 0, 0.0
111, 0, 15, 0, 0, 0.0
111, 0, 16, 0, 0, 0.0
111, 0, 17, 0, 0, 0.0
111, 0, 18, 0, 0, 0.0
111, 0, 19, 0, 0, 0.0
111, 0, 20, 0, 0, 0.0
111, 1, 0, 0, 0, 0.0
111, 1, 1, 0, 0, 0.0
111, 1, 2, 0, 0, 0.0
111, 1, 3, 0, 0, 0.0
111, 1, 4, 0, 0, 0.0
111, 1, 5, 0, 0, 0.0
111, 1, 6, 0, 0, 0.0
111, 1, 7, 0, 0, 0.0
111, 1, 8, 0, 0, 0.0
111, 1, 9, 0, 0, 0.0
111, 1, 10, 0, 0, 0.0
111, 1, 11, 0, 0, 0.0
111, 1, 12, 0, 0, 0.0
111, 1, 13, 0, 0, 0.0
111, 1, 14, 0, 0, 0.0
111, 1, 15, 0, 0, 0.0
111, 1, 16, 0, 0, 0.0
111, 1, 17, 0, 0, 0.0
111, 1, 18, 0, 0, 0.0
111, 1, 19, 0, 0, 0.0
111, 1, 20, 0, 0, 0.0
112, 0, 0, 0, 0, 0.0
112, 0, 1, 0, 0, 0.0
112, 0, 2, 0, 0, 0.0
112, 0, 3, 0, 0, 0.0
112, 0, 4, 0, 0, 0.0
112, 0, 5, 0, 0, 0.0
112, 0, 6, 0, 0, 0.0
112, 0, 7, 0, 0, 0.0
112, 0, 8, 0, 0, 0.0
112, 0, 9, 0, 0, 0.0
112, 0, 10, 0, 0, 0.0
112, 0, 11, 0, 0, 0.0
112, 0, 12, 0, 0, 0.0
112, 0, 13, 0, 0, 0.0
112, 0, 14, 0, 0, 0.0
112, 0, 15, 0, 0, 0.0
112, 0, 16, 0, 0, 0.0
112, 0, 17, 0, 0, 0.0
112, 0, 18, 0, 0, 0.0
112, 0, 19, 0, 0, 0.0
112, 0, 20, 0, 0, 0.0
112, 1, 0, 0, 0, 0.0
112, 1, 1, 0, 0, 0.0
112, 1, 2, 0, 0, 0.0
112, 1, 3, 0, 0, 0.0
112, 1, 4, 0, 0, 0.0
112, 1, 5, 0, 0, 0.0
112, 1, 6, 0, 0, 0.0
112, 1, 7, 0, 0, 0.0
112, 1, 8, 0, 0, 0.0
112, 1, 9, 0, 0, 0.0
112, 1, 10, 0, 0, 0.0
112, 1, 11, 0, 0, 0.0
112, 1, 12, 0, 0, 0.0
112, 1, 13, 0, 0, 0.0
112, 1, 14, 0, 0, 0.0
112, 1, 15, 0, 0, 0.0
112, 1, 16, 0, 0, 0.0
112, 1, 17, 0, 0, 0.0
112, 1, 18, 0, 0, 0.0
112, 1, 19, 0, 0, 0.0
112, 1, 20, 0, 0, 0.0
113, 0, 0, 0, 0, 0.0
113, 0, 1, 0, 0, 0.0
113, 0, 2, 0, 0, 0.0
113, 0, 3, 0, 0, 0.0
113, 0, 4, 0, 0, 0.0
113, 0, 5, 0, 0, 0.0
113, 0, 6, 0, 0, 0.0
113, 0, 7, 0, 0, 0.0
113, 0, 8, 0, 0, 0.0
113, 0, 9, 0, 0, 0.0
113, 0, 10, 0, 0, 0.0
113, 0, 11, 0, 0, 0.0
113, 0, 12, 0, 0, 0.0
113, 0, 13, 0, 0, 0.0
113, 0, 14, 0, 0, 0.0
113, 0, 15, 0, 0, 0.0
113, 0, 16, 0, 0, 0.0
113, 0, 17, 0, 0, 0.0
113, 0, 18, 0, 0, 0.0
113, 0, 19, 0, 0, 0.0
113, 0, 20, 0, 0, 0.0
113, 1, 0, 0, 0, 0.0
113, 1, 1, 0, 0, 0.0
113, 1, 2, 0, 0, 0.0
113, 1, 3, 0, 0, 0.0
113, 1, 4, 0, 0, 0.0
113, 1, 5, 0, 0, 0.0
113, 1, 6, 0, 0, 0.0
113, 1, 7, 0, 0, 0.0
113, 1, 8, 0, 0, 0.0
113, 1, 9, 0, 0, 0.0
113, 1, 10, 0, 0, 0.0
113, 1, 11, 0, 0, 0.0
113, 1, 12, 0, 0, 0.0
113, 1, 13, 0, 0, 0.0
113, 1, 14, 0, 0, 0.0
113, 1, 15, 0, 0, 0.0
113, 1, 16, 0, 0, 0.0
113, 1, 17, 0, 0, 0.0
113, 1, 18, 0, 0, 0.0
113, 1, 19, 0, 0, 0.0
113, 1, 20, 0, 0, 0.0
114, 0, 0, 0, 0, 0.0
114, 0, 1, 0, 0, 0.0
114, 0, 2, 0, 0, 0.0
114, 0, 3, 0, 0, 0.0
114, 0, 4, 0, 0, 0.0
114, 0, 5, 0, 0, 0.0
114, 0, 6, 0, 0, 0.0
114, 0, 7, 0, 0, 0.0
114, 0, 8, 0, 0, 0.0
114, 0, 9, 0, 0, 0.0
114, 0, 10, 0, 0, 0.0
114, 0, 11, 0, 0, 0.0
114, 0, 12, 0, 0, 0.0
114, 0, 13, 0, 0, 0.0
114, 0, 14, 0, 0, 0.0
114, 0, 15, 0, 0, 0.0
114, 0, 16, 0, 0, 0.0
114, 0, 17, 0, 0, 0.0
114, 0, 18, 0, 0, 0.0
114, 0, 19, 0, 0, 0.0
114, 0, 20, 0, 0, 0.0
114, 1, 0, 0, 0, 0.0
114, 1, 1, 0, 0, 0.0
114, 1, 2, 0, 0, 0.0
114, 1, 3, 0, 0, 0.0
114, 1, 4, 0, 0, 0.0
114, 1, 5, 0, 0, 0.0
114, 1, 6, 0, 0, 0.0
114, 1, 7, 0, 0, 0.0
114, 1, 8, 0, 0, 0.0
114, 1, 9, 0, 0, 0.0
114, 1, 10, 0, 0, 0.0
114, 1, 11, 0, 0, 0.0
114, 1, 12, 0, 0, 0.0
114, 1, 13, 0, 0, 0.0
114, 1, 14, 0, 0, 0.0
114, 1, 15, 0, 0, 0.0
114, 1, 16, 0, 0, 0.0
114, 1, 17, 0, 0, 0.0
114, 1, 18, 0, 0, 0.0
114, 1, 19, 0, 0, 0.0
114, 1, 20, 0, 0, 0.0
115, 0, 0, 0, 0, 0.0
115, 0, 1, 0, 0, 0.0
115, 0, 2, 0, 0, 0.0
115, 0, 3, 0, 0, 0.0
115, 0, 4, 0, 0, 0.0
115, 0, 5, 0, 0, 0.0
115, 0, 6, 0, 0, 0.0
115, 0, 7, 0, 0, 0.0
115, 0, 8, 0, 0, 0.0
115, 0, 9, 0, 0, 0.0
115, 0, 10, 0, 0, 0.0
115, 0, 11, 0, 0, 0.0
115, 0, 12, 0, 0, 0.0
115, 0, 13, 0, 0, 0.0
115, 0, 14, 0, 0, 0.0
115, 0, 15, 0, 0, 0.0
115, 0, 16, 0, 0, 0.0
115, 0, 17, 0, 0, 0.0
115, 0, 18, 0, 0, 0.0
115, 0, 19, 0, 0, 0.0
115, 0, 20, 0, 0, 0.0
115, 1, 0, 0, 0, 0.0
115, 1, 1, 0, 0, 0.0
115, 1, 2, 0, 0, 0.0
115, 1, 3, 0, 0, 0.0
115, 1, 4, 0, 0, 0.0
115, 1, 5, 0, 0, 0.0
115, 1, 6, 0, 0, 0.0
115, 1, 7, 0, 0, 0.0
115, 1, 8, 0, 0, 0.0
115, 1, 9, 0, 0, 0.0
115, 1, 10, 0, 0, 0.0
115, 1, 11, 0, 0, 0.0
115, 1, 12, 0, 0, 0.0
115, 1, 13, 0, 0, 0.0
115, 1, 14, 0, 0, 0.0
115, 1, 15, 0, 0, 0.0
115, 1, 16, 0, 0, 0.0
115, 1, 17, 0, 0, 0.0
115, 1, 18, 0, 0, 0.0
115, 1, 19, 0, 0, 0.0
115, 1, 20, 0, 0, 0.0
116, 0, 0, 0, 0, 0.0
116, 0, 1, 0, 0, 0.0
116, 0, 2, 0, 0, 0.0
116, 0, 3, 0, 0, 0.0
116, 0, 4, 0, 0, 0.0
116, 0, 5, 0, 0, 0.0
116, 0, 6, 0, 0, 0.0
116, 0, 7, 0, 0, 0.0
116, 0, 8, 0, 0, 0.0
116, 0, 9, 0, 0, 0.0
116, 0, 10, 0, 0, 0.0
116, 0, 11, 0, 0, 0.0
116, 0, 12, 0, 0, 0.0
116, 0, 13, 0, 0, 0.0
116, 0, 14, 0, 0, 0.0
116, 0, 15, 0, 0, 0.0
116, 0, 16, 0, 0, 0.0
116, 0, 17, 0, 0, 0.0
116, 0, 18, 0, 0, 0.0
116, 0, 19, 0, 0, 0.0
116, 0, 20, 0, 0, 0.0
116, 1, 0, 0, 0, 0.0
116, 1, 1, 0, 0, 0.0
116, 1, 2, 0, 0, 0.0
116, 1, 3, 0, 0, 0.0
116, 1, 4, 0, 0, 0.0
116, 1, 5, 0, 0, 0.0
116, 1, 6, 0, 0, 0.0
116, 1, 7, 0, 0, 0.0
116, 1, 8, 0, 0, 0.0
116, 1, 9, 0, 0, 0.0
116, 1, 10, 0, 0, 0.0
116, 1, 11, 0, 0, 0.0
116, 1, 12, 0, 0, 0.0
116, 1, 13, 0, 0, 0.0
116, 1, 14, 0, 0, 0.0
116, 1, 15, 0, 0, 0.0
116, 1, 16, 0, 0, 0.0
116, 1, 17, 0, 0, 0.0
116, 1, 18, 0, 0, 0.0
116, 1, 19, 0, 0, 0.0
116, 1, 20, 0, 0, 0.0
117, 0, 0, 0, 0, 0.0
117, 0, 1, 0, 0, 0.0
117, 0, 2, 0, 0, 0.0
117, 0, 3, 0, 0, 0.0
117, 0, 4, 0, 0, 0.0
117, 0, 5, 0, 0, 0.0
117, 0, 6, 0, 0, 0.0
117, 0, 7, 0, 0, 0.0
117, 0, 8, 0, 0, 0.0
117, 0, 9, 0, 0, 0.0
117, 0, 10, 0, 0, 0.0
117, 0, 11, 0, 0, 0.0
117, 0, 12, 0, 0, 0.0
117, 0, 13, 0, 0, 0.0
117, 0, 14, 0, 0, 0.0
117, 0, 15, 0, 0, 0.0
117, 0, 16, 0, 0, 0.0
117, 0, 17, 0, 0, 0.0
117, 0, 18, 0, 0, 0.0
117, 0, 19, 0, 0, 0.0
117, 0, 20, 0, 0, 0.0
117, 1, 0, 0, 0, 0.0
117, 1, 1, 0, 0, 0.0
117, 1, 2, 0, 0, 0.0
117, 1, 3, 0, 0, 0.0
117, 1, 4, 0, 0, 0.0
117, 1, 5, 0, 0, 0.0
117, 1, 6, 0, 0, 0.0
117, 1, 7, 0, 0, 0.0
117, 1, 8, 0, 0, 0.0
117, 1, 9, 0, 0, 0.0
117, 1, 10, 0, 0, 0.0
117, 1, 11, 0, 0, 0.0
117, 1, 12, 0, 0, 0.0
117, 1, 13, 0, 0, 0.0
117, 1, 14, 0, 0, 0.0
117, 1, 15, 0, 0, 0.0
117, 1, 16, 0, 0, 0.0
117, 1, 17, 0, 0, 0.0
117, 1, 18, 0, 0, 0.0
117, 1, 19, 0, 0, 0.0
117, 1, 20, 0, 0, 0.0
118, 0, 0, 0, 0, 0.0
118, 0, 1, 0, 0, 0.0
118, 0, 2, 0, 0, 0.0
118, 0, 3, 0, 0, 0.0
118, 0, 4, 0, 0, 0.0
118, 0, 5, 0, 0, 0.0
118, 0, 6, 0, 0, 0.0
118, 0, 7, 0, 0, 0.0
118, 0, 8, 0, 0, 0.0
118, 0, 9, 0, 0, 0.0
118, 0, 10, 0, 0, 0.0
118, 0, 11, 0, 0, 0.0
118, 0, 12, 0, 0, 0.0
118, 0, 13, 0, 0, 0.0
118, 0, 14, 0, 0, 0.0
118, 0, 15, 0, 0, 0.0
118, 0, 16, 0, 0, 0.0
118, 0, 17, 0, 0, 0.0
118, 0, 18, 0, 0, 0.0
118, 0, 19, 0, 0, 0.0
118, 0, 20, 0, 0, 0.0
118, 1, 0, 0, 0, 0.0
118, 1, 1, 0, 0, 0.0
118, 1, 2, 0, 0, 0.0
118, 1, 3, 0, 0, 0.0
118, 1, 4, 0, 0, 0.0
118, 1, 5, 0, 0, 0.0
118, 1, 6, 0, 0, 0.0
118, 1, 7, 0, 0, 0.0
118, 1, 8, 0, 0, 0.0
118, 1, 9, 0, 0, 0.0
118, 1, 10, 0, 0, 0.0
118, 1, 11, 0, 0, 0.0
118, 1, 12, 0, 0, 0.0
118, 1, 13, 0, 0, 0.0
118, 1, 14, 0, 0, 0.0
118, 1, 15, 0, 0, 0.0
118, 1, 16, 0, 0, 0.0
118, 1, 17, 0, 0, 0.0
118, 1, 18, 0, 0, 0.0
118, 1, 19, 0, 0, 0.0
118, 1, 20, 0, 0, 0.0
119, 0, 0, 0, 0, 0.0
119, 0, 1, 0, 0, 0.0
119, 0, 2, 0, 0, 0.0
119, 0, 3, 0, 0, 0.0
119, 0, 4, 0, 0, 0.0
119, 0, 5, 0, 0, 0.0
119, 0, 6, 0, 0, 0.0
119, 0, 7, 0, 0, 0.0
119, 0, 8, 0, 0, 0.0
119, 0, 9, 0, 0, 0.0
119, 0, 10, 0, 0, 0.0
119, 0, 11, 0, 0, 0.0
119, 0, 12, 0, 0, 0.0
119, 0, 13, 0, 0, 0.0
119, 0, 14, 0, 0, 0.0
119, 0, 15, 0, 0, 0.0
119, 0, 16, 0, 0, 0.0
119, 0, 17, 0, 0, 0.0
119, 0, 18, 0, 0, 0.0
119, 0, 19, 0, 0, 0.0
119, 0, 20, 0, 0, 0.0
119, 1, 0, 0, 0, 0.0
119, 1, 1, 0, 0, 0.0
119, 1, 2, 0, 0, 0.0
119, 1, 3, 0, 0, 0.0
119, 1, 4, 0, 0, 0.0
119, 1, 5, 0, 0, 0.0
119, 1, 6, 0, 0, 0.0
119, 1, 7, 0, 0, 0.0
119, 1, 8, 0, 0, 0.0
119, 1, 9, 0, 0, 0.0
119, 1, 10, 0, 0, 0.0
119, 1, 11, 0, 0, 0.0
119, 1, 12, 0, 0, 0.0
119, 1, 13, 0, 0, 0.0
119, 1, 14, 0, 0, 0.0
119, 1, 15, 0, 0, 0.0
119, 1, 16, 0, 0, 0.0
119, 1, 17, 0, 0, 0.0
119, 1, 18, 0, 0, 0.0
119, 1, 19, 0, 0, 0.0
119, 1, 20, 0, 0, 0.0
120, 0, 0, 0, 0, 0.0
120, 0, 1, 0, 0, 0.0
120, 0, 2, 0, 0, 0.0
120, 0, 3, 0, 0, 0.0
120, 0, 4, 0, 0, 0.0
120, 0, 5, 0, 0, 0.0
120, 0, 6, 0, 0, 0.0
120, 0, 7, 0, 0, 0.0
120, 0, 8, 0, 0, 0.0
120, 0, 9, 0, 0, 0.0
120, 0, 10, 0, 0, 0.0
120, 0, 11, 0, 0, 0.0
120, 0, 12, 0, 0, 0.0
120, 0, 13, 0, 0, 0.0
120, 0, 14, 0, 0, 0.0
120, 0, 15, 0, 0, 0.0
120, 0, 16, 0, 0, 0.0
120, 0, 17, 0, 0, 0.0
120, 0, 18, 0, 0, 0.0
120, 0, 19, 0, 0, 0.0
120, 0, 20, 0, 0, 0.0
120, 1, 0, 0, 0, 0.0
120, 1, 1, 0, 0, 0.0
120, 1, 2, 0, 0, 0.0
120, 1, 3, 0, 0, 0.0
120, 1, 4, 0, 0, 0.0
120, 1, 5, 0, 0, 0.0
120, 1, 6, 0, 0, 0.0
120, 1, 7, 0, 0, 0.0
120, 1, 8, 0, 0, 0.0
120, 1, 9, 0, 0, 0.0
120, 1, 10, 0, 0, 0.0
120, 1, 11, 0, 0, 0.0
120, 1, 12, 0, 0, 0.0
120, 1, 13, 0, 0, 0.0
120, 1, 14, 0, 0, 0.0
120, 1, 15, 0, 0, 0.0
120, 1, 16, 0, 0, 0.0
120, 1, 17, 0, 0, 0.0
120, 1, 18, 0, 0, 0.0
120, 1, 19, 0, 0, 0.0
120, 1, 20, 0, 0, 0.0
121, 0, 0, 0, 0, 0.0
121, 0, 1, 0, 0, 0.0
121, 0, 2, 0, 0, 0.0
121, 0, 3, 0, 0, 0.0
121, 0, 4, 0, 0, 0.0
121, 0, 5, 0, 0, 0.0
121, 0, 6, 0, 0, 0.0
121, 0, 7, 0, 0, 0.0
121, 0, 8, 0, 0, 0.0
121, 0, 9, 0, 0, 0.0
121, 0, 10, 0, 0, 0.0
121, 0, 11, 0, 0, 0.0
121, 0, 12, 0, 0, 0.0
121, 0, 13, 0, 0, 0.0
121, 0, 14, 0, 0, 0.0
121, 0, 15, 0, 0, 0.0
121, 0, 16, 0, 0, 0.0
121, 0, 17, 0, 0, 0.0
121, 0, 18, 0, 0, 0.0
121, 0, 19, 0, 0, 0.0
121, 0, 20, 0, 0, 0.0
121, 1, 0, 0, 0, 0.0
121, 1, 1, 0, 0, 0.0
121, 1, 2, 0, 0, 0.0
121, 1, 3, 0, 0, 0.0
121, 1, 4, 0, 0, 0.0
121, 1, 5, 0, 0, 0.0
121, 1, 6, 0, 0, 0.0
121, 1, 7, 0, 0, 0.0
121, 1, 8, 0, 0, 0.0
121, 1, 9, 0, 0, 0.0
121, 1, 10, 0, 0, 0.0
121, 1, 11, 0, 0, 0.0
121, 1, 12, 0, 0, 0.0
121, 1, 13, 0, 0, 0.0
121, 1, 14, 0, 0, 0.0
121, 1, 15, 0, 0, 0.0
121, 1, 16, 0, 0, 0.0
121, 1, 17, 0, 0, 0.0
121, 1, 18, 0, 0, 0.0
121, 1, 19, 0, 0, 0.0
121, 1, 20, 0, 0, 0.0
122, 0, 0, 0, 0, 0.0
122, 0, 1, 0, 0, 0.0
122, 0, 2, 0, 0, 0.0
122, 0, 3, 0, 0, 0.0
122, 0, 4, 0, 0, 0.0
122, 0, 5, 0, 0, 0.0
122, 0, 6, 0, 0, 0.0
122, 0, 7, 0, 0, 0.0
122, 0, 8, 0, 0, 0.0
122, 0, 9, 0, 0, 0.0
122, 0, 10, 0, 0, 0.0
122, 0, 11, 0, 0, 0.0
122, 0, 12, 0, 0, 0.0
122, 0, 13, 0, 0, 0.0
122, 0, 14, 0, 0, 0.0
122, 0, 15, 0, 0, 0.0
122, 0, 16, 0, 0, 0.0
122, 0, 17, 0, 0, 0.0
122, 0, 18, 0, 0, 0.0
122, 0, 19, 0, 0, 0.0
122, 0, 20, 0, 0, 0.0
122, 1, 0, 0, 0, 0.0
122, 1, 1, 0, 0, 0.0
122, 1, 2, 0, 0, 0.0
122, 1, 3, 0, 0, 0.0
122, 1, 4, 0, 0, 0.0
122, 1, 5, 0, 0, 0.0
122, 1, 6, 0, 0, 0.0
122, 1, 7, 0, 0, 0.0
122, 1, 8, 0, 0, 0.0
122, 1, 9, 0, 0, 0.0
122, 1, 10, 0, 0, 0.0
122, 1, 11, 0, 0, 0.0
122, 1, 12, 0, 0, 0.0
122, 1, 13, 0, 0, 0.0
122, 1, 14, 0, 0, 0.0
122, 1, 15, 0, 0, 0.0
122, 1, 16, 0, 0, 0.0
122, 1, 17, 0, 0, 0.0
122, 1, 18, 0, 0, 0.0
122, 1, 19, 0, 0, 0.0
122, 1, 20, 0, 0, 0.0
123, 0, 0, 0, 0, 0.0
123, 0, 1, 0, 0, 0.0
123, 0, 2, 0, 0, 0.0
123, 0, 3, 0, 0, 0.0
123, 0, 4, 0, 0, 0.0
123, 0, 5, 0, 0, 0.0
123, 0, 6, 0, 0, 0.0
123, 0, 7, 0, 0, 0.0
123, 0, 8, 0, 0, 0.0
123, 0, 9, 0, 0, 0.0
123, 0, 10, 0, 0, 0.0
123, 0, 11, 0, 0, 0.0
123, 0, 12, 0, 0, 0.0
123, 0, 13, 0, 0, 0.0
123, 0, 14, 0, 0, 0.0
123, 0, 15, 0, 0, 0.0
123, 0, 16, 0, 0, 0.0
123, 0, 17, 0, 0, 0.0
123, 0, 18, 0, 0, 0.0
123, 0, 19, 0, 0, 0.0
123, 0, 20, 0, 0, 0.0
123, 1, 0, 0, 0, 0.0
123, 1, 1, 0, 0, 0.0
123, 1, 2, 0, 0, 0.0
123, 1, 3, 0, 0, 0.0
123, 1, 4, 0, 0, 0.0
123, 1, 5, 0, 0, 0.0
123, 1, 6, 0, 0, 0.0
123, 1, 7, 0, 0, 0.0
123, 1, 8, 0, 0, 0.0
123, 1, 9, 0, 0, 0.0
123, 1, 10, 0, 0, 0.0
123, 1, 11, 0, 0, 0.0
123, 1, 12, 0, 0, 0.0
123, 1, 13, 0, 0, 0.0
123, 1, 14, 0, 0, 0.0
123, 1, 15, 0, 0, 0.0
123, 1, 16, 0, 0, 0.0
123, 1, 17, 0, 0, 0.0
123, 1, 18, 0, 0, 0.0
123, 1, 19, 0, 0, 0.0
123, 1, 20, 0, 0, 0.0
124, 0, 0, 0, 0, 0.0
124, 0, 1, 0, 0, 0.0
124, 0, 2, 0, 0, 0.0
124, 0, 3, 0, 0, 0.0
124, 0, 4, 0, 0, 0.0
124, 0, 5, 0, 0, 0.0
124, 0, 6, 0, 0, 0.0
124, 0, 7, 0, 0, 0.0
124, 0, 8, 0, 0, 0.0
124, 0, 9, 0, 0, 0.0
124, 0, 10, 0, 0, 0.0
124, 0, 11, 0, 0, 0.0
124, 0, 12, 0, 0, 0.0
124, 0, 13, 0, 0, 0.0
124, 0, 14, 0, 0, 0.0
124, 0, 15, 0, 0, 0.0
124, 0, 16, 0, 0, 0.0
124, 0, 17, 0, 0, 0.0
124, 0, 18, 0, 0, 0.0
124, 0, 19, 0, 0, 0.0
124, 0, 20, 0, 0, 0.0
124, 1, 0, 0, 0, 0.0
124, 1, 1, 0, 0, 0.0
124, 1, 2, 0, 0, 0.0
124, 1, 3, 0, 0, 0.0
124, 1, 4, 0, 0, 0.0
124, 1, 5, 0, 0, 0.0
124, 1, 6, 0, 0, 0.0
124, 1, 7, 0, 0, 0.0
124, 1, 8, 0, 0, 0.0
124, 1, 9, 0, 0, 0.0
124, 1, 10, 0, 0, 0.0
124, 1, 11, 0, 0, 0.0
124, 1, 12, 0, 0, 0.0
124, 1, 13, 0, 0, 0.0
124, 1, 14, 0, 0, 0.0
124, 1, 15, 0, 0, 0.0
124, 1, 16, 0, 0, 0.0
124, 1, 17, 0, 0, 0.0
124, 1, 18, 0, 0, 0.0
124, 1, 19, 0, 0, 0.0
124, 1, 20, 0, 0, 0.0
125, 0, 0, 0, 0, 0.0
125, 0, 1, 0, 0, 0.0
125, 0, 2, 0, 0, 0.0
125, 0, 3, 0, 0, 0.0
125, 0, 4, 0, 0, 0.0
125, 0, 5, 0, 0, 0.0
125, 0, 6, 0, 0, 0.0
125, 0, 7, 0, 0, 0.0
125, 0, 8, 0, 0, 0.0
125, 0, 9, 0, 0, 0.0
125, 0, 10, 0, 0, 0.0
125, 0, 11, 0, 0, 0.0
125, 0, 12, 0, 0, 0.0
125, 0, 13, 0, 0, 0.0
125, 0, 14, 0, 0, 0.0
125, 0, 15, 0, 0, 0.0
125, 0, 16, 0, 0, 0.0
125, 0, 17, 0, 0, 0.0
125, 0, 18, 0, 0, 0.0
125, 0, 19, 0, 0, 0.0
125, 0, 20, 0, 0, 0.0
125, 1, 0, 0, 0, 0.0
125, 1, 1, 0, 0, 0.0
125, 1, 2, 0, 0, 0.0
125, 1, 3, 0, 0, 0.0
125, 1, 4, 0, 0, 0.0
125, 1, 5, 0, 0, 0.0
125, 1, 6, 0, 0, 0.0
125, 1, 7, 0, 0, 0.0
125, 1, 8, 0, 0, 0.0
125, 1, 9, 0, 0, 0.0
125, 1, 10, 0, 0, 0.0
125, 1, 11, 0, 0, 0.0
125, 1, 12, 0, 0, 0.0
125, 1, 13, 0, 0, 0.0
125, 1, 14, 0, 0, 0.0
125, 1, 15, 0, 0, 0.0
125, 1, 16, 0, 0, 0.0
125, 1, 17, 0, 0, 0.0
125, 1, 18, 0, 0, 0.0
125, 1, 19, 0, 0, 0.0
125, 1, 20, 0, 0, 0.0
126, 0, 0, 0, 0, 0.0
126, 0, 1, 0, 0, 0.0
126, 0, 2, 0, 0, 0.0
126, 0, 3, 0, 0, 0.0
126, 0, 4, 0, 0, 0.0
126, 0, 5, 0, 0, 0.0
126, 0, 6, 0, 0, 0.0
126, 0, 7, 0, 0, 0.0
126, 0, 8, 0, 0, 0.0
126, 0, 9, 0, 0, 0.0
126, 0, 10, 0, 0, 0.0
126, 0, 11, 0, 0, 0.0
126, 0, 12, 0, 0, 0.0
126, 0, 13, 0, 0, 0.0
126, 0, 14, 0, 0, 0.0
126, 0, 15, 0, 0, 0.0
126, 0, 16, 0, 0, 0.0
126, 0, 17, 0, 0, 0.0
126, 0, 18, 0, 0, 0.0
126, 0, 19, 0, 0, 0.0
126, 0, 20, 0, 0, 0.0
126, 1, 0, 0, 0, 0.0
126, 1, 1, 0, 0, 0.0
126, 1, 2, 0, 0, 0.0
126, 1, 3, 0, 0, 0.0
126, 1, 4, 0, 0, 0.0
126, 1, 5, 0, 0, 0.0
126, 1, 6, 0, 0, 0.0
126, 1, 7, 0, 0, 0.0
126, 1, 8, 0, 0, 0.0
126, 1, 9, 0, 0, 0.0
126, 1, 10, 0, 0, 0.0
126, 1, 11, 0, 0, 0.0
126, 1, 12, 0, 0, 0.0
126, 1, 13, 0, 0, 0.0
126, 1, 14, 0, 0, 0.0
126, 1, 15, 0, 0, 0.0
126, 1, 16, 0, 0, 0.0
126, 1, 17, 0, 0, 0.0
126, 1, 18, 0, 0, 0.0
126, 1, 19, 0, 0, 0.0
126, 1, 20, 0, 0, 0.0
127, 0, 0, 0, 0, 0.0
127, 0, 1, 0, 0, 0.0
127, 0, 2, 0, 0, 0.0
127, 0, 3, 0, 0, 0.0
127, 0, 4, 0, 0, 0.0
127, 0, 5, 0, 0, 0.0
127, 0, 6, 0, 0, 0.0
127, 0, 7, 0, 0, 0.0
127, 0, 8, 0, 0, 0.0
127, 0, 9, 0, 0, 0.0
127, 0, 10, 0, 0, 0.0
127, 0, 11, 0, 0, 0.0
127, 0, 12, 0, 0, 0.0
127, 0, 13, 0, 0, 0.0
127, 0, 14, 0, 0, 0.0
127, 0, 15, 0, 0, 0.0
127, 0, 16, 0, 0, 0.0
127, 0, 17, 0, 0, 0.0
127, 0, 18, 0, 0, 0.0
127, 0, 19, 0, 0, 0.0
127, 0, 20, 0, 0, 0.0
127, 1, 0, 0, 0, 0.0
127, 1, 1, 0, 0, 0.0
127, 1, 2, 0, 0, 0.0
127, 1, 3, 0, 0, 0.0
127, 1, 4, 0, 0, 0.0
127, 1, 5, 0, 0, 0.0
127, 1, 6, 0, 0, 0.0
127, 1, 7, 0, 0, 0.0
127, 1, 8, 0, 0, 0.0
127, 1, 9, 0, 0, 0.0
127, 1, 10, 0, 0, 0.0
127, 1, 11, 0, 0, 0.0
127, 1, 12, 0, 0, 0.0
127, 1, 13, 0, 0, 0.0
127, 1, 14, 0, 0, 0.0
127, 1, 15, 0, 0, 0.0
127, 1, 16, 0, 0, 0.0
127, 1, 17, 0, 0, 0.0
127, 1, 18, 0, 0, 0.0
127, 1, 19, 0, 0, 0.0
127, 1, 20, 0, 0, 0.0
128, 0, 0, 0, 0, 0.0
128, 0, 1, 0, 0, 0.0
128, 0, 2, 0, 0, 0.0
128, 0, 3, 0, 0, 0.0
128, 0, 4, 0, 0, 0.0
128, 0, 5, 0, 0, 0.0
128, 0, 6, 0, 0, 0.0
128, 0, 7, 0, 0, 0.0
128, 0, 8, 0, 0, 0.0
128, 0, 9, 0, 0, 0.0
128, 0, 10, 0, 0, 0.0
128, 0, 11, 0, 0, 0.0
128, 0, 12, 0, 0, 0.0
128, 0, 13, 0, 0, 0.0
128, 0, 14, 0, 0, 0.0
128, 0, 15, 0, 0, 0.0
128, 0, 16, 0, 0, 0.0
128, 0, 17, 0, 0, 0.0
128, 0, 18, 0, 0, 0.0
128, 0, 19, 0, 0, 0.0
128, 0, 20, 0, 0, 0.0
128, 1, 0, 0, 0, 0.0
128, 1, 1, 0, 0, 0.0
128, 1, 2, 0, 0, 0.0
128, 1, 3, 0, 0, 0.0
128, 1, 4, 0, 0, 0.0
128, 1, 5, 0, 0, 0.0
128, 1, 6, 0, 0, 0.0
128, 1, 7, 0, 0, 0.0
128, 1, 8, 0, 0, 0.0
128, 1, 9, 0, 0, 0.0
128, 1, 10, 0, 0, 0.0
128, 1, 11, 0, 0, 0.0
128, 1, 12, 0, 0, 0.0
128, 1, 13, 0, 0, 0.0
128, 1, 14, 0, 0, 0.0
128, 1, 15, 0, 0, 0.0
128, 1, 16, 0, 0, 0.0
128, 1, 17, 0, 0, 0.0
128, 1, 18, 0, 0, 0.0
128, 1, 19, 0, 0, 0.0
128, 1, 20, 0, 0, 0.0
129, 0, 0, 0, 0, 0.0
129, 0, 1, 0, 0, 0.0
129, 0, 2, 0, 0, 0.0
129, 0, 3, 0, 0, 0.0
129, 0, 4, 0, 0, 0.0
129, 0, 5, 0, 0, 0.0
129, 0, 6, 0, 0, 0.0
129, 0, 7, 0, 0, 0.0
129, 0, 8, 0, 0, 0.0
129, 0, 9, 0, 0, 0.0
129, 0, 10, 0, 0, 0.0
129, 0, 11, 0, 0, 0.0
129, 0, 12, 0, 0, 0.0
129, 0, 13, 0, 0, 0.0
129, 0, 14, 0, 0, 0.0
129, 0, 15, 0, 0, 0.0
129, 0, 16, 0, 0, 0.0
129, 0, 17, 0, 0, 0.0
129, 0, 18, 0, 0, 0.0
129, 0, 19, 0, 0, 0.0
129, 0, 20, 0, 0, 0.0
129, 1, 0, 0, 0, 0.0
129, 1, 1, 0, 0, 0.0
129, 1, 2, 0, 0, 0.0
129, 1, 3, 0, 0, 0.0
129, 1, 4, 0, 0, 0.0
129, 1, 5, 0, 0, 0.0
129, 1, 6, 0, 0, 0.0
129, 1, 7, 0, 0, 0.0
129, 1, 8, 0, 0, 0.0
129, 1, 9, 0, 0, 0.0
129, 1, 10, 0, 0, 0.0
129, 1, 11, 0, 0, 0.0
129, 1, 12, 0, 0, 0.0
129, 1, 13, 0, 0, 0.0
129, 1, 14, 0, 0, 0.0
129, 1, 15, 0, 0, 0.0
129, 1, 16, 0, 0, 0.0
129, 1, 17, 0, 0, 0.0
129, 1, 18, 0, 0, 0.0
129, 1, 19, 0, 0, 0.0
129, 1, 20, 0, 0, 0.0
130, 0, 0, 0, 0, 0.0
130, 0, 1, 0, 0, 0.0
130, 0, 2, 0, 0, 0.0
130, 0, 3, 0, 0, 0.0
130, 0, 4, 0, 0, 0.0
130, 0, 5, 0, 0, 0.0
130, 0, 6, 0, 0, 0.0
130, 0, 7, 0, 0, 0.0
130, 0, 8, 0, 0, 0.0
130, 0, 9, 0, 0, 0.0
130, 0, 10, 0, 0, 0.0
130, 0, 11, 0, 0, 0.0
130, 0, 12, 0, 0, 0.0
130, 0, 13, 0, 0, 0.0
130, 0, 14, 0, 0, 0.0
130, 0, 15, 0, 0, 0.0
130, 0, 16, 0, 0, 0.0
130, 0, 17, 0, 0, 0.0
130, 0, 18, 0, 0, 0.0
130, 0, 19, 0, 0, 0.0
130, 0, 20, 0, 0, 0.0
130, 1, 0, 0, 0, 0.0
130, 1, 1, 0, 0, 0.0
130, 1, 2, 0, 0, 0.0
130, 1, 3, 0, 0, 0.0
130, 1, 4, 0, 0, 0.0
130, 1, 5, 0, 0, 0.0
130, 1, 6, 0, 0, 0.0
130, 1, 7, 0, 0, 0.0
130, 1, 8, 0, 0, 0.0
130, 1, 9, 0, 0, 0.0
130, 1, 10, 0, 0, 0.0
130, 1, 11, 0, 0, 0.0
130, 1, 12, 0, 0, 0.0
130, 1, 13, 0, 0, 0.0
130, 1, 14, 0, 0, 0.0
130, 1, 15, 0, 0, 0.0
130, 1, 16, 0, 0, 0.0
130, 1, 17, 0, 0, 0.0
130, 1, 18, 0, 0, 0.0
130, 1, 19, 0, 0, 0.0
130, 1, 20, 0, 0, 0.0
131, 0, 0, 0, 0, 0.0
131, 0, 1, 0, 0, 0.0
131, 0, 2, 0, 0, 0.0
131, 0, 3, 0, 0, 0.0
131, 0, 4, 0, 0, 0.0
131, 0, 5, 0, 0, 0.0
131, 0, 6, 0, 0, 0.0
131, 0, 7, 0, 0, 0.0
131, 0, 8, 0, 0, 0.0
131, 0, 9, 0, 0, 0.0
131, 0, 10, 0, 0, 0.0
131, 0, 11, 0, 0, 0.0
131, 0, 12, 0, 0, 0.0
131, 0, 13, 0, 0, 0.0
131, 0, 14, 0, 0, 0.0
131, 0, 15, 0, 0, 0.0
131, 0, 16, 0, 0, 0.0
131, 0, 17, 0, 0, 0.0
131, 0, 18, 0, 0, 0.0
131, 0, 19, 0, 0, 0.0
131, 0, 20, 0, 0, 0.0
131, 1, 0, 0, 0, 0.0
131, 1, 1, 0, 0, 0.0
131, 1, 2, 0, 0, 0.0
131, 1, 3, 0, 0, 0.0
131, 1, 4, 0, 0, 0.0
131, 1, 5, 0, 0, 0.0
131, 1, 6, 0, 0, 0.0
131, 1, 7, 0, 0, 0.0
131, 1, 8, 0, 0, 0.0
131, 1, 9, 0, 0, 0.0
131, 1, 10, 0, 0, 0.0
131, 1, 11, 0, 0, 0.0
131, 1, 12, 0, 0, 0.0
131, 1, 13, 0, 0, 0.0
131, 1, 14, 0, 0, 0.0
131, 1, 15, 0, 0, 0.0
131, 1, 16, 0, 0, 0.0
131, 1, 17, 0, 0, 0.0
131, 1, 18, 0, 0, 0.0
131, 1, 19, 0, 0, 0.0
131, 1, 20, 0, 0, 0.0
132, 0, 0, 0, 0, 0.0
132, 0, 1, 0, 0, 0.0
132, 0, 2, 0, 0, 0.0
132, 0, 3, 0, 0, 0.0
132, 0, 4, 0, 0, 0.0
132, 0, 5, 0, 0, 0.0
132, 0, 6, 0, 0, 0.0
132, 0, 7, 0, 0, 0.0
132, 0, 8, 0, 0, 0.0
132, 0, 9, 0, 0, 0.0
132, 0, 10, 0, 0, 0.0
132, 0, 11, 0, 0, 0.0
132, 0, 12, 0, 0, 0.0
132, 0, 13, 0, 0, 0.0
132, 0, 14, 0, 0, 0.0
132, 0, 15, 0, 0, 0.0
132, 0, 16, 0, 0, 0.0
132, 0, 17, 0, 0, 0.0
132, 0, 18, 0, 0, 0.0
132, 0, 19, 0, 0, 0.0
132, 0, 20, 0, 0, 0.0
132, 1, 0, 0, 0, 0.0
132, 1, 1, 0, 0, 0.0
132, 1, 2, 0, 0, 0.0
132, 1, 3, 0, 0, 0.0
132, 1, 4, 0, 0, 0.0
132, 1, 5, 0, 0, 0.0
132, 1, 6, 0, 0, 0.0
132, 1, 7, 0, 0, 0.0
132, 1, 8, 0, 0, 0.0
132, 1, 9, 0, 0, 0.0
132, 1, 10, 0, 0, 0.0
132, 1, 11, 0, 0, 0.0
132, 1, 12, 0, 0, 0.0
132, 1, 13, 0, 0, 0.0
132, 1, 14, 0, 0, 0.0
132, 1, 15, 0, 0, 0.0
132, 1, 16, 0, 0, 0.0
132, 1, 17, 0, 0, 0.0
132, 1, 18, 0, 0, 0.0
132, 1, 19, 0, 0, 0.0
132, 1, 20, 0, 0, 0.0
133, 0, 0, 0, 0, 0.0
133, 0, 1, 0, 0, 0.0
133, 0, 2, 0, 0, 0.0
133, 0, 3, 0, 0, 0.0
133, 0, 4, 0, 0, 0.0
133, 0, 5, 0, 0, 0.0
133, 0, 6, 0, 0, 0.0
133, 0, 7, 0, 0, 0.0
133, 0, 8, 0, 0, 0.0
133, 0, 9, 0, 0, 0.0
133, 0, 10, 0, 0, 0.0
133, 0, 11, 0, 0, 0.0
133, 0, 12, 0, 0, 0.0
133, 0, 13, 0, 0, 0.0
133, 0, 14, 0, 0, 0.0
133, 0, 15, 0, 0, 0.0
133, 0, 16, 0, 0, 0.0
133, 0, 17, 0, 0, 0.0
133, 0, 18, 0, 0, 0.0
133, 0, 19, 0, 0, 0.0
133, 0, 20, 0, 0, 0.0
133, 1, 0, 0, 0, 0.0
133, 1, 1, 0, 0, 0.0
133, 1, 2, 0, 0, 0.0
133, 1, 3, 0, 0, 0.0
133, 1, 4, 0, 0, 0.0
133, 1, 5, 0, 0, 0.0
133, 1, 6, 0, 0, 0.0
133, 1, 7, 0, 0, 0.0
133, 1, 8, 0, 0, 0.0
133, 1, 9, 0, 0, 0.0
133, 1, 10, 0, 0, 0.0
133, 1, 11, 0, 0, 0.0
133, 1, 12, 0, 0, 0.0
133, 1, 13, 0, 0, 0.0
133, 1, 14, 0, 0, 0.0
133, 1, 15, 0, 0, 0.0
133, 1, 16, 0, 0, 0.0
133, 1, 17, 0, 0, 0.0
133, 1, 18, 0, 0, 0.0
133, 1, 19, 0, 0, 0.0
133, 1, 20, 0, 0, 0.0
134, 0, 0, 0, 0, 0.0
134, 0, 1, 0, 0, 0.0
134, 0, 2, 0, 0, 0.0
134, 0, 3, 0, 0, 0.0
134, 0, 4, 0, 0, 0.0
134, 0, 5, 0, 0, 0.0
134, 0, 6, 0, 0, 0.0
134, 0, 7, 0, 0, 0.0
134, 0, 8, 0, 0, 0.0
134, 0, 9, 0, 0, 0.0
134, 0, 10, 0, 0, 0.0
134, 0, 11, 0, 0, 0.0
134, 0, 12, 0, 0, 0.0
134, 0, 13, 0, 0, 0.0
134, 0, 14, 0, 0, 0.0
134, 0, 15, 0, 0, 0.0
134, 0, 16, 0, 0, 0.0
134, 0, 17, 0, 0, 0.0
134, 0, 18, 0, 0, 0.0
134, 0, 19, 0, 0, 0.0
134, 0, 20, 0, 0, 0.0
134, 1, 0, 0, 0, 0.0
134, 1, 1, 0, 0, 0.0
134, 1, 2, 0, 0, 0.0
134, 1, 3, 0, 0, 0.0
134, 1, 4, 0, 0, 0.0
134, 1, 5, 0, 0, 0.0
134, 1, 6, 0, 0, 0.0
134, 1, 7, 0, 0, 0.0
134, 1, 8, 0, 0, 0.0
134, 1, 9, 0, 0, 0.0
134, 1, 10, 0, 0, 0.0
134, 1, 11, 0, 0, 0.0
134, 1, 12, 0, 0, 0.0
134, 1, 13, 0, 0, 0.0
134, 1, 14, 0, 0, 0.0
134, 1, 15, 0, 0, 0.0
134, 1, 16, 0, 0, 0.0
134, 1, 17, 0, 0, 0.0
134, 1, 18, 0, 0, 0.0
134, 1, 19, 0, 0, 0.0
134, 1, 20, 0, 0, 0.0
135, 0, 0, 0, 0, 0.0
135, 0, 1, 0, 0, 0.0
135, 0, 2, 0, 0, 0.0
135, 0, 3, 0, 0, 0.0
135, 0, 4, 0, 0, 0.0
135, 0, 5, 0, 0, 0.0
135, 0, 6, 0, 0, 0.0
135, 0, 7, 0, 0, 0.0
135, 0, 8, 0, 0, 0.0
135, 0, 9, 0, 0, 0.0
135, 0, 10, 0, 0, 0.0
135, 0, 11, 0, 0, 0.0
135, 0, 12, 0, 0, 0.0
135, 0, 13, 0, 0, 0.0
135, 0, 14, 0, 0, 0.0
135, 0, 15, 0, 0, 0.0
135, 0, 16, 0, 0, 0.0
135, 0, 17, 0, 0, 0.0
135, 0, 18, 0, 0, 0.0
135, 0, 19, 0, 0, 0.0
135, 0, 20, 0, 0, 0.0
135, 1, 0, 0, 0, 0.0
135, 1, 1, 0, 0, 0.0
135, 1, 2, 0, 0, 0.0
135, 1, 3, 0, 0, 0.0
135, 1, 4, 0, 0, 0.0
135, 1, 5, 0, 0, 0.0
135, 1, 6, 0, 0, 0.0
135, 1, 7, 0, 0, 0.0
135, 1, 8, 0, 0, 0.0
135, 1, 9, 0, 0, 0.0
135, 1, 10, 0, 0, 0.0
135, 1, 11, 0, 0, 0.0
135, 1, 12, 0, 0, 0.0
135, 1, 13, 0, 0, 0.0
135, 1, 14, 0, 0, 0.0
135, 1, 15, 0, 0, 0.0
135, 1, 16, 0, 0, 0.0
135, 1, 17, 0, 0, 0.0
135, 1, 18, 0, 0, 0.0
135, 1, 19, 0, 0, 0.0
135, 1, 20, 0, 0, 0.0
136, 0, 0, 0, 0, 0.0
136, 0, 1, 0, 0, 0.0
136, 0, 2, 0, 0, 0.0
136, 0, 3, 0, 0, 0.0
136, 0, 4, 0, 0, 0.0
136, 0, 5, 0, 0, 0.0
136, 0, 6, 0, 0, 0.0
136, 0, 7, 0, 0, 0.0
136, 0, 8, 0, 0, 0.0
136, 0, 9, 0, 0, 0.0
136, 0, 10, 0, 0, 0.0
136, 0, 11, 0, 0, 0.0
136, 0, 12, 0, 0, 0.0
136, 0, 13, 0, 0, 0.0
136, 0, 14, 0, 0, 0.0
136, 0, 15, 0, 0, 0.0
136, 0, 16, 0, 0, 0.0
136, 0, 17, 0, 0, 0.0
136, 0, 18, 0, 0, 0.0
136, 0, 19, 0, 0, 0.0
136, 0, 20, 0, 0, 0.0
136, 1, 0, 0, 0, 0.0
136, 1, 1, 0, 0, 0.0
136, 1, 2, 0, 0, 0.0
136, 1, 3, 0, 0, 0.0
136, 1, 4, 0, 0, 0.0
136, 1, 5, 0, 0, 0.0
136, 1, 6, 0, 0, 0.0
136, 1, 7, 0, 0, 0.0
136, 1, 8, 0, 0, 0.0
136, 1, 9, 0, 0, 0.0
136, 1, 10, 0, 0, 0.0
136, 1, 11, 0, 0, 0.0
136, 1, 12, 0, 0, 0.0
136, 1, 13, 0, 0, 0.0
136, 1, 14, 0, 0, 0.0
136, 1, 15, 0, 0, 0.0
136, 1, 16, 0, 0, 0.0
136, 1, 17, 0, 0, 0.0
136, 1, 18, 0, 0, 0.0
136, 1, 19, 0, 0, 0.0
136, 1, 20, 0, 0, 0.0
137, 0, 0, 0, 0, 0.0
137, 0, 1, 0, 0, 0.0
137, 0, 2, 0, 0, 0.0
137, 0, 3, 0, 0, 0.0
137, 0, 4, 0, 0, 0.0
137, 0, 5, 0, 0, 0.0
137, 0, 6, 0, 0, 0.0
137, 0, 7, 0, 0, 0.0
137, 0, 8, 0, 0, 0.0
137, 0, 9, 0, 0, 0.0
137, 0, 10, 0, 0, 0.0
137, 0, 11, 0, 0, 0.0
137, 0, 12, 0, 0, 0.0
137, 0, 13, 0, 0, 0.0
137, 0, 14, 0, 0, 0.0
137, 0, 15, 0, 0, 0.0
137, 0, 16, 0, 0, 0.0
137, 0, 17, 0, 0, 0.0
137, 0, 18, 0, 0, 0.0
137, 0, 19, 0, 0, 0.0
137, 0, 20, 0, 0, 0.0
137, 1, 0, 0, 0, 0.0
137, 1, 1, 0, 0, 0.0
137, 1, 2, 0, 0, 0.0
137, 1, 3, 0, 0, 0.0
137, 1, 4, 0, 0, 0.0
137, 1, 5, 0, 0, 0.0
137, 1, 6, 0, 0, 0.0
137, 1, 7, 0, 0, 0.0
137, 1, 8, 0, 0, 0.0
137, 1, 9, 0, 0, 0.0
137, 1, 10, 0, 0, 0.0
137, 1, 11, 0, 0, 0.0
137, 1, 12, 0, 0, 0.0
137, 1, 13, 0, 0, 0.0
137, 1, 14, 0, 0, 0.0
137, 1, 15, 0, 0, 0.0
137, 1, 16, 0, 0, 0.0
137, 1, 17, 0, 0, 0.0
137, 1, 18, 0, 0, 0.0
137, 1, 19, 0, 0, 0.0
137, 1, 20, 0, 0, 0.0
138, 0, 0, 0, 0, 0.0
138, 0, 1, 0, 0, 0.0
138, 0, 2, 0, 0, 0.0
138, 0, 3, 0, 0, 0.0
138, 0, 4, 0, 0, 0.0
138, 0, 5, 0, 0, 0.0
138, 0, 6, 0, 0, 0.0
138, 0, 7, 0, 0, 0.0
138, 0, 8, 0, 0, 0.0
138, 0, 9, 0, 0, 0.0
138, 0, 10, 0, 0, 0.0
138, 0, 11, 0, 0, 0.0
138, 0, 12, 0, 0, 0.0
138, 0, 13, 0, 0, 0.0
138, 0, 14, 0, 0, 0.0
138, 0, 15, 0, 0, 0.0
138, 0, 16, 0, 0, 0.0
138, 0, 17, 0, 0, 0.0
138, 0, 18, 0, 0, 0.0
138, 0, 19, 0, 0, 0.0
138, 0, 20, 0, 0, 0.0
138, 1, 0, 0, 0, 0.0
138, 1, 1, 0, 0, 0.0
138, 1, 2, 0, 0, 0.0
138, 1, 3, 0, 0, 0.0
138, 1, 4, 0, 0, 0.0
138, 1, 5, 0, 0, 0.0
138, 1, 6, 0, 0, 0.0
138, 1, 7, 0, 0, 0.0
138, 1, 8, 0, 0, 0.0
138, 1, 9, 0, 0, 0.0
138, 1, 10, 0, 0, 0.0
138, 1, 11, 0, 0, 0.0
138, 1, 12, 0, 0, 0.0
138, 1, 13, 0, 0, 0.0
138, 1, 14, 0, 0, 0.0
138, 1, 15, 0, 0, 0.0
138, 1, 16, 0, 0, 0.0
138, 1, 17, 0, 0, 0.0
138, 1, 18, 0, 0, 0.0
138, 1, 19, 0, 0, 0.0
138, 1, 20, 0, 0, 0.0
139, 0, 0, 0, 0, 0.0
139, 0, 1, 0, 0, 0.0
139, 0, 2, 0, 0, 0.0
139, 0, 3, 0, 0, 0.0
139, 0, 4, 0, 0, 0.0
139, 0, 5, 0, 0, 0.0
139, 0, 6, 0, 0, 0.0
139, 0, 7, 0, 0, 0.0
139, 0, 8, 0, 0, 0.0
139, 0, 9, 0, 0, 0.0
139, 0, 10, 0, 0, 0.0
139, 0, 11, 0, 0, 0.0
139, 0, 12, 0, 0, 0.0
139, 0, 13, 0, 0, 0.0
139, 0, 14, 0, 0, 0.0
139, 0, 15, 0, 0, 0.0
139, 0, 16, 0, 0, 0.0
139, 0, 17, 0, 0, 0.0
139, 0, 18, 0, 0, 0.0
139, 0, 19, 0, 0, 0.0
139, 0, 20, 0, 0, 0.0
139, 1, 0, 0, 0, 0.0
139, 1, 1, 0, 0, 0.0
139, 1, 2, 0, 0, 0.0
139, 1, 3, 0, 0, 0.0
139, 1, 4, 0, 0, 0.0
139, 1, 5, 0, 0, 0.0
139, 1, 6, 0, 0, 0.0
139, 1, 7, 0, 0, 0.0
139, 1, 8, 0, 0, 0.0
139, 1, 9, 0, 0, 0.0
139, 1, 10, 0, 0, 0.0
139, 1, 11, 0, 0, 0.0
139, 1, 12, 0, 0, 0.0
139, 1, 13, 0, 0, 0.0
139, 1, 14, 0, 0, 0.0
139, 1, 15, 0, 0, 0.0
139, 1, 16, 0, 0, 0.0
139, 1, 17, 0, 0, 0.0
139, 1, 18, 0, 0, 0.0
139, 1, 19, 0, 0, 0.0
139, 1, 20, 0, 0, 0.0
140, 0, 0, 0, 0, 0.0
140, 0, 1, 0, 0, 0.0
140, 0, 2, 0, 0, 0.0
140, 0, 3, 0, 0, 0.0
140, 0, 4, 0, 0, 0.0
140, 0, 5, 0, 0, 0.0
140, 0, 6, 0, 0, 0.0
140, 0, 7, 0, 0, 0.0
140, 0, 8, 0, 0, 0.0
140, 0, 9, 0, 0, 0.0
140, 0, 10, 0, 0, 0.0
140, 0, 11, 0, 0, 0.0
140, 0, 12, 0, 0, 0.0
140, 0, 13, 0, 0, 0.0
140, 0, 14, 0, 0, 0.0
140, 0, 15, 0, 0, 0.0
140, 0, 16, 0, 0, 0.0
140, 0, 17, 0, 0, 0.0
140, 0, 18, 0, 0, 0.0
140, 0, 19, 0, 0, 0.0
140, 0, 20, 0, 0, 0.0
140, 1, 0, 0, 0, 0.0
140, 1, 1, 0, 0, 0.0
140, 1, 2, 0, 0, 0.0
140, 1, 3, 0, 0, 0.0
140, 1, 4, 0, 0, 0.0
140, 1, 5, 0, 0, 0.0
140, 1, 6, 0, 0, 0.0
140, 1, 7, 0, 0, 0.0
140, 1, 8, 0, 0, 0.0
140, 1, 9, 0, 0, 0.0
140, 1, 10, 0, 0, 0.0
140, 1, 11, 0, 0, 0.0
140, 1, 12, 0, 0, 0.0
140, 1, 13, 0, 0, 0.0
140, 1, 14, 0, 0, 0.0
140, 1, 15, 0, 0, 0.0
140, 1, 16, 0, 0, 0.0
140, 1, 17, 0, 0, 0.0
140, 1, 18, 0, 0, 0.0
140, 1, 19, 0, 0, 0.0
140, 1, 20, 0, 0, 0.0
141, 0, 0, 0, 0, 0.0
141, 0, 1, 0, 0, 0.0
141, 0, 2, 0, 0, 0.0
141, 0, 3, 0, 0, 0.0
141, 0, 4, 0, 0, 0.0
141, 0, 5, 0, 0, 0.0
141, 0, 6, 0, 0, 0.0
141, 0, 7, 0, 0, 0.0
141, 0, 8, 0, 0, 0.0
141, 0, 9, 0, 0, 0.0
141, 0, 10, 0, 0, 0.0
141, 0, 11, 0, 0, 0.0
141, 0, 12, 0, 0, 0.0
141, 0, 13, 0, 0, 0.0
141, 0, 14, 0, 0, 0.0
141, 0, 15, 0, 0, 0.0
141, 0, 16, 0, 0, 0.0
141, 0, 17, 0, 0, 0.0
141, 0, 18, 0, 0, 0.0
141, 0, 19, 0, 0, 0.0
141, 0, 20, 0, 0, 0.0
141, 1, 0, 0, 0, 0.0
141, 1, 1, 0, 0, 0.0
141, 1, 2, 0, 0, 0.0
141, 1, 3, 0, 0, 0.0
141, 1, 4, 0, 0, 0.0
141, 1, 5, 0, 0, 0.0
141, 1, 6, 0, 0, 0.0
141, 1, 7, 0, 0, 0.0
141, 1, 8, 0, 0, 0.0
141, 1, 9, 0, 0, 0.0
141, 1, 10, 0, 0, 0.0
141, 1, 11, 0, 0, 0.0
141, 1, 12, 0, 0, 0.0
141, 1, 13, 0, 0, 0.0
141, 1, 14, 0, 0, 0.0
141, 1, 15, 0, 0, 0.0
141, 1, 16, 0, 0, 0.0
141, 1, 17, 0, 0, 0.0
141, 1, 18, 0, 0, 0.0
141, 1, 19, 0, 0, 0.0
141, 1, 20, 0, 0, 0.0
142, 0, 0, 0, 0, 0.0
142, 0, 1, 0, 0, 0.0
142, 0, 2, 0, 0, 0.0
142, 0, 3, 0, 0, 0.0
142, 0, 4, 0, 0, 0.0
142, 0, 5, 0, 0, 0.0
142, 0, 6, 0, 0, 0.0
142, 0, 7, 0, 0, 0.0
142, 0, 8, 0, 0, 0.0
142, 0, 9, 0, 0, 0.0
142, 0, 10, 0, 0, 0.0
142, 0, 11, 0, 0, 0.0
142, 0, 12, 0, 0, 0.0
142, 0, 13, 0, 0, 0.0
142, 0, 14, 0, 0, 0.0
142, 0, 15, 0, 0, 0.0
142, 0, 16, 0, 0, 0.0
142, 0, 17, 0, 0, 0.0
142, 0, 18, 0, 0, 0.0
142, 0, 19, 0, 0, 0.0
142, 0, 20, 0, 0, 0.0
142, 1, 0, 0, 0, 0.0
142, 1, 1, 0, 0, 0.0
142, 1, 2, 0, 0, 0.0
142, 1, 3, 0, 0, 0.0
142, 1, 4, 0, 0, 0.0
142, 1, 5, 0, 0, 0.0
142, 1, 6, 0, 0, 0.0
142, 1, 7, 0, 0, 0.0
142, 1, 8, 0, 0, 0.0
142, 1, 9, 0, 0, 0.0
142, 1, 10, 0, 0, 0.0
142, 1, 11, 0, 0, 0.0
142, 1, 12, 0, 0, 0.0
142, 1, 13, 0, 0, 0.0
142, 1, 14, 0, 0, 0.0
142, 1, 15, 0, 0, 0.0
142, 1, 16, 0, 0, 0.0
142, 1, 17, 0, 0, 0.0
142, 1, 18, 0, 0, 0.0
142, 1, 19, 0, 0, 0.0
142, 1, 20, 0, 0, 0.0
143, 0, 0, 0, 0, 0.0
143, 0, 1, 0, 0, 0.0
143, 0, 2, 0, 0, 0.0
143, 0, 3, 0, 0, 0.0
143, 0, 4, 0, 0, 0.0
143, 0, 5, 0, 0, 0.0
143, 0, 6, 0, 0, 0.0
143, 0, 7, 0, 0, 0.0
143, 0, 8, 0, 0, 0.0
143, 0, 9, 0, 0, 0.0
143, 0, 10, 0, 0, 0.0
143, 0, 11, 0, 0, 0.0
143, 0, 12, 0, 0, 0.0
143, 0, 13, 0, 0, 0.0
143, 0, 14, 0, 0, 0.0
143, 0, 15, 0, 0, 0.0
143, 0, 16, 0, 0, 0.0
143, 0, 17, 0, 0, 0.0
143, 0, 18, 0, 0, 0.0
143, 0, 19, 0, 0, 0.0
143, 0, 20, 0, 0, 0.0
143, 1, 0, 0, 0, 0.0
143, 1, 1, 0, 0, 0.0
143, 1, 2, 0, 0, 0.0
143, 1, 3, 0, 0, 0.0
143, 1, 4, 0, 0, 0.0
143, 1, 5, 0, 0, 0.0
143, 1, 6, 0, 0, 0.0
143, 1, 7, 0, 0, 0.0
143, 1, 8, 0, 0, 0.0
143, 1, 9, 0, 0, 0.0
143, 1, 10, 0, 0, 0.0
143, 1, 11, 0, 0, 0.0
143, 1, 12, 0, 0, 0.0
143, 1, 13, 0, 0, 0.0
143, 1, 14, 0, 0, 0.0
143, 1, 15, 0, 0, 0.0
143, 1, 16, 0, 0, 0.0
143, 1, 17, 0, 0, 0.0
143, 1, 18, 0, 0, 0.0
143, 1, 19, 0, 0, 0.0
143, 1, 20, 0, 0, 0.0
144, 0, 0, 0, 0, 0.0
144, 0, 1, 0, 0, 0.0
144, 0, 2, 0, 0, 0.0
144, 0, 3, 0, 0, 0.0
144, 0, 4, 0, 0, 0.0
144, 0, 5, 0, 0, 0.0
144, 0, 6, 0, 0, 0.0
144, 0, 7, 0, 0, 0.0
144, 0, 8, 0, 0, 0.0
144, 0, 9, 0, 0, 0.0
144, 0, 10, 0, 0, 0.0
144, 0, 11, 0, 0, 0.0
144, 0, 12, 0, 0, 0.0
144, 0, 13, 0, 0, 0.0
144, 0, 14, 0, 0, 0.0
144, 0, 15, 0, 0, 0.0
144, 0, 16, 0, 0, 0.0
144, 0, 17, 0, 0, 0.0
144, 0, 18, 0, 0, 0.0
144, 0, 19, 0, 0, 0.0
144, 0, 20, 0, 0, 0.0
144, 1, 0, 0, 0, 0.0
144, 1, 1, 0, 0, 0.0
144, 1, 2, 0, 0, 0.0
144, 1, 3, 0, 0, 0.0
144, 1, 4, 0, 0, 0.0
144, 1, 5, 0, 0, 0.0
144, 1, 6, 0, 0, 0.0
144, 1, 7, 0, 0, 0.0
144, 1, 8, 0, 0, 0.0
144, 1, 9, 0, 0, 0.0
144, 1, 10, 0, 0, 0.0
144, 1, 11, 0, 0, 0.0
144, 1, 12, 0, 0, 0.0
144, 1, 13, 0, 0, 0.0
144, 1, 14, 0, 0, 0.0
144, 1, 15, 0, 0, 0.0
144, 1, 16, 0, 0, 0.0
144, 1, 17, 0, 0, 0.0
144, 1, 18, 0, 0, 0.0
144, 1, 19, 0, 0, 0.0
144, 1, 20, 0, 0, 0.0
145, 0, 0, 0, 0, 0.0
145, 0, 1, 0, 0, 0.0
145, 0, 2, 0, 0, 0.0
145, 0, 3, 0, 0, 0.0
145, 0, 4, 0, 0, 0.0
145, 0, 5, 0, 0, 0.0
145, 0, 6, 0, 0, 0.0
145, 0, 7, 0, 0, 0.0
145, 0, 8, 0, 0, 0.0
145, 0, 9, 0, 0, 0.0
145, 0, 10, 0, 0, 0.0
145, 0, 11, 0, 0, 0.0
145, 0, 12, 0, 0, 0.0
145, 0, 13, 0, 0, 0.0
145, 0, 14, 0, 0, 0.0
145, 0, 15, 0, 0, 0.0
145, 0, 16, 0, 0, 0.0
145, 0, 17, 0, 0, 0.0
145, 0, 18, 0, 0, 0.0
145, 0, 19, 0, 0, 0.0
145, 0, 20, 0, 0, 0.0
145, 1, 0, 0, 0, 0.0
145, 1, 1, 0, 0, 0.0
145, 1, 2, 0, 0, 0.0
145, 1, 3, 0, 0, 0.0
145, 1, 4, 0, 0, 0.0
145, 1, 5, 0, 0, 0.0
145, 1, 6, 0, 0, 0.0
145, 1, 7, 0, 0, 0.0
145, 1, 8, 0, 0, 0.0
145, 1, 9, 0, 0, 0.0
145, 1, 10, 0, 0, 0.0
145, 1, 11, 0, 0, 0.0
145, 1, 12, 0, 0, 0.0
145, 1, 13, 0, 0, 0.0
145, 1, 14, 0, 0, 0.0
145, 1, 15, 0, 0, 0.0
145, 1, 16, 0, 0, 0.0
145, 1, 17, 0, 0, 0.0
145, 1, 18, 0, 0, 0.0
145, 1, 19, 0, 0, 0.0
145, 1, 20, 0, 0, 0.0
146, 0, 0, 0, 0, 0.0
146, 0, 1, 0, 0, 0.0
146, 0, 2, 0, 0, 0.0
146, 0, 3, 0, 0, 0.0
146, 0, 4, 0, 0, 0.0
146, 0, 5, 0, 0, 0.0
146, 0, 6, 0, 0, 0.0
146, 0, 7, 0, 0, 0.0
146, 0, 8, 0, 0, 0.0
146, 0, 9, 0, 0, 0.0
146, 0, 10, 0, 0, 0.0
146, 0, 11, 0, 0, 0.0
146, 0, 12, 0, 0, 0.0
146, 0, 13, 0, 0, 0.0
146, 0, 14, 0, 0, 0.0
146, 0, 15, 0, 0, 0.0
146, 0, 16, 0, 0, 0.0
146, 0, 17, 0, 0, 0.0
146, 0, 18, 0, 0, 0.0
146, 0, 19, 0, 0, 0.0
146, 0, 20, 0, 0, 0.0
146, 1, 0, 0, 0, 0.0
146, 1, 1, 0, 0, 0.0
146, 1, 2, 0, 0, 0.0
146, 1, 3, 0, 0, 0.0
146, 1, 4, 0, 0, 0.0
146, 1, 5, 0, 0, 0.0
146, 1, 6, 0, 0, 0.0
146, 1, 7, 0, 0, 0.0
146, 1, 8, 0, 0, 0.0
146, 1, 9, 0, 0, 0.0
146, 1, 10, 0, 0, 0.0
146, 1, 11, 0, 0, 0.0
146, 1, 12, 0, 0, 0.0
146, 1, 13, 0, 0, 0.0
146, 1, 14, 0, 0, 0.0
146, 1, 15, 0, 0, 0.0
146, 1, 16, 0, 0, 0.0
146, 1, 17, 0, 0, 0.0
146, 1, 18, 0, 0, 0.0
146, 1, 19, 0, 0, 0.0
146, 1, 20, 0, 0, 0.0
147, 0, 0, 0, 0, 0.0
147, 0, 1, 0, 0, 0.0
147, 0, 2, 0, 0, 0.0
147, 0, 3, 0, 0, 0.0
147, 0, 4, 0, 0, 0.0
147, 0, 5, 0, 0, 0.0
147, 0, 6, 0, 0, 0.0
147, 0, 7, 0, 0, 0.0
147, 0, 8, 0, 0, 0.0
147, 0, 9, 0, 0, 0.0
147, 0, 10, 0, 0, 0.0
147, 0, 11, 0, 0, 0.0
147, 0, 12, 0, 0, 0.0
147, 0, 13, 0, 0, 0.0
147, 0, 14, 0, 0, 0.0
147, 0, 15, 0, 0, 0.0
147, 0, 16, 0, 0, 0.0
147, 0, 17, 0, 0, 0.0
147, 0, 18, 0, 0, 0.0
147, 0, 19, 0, 0, 0.0
147, 0, 20, 0, 0, 0.0
147, 1, 0, 0, 0, 0.0
147, 1, 1, 0, 0, 0.0
147, 1, 2, 0, 0, 0.0
147, 1, 3, 0, 0, 0.0
147, 1, 4, 0, 0, 0.0
147, 1, 5, 0, 0, 0.0
147, 1, 6, 0, 0, 0.0
147, 1, 7, 0, 0, 0.0
147, 1, 8, 0, 0, 0.0
147, 1, 9, 0, 0, 0.0
147, 1, 10, 0, 0, 0.0
147, 1, 11, 0, 0, 0.0
147, 1, 12, 0, 0, 0.0
147, 1, 13, 0, 0, 0.0
147, 1, 14, 0, 0, 0.0
147, 1, 15, 0, 0, 0.0
147, 1, 16, 0, 0, 0.0
147, 1, 17, 0, 0, 0.0
147, 1, 18, 0, 0, 0.0
147, 1, 19, 0, 0, 0.0
147, 1, 20, 0, 0, 0.0
148, 0, 0, 0, 0, 0.0
148, 0, 1, 0, 0, 0.0
148, 0, 2, 0, 0, 0.0
148, 0, 3, 0, 0, 0.0
148, 0, 4, 0, 0, 0.0
148, 0, 5, 0, 0, 0.0
148, 0, 6, 0, 0, 0.0
148, 0, 7, 0, 0, 0.0
148, 0, 8, 0, 0, 0.0
148, 0, 9, 0, 0, 0.0
148, 0, 10, 0, 0, 0.0
148, 0, 11, 0, 0, 0.0
148, 0, 12, 0, 0, 0.0
148, 0, 13, 0, 0, 0.0
148, 0, 14, 0, 0, 0.0
148, 0, 15, 0, 0, 0.0
148, 0, 16, 0, 0, 0.0
148, 0, 17, 0, 0, 0.0
148, 0, 18, 0, 0, 0.0
148, 0, 19, 0, 0, 0.0
148, 0, 20, 0, 0, 0.0
148, 1, 0, 0, 0, 0.0
148, 1, 1, 0, 0, 0.0
148, 1, 2, 0, 0, 0.0
148, 1, 3, 0, 0, 0.0
148, 1, 4, 0, 0, 0.0
148, 1, 5, 0, 0, 0.0
148, 1, 6, 0, 0, 0.0
148, 1, 7, 0, 0, 0.0
148, 1, 8, 0, 0, 0.0
148, 1, 9, 0, 0, 0.0
148, 1, 10, 0, 0, 0.0
148, 1, 11, 0, 0, 0.0
148, 1, 12, 0, 0, 0.0
148, 1, 13, 0, 0, 0.0
148, 1, 14, 0, 0, 0.0
148, 1, 15, 0, 0, 0.0
148, 1, 16, 0, 0, 0.0
148, 1, 17, 0, 0, 0.0
148, 1, 18, 0, 0, 0.0
148, 1, 19, 0, 0, 0.0
148, 1, 20, 0, 0, 0.0
149, 0, 0, 0, 0, 0.0
149, 0, 1, 0, 0, 0.0
149, 0, 2, 0, 0, 0.0
149, 0, 3, 0, 0, 0.0
149, 0, 4, 0, 0, 0.0
149, 0, 5, 0, 0, 0.0
149, 0, 6, 0, 0, 0.0
149, 0, 7, 0, 0, 0.0
149, 0, 8, 0, 0, 0.0
149, 0, 9, 0, 0, 0.0
149, 0, 10, 0, 0, 0.0
149, 0, 11, 0, 0, 0.0
149, 0, 12, 0, 0, 0.0
149, 0, 13, 0, 0, 0.0
149, 0, 14, 0, 0, 0.0
149, 0, 15, 0, 0, 0.0
149, 0, 16, 0, 0, 0.0
149, 0, 17, 0, 0, 0.0
149, 0, 18, 0, 0, 0.0
149, 0, 19, 0, 0, 0.0
149, 0, 20, 0, 0, 0.0
149, 1, 0, 0, 0, 0.0
149, 1, 1, 0, 0, 0.0
149, 1, 2, 0, 0, 0.0
149, 1, 3, 0, 0, 0.0
149, 1, 4, 0, 0, 0.0
149, 1, 5, 0, 0, 0.0
149, 1, 6, 0, 0, 0.0
149, 1, 7, 0, 0, 0.0
149, 1, 8, 0, 0, 0.0
149, 1, 9, 0, 0, 0.0
149, 1, 10, 0, 0, 0.0
149, 1, 11, 0, 0, 0.0
149, 1, 12, 0, 0, 0.0
149, 1, 13, 0, 0, 0.0
149, 1, 14, 0, 0, 0.0
149, 1, 15, 0, 0, 0.0
149, 1, 16, 0, 0, 0.0
149, 1, 17, 0, 0, 0.0
149, 1, 18, 0, 0, 0.0
149, 1, 19, 0, 0, 0.0
149, 1, 20, 0, 0, 0.0
150, 0, 0, 0, 0, 0.0
150, 0, 1, 0, 0, 0.0
150, 0, 2, 0, 0, 0.0
150, 0, 3, 0, 0, 0.0
150, 0, 4, 0, 0, 0.0
150, 0, 5, 0, 0, 0.0
150, 0, 6, 0, 0, 0.0
150, 0, 7, 0, 0, 0.0
150, 0, 8, 0, 0, 0.0
150, 0, 9, 0, 0, 0.0
150, 0, 10, 0, 0, 0.0
150, 0, 11, 0, 0, 0.0
150, 0, 12, 0, 0, 0.0
150, 0, 13, 0, 0, 0.0
150, 0, 14, 0, 0, 0.0
150, 0, 15, 0, 0, 0.0
150, 0, 16, 0, 0, 0.0
150, 0, 17, 0, 0, 0.0
150, 0, 18, 0, 0, 0.0
150, 0, 19, 0, 0, 0.0
150, 0, 20, 0, 0, 0.0
150, 1, 0, 0, 0, 0.0
150, 1, 1, 0, 0, 0.0
150, 1, 2, 0, 0, 0.0
150, 1, 3, 0, 0, 0.0
150, 1, 4, 0, 0, 0.0
150, 1, 5, 0, 0, 0.0
150, 1, 6, 0, 0, 0.0
150, 1, 7, 0, 0, 0.0
150, 1, 8, 0, 0, 0.0
150, 1, 9, 0, 0, 0.0
150, 1, 10, 0, 0, 0.0
150, 1, 11, 0, 0, 0.0
150, 1, 12, 0, 0, 0.0
150, 1, 13, 0, 0, 0.0
150, 1, 14, 0, 0, 0.0
150, 1, 15, 0, 0, 0.0
150, 1, 16, 0, 0, 0.0
150, 1, 17, 0, 0, 0.0
150, 1, 18, 0, 0, 0.0
150, 1, 19, 0, 0, 0.0
150, 1, 20, 0, 0, 0.0
151, 0, 0, 0, 0, 0.0
151, 0, 1, 0, 0, 0.0
151, 0, 2, 0, 0, 0.0
151, 0, 3, 0, 0, 0.0
151, 0, 4, 0, 0, 0.0
151, 0, 5, 0, 0, 0.0
151, 0, 6, 0, 0, 0.0
151, 0, 7, 0, 0, 0.0
151, 0, 8, 0, 0, 0.0
151, 0, 9, 0, 0, 0.0
151, 0, 10, 0, 0, 0.0
151, 0, 11, 0, 0, 0.0
151, 0, 12, 0, 0, 0.0
151, 0, 13, 0, 0, 0.0
151, 0, 14, 0, 0, 0.0
151, 0, 15, 0, 0, 0.0
151, 0, 16, 0, 0, 0.0
151, 0, 17, 0, 0, 0.0
151, 0, 18, 0, 0, 0.0
151, 0, 19, 0, 0, 0.0
151, 0, 20, 0, 0, 0.0
151, 1, 0, 0, 0, 0.0
151, 1, 1, 0, 0, 0.0
151, 1, 2, 0, 0, 0.0
151, 1, 3, 0, 0, 0.0
151, 1, 4, 0, 0, 0.0
151, 1, 5, 0, 0, 0.0
151, 1, 6, 0, 0, 0.0
151, 1, 7, 0, 0, 0.0
151, 1, 8, 0, 0, 0.0
151, 1, 9, 0, 0, 0.0
151, 1, 10, 0, 0, 0.0
151, 1, 11, 0, 0, 0.0
151, 1, 12, 0, 0, 0.0
151, 1, 13, 0, 0, 0.0
151, 1, 14, 0, 0, 0.0
151, 1, 15, 0, 0, 0.0
151, 1, 16, 0, 0, 0.0
151, 1, 17, 0, 0, 0.0
151, 1, 18, 0, 0, 0.0
151, 1, 19, 0, 0, 0.0
151, 1, 20, 0, 0, 0.0
152, 0, 0, 0, 0, 0.0
152, 0, 1, 0, 0, 0.0
152, 0, 2, 0, 0, 0.0
152, 0, 3, 0, 0, 0.0
152, 0, 4, 0, 0, 0.0
152, 0, 5, 0, 0, 0.0
152, 0, 6, 0, 0, 0.0
152, 0, 7, 0, 0, 0.0
152, 0, 8, 0, 0, 0.0
152, 0, 9, 0, 0, 0.0
152, 0, 10, 0, 0, 0.0
152, 0, 11, 0, 0, 0.0
152, 0, 12, 0, 0, 0.0
152, 0, 13, 0, 0, 0.0
152, 0, 14, 0, 0, 0.0
152, 0, 15, 0, 0, 0.0
152, 0, 16, 0, 0, 0.0
152, 0, 17, 0, 0, 0.0
152, 0, 18, 0, 0, 0.0
152, 0, 19, 0, 0, 0.0
152, 0, 20, 0, 0, 0.0
152, 1, 0, 0, 0, 0.0
152, 1, 1, 0, 0, 0.0
152, 1, 2, 0, 0, 0.0
152, 1, 3, 0, 0, 0.0
152, 1, 4, 0, 0, 0.0
152, 1, 5, 0, 0, 0.0
152, 1, 6, 0, 0, 0.0
152, 1, 7, 0, 0, 0.0
152, 1, 8, 0, 0, 0.0
152, 1, 9, 0, 0, 0.0
152, 1, 10, 0, 0, 0.0
152, 1, 11, 0, 0, 0.0
152, 1, 12, 0, 0, 0.0
152, 1, 13, 0, 0, 0.0
152, 1, 14, 0, 0, 0.0
152, 1, 15, 0, 0, 0.0
152, 1, 16, 0, 0, 0.0
152, 1, 17, 0, 0, 0.0
152, 1, 18, 0, 0, 0.0
152, 1, 19, 0, 0, 0.0
152, 1, 20, 0, 0, 0.0
153, 0, 0, 0, 0, 0.0
153, 0, 1, 0, 0, 0.0
153, 0, 2, 0, 0, 0.0
153, 0, 3, 0, 0, 0.0
153, 0, 4, 0, 0, 0.0
153, 0, 5, 0, 0, 0.0
153, 0, 6, 0, 0, 0.0
153, 0, 7, 0, 0, 0.0
153, 0, 8, 0, 0, 0.0
153, 0, 9, 0, 0, 0.0
153, 0, 10, 0, 0, 0.0
153, 0, 11, 0, 0, 0.0
153, 0, 12, 0, 0, 0.0
153, 0, 13, 0, 0, 0.0
153, 0, 14, 0, 0, 0.0
153, 0, 15, 0, 0, 0.0
153, 0, 16, 0, 0, 0.0
153, 0, 17, 0, 0, 0.0
153, 0, 18, 0, 0, 0.0
153, 0, 19, 0, 0, 0.0
153, 0, 20, 0, 0, 0.0
153, 1, 0, 0, 0, 0.0
153, 1, 1, 0, 0, 0.0
153, 1, 2, 0, 0, 0.0
153, 1, 3, 0, 0, 0.0
153, 1, 4, 0, 0, 0.0
153, 1, 5, 0, 0, 0.0
153, 1, 6, 0, 0, 0.0
153, 1, 7, 0, 0, 0.0
153, 1, 8, 0, 0, 0.0
153, 1, 9, 0, 0, 0.0
153, 1, 10, 0, 0, 0.0
153, 1, 11, 0, 0, 0.0
153, 1, 12, 0, 0, 0.0
153, 1, 13, 0, 0, 0.0
153, 1, 14, 0, 0, 0.0
153, 1, 15, 0, 0, 0.0
153, 1, 16, 0, 0, 0.0
153, 1, 17, 0, 0, 0.0
153, 1, 18, 0, 0, 0.0
153, 1, 19, 0, 0, 0.0
153, 1, 20, 0, 0, 0.0
154, 0, 0, 0, 0, 0.0
154, 0, 1, 0, 0, 0.0
154, 0, 2, 0, 0, 0.0
154, 0, 3, 0, 0, 0.0
154, 0, 4, 0, 0, 0.0
154, 0, 5, 0, 0, 0.0
154, 0, 6, 0, 0, 0.0
154, 0, 7, 0, 0, 0.0
154, 0, 8, 0, 0, 0.0
154, 0, 9, 0, 0, 0.0
154, 0, 10, 0, 0, 0.0
154, 0, 11, 0, 0, 0.0
154, 0, 12, 0, 0, 0.0
154, 0, 13, 0, 0, 0.0
154, 0, 14, 0, 0, 0.0
154, 0, 15, 0, 0, 0.0
154, 0, 16, 0, 0, 0.0
154, 0, 17, 0, 0, 0.0
154, 0, 18, 0, 0, 0.0
154, 0, 19, 0, 0, 0.0
154, 0, 20, 0, 0, 0.0
154, 1, 0, 0, 0, 0.0
154, 1, 1, 0, 0, 0.0
154, 1, 2, 0, 0, 0.0
154, 1, 3, 0, 0, 0.0
154, 1, 4, 0, 0, 0.0
154, 1, 5, 0, 0, 0.0
154, 1, 6, 0, 0, 0.0
154, 1, 7, 0, 0, 0.0
154, 1, 8, 0, 0, 0.0
154, 1, 9, 0, 0, 0.0
154, 1, 10, 0, 0, 0.0
154, 1, 11, 0, 0, 0.0
154, 1, 12, 0, 0, 0.0
154, 1, 13, 0, 0, 0.0
154, 1, 14, 0, 0, 0.0
154, 1, 15, 0, 0, 0.0
154, 1, 16, 0, 0, 0.0
154, 1, 17, 0, 0, 0.0
154, 1, 18, 0, 0, 0.0
154, 1, 19, 0, 0, 0.0
154, 1, 20, 0, 0, 0.0
155, 0, 0, 0, 0, 0.0
155, 0, 1, 0, 0, 0.0
155, 0, 2, 0, 0, 0.0
155, 0, 3, 0, 0, 0.0
155, 0, 4, 0, 0, 0.0
155, 0, 5, 0, 0, 0.0
155, 0, 6, 0, 0, 0.0
155, 0, 7, 0, 0, 0.0
155, 0, 8, 0, 0, 0.0
155, 0, 9, 0, 0, 0.0
155, 0, 10, 0, 0, 0.0
155, 0, 11, 0, 0, 0.0
155, 0, 12, 0, 0, 0.0
155, 0, 13, 0, 0, 0.0
155, 0, 14, 0, 0, 0.0
155, 0, 15, 0, 0, 0.0
155, 0, 16, 0, 0, 0.0
155, 0, 17, 0, 0, 0.0
155, 0, 18, 0, 0, 0.0
155, 0, 19, 0, 0, 0.0
155, 0, 20, 0, 0, 0.0
155, 1, 0, 0, 0, 0.0
155, 1, 1, 0, 0, 0.0
155, 1, 2, 0, 0, 0.0
155, 1, 3, 0, 0, 0.0
155, 1, 4, 0, 0, 0.0
155, 1, 5, 0, 0, 0.0
155, 1, 6, 0, 0, 0.0
155, 1, 7, 0, 0, 0.0
155, 1, 8, 0, 0, 0.0
155, 1, 9, 0, 0, 0.0
155, 1, 10, 0, 0, 0.0
155, 1, 11, 0, 0, 0.0
155, 1, 12, 0, 0, 0.0
155, 1, 13, 0, 0, 0.0
155, 1, 14, 0, 0, 0.0
155, 1, 15, 0, 0, 0.0
155, 1, 16, 0, 0, 0.0
155, 1, 17, 0, 0, 0.0
155, 1, 18, 0, 0, 0.0
155, 1, 19, 0, 0, 0.0
155, 1, 20, 0, 0, 0.0
156, 0, 0, 0, 0, 0.0
156, 0, 1, 0, 0, 0.0
156, 0, 2, 0, 0, 0.0
156, 0, 3, 0, 0, 0.0
156, 0, 4, 0, 0, 0.0
156, 0, 5, 0, 0, 0.0
156, 0, 6, 0, 0, 0.0
156, 0, 7, 0, 0, 0.0
156, 0, 8, 0, 0, 0.0
156, 0, 9, 0, 0, 0.0
156, 0, 10, 0, 0, 0.0
156, 0, 11, 0, 0, 0.0
156, 0, 12, 0, 0, 0.0
156, 0, 13, 0, 0, 0.0
156, 0, 14, 0, 0, 0.0
156, 0, 15, 0, 0, 0.0
156, 0, 16, 0, 0, 0.0
156, 0, 17, 0, 0, 0.0
156, 0, 18, 0, 0, 0.0
156, 0, 19, 0, 0, 0.0
156, 0, 20, 0, 0, 0.0
156, 1, 0, 0, 0, 0.0
156, 1, 1, 0, 0, 0.0
156, 1, 2, 0, 0, 0.0
156, 1, 3, 0, 0, 0.0
156, 1, 4, 0, 0, 0.0
156, 1, 5, 0, 0, 0.0
156, 1, 6, 0, 0, 0.0
156, 1, 7, 0, 0, 0.0
156, 1, 8, 0, 0, 0.0
156, 1, 9, 0, 0, 0.0
156, 1, 10, 0, 0, 0.0
156, 1, 11, 0, 0, 0.0
156, 1, 12, 0, 0, 0.0
156, 1, 13, 0, 0, 0.0
156, 1, 14, 0, 0, 0.0
156, 1, 15, 0, 0, 0.0
156, 1, 16, 0, 0, 0.0
156, 1, 17, 0, 0, 0.0
156, 1, 18, 0, 0, 0.0
156, 1, 19, 0, 0, 0.0
156, 1, 20, 0, 0, 0.0
157, 0, 0, 0, 0, 0.0
157, 0, 1, 0, 0, 0.0
157, 0, 2, 0, 0, 0.0
157, 0, 3, 0, 0, 0.0
157, 0, 4, 0, 0, 0.0
157, 0, 5, 0, 0, 0.0
157, 0, 6, 0, 0, 0.0
157, 0, 7, 0, 0, 0.0
157, 0, 8, 0, 0, 0.0
157, 0, 9, 0, 0, 0.0
157, 0, 10, 0, 0, 0.0
157, 0, 11, 0, 0, 0.0
157, 0, 12, 0, 0, 0.0
157, 0, 13, 0, 0, 0.0
157, 0, 14, 0, 0, 0.0
157, 0, 15, 0, 0, 0.0
157, 0, 16, 0, 0, 0.0
157, 0, 17, 0, 0, 0.0
157, 0, 18, 0, 0, 0.0
157, 0, 19, 0, 0, 0.0
157, 0, 20, 0, 0, 0.0
157, 1, 0, 0, 0, 0.0
157, 1, 1, 0, 0, 0.0
157, 1, 2, 0, 0, 0.0
157, 1, 3, 0, 0, 0.0
157, 1, 4, 0, 0, 0.0
157, 1, 5, 0, 0, 0.0
157, 1, 6, 0, 0, 0.0
157, 1, 7, 0, 0, 0.0
157, 1, 8, 0, 0, 0.0
157, 1, 9, 0, 0, 0.0
157, 1, 10, 0, 0, 0.0
157, 1, 11, 0, 0, 0.0
157, 1, 12, 0, 0, 0.0
157, 1, 13, 0, 0, 0.0
157, 1, 14, 0, 0, 0.0
157, 1, 15, 0, 0, 0.0
157, 1, 16, 0, 0, 0.0
157, 1, 17, 0, 0, 0.0
157, 1, 18, 0, 0, 0.0
157, 1, 19, 0, 0, 0.0
157, 1, 20, 0, 0, 0.0
158, 0, 0, 0, 0, 0.0
158, 0, 1, 0, 0, 0.0
158, 0, 2, 0, 0, 0.0
158, 0, 3, 0, 0, 0.0
158, 0, 4, 0, 0, 0.0
158, 0, 5, 0, 0, 0.0
158, 0, 6, 0, 0, 0.0
158, 0, 7, 0, 0, 0.0
158, 0, 8, 0, 0, 0.0
158, 0, 9, 0, 0, 0.0
158, 0, 10, 0, 0, 0.0
158, 0, 11, 0, 0, 0.0
158, 0, 12, 0, 0, 0.0
158, 0, 13, 0, 0, 0.0
158, 0, 14, 0, 0, 0.0
158, 0, 15, 0, 0, 0.0
158, 0, 16, 0, 0, 0.0
158, 0, 17, 0, 0, 0.0
158, 0, 18, 0, 0, 0.0
158, 0, 19, 0, 0, 0.0
158, 0, 20, 0, 0, 0.0
158, 1, 0, 0, 0, 0.0
158, 1, 1, 0, 0, 0.0
158, 1, 2, 0, 0, 0.0
158, 1, 3, 0, 0, 0.0
158, 1, 4, 0, 0, 0.0
158, 1, 5, 0, 0, 0.0
158, 1, 6, 0, 0, 0.0
158, 1, 7, 0, 0, 0.0
158, 1, 8, 0, 0, 0.0
158, 1, 9, 0, 0, 0.0
158, 1, 10, 0, 0, 0.0
158, 1, 11, 0, 0, 0.0
158, 1, 12, 0, 0, 0.0
158, 1, 13, 0, 0, 0.0
158, 1, 14, 0, 0, 0.0
158, 1, 15, 0, 0, 0.0
158, 1, 16, 0, 0, 0.0
158, 1, 17, 0, 0, 0.0
158, 1, 18, 0, 0, 0.0
158, 1, 19, 0, 0, 0.0
158, 1, 20, 0, 0, 0.0
159, 0, 0, 0, 0, 0.0
159, 0, 1, 0, 0, 0.0
159, 0, 2, 0, 0, 0.0
159, 0, 3, 0, 0, 0.0
159, 0, 4, 0, 0, 0.0
159, 0, 5, 0, 0, 0.0
159, 0, 6, 0, 0, 0.0
159, 0, 7, 0, 0, 0.0
159, 0, 8, 0, 0, 0.0
159, 0, 9, 0, 0, 0.0
159, 0, 10, 0, 0, 0.0
159, 0, 11, 0, 0, 0.0
159, 0, 12, 0, 0, 0.0
159, 0, 13, 0, 0, 0.0
159, 0, 14, 0, 0, 0.0
159, 0, 15, 0, 0, 0.0
159, 0, 16, 0, 0, 0.0
159, 0, 17, 0, 0, 0.0
159, 0, 18, 0, 0, 0.0
159, 0, 19, 0, 0, 0.0
159, 0, 20, 0, 0, 0.0
159, 1, 0, 0, 0, 0.0
159, 1, 1, 0, 0, 0.0
159, 1, 2, 0, 0, 0.0
159, 1, 3, 0, 0, 0.0
159, 1, 4, 0, 0, 0.0
159, 1, 5, 0, 0, 0.0
159, 1, 6, 0, 0, 0.0
159, 1, 7, 0, 0, 0.0
159, 1, 8, 0, 0, 0.0
159, 1, 9, 0, 0, 0.0
159, 1, 10, 0, 0, 0.0
159, 1, 11, 0, 0, 0.0
159, 1, 12, 0, 0, 0.0
159, 1, 13, 0, 0, 0.0
159, 1, 14, 0, 0, 0.0
159, 1, 15, 0, 0, 0.0
159, 1, 16, 0, 0, 0.0
159, 1, 17, 0, 0, 0.0
159, 1, 18, 0, 0, 0.0
159, 1, 19, 0, 0, 0.0
159, 1, 20, 0, 0, 0.0
160, 0, 0, 0, 0, 0.0
160, 0, 1, 0, 0, 0.0
160, 0, 2, 0, 0, 0.0
160, 0, 3, 0, 0, 0.0
160, 0, 4, 0, 0, 0.0
160, 0, 5, 0, 0, 0.0
160, 0, 6, 0, 0, 0.0
160, 0, 7, 0, 0, 0.0
160, 0, 8, 0, 0, 0.0
160, 0, 9, 0, 0, 0.0
160, 0, 10, 0, 0, 0.0
160, 0, 11, 0, 0, 0.0
160, 0, 12, 0, 0, 0.0
160, 0, 13, 0, 0, 0.0
160, 0, 14, 0, 0, 0.0
160, 0, 15, 0, 0, 0.0
160, 0, 16, 0, 0, 0.0
160, 0, 17, 0, 0, 0.0
160, 0, 18, 0, 0, 0.0
160, 0, 19, 0, 0, 0.0
160, 0, 20, 0, 0, 0.0
160, 1, 0, 0, 0, 0.0
160, 1, 1, 0, 0, 0.0
160, 1, 2, 0, 0, 0.0
160, 1, 3, 0, 0, 0.0
160, 1, 4, 0, 0, 0.0
160, 1, 5, 0, 0, 0.0
160, 1, 6, 0, 0, 0.0
160, 1, 7, 0, 0, 0.0
160, 1, 8, 0, 0, 0.0
160, 1, 9, 0, 0, 0.0
160, 1, 10, 0, 0, 0.0
160, 1, 11, 0, 0, 0.0
160, 1, 12, 0, 0, 0.0
160, 1, 13, 0, 0, 0.0
160, 1, 14, 0, 0, 0.0
160, 1, 15, 0, 0, 0.0
160, 1, 16, 0, 0, 0.0
160, 1, 17, 0, 0, 0.0
160, 1, 18, 0, 0, 0.0
160, 1, 19, 0, 0, 0.0
160, 1, 20, 0, 0, 0.0
161, 0, 0, 0, 0, 0.0
161, 0, 1, 0, 0, 0.0
161, 0, 2, 0, 0, 0.0
161, 0, 3, 0, 0, 0.0
161, 0, 4, 0, 0, 0.0
161, 0, 5, 0, 0, 0.0
161, 0, 6, 0, 0, 0.0
161, 0, 7, 0, 0, 0.0
161, 0, 8, 0, 0, 0.0
161, 0, 9, 0, 0, 0.0
161, 0, 10, 0, 0, 0.0
161, 0, 11, 0, 0, 0.0
161, 0, 12, 0, 0, 0.0
161, 0, 13, 0, 0, 0.0
161, 0, 14, 0, 0, 0.0
161, 0, 15, 0, 0, 0.0
161, 0, 16, 0, 0, 0.0
161, 0, 17, 0, 0, 0.0
161, 0, 18, 0, 0, 0.0
161, 0, 19, 0, 0, 0.0
161, 0, 20, 0, 0, 0.0
161, 1, 0, 0, 0, 0.0
161, 1, 1, 0, 0, 0.0
161, 1, 2, 0, 0, 0.0
161, 1, 3, 0, 0, 0.0
161, 1, 4, 0, 0, 0.0
161, 1, 5, 0, 0, 0.0
161, 1, 6, 0, 0, 0.0
161, 1, 7, 0, 0, 0.0
161, 1, 8, 0, 0, 0.0
161, 1, 9, 0, 0, 0.0
161, 1, 10, 0, 0, 0.0
161, 1, 11, 0, 0, 0.0
161, 1, 12, 0, 0, 0.0
161, 1, 13, 0, 0, 0.0
161, 1, 14, 0, 0, 0.0
161, 1, 15, 0, 0, 0.0
161, 1, 16, 0, 0, 0.0
161, 1, 17, 0, 0, 0.0
161, 1, 18, 0, 0, 0.0
161, 1, 19, 0, 0, 0.0
161, 1, 20, 0, 0, 0.0
162, 0, 0, 0, 0, 0.0
162, 0, 1, 0, 0, 0.0
162, 0, 2, 0, 0, 0.0
162, 0, 3, 0, 0, 0.0
162, 0, 4, 0, 0, 0.0
162, 0, 5, 0, 0, 0.0
162, 0, 6, 0, 0, 0.0
162, 0, 7, 0, 0, 0.0
162, 0, 8, 0, 0, 0.0
162, 0, 9, 0, 0, 0.0
162, 0, 10, 0, 0, 0.0
162, 0, 11, 0, 0, 0.0
162, 0, 12, 0, 0, 0.0
162, 0, 13, 0, 0, 0.0
162, 0, 14, 0, 0, 0.0
162, 0, 15, 0, 0, 0.0
162, 0, 16, 0, 0, 0.0
162, 0, 17, 0, 0, 0.0
162, 0, 18, 0, 0, 0.0
162, 0, 19, 0, 0, 0.0
162, 0, 20, 0, 0, 0.0
162, 1, 0, 0, 0, 0.0
162, 1, 1, 0, 0, 0.0
162, 1, 2, 0, 0, 0.0
162, 1, 3, 0, 0, 0.0
162, 1, 4, 0, 0, 0.0
162, 1, 5, 0, 0, 0.0
162, 1, 6, 0, 0, 0.0
162, 1, 7, 0, 0, 0.0
162, 1, 8, 0, 0, 0.0
162, 1, 9, 0, 0, 0.0
162, 1, 10, 0, 0, 0.0
162, 1, 11, 0, 0, 0.0
162, 1, 12, 0, 0, 0.0
162, 1, 13, 0, 0, 0.0
162, 1, 14, 0, 0, 0.0
162, 1, 15, 0, 0, 0.0
162, 1, 16, 0, 0, 0.0
162, 1, 17, 0, 0, 0.0
162, 1, 18, 0, 0, 0.0
162, 1, 19, 0, 0, 0.0
162, 1, 20, 0, 0, 0.0
163, 0, 0, 0, 0, 0.0
163, 0, 1, 0, 0, 0.0
163, 0, 2, 0, 0, 0.0
163, 0, 3, 0, 0, 0.0
163, 0, 4, 0, 0, 0.0
163, 0, 5, 0, 0, 0.0
163, 0, 6, 0, 0, 0.0
163, 0, 7, 0, 0, 0.0
163, 0, 8, 0, 0, 0.0
163, 0, 9, 0, 0, 0.0
163, 0, 10, 0, 0, 0.0
163, 0, 11, 0, 0, 0.0
163, 0, 12, 0, 0, 0.0
163, 0, 13, 0, 0, 0.0
163, 0, 14, 0, 0, 0.0
163, 0, 15, 0, 0, 0.0
163, 0, 16, 0, 0, 0.0
163, 0, 17, 0, 0, 0.0
163, 0, 18, 0, 0, 0.0
163, 0, 19, 0, 0, 0.0
163, 0, 20, 0, 0, 0.0
163, 1, 0, 0, 0, 0.0
163, 1, 1, 0, 0, 0.0
163, 1, 2, 0, 0, 0.0
163, 1, 3, 0, 0, 0.0
163, 1, 4, 0, 0, 0.0
163, 1, 5, 0, 0, 0.0
163, 1, 6, 0, 0, 0.0
163, 1, 7, 0, 0, 0.0
163, 1, 8, 0, 0, 0.0
163, 1, 9, 0, 0, 0.0
163, 1, 10, 0, 0, 0.0
163, 1, 11, 0, 0, 0.0
163, 1, 12, 0, 0, 0.0
163, 1, 13, 0, 0, 0.0
163, 1, 14, 0, 0, 0.0
163, 1, 15, 0, 0, 0.0
163, 1, 16, 0, 0, 0.0
163, 1, 17, 0, 0, 0.0
163, 1, 18, 0, 0, 0.0
163, 1, 19, 0, 0, 0.0
163, 1, 20, 0, 0, 0.0
164, 0, 0, 0, 0, 0.0
164, 0, 1, 0, 0, 0.0
164, 0, 2, 0, 0, 0.0
164, 0, 3, 0, 0, 0.0
164, 0, 4, 0, 0, 0.0
164, 0, 5, 0, 0, 0.0
164, 0, 6, 0, 0, 0.0
164, 0, 7, 0, 0, 0.0
164, 0, 8, 0, 0, 0.0
164, 0, 9, 0, 0, 0.0
164, 0, 10, 0, 0, 0.0
164, 0, 11, 0, 0, 0.0
164, 0, 12, 0, 0, 0.0
164, 0, 13, 0, 0, 0.0
164, 0, 14, 0, 0, 0.0
164, 0, 15, 0, 0, 0.0
164, 0, 16, 0, 0, 0.0
164, 0, 17, 0, 0, 0.0
164, 0, 18, 0, 0, 0.0
164, 0, 19, 0, 0, 0.0
164, 0, 20, 0, 0, 0.0
164, 1, 0, 0, 0, 0.0
164, 1, 1, 0, 0, 0.0
164, 1, 2, 0, 0, 0.0
164, 1, 3, 0, 0, 0.0
164, 1, 4, 0, 0, 0.0
164, 1, 5, 0, 0, 0.0
164, 1, 6, 0, 0, 0.0
164, 1, 7, 0, 0, 0.0
164, 1, 8, 0, 0, 0.0
164, 1, 9, 0, 0, 0.0
164, 1, 10, 0, 0, 0.0
164, 1, 11, 0, 0, 0.0
164, 1, 12, 0, 0, 0.0
164, 1, 13, 0, 0, 0.0
164, 1, 14, 0, 0, 0.0
164, 1, 15, 0, 0, 0.0
164, 1, 16, 0, 0, 0.0
164, 1, 17, 0, 0, 0.0
164, 1, 18, 0, 0, 0.0
164, 1, 19, 0, 0, 0.0
164, 1, 20, 0, 0, 0.0
