0, 0, 0, 0, 0, 0.0
0, 0, 1, 0, 0, 0.0
0, 0, 2, 0, 0, 0.0
0, 0, 3, 0, 0, 0.0
0, 0, 4, 0, 0, 0.0
0, 0, 5, 0, 0, 0.0
0, 0, 6, 0, 0, 0.0
0, 0, 7, 0, 0, 0.0
0, 0, 8, 0, 0, 0.0
0, 0, 9, 0, 0, 0.0
0, 0, 10, 0, 0, 0.0
0, 0, 11, 0, 0, 0.0
0, 0, 12, 0, 0, 0.0
0, 0, 13, 0, 0, 0.0
0, 0, 14, 0, 0, 0.0
0, 0, 15, 0, 0, 0.0
0, 0, 16, 0, 0, 0.0
0, 0, 17, 0, 0, 0.0
0, 0, 18, 0, 0, 0.0
0, 0, 19, 0, 0, 0.0
0, 0, 20, 0, 0, 0.0
0, 1, 0, 0, 0, 0.0
0, 1, 1, 0, 0, 0.0
0, 1, 2, 0, 0, 0.0
0, 1, 3, 0, 0, 0.0
0, 1, 4, 0, 0, 0.0
0, 1, 5, 0, 0, 0.0
0, 1, 6, 0, 0, 0.0
0, 1, 7, 0, 0, 0.0
0, 1, 8, 0, 0, 0.0
0, 1, 9, 0, 0, 0.0
0, 1, 10, 0, 0, 0.0
0, 1, 11, 0, 0, 0.0
0, 1, 12, 0, 0, 0.0
0, 1, 13, 0, 0, 0.0
0, 1, 14, 0, 0, 0.0
0, 1, 15, 0, 0, 0.0
0, 1, 16, 0, 0, 0.0
0, 1, 17, 0, 0, 0.0
0, 1, 18, 0, 0, 0.0
0, 1, 19, 0, 0, 0.0
0, 1, 20, 0, 0, 0.0
1, 0, 0, 0, 0, 0.0
1, 0, 1, 0, 0, 0.0
1, 0, 2, 0, 0, 0.0
1, 0, 3, 0, 0, 0.0
1, 0, 4, 0, 0, 0.0
1, 0, 5, 0, 0, 0.0
1, 0, 6, 0, 0, 0.0
1, 0, 7, 0, 0, 0.0
1, 0, 8, 0, 0, 0.0
1, 0, 9, 0, 0, 0.0
1, 0, 10, 0, 0, 0.0
1, 0, 11, 0, 0, 0.0
1, 0, 12, 0, 0, 0.0
1, 0, 13, 0, 0, 0.0
1, 0, 14, 0, 0, 0.0
1, 0, 15, 0, 0, 0.0
1, 0, 16, 0, 0, 0.0
1, 0, 17, 0, 0, 0.0
1, 0, 18, 0, 0, 0.0
1, 0, 19, 0, 0, 0.0
1, 0, 20, 0, 0, 0.0
1, 1, 0, 0, 0, 0.0
1, 1, 1, 0, 0, 0.0
1, 1, 2, 0, 0, 0.0
1, 1, 3, 0, 0, 0.0
1, 1, 4, 0, 0, 0.0
1, 1, 5, 0, 0, 0.0
1, 1, 6, 0, 0, 0.0
1, 1, 7, 0, 0, 0.0
1, 1, 8, 0, 0, 0.0
1, 1, 9, 0, 0, 0.0
1, 1, 10, 0, 0, 0.0
1, 1, 11, 0, 0, 0.0
1, 1, 12, 0, 0, 0.0
1, 1, 13, 0, 0, 0.0
1, 1, 14, 0, 0, 0.0
1, 1, 15, 0, 0, 0.0
1, 1, 16, 0, 0, 0.0
1, 1, 17, 0, 0, 0.0
1, 1, 18, 0, 0, 0.0
1, 1, 19, 0, 0, 0.0
1, 1, 20, 0, 0, 0.0
2, 0, 0, 0, 0, 0.0
2, 0, 1, 0, 0, 0.0
2, 0, 2, 0, 0, 0.0
2, 0, 3, 0, 0, 0.0
2, 0, 4, 0, 0, 0.0
2, 0, 5, 0, 0, 0.0
2, 0, 6, 0, 0, 0.0
2, 0, 7, 0, 0, 0.0
2, 0, 8, 0, 0, 0.0
2, 0, 9, 0, 0, 0.0
2, 0, 10, 0, 0, 0.0
2, 0, 11, 0, 0, 0.0
2, 0, 12, 0, 0, 0.0
2, 0, 13, 0, 0, 0.0
2, 0, 14, 0, 0, 0.0
2, 0, 15, 0, 0, 0.0
2, 0, 16, 0, 0, 0.0
2, 0, 17, 0, 0, 0.0
2, 0, 18, 0, 0, 0.0
2, 0, 19, 0, 0, 0.0
2, 0, 20, 0, 0, 0.0
2, 1, 0, 0, 0, 0.0
2, 1, 1, 0, 0, 0.0
2, 1, 2, 0, 0, 0.0
2, 1, 3, 0, 0, 0.0
2, 1, 4, 0, 0, 0.0
2, 1, 5, 0, 0, 0.0
2, 1, 6, 0, 0, 0.0
2, 1, 7, 0, 0, 0.0
2, 1, 8, 0, 0, 0.0
2, 1, 9, 0, 0, 0.0
2, 1, 10, 0, 0, 0.0
2, 1, 11, 0, 0, 0.0
2, 1, 12, 0, 0, 0.0
2, 1, 13, 0, 0, 0.0
2, 1, 14, 0, 0, 0.0
2, 1, 15, 0, 0, 0.0
2, 1, 16, 0, 0, 0.0
2, 1, 17, 0, 0, 0.0
2, 1, 18, 0, 0, 0.0
2, 1, 19, 0, 0, 0.0
2, 1, 20, 0, 0, 0.0
3, 0, 0, 0, 0, 0.0
3, 0, 1, 0, 0, 0.0
3, 0, 2, 0, 0, 0.0
3, 0, 3, 0, 0, 0.0
3, 0, 4, 0, 0, 0.0
3, 0, 5, 0, 0, 0.0
3, 0, 6, 0, 0, 0.0
3, 0, 7, 0, 0, 0.0
3, 0, 8, 0, 0, 0.0
3, 0, 9, 0, 0, 0.0
3, 0, 10, 0, 0, 0.0
3, 0, 11, 0, 0, 0.0
3, 0, 12, 0, 0, 0.0
3, 0, 13, 0, 0, 0.0
3, 0, 14, 0, 0, 0.0
3, 0, 15, 0, 0, 0.0
3, 0, 16, 0, 0, 0.0
3, 0, 17, 0, 0, 0.0
3, 0, 18, 0, 0, 0.0
3, 0, 19, 0, 0, 0.0
3, 0, 20, 0, 0, 0.0
3, 1, 0, 0, 0, 0.0
3, 1, 1, 0, 0, 0.0
3, 1, 2, 0, 0, 0.0
3, 1, 3, 0, 0, 0.0
3, 1, 4, 0, 0, 0.0
3, 1, 5, 0, 0, 0.0
3, 1, 6, 0, 0, 0.0
3, 1, 7, 0, 0, 0.0
3, 1, 8, 0, 0, 0.0
3, 1, 9, 0, 0, 0.0
3, 1, 10, 0, 0, 0.0
3, 1, 11, 0, 0, 0.0
3, 1, 12, 0, 0, 0.0
3, 1, 13, 0, 0, 0.0
3, 1, 14, 0, 0, 0.0
3, 1, 15, 0, 0, 0.0
3, 1, 16, 0, 0, 0.0
3, 1, 17, 0, 0, 0.0
3, 1, 18, 0, 0, 0.0
3, 1, 19, 0, 0, 0.0
3, 1, 20, 0, 0, 0.0
4, 0, 0, 0, 0, 0.0
4, 0, 1, 0, 0, 0.0
4, 0, 2, 0, 0, 0.0
4, 0, 3, 0, 0, 0.0
4, 0, 4, 0, 0, 0.0
4, 0, 5, 0, 0, 0.0
4, 0, 6, 0, 0, 0.0
4, 0, 7, 0, 0, 0.0
4, 0, 8, 0, 0, 0.0
4, 0, 9, 0, 0, 0.0
4, 0, 10, 0, 0, 0.0
4, 0, 11, 0, 0, 0.0
4, 0, 12, 0, 0, 0.0
4, 0, 13, 0, 0, 0.0
4, 0, 14, 0, 0, 0.0
4, 0, 15, 0, 0, 0.0
4, 0, 16, 0, 0, 0.0
4, 0, 17, 0, 0, 0.0
4, 0, 18, 0, 0, 0.0
4, 0, 19, 0, 0, 0.0
4, 0, 20, 0, 0, 0.0
4, 1, 0, 0, 0, 0.0
4, 1, 1, 0, 0, 0.0
4, 1, 2, 0, 0, 0.0
4, 1, 3, 0, 0, 0.0
4, 1, 4, 0, 0, 0.0
4, 1, 5, 0, 0, 0.0
4, 1, 6, 0, 0, 0.0
4, 1, 7, 0, 0, 0.0
4, 1, 8, 0, 0, 0.0
4, 1, 9, 0, 0, 0.0
4, 1, 10, 0, 0, 0.0
4, 1, 11, 0, 0, 0.0
4, 1, 12, 0, 0, 0.0
4, 1, 13, 0, 0, 0.0
4, 1, 14, 0, 0, 0.0
4, 1, 15, 0, 0, 0.0
4, 1, 16, 0, 0, 0.0
4, 1, 17, 0, 0, 0.0
4, 1, 18, 0, 0, 0.0
4, 1, 19, 0, 0, 0.0
4, 1, 20, 0, 0, 0.0
5, 0, 0, 0, 0, 0.0
5, 0, 1, 0, 0, 0.0
5, 0, 2, 0, 0, 0.0
5, 0, 3, 0, 0, 0.0
5, 0, 4, 0, 0, 0.0
5, 0, 5, 0, 0, 0.0
5, 0, 6, 0, 0, 0.0
5, 0, 7, 0, 0, 0.0
5, 0, 8, 0, 0, 0.0
5, 0, 9, 0, 0, 0.0
5, 0, 10, 0, 0, 0.0
5, 0, 11, 0, 0, 0.0
5, 0, 12, 0, 0, 0.0
5, 0, 13, 0, 0, 0.0
5, 0, 14, 0, 0, 0.0
5, 0, 15, 0, 0, 0.0
5, 0, 16, 0, 0, 0.0
5, 0, 17, 0, 0, 0.0
5, 0, 18, 0, 0, 0.0
5, 0, 19, 0, 0, 0.0
5, 0, 20, 0, 0, 0.0
5, 1, 0, 0, 0, 0.0
5, 1, 1, 0, 0, 0.0
5, 1, 2, 0, 0, 0.0
5, 1, 3, 0, 0, 0.0
5, 1, 4, 0, 0, 0.0
5, 1, 5, 0, 0, 0.0
5, 1, 6, 0, 0, 0.0
5, 1, 7, 0, 0, 0.0
5, 1, 8, 0, 0, 0.0
5, 1, 9, 0, 0, 0.0
5, 1, 10, 0, 0, 0.0
5, 1, 11, 0, 0, 0.0
5, 1, 12, 0, 0, 0.0
5, 1, 13, 0, 0, 0.0
5, 1, 14, 0, 0, 0.0
5, 1, 15, 0, 0, 0.0
5, 1, 16, 0, 0, 0.0
5, 1, 17, 0, 0, 0.0
5, 1, 18, 0, 0, 0.0
5, 1, 19, 0, 0, 0.0
5, 1, 20, 0, 0, 0.0
6, 0, 0, 0, 0, 0.0
6, 0, 1, 0, 0, 0.0
6, 0, 2, 0, 0, 0.0
6, 0, 3, 0, 0, 0.0
6, 0, 4, 0, 0, 0.0
6, 0, 5, 0, 0, 0.0
6, 0, 6, 0, 0, 0.0
6, 0, 7, 0, 0, 0.0
6, 0, 8, 0, 0, 0.0
6, 0, 9, 0, 0, 0.0
6, 0, 10, 0, 0, 0.0
6, 0, 11, 0, 0, 0.0
6, 0, 12, 0, 0, 0.0
6, 0, 13, 0, 0, 0.0
6, 0, 14, 0, 0, 0.0
6, 0, 15, 0, 0, 0.0
6, 0, 16, 0, 0, 0.0
6, 0, 17, 0, 0, 0.0
6, 0, 18, 0, 0, 0.0
6, 0, 19, 0, 0, 0.0
6, 0, 20, 0, 0, 0.0
6, 1, 0, 0, 0, 0.0
6, 1, 1, 0, 0, 0.0
6, 1, 2, 0, 0, 0.0
6, 1, 3, 0, 0, 0.0
6, 1, 4, 0, 0, 0.0
6, 1, 5, 0, 0, 0.0
6, 1, 6, 0, 0, 0.0
6, 1, 7, 0, 0, 0.0
6, 1, 8, 0, 0, 0.0
6, 1, 9, 0, 0, 0.0
6, 1, 10, 0, 0, 0.0
6, 1, 11, 0, 0, 0.0
6, 1, 12, 0, 0, 0.0
6, 1, 13, 0, 0, 0.0
6, 1, 14, 0, 0, 0.0
6, 1, 15, 0, 0, 0.0
6, 1, 16, 0, 0, 0.0
6, 1, 17, 0, 0, 0.0
6, 1, 18, 0, 0, 0.0
6, 1, 19, 0, 0, 0.0
6, 1, 20, 0, 0, 0.0
7, 0, 0, 0, 0, 0.0
7, 0, 1, 0, 0, 0.0
7, 0, 2, 0, 0, 0.0
7, 0, 3, 0, 0, 0.0
7, 0, 4, 0, 0, 0.0
7, 0, 5, 0, 0, 0.0
7, 0, 6, 0, 0, 0.0
7, 0, 7, 0, 0, 0.0
7, 0, 8, 0, 0, 0.0
7, 0, 9, 0, 0, 0.0
7, 0, 10, 0, 0, 0.0
7, 0, 11, 0, 0, 0.0
7, 0, 12, 0, 0, 0.0
7, 0, 13, 0, 0, 0.0
7, 0, 14, 0, 0, 0.0
7, 0, 15, 0, 0, 0.0
7, 0, 16, 0, 0, 0.0
7, 0, 17, 0, 0, 0.0
7, 0, 18, 0, 0, 0.0
7, 0, 19, 0, 0, 0.0
7, 0, 20, 0, 0, 0.0
7, 1, 0, 0, 0, 0.0
7, 1, 1, 0, 0, 0.0
7, 1, 2, 0, 0, 0.0
7, 1, 3, 0, 0, 0.0
7, 1, 4, 0, 0, 0.0
7, 1, 5, 0, 0, 0.0
7, 1, 6, 0, 0, 0.0
7, 1, 7, 0, 0, 0.0
7, 1, 8, 0, 0, 0.0
7, 1, 9, 0, 0, 0.0
7, 1, 10, 0, 0, 0.0
7, 1, 11, 0, 0, 0.0
7, 1, 12, 0, 0, 0.0
7, 1, 13, 0, 0, 0.0
7, 1, 14, 0, 0, 0.0
7, 1, 15, 0, 0, 0.0
7, 1, 16, 0, 0, 0.0
7, 1, 17, 0, 0, 0.0
7, 1, 18, 0, 0, 0.0
7, 1, 19, 0, 0, 0.0
7, 1, 20, 0, 0, 0.0
8, 0, 0, 0, 0, 0.0
8, 0, 1, 0, 0, 0.0
8, 0, 2, 0, 0, 0.0
8, 0, 3, 0, 0, 0.0
8, 0, 4, 0, 0, 0.0
8, 0, 5, 0, 0, 0.0
8, 0, 6, 0, 0, 0.0
8, 0, 7, 0, 0, 0.0
8, 0, 8, 0, 0, 0.0
8, 0, 9, 0, 0, 0.0
8, 0, 10, 0, 0, 0.0
8, 0, 11, 0, 0, 0.0
8, 0, 12, 0, 0, 0.0
8, 0, 13, 0, 0, 0.0
8, 0, 14, 0, 0, 0.0
8, 0, 15, 0, 0, 0.0
8, 0, 16, 0, 0, 0.0
8, 0, 17, 0, 0, 0.0
8, 0, 18, 0, 0, 0.0
8, 0, 19, 0, 0, 0.0
8, 0, 20, 0, 0, 0.0
8, 1, 0, 0, 0, 0.0
8, 1, 1, 0, 0, 0.0
8, 1, 2, 0, 0, 0.0
8, 1, 3, 0, 0, 0.0
8, 1, 4, 0, 0, 0.0
8, 1, 5, 0, 0, 0.0
8, 1, 6, 0, 0, 0.0
8, 1, 7, 0, 0, 0.0
8, 1, 8, 0, 0, 0.0
8, 1, 9, 0, 0, 0.0
8, 1, 10, 0, 0, 0.0
8, 1, 11, 0, 0, 0.0
8, 1, 12, 0, 0, 0.0
8, 1, 13, 0, 0, 0.0
8, 1, 14, 0, 0, 0.0
8, 1, 15, 0, 0, 0.0
8, 1, 16, 0, 0, 0.0
8, 1, 17, 0, 0, 0.0
8, 1, 18, 0, 0, 0.0
8, 1, 19, 0, 0, 0.0
8, 1, 20, 0, 0, 0.0
9, 0, 0, 0, 0, 0.0
9, 0, 1, 0, 0, 0.0
9, 0, 2, 0, 0, 0.0
9, 0, 3, 0, 0, 0.0
9, 0, 4, 0, 0, 0.0
9, 0, 5, 0, 0, 0.0
9, 0, 6, 0, 0, 0.0
9, 0, 7, 0, 0, 0.0
9, 0, 8, 0, 0, 0.0
9, 0, 9, 0, 0, 0.0
9, 0, 10, 0, 0, 0.0
9, 0, 11, 0, 0, 0.0
9, 0, 12, 0, 0, 0.0
9, 0, 13, 0, 0, 0.0
9, 0, 14, 0, 0, 0.0
9, 0, 15, 0, 0, 0.0
9, 0, 16, 0, 0, 0.0
9, 0, 17, 0, 0, 0.0
9, 0, 18, 0, 0, 0.0
9, 0, 19, 0, 0, 0.0
9, 0, 20, 0, 0, 0.0
9, 1, 0, 0, 0, 0.0
9, 1, 1, 0, 0, 0.0
9, 1, 2, 0, 0, 0.0
9, 1, 3, 0, 0, 0.0
9, 1, 4, 0, 0, 0.0
9, 1, 5, 0, 0, 0.0
9, 1, 6, 0, 0, 0.0
9, 1, 7, 0, 0, 0.0
9, 1, 8, 0, 0, 0.0
9, 1, 9, 0, 0, 0.0
9, 1, 10, 0, 0, 0.0
9, 1, 11, 0, 0, 0.0
9, 1, 12, 0, 0, 0.0
9, 1, 13, 0, 0, 0.0
9, 1, 14, 0, 0, 0.0
9, 1, 15, 0, 0, 0.0
9, 1, 16, 0, 0, 0.0
9, 1, 17, 0, 0, 0.0
9, 1, 18, 0, 0, 0.0
9, 1, 19, 0, 0, 0.0
9, 1, 20, 0, 0, 0.0
10, 0, 0, 0, 0, 0.0
10, 0, 1, 0, 0, 0.0
10, 0, 2, 0, 0, 0.0
10, 0, 3, 0, 0, 0.0
10, 0, 4, 0, 0, 0.0
10, 0, 5, 0, 0, 0.0
10, 0, 6, 0, 0, 0.0
10, 0, 7, 0, 0, 0.0
10, 0, 8, 0, 0, 0.0
10, 0, 9, 0, 0, 0.0
10, 0, 10, 0, 0, 0.0
10, 0, 11, 0, 0, 0.0
10, 0, 12, 0, 0, 0.0
10, 0, 13, 0, 0, 0.0
10, 0, 14, 0, 0, 0.0
10, 0, 15, 0, 0, 0.0
10, 0, 16, 0, 0, 0.0
10, 0, 17, 0, 0, 0.0
10, 0, 18, 0, 0, 0.0
10, 0, 19, 0, 0, 0.0
10, 0, 20, 0, 0, 0.0
10, 1, 0, 0, 0, 0.0
10, 1, 1, 0, 0, 0.0
10, 1, 2, 0, 0, 0.0
10, 1, 3, 0, 0, 0.0
10, 1, 4, 0, 0, 0.0
10, 1, 5, 0, 0, 0.0
10, 1, 6, 0, 0, 0.0
10, 1, 7, 0, 0, 0.0
10, 1, 8, 0, 0, 0.0
10, 1, 9, 0, 0, 0.0
10, 1, 10, 0, 0, 0.0
10, 1, 11, 0, 0, 0.0
10, 1, 12, 0, 0, 0.0
10, 1, 13, 0, 0, 0.0
10, 1, 14, 0, 0, 0.0
10, 1, 15, 0, 0, 0.0
10, 1, 16, 0, 0, 0.0
10, 1, 17, 0, 0, 0.0
10, 1, 18, 0, 0, 0.0
10, 1, 19, 0, 0, 0.0
10, 1, 20, 0, 0, 0.0
11, 0, 0, 0, 0, 0.0
11, 0, 1, 0, 0, 0.0
11, 0, 2, 0, 0, 0.0
11, 0, 3, 0, 0, 0.0
11, 0, 4, 0, 0, 0.0
11, 0, 5, 0, 0, 0.0
11, 0, 6, 0, 0, 0.0
11, 0, 7, 0, 0, 0.0
11, 0, 8, 0, 0, 0.0
11, 0, 9, 0, 0, 0.0
11, 0, 10, 0, 0, 0.0
11, 0, 11, 0, 0, 0.0
11, 0, 12, 0, 0, 0.0
11, 0, 13, 0, 0, 0.0
11, 0, 14, 0, 0, 0.0
11, 0, 15, 0, 0, 0.0
11, 0, 16, 0, 0, 0.0
11, 0, 17, 0, 0, 0.0
11, 0, 18, 0, 0, 0.0
11, 0, 19, 0, 0, 0.0
11, 0, 20, 0, 0, 0.0
11, 1, 0, 0, 0, 0.0
11, 1, 1, 0, 0, 0.0
11, 1, 2, 0, 0, 0.0
11, 1, 3, 0, 0, 0.0
11, 1, 4, 0, 0, 0.0
11, 1, 5, 0, 0, 0.0
11, 1, 6, 0, 0, 0.0
11, 1, 7, 0, 0, 0.0
11, 1, 8, 0, 0, 0.0
11, 1, 9, 0, 0, 0.0
11, 1, 10, 0, 0, 0.0
11, 1, 11, 0, 0, 0.0
11, 1, 12, 0, 0, 0.0
11, 1, 13, 0, 0, 0.0
11, 1, 14, 0, 0, 0.0
11, 1, 15, 0, 0, 0.0
11, 1, 16, 0, 0, 0.0
11, 1, 17, 0, 0, 0.0
11, 1, 18, 0, 0, 0.0
11, 1, 19, 0, 0, 0.0
11, 1, 20, 0, 0, 0.0
12, 0, 0, 0, 0, 0.0
12, 0, 1, 0, 0, 0.0
12, 0, 2, 0, 0, 0.0
12, 0, 3, 0, 0, 0.0
12, 0, 4, 0, 0, 0.0
12, 0, 5, 0, 0, 0.0
12, 0, 6, 0, 0, 0.0
12, 0, 7, 0, 0, 0.0
12, 0, 8, 0, 0, 0.0
12, 0, 9, 0, 0, 0.0
12, 0, 10, 0, 0, 0.0
12, 0, 11, 0, 0, 0.0
12, 0, 12, 0, 0, 0.0
12, 0, 13, 0, 0, 0.0
12, 0, 14, 0, 0, 0.0
12, 0, 15, 0, 0, 0.0
12, 0, 16, 0, 0, 0.0
12, 0, 17, 0, 0, 0.0
12, 0, 18, 0, 0, 0.0
12, 0, 19, 0, 0, 0.0
12, 0, 20, 0, 0, 0.0
12, 1, 0, 0, 0, 0.0
12, 1, 1, 0, 0, 0.0
12, 1, 2, 0, 0, 0.0
12, 1, 3, 0, 0, 0.0
12, 1, 4, 0, 0, 0.0
12, 1, 5, 0, 0, 0.0
12, 1, 6, 0, 0, 0.0
12, 1, 7, 0, 0, 0.0
12, 1, 8, 0, 0, 0.0
12, 1, 9, 0, 0, 0.0
12, 1, 10, 0, 0, 0.0
12, 1, 11, 0, 0, 0.0
12, 1, 12, 0, 0, 0.0
12, 1, 13, 0, 0, 0.0
12, 1, 14, 0, 0, 0.0
12, 1, 15, 0, 0, 0.0
12, 1, 16, 0, 0, 0.0
12, 1, 17, 0, 0, 0.0
12, 1, 18, 0, 0, 0.0
12, 1, 19, 0, 0, 0.0
12, 1, 20, 0, 0, 0.0
13, 0, 0, 0, 0, 0.0
13, 0, 1, 0, 0, 0.0
13, 0, 2, 0, 0, 0.0
13, 0, 3, 0, 0, 0.0
13, 0, 4, 0, 0, 0.0
13, 0, 5, 0, 0, 0.0
13, 0, 6, 0, 0, 0.0
13, 0, 7, 0, 0, 0.0
13, 0, 8, 0, 0, 0.0
13, 0, 9, 0, 0, 0.0
13, 0, 10, 0, 0, 0.0
13, 0, 11, 0, 0, 0.0
13, 0, 12, 0, 0, 0.0
13, 0, 13, 0, 0, 0.0
13, 0, 14, 0, 0, 0.0
13, 0, 15, 0, 0, 0.0
13, 0, 16, 0, 0, 0.0
13, 0, 17, 0, 0, 0.0
13, 0, 18, 0, 0, 0.0
13, 0, 19, 0, 0, 0.0
13, 0, 20, 0, 0, 0.0
13, 1, 0, 0, 0, 0.0
13, 1, 1, 0, 0, 0.0
13, 1, 2, 0, 0, 0.0
13, 1, 3, 0, 0, 0.0
13, 1, 4, 0, 0, 0.0
13, 1, 5, 0, 0, 0.0
13, 1, 6, 0, 0, 0.0
13, 1, 7, 0, 0, 0.0
13, 1, 8, 0, 0, 0.0
13, 1, 9, 0, 0, 0.0
13, 1, 10, 0, 0, 0.0
13, 1, 11, 0, 0, 0.0
13, 1, 12, 0, 0, 0.0
13, 1, 13, 0, 0, 0.0
13, 1, 14, 0, 0, 0.0
13, 1, 15, 0, 0, 0.0
13, 1, 16, 0, 0, 0.0
13, 1, 17, 0, 0, 0.0
13, 1, 18, 0, 0, 0.0
13, 1, 19, 0, 0, 0.0
13, 1, 20, 0, 0, 0.0
14, 0, 0, 0, 0, 0.0
14, 0, 1, 0, 0, 0.0
14, 0, 2, 0, 0, 0.0
14, 0, 3, 0, 0, 0.0
14, 0, 4, 0, 0, 0.0
14, 0, 5, 0, 0, 0.0
14, 0, 6, 0, 0, 0.0
14, 0, 7, 0, 0, 0.0
14, 0, 8, 0, 0, 0.0
14, 0, 9, 0, 0, 0.0
14, 0, 10, 0, 0, 0.0
14, 0, 11, 0, 0, 0.0
14, 0, 12, 0, 0, 0.0
14, 0, 13, 0, 0, 0.0
14, 0, 14, 0, 0, 0.0
14, 0, 15, 0, 0, 0.0
14, 0, 16, 0, 0, 0.0
14, 0, 17, 0, 0, 0.0
14, 0, 18, 0, 0, 0.0
14, 0, 19, 0, 0, 0.0
14, 0, 20, 0, 0, 0.0
14, 1, 0, 0, 0, 0.0
14, 1, 1, 0, 0, 0.0
14, 1, 2, 0, 0, 0.0
14, 1, 3, 0, 0, 0.0
14, 1, 4, 0, 0, 0.0
14, 1, 5, 0, 0, 0.0
14, 1, 6, 0, 0, 0.0
14, 1, 7, 0, 0, 0.0
14, 1, 8, 0, 0, 0.0
14, 1, 9, 0, 0, 0.0
14, 1, 10, 0, 0, 0.0
14, 1, 11, 0, 0, 0.0
14, 1, 12, 0, 0, 0.0
14, 1, 13, 0, 0, 0.0
14, 1, 14, 0, 0, 0.0
14, 1, 15, 0, 0, 0.0
14, 1, 16, 0, 0, 0.0
14, 1, 17, 0, 0, 0.0
14, 1, 18, 0, 0, 0.0
14, 1, 19, 0, 0, 0.0
14, 1, 20, 0, 0, 0.0
15, 0, 0, 0, 0, 0.0
15, 0, 1, 0, 0, 0.0
15, 0, 2, 0, 0, 0.0
15, 0, 3, 0, 0, 0.0
15, 0, 4, 0, 0, 0.0
15, 0, 5, 0, 0, 0.0
15, 0, 6, 0, 0, 0.0
15, 0, 7, 0, 0, 0.0
15, 0, 8, 0, 0, 0.0
15, 0, 9, 0, 0, 0.0
15, 0, 10, 0, 0, 0.0
15, 0, 11, 0, 0, 0.0
15, 0, 12, 0, 0, 0.0
15, 0, 13, 0, 0, 0.0
15, 0, 14, 0, 0, 0.0
15, 0, 15, 0, 0, 0.0
15, 0, 16, 0, 0, 0.0
15, 0, 17, 0, 0, 0.0
15, 0, 18, 0, 0, 0.0
15, 0, 19, 0, 0, 0.0
15, 0, 20, 0, 0, 0.0
15, 1, 0, 0, 0, 0.0
15, 1, 1, 0, 0, 0.0
15, 1, 2, 0, 0, 0.0
15, 1, 3, 0, 0, 0.0
15, 1, 4, 0, 0, 0.0
15, 1, 5, 0, 0, 0.0
15, 1, 6, 0, 0, 0.0
15, 1, 7, 0, 0, 0.0
15, 1, 8, 0, 0, 0.0
15, 1, 9, 0, 0, 0.0
15, 1, 10, 0, 0, 0.0
15, 1, 11, 0, 0, 0.0
15, 1, 12, 0, 0, 0.0
15, 1, 13, 0, 0, 0.0
15, 1, 14, 0, 0, 0.0
15, 1, 15, 0, 0, 0.0
15, 1, 16, 0, 0, 0.0
15, 1, 17, 0, 0, 0.0
15, 1, 18, 0, 0, 0.0
15, 1, 19, 0, 0, 0.0
15, 1, 20, 0, 0, 0.0
16, 0, 0, 0, 0, 0.0
16, 0, 1, 0, 0, 0.0
16, 0, 2, 0, 0, 0.0
16, 0, 3, 0, 0, 0.0
16, 0, 4, 0, 0, 0.0
16, 0, 5, 0, 0, 0.0
16, 0, 6, 0, 0, 0.0
16, 0, 7, 0, 0, 0.0
16, 0, 8, 0, 0, 0.0
16, 0, 9, 0, 0, 0.0
16, 0, 10, 0, 0, 0.0
16, 0, 11, 0, 0, 0.0
16, 0, 12, 0, 0, 0.0
16, 0, 13, 0, 0, 0.0
16, 0, 14, 0, 0, 0.0
16, 0, 15, 0, 0, 0.0
16, 0, 16, 0, 0, 0.0
16, 0, 17, 0, 0, 0.0
16, 0, 18, 0, 0, 0.0
16, 0, 19, 0, 0, 0.0
16, 0, 20, 0, 0, 0.0
16, 1, 0, 0, 0, 0.0
16, 1, 1, 0, 0, 0.0
16, 1, 2, 0, 0, 0.0
16, 1, 3, 0, 0, 0.0
16, 1, 4, 0, 0, 0.0
16, 1, 5, 0, 0, 0.0
16, 1, 6, 0, 0, 0.0
16, 1, 7, 0, 0, 0.0
16, 1, 8, 0, 0, 0.0
16, 1, 9, 0, 0, 0.0
16, 1, 10, 0, 0, 0.0
16, 1, 11, 0, 0, 0.0
16, 1, 12, 0, 0, 0.0
16, 1, 13, 0, 0, 0.0
16, 1, 14, 0, 0, 0.0
16, 1, 15, 0, 0, 0.0
16, 1, 16, 0, 0, 0.0
16, 1, 17, 0, 0, 0.0
16, 1, 18, 0, 0, 0.0
16, 1, 19, 0, 0, 0.0
16, 1, 20, 0, 0, 0.0
17, 0, 0, 0, 0, 0.0
17, 0, 1, 0, 0, 0.0
17, 0, 2, 0, 0, 0.0
17, 0, 3, 0, 0, 0.0
17, 0, 4, 0, 0, 0.0
17, 0, 5, 0, 0, 0.0
17, 0, 6, 0, 0, 0.0
17, 0, 7, 0, 0, 0.0
17, 0, 8, 0, 0, 0.0
17, 0, 9, 0, 0, 0.0
17, 0, 10, 0, 0, 0.0
17, 0, 11, 0, 0, 0.0
17, 0, 12, 0, 0, 0.0
17, 0, 13, 0, 0, 0.0
17, 0, 14, 0, 0, 0.0
17, 0, 15, 0, 0, 0.0
17, 0, 16, 0, 0, 0.0
17, 0, 17, 0, 0, 0.0
17, 0, 18, 0, 0, 0.0
17, 0, 19, 0, 0, 0.0
17, 0, 20, 0, 0, 0.0
17, 1, 0, 0, 0, 0.0
17, 1, 1, 0, 0, 0.0
17, 1, 2, 0, 0, 0.0
17, 1, 3, 0, 0, 0.0
17, 1, 4, 0, 0, 0.0
17, 1, 5, 0, 0, 0.0
17, 1, 6, 0, 0, 0.0
17, 1, 7, 0, 0, 0.0
17, 1, 8, 0, 0, 0.0
17, 1, 9, 0, 0, 0.0
17, 1, 10, 0, 0, 0.0
17, 1, 11, 0, 0, 0.0
17, 1, 12, 0, 0, 0.0
17, 1, 13, 0, 0, 0.0
17, 1, 14, 0, 0, 0.0
17, 1, 15, 0, 0, 0.0
17, 1, 16, 0, 0, 0.0
17, 1, 17, 0, 0, 0.0
17, 1, 18, 0, 0, 0.0
17, 1, 19, 0, 0, 0.0
17, 1, 20, 0, 0, 0.0
18, 0, 0, 0, 0, 0.0
18, 0, 1, 0, 0, 0.0
18, 0, 2, 0, 0, 0.0
18, 0, 3, 0, 0, 0.0
18, 0, 4, 0, 0, 0.0
18, 0, 5, 0, 0, 0.0
18, 0, 6, 0, 0, 0.0
18, 0, 7, 0, 0, 0.0
18, 0, 8, 0, 0, 0.0
18, 0, 9, 0, 0, 0.0
18, 0, 10, 0, 0, 0.0
18, 0, 11, 0, 0, 0.0
18, 0, 12, 0, 0, 0.0
18, 0, 13, 0, 0, 0.0
18, 0, 14, 0, 0, 0.0
18, 0, 15, 0, 0, 0.0
18, 0, 16, 0, 0, 0.0
18, 0, 17, 0, 0, 0.0
18, 0, 18, 0, 0, 0.0
18, 0, 19, 0, 0, 0.0
18, 0, 20, 0, 0, 0.0
18, 1, 0, 0, 0, 0.0
18, 1, 1, 0, 0, 0.0
18, 1, 2, 0, 0, 0.0
18, 1, 3, 0, 0, 0.0
18, 1, 4, 0, 0, 0.0
18, 1, 5, 0, 0, 0.0
18, 1, 6, 0, 0, 0.0
18, 1, 7, 0, 0, 0.0
18, 1, 8, 0, 0, 0.0
18, 1, 9, 0, 0, 0.0
18, 1, 10, 0, 0, 0.0
18, 1, 11, 0, 0, 0.0
18, 1, 12, 0, 0, 0.0
18, 1, 13, 0, 0, 0.0
18, 1, 14, 0, 0, 0.0
18, 1, 15, 0, 0, 0.0
18, 1, 16, 0, 0, 0.0
18, 1, 17, 0, 0, 0.0
18, 1, 18, 0, 0, 0.0
18, 1, 19, 0, 0, 0.0
18, 1, 20, 0, 0, 0.0
19, 0, 0, 0, 0, 0.0
19, 0, 1, 0, 0, 0.0
19, 0, 2, 0, 0, 0.0
19, 0, 3, 0, 0, 0.0
19, 0, 4, 0, 0, 0.0
19, 0, 5, 0, 0, 0.0
19, 0, 6, 0, 0, 0.0
19, 0, 7, 0, 0, 0.0
19, 0, 8, 0, 0, 0.0
19, 0, 9, 0, 0, 0.0
19, 0, 10, 0, 0, 0.0
19, 0, 11, 0, 0, 0.0
19, 0, 12, 0, 0, 0.0
19, 0, 13, 0, 0, 0.0
19, 0, 14, 0, 0, 0.0
19, 0, 15, 0, 0, 0.0
19, 0, 16, 0, 0, 0.0
19, 0, 17, 0, 0, 0.0
19, 0, 18, 0, 0, 0.0
19, 0, 19, 0, 0, 0.0
19, 0, 20, 0, 0, 0.0
19, 1, 0, 0, 0, 0.0
19, 1, 1, 0, 0, 0.0
19, 1, 2, 0, 0, 0.0
19, 1, 3, 0, 0, 0.0
19, 1, 4, 0, 0, 0.0
19, 1, 5, 0, 0, 0.0
19, 1, 6, 0, 0, 0.0
19, 1, 7, 0, 0, 0.0
19, 1, 8, 0, 0, 0.0
19, 1, 9, 0, 0, 0.0
19, 1, 10, 0, 0, 0.0
19, 1, 11, 0, 0, 0.0
19, 1, 12, 0, 0, 0.0
19, 1, 13, 0, 0, 0.0
19, 1, 14, 0, 0, 0.0
19, 1, 15, 0, 0, 0.0
19, 1, 16, 0, 0, 0.0
19, 1, 17, 0, 0, 0.0
19, 1, 18, 0, 0, 0.0
19, 1, 19, 0, 0, 0.0
19, 1, 20, 0, 0, 0.0
20, 0, 0, 0, 0, 0.0
20, 0, 1, 0, 0, 0.0
20, 0, 2, 0, 0, 0.0
20, 0, 3, 0, 0, 0.0
20, 0, 4, 0, 0, 0.0
20, 0, 5, 0, 0, 0.0
20, 0, 6, 0, 0, 0.0
20, 0, 7, 0, 0, 0.0
20, 0, 8, 0, 0, 0.0
20, 0, 9, 0, 0, 0.0
20, 0, 10, 0, 0, 0.0
20, 0, 11, 0, 0, 0.0
20, 0, 12, 0, 0, 0.0
20, 0, 13, 0, 0, 0.0
20, 0, 14, 0, 0, 0.0
20, 0, 15, 0, 0, 0.0
20, 0, 16, 0, 0, 0.0
20, 0, 17, 0, 0, 0.0
20, 0, 18, 0, 0, 0.0
20, 0, 19, 0, 0, 0.0
20, 0, 20, 0, 0, 0.0
20, 1, 0, 0, 0, 0.0
20, 1, 1, 0, 0, 0.0
20, 1, 2, 0, 0, 0.0
20, 1, 3, 0, 0, 0.0
20, 1, 4, 0, 0, 0.0
20, 1, 5, 0, 0, 0.0
20, 1, 6, 0, 0, 0.0
20, 1, 7, 0, 0, 0.0
20, 1, 8, 0, 0, 0.0
20, 1, 9, 0, 0, 0.0
20, 1, 10, 0, 0, 0.0
20, 1, 11, 0, 0, 0.0
20, 1, 12, 0, 0, 0.0
20, 1, 13, 0, 0, 0.0
20, 1, 14, 0, 0, 0.0
20, 1, 15, 0, 0, 0.0
20, 1, 16, 0, 0, 0.0
20, 1, 17, 0, 0, 0.0
20, 1, 18, 0, 0, 0.0
20, 1, 19, 0, 0, 0.0
20, 1, 20, 0, 0, 0.0
21, 0, 0, 0, 0, 0.0
21, 0, 1, 0, 0, 0.0
21, 0, 2, 0, 0, 0.0
21, 0, 3, 0, 0, 0.0
21, 0, 4, 0, 0, 0.0
21, 0, 5, 0, 0, 0.0
21, 0, 6, 0, 0, 0.0
21, 0, 7, 0, 0, 0.0
21, 0, 8, 0, 0, 0.0
21, 0, 9, 0, 0, 0.0
21, 0, 10, 0, 0, 0.0
21, 0, 11, 0, 0, 0.0
21, 0, 12, 0, 0, 0.0
21, 0, 13, 0, 0, 0.0
21, 0, 14, 0, 0, 0.0
21, 0, 15, 0, 0, 0.0
21, 0, 16, 0, 0, 0.0
21, 0, 17, 0, 0, 0.0
21, 0, 18, 0, 0, 0.0
21, 0, 19, 0, 0, 0.0
21, 0, 20, 0, 0, 0.0
21, 1, 0, 0, 0, 0.0
21, 1, 1, 0, 0, 0.0
21, 1, 2, 0, 0, 0.0
21, 1, 3, 0, 0, 0.0
21, 1, 4, 0, 0, 0.0
21, 1, 5, 0, 0, 0.0
21, 1, 6, 0, 0, 0.0
21, 1, 7, 0, 0, 0.0
21, 1, 8, 0, 0, 0.0
21, 1, 9, 0, 0, 0.0
21, 1, 10, 0, 0, 0.0
21, 1, 11, 0, 0, 0.0
21, 1, 12, 0, 0, 0.0
21, 1, 13, 0, 0, 0.0
21, 1, 14, 0, 0, 0.0
21, 1, 15, 0, 0, 0.0
21, 1, 16, 0, 0, 0.0
21, 1, 17, 0, 0, 0.0
21, 1, 18, 0, 0, 0.0
21, 1, 19, 0, 0, 0.0
21, 1, 20, 0, 0, 0.0
22, 0, 0, 0, 0, 0.0
22, 0, 1, 0, 0, 0.0
22, 0, 2, 0, 0, 0.0
22, 0, 3, 0, 0, 0.0
22, 0, 4, 0, 0, 0.0
22, 0, 5, 0, 0, 0.0
22, 0, 6, 0, 0, 0.0
22, 0, 7, 0, 0, 0.0
22, 0, 8, 0, 0, 0.0
22, 0, 9, 0, 0, 0.0
22, 0, 10, 0, 0, 0.0
22, 0, 11, 0, 0, 0.0
22, 0, 12, 0, 0, 0.0
22, 0, 13, 0, 0, 0.0
22, 0, 14, 0, 0, 0.0
22, 0, 15, 0, 0, 0.0
22, 0, 16, 0, 0, 0.0
22, 0, 17, 0, 0, 0.0
22, 0, 18, 0, 0, 0.0
22, 0, 19, 0, 0, 0.0
22, 0, 20, 0, 0, 0.0
22, 1, 0, 0, 0, 0.0
22, 1, 1, 0, 0, 0.0
22, 1, 2, 0, 0, 0.0
22, 1, 3, 0, 0, 0.0
22, 1, 4, 0, 0, 0.0
22, 1, 5, 0, 0, 0.0
22, 1, 6, 0, 0, 0.0
22, 1, 7, 0, 0, 0.0
22, 1, 8, 0, 0, 0.0
22, 1, 9, 0, 0, 0.0
22, 1, 10, 0, 0, 0.0
22, 1, 11, 0, 0, 0.0
22, 1, 12, 0, 0, 0.0
22, 1, 13, 0, 0, 0.0
22, 1, 14, 0, 0, 0.0
22, 1, 15, 0, 0, 0.0
22, 1, 16, 0, 0, 0.0
22, 1, 17, 0, 0, 0.0
22, 1, 18, 0, 0, 0.0
22, 1, 19, 0, 0, 0.0
22, 1, 20, 0, 0, 0.0
23, 0, 0, 0, 0, 0.0
23, 0, 1, 0, 0, 0.0
23, 0, 2, 0, 0, 0.0
23, 0, 3, 0, 0, 0.0
23, 0, 4, 0, 0, 0.0
23, 0, 5, 0, 0, 0.0
23, 0, 6, 0, 0, 0.0
23, 0, 7, 0, 0, 0.0
23, 0, 8, 0, 0, 0.0
23, 0, 9, 0, 0, 0.0
23, 0, 10, 0, 0, 0.0
23, 0, 11, 0, 0, 0.0
23, 0, 12, 0, 0, 0.0
23, 0, 13, 0, 0, 0.0
23, 0, 14, 0, 0, 0.0
23, 0, 15, 0, 0, 0.0
23, 0, 16, 0, 0, 0.0
23, 0, 17, 0, 0, 0.0
23, 0, 18, 0, 0, 0.0
23, 0, 19, 0, 0, 0.0
23, 0, 20, 0, 0, 0.0
23, 1, 0, 0, 0, 0.0
23, 1, 1, 0, 0, 0.0
23, 1, 2, 0, 0, 0.0
23, 1, 3, 0, 0, 0.0
23, 1, 4, 0, 0, 0.0
23, 1, 5, 0, 0, 0.0
23, 1, 6, 0, 0, 0.0
23, 1, 7, 0, 0, 0.0
23, 1, 8, 0, 0, 0.0
23, 1, 9, 0, 0, 0.0
23, 1, 10, 0, 0, 0.0
23, 1, 11, 0, 0, 0.0
23, 1, 12, 0, 0, 0.0
23, 1, 13, 0, 0, 0.0
23, 1, 14, 0, 0, 0.0
23, 1, 15, 0, 0, 0.0
23, 1, 16, 0, 0, 0.0
23, 1, 17, 0, 0, 0.0
23, 1, 18, 0, 0, 0.0
23, 1, 19, 0, 0, 0.0
23, 1, 20, 0, 0, 0.0
24, 0, 0, 0, 0, 0.0
24, 0, 1, 0, 0, 0.0
24, 0, 2, 0, 0, 0.0
24, 0, 3, 0, 0, 0.0
24, 0, 4, 0, 0, 0.0
24, 0, 5, 0, 0, 0.0
24, 0, 6, 0, 0, 0.0
24, 0, 7, 0, 0, 0.0
24, 0, 8, 0, 0, 0.0
24, 0, 9, 0, 0, 0.0
24, 0, 10, 0, 0, 0.0
24, 0, 11, 0, 0, 0.0
24, 0, 12, 0, 0, 0.0
24, 0, 13, 0, 0, 0.0
24, 0, 14, 0, 0, 0.0
24, 0, 15, 0, 0, 0.0
24, 0, 16, 0, 0, 0.0
24, 0, 17, 0, 0, 0.0
24, 0, 18, 0, 0, 0.0
24, 0, 19, 0, 0, 0.0
24, 0, 20, 0, 0, 0.0
24, 1, 0, 0, 0, 0.0
24, 1, 1, 0, 0, 0.0
24, 1, 2, 0, 0, 0.0
24, 1, 3, 0, 0, 0.0
24, 1, 4, 0, 0, 0.0
24, 1, 5, 0, 0, 0.0
24, 1, 6, 0, 0, 0.0
24, 1, 7, 0, 0, 0.0
24, 1, 8, 0, 0, 0.0
24, 1, 9, 0, 0, 0.0
24, 1, 10, 0, 0, 0.0
24, 1, 11, 0, 0, 0.0
24, 1, 12, 0, 0, 0.0
24, 1, 13, 0, 0, 0.0
24, 1, 14, 0, 0, 0.0
24, 1, 15, 0, 0, 0.0
24, 1, 16, 0, 0, 0.0
24, 1, 17, 0, 0, 0.0
24, 1, 18, 0, 0, 0.0
24, 1, 19, 0, 0, 0.0
24, 1, 20, 0, 0, 0.0
25, 0, 0, 0, 0, 0.0
25, 0, 1, 0, 0, 0.0
25, 0, 2, 0, 0, 0.0
25, 0, 3, 0, 0, 0.0
25, 0, 4, 0, 0, 0.0
25, 0, 5, 0, 0, 0.0
25, 0, 6, 0, 0, 0.0
25, 0, 7, 0, 0, 0.0
25, 0, 8, 0, 0, 0.0
25, 0, 9, 0, 0, 0.0
25, 0, 10, 0, 0, 0.0
25, 0, 11, 0, 0, 0.0
25, 0, 12, 0, 0, 0.0
25, 0, 13, 0, 0, 0.0
25, 0, 14, 0, 0, 0.0
25, 0, 15, 0, 0, 0.0
25, 0, 16, 0, 0, 0.0
25, 0, 17, 0, 0, 0.0
25, 0, 18, 0, 0, 0.0
25, 0, 19, 0, 0, 0.0
25, 0, 20, 0, 0, 0.0
25, 1, 0, 0, 0, 0.0
25, 1, 1, 0, 0, 0.0
25, 1, 2, 0, 0, 0.0
25, 1, 3, 0, 0, 0.0
25, 1, 4, 0, 0, 0.0
25, 1, 5, 0, 0, 0.0
25, 1, 6, 0, 0, 0.0
25, 1, 7, 0, 0, 0.0
25, 1, 8, 0, 0, 0.0
25, 1, 9, 0, 0, 0.0
25, 1, 10, 0, 0, 0.0
25, 1, 11, 0, 0, 0.0
25, 1, 12, 0, 0, 0.0
25, 1, 13, 0, 0, 0.0
25, 1, 14, 0, 0, 0.0
25, 1, 15, 0, 0, 0.0
25, 1, 16, 0, 0, 0.0
25, 1, 17, 0, 0, 0.0
25, 1, 18, 0, 0, 0.0
25, 1, 19, 0, 0, 0.0
25, 1, 20, 0, 0, 0.0
26, 0, 0, 0, 0, 0.0
26, 0, 1, 0, 0, 0.0
26, 0, 2, 0, 0, 0.0
26, 0, 3, 0, 0, 0.0
26, 0, 4, 0, 0, 0.0
26, 0, 5, 0, 0, 0.0
26, 0, 6, 0, 0, 0.0
26, 0, 7, 0, 0, 0.0
26, 0, 8, 0, 0, 0.0
26, 0, 9, 0, 0, 0.0
26, 0, 10, 0, 0, 0.0
26, 0, 11, 0, 0, 0.0
26, 0, 12, 0, 0, 0.0
26, 0, 13, 0, 0, 0.0
26, 0, 14, 0, 0, 0.0
26, 0, 15, 0, 0, 0.0
26, 0, 16, 0, 0, 0.0
26, 0, 17, 0, 0, 0.0
26, 0, 18, 0, 0, 0.0
26, 0, 19, 0, 0, 0.0
26, 0, 20, 0, 0, 0.0
26, 1, 0, 0, 0, 0.0
26, 1, 1, 0, 0, 0.0
26, 1, 2, 0, 0, 0.0
26, 1, 3, 0, 0, 0.0
26, 1, 4, 0, 0, 0.0
26, 1, 5, 0, 0, 0.0
26, 1, 6, 0, 0, 0.0
26, 1, 7, 0, 0, 0.0
26, 1, 8, 0, 0, 0.0
26, 1, 9, 0, 0, 0.0
26, 1, 10, 0, 0, 0.0
26, 1, 11, 0, 0, 0.0
26, 1, 12, 0, 0, 0.0
26, 1, 13, 0, 0, 0.0
26, 1, 14, 0, 0, 0.0
26, 1, 15, 0, 0, 0.0
26, 1, 16, 0, 0, 0.0
26, 1, 17, 0, 0, 0.0
26, 1, 18, 0, 0, 0.0
26, 1, 19, 0, 0, 0.0
26, 1, 20, 0, 0, 0.0
27, 0, 0, 0, 0, 0.0
27, 0, 1, 0, 0, 0.0
27, 0, 2, 0, 0, 0.0
27, 0, 3, 0, 0, 0.0
27, 0, 4, 0, 0, 0.0
27, 0, 5, 0, 0, 0.0
27, 0, 6, 0, 0, 0.0
27, 0, 7, 0, 0, 0.0
27, 0, 8, 0, 0, 0.0
27, 0, 9, 0, 0, 0.0
27, 0, 10, 0, 0, 0.0
27, 0, 11, 0, 0, 0.0
27, 0, 12, 0, 0, 0.0
27, 0, 13, 0, 0, 0.0
27, 0, 14, 0, 0, 0.0
27, 0, 15, 0, 0, 0.0
27, 0, 16, 0, 0, 0.0
27, 0, 17, 0, 0, 0.0
27, 0, 18, 0, 0, 0.0
27, 0, 19, 0, 0, 0.0
27, 0, 20, 0, 0, 0.0
27, 1, 0, 0, 0, 0.0
27, 1, 1, 0, 0, 0.0
27, 1, 2, 0, 0, 0.0
27, 1, 3, 0, 0, 0.0
27, 1, 4, 0, 0, 0.0
27, 1, 5, 0, 0, 0.0
27, 1, 6, 0, 0, 0.0
27, 1, 7, 0, 0, 0.0
27, 1, 8, 0, 0, 0.0
27, 1, 9, 0, 0, 0.0
27, 1, 10, 0, 0, 0.0
27, 1, 11, 0, 0, 0.0
27, 1, 12, 0, 0, 0.0
27, 1, 13, 0, 0, 0.0
27, 1, 14, 0, 0, 0.0
27, 1, 15, 0, 0, 0.0
27, 1, 16, 0, 0, 0.0
27, 1, 17, 0, 0, 0.0
27, 1, 18, 0, 0, 0.0
27, 1, 19, 0, 0, 0.0
27, 1, 20, 0, 0, 0.0
28, 0, 0, 0, 0, 0.0
28, 0, 1, 0, 0, 0.0
28, 0, 2, 0, 0, 0.0
28, 0, 3, 0, 0, 0.0
28, 0, 4, 0, 0, 0.0
28, 0, 5, 0, 0, 0.0
28, 0, 6, 0, 0, 0.0
28, 0, 7, 0, 0, 0.0
28, 0, 8, 0, 0, 0.0
28, 0, 9, 0, 0, 0.0
28, 0, 10, 0, 0, 0.0
28, 0, 11, 0, 0, 0.0
28, 0, 12, 0, 0, 0.0
28, 0, 13, 0, 0, 0.0
28, 0, 14, 0, 0, 0.0
28, 0, 15, 0, 0, 0.0
28, 0, 16, 0, 0, 0.0
28, 0, 17, 0, 0, 0.0
28, 0, 18, 0, 0, 0.0
28, 0, 19, 0, 0, 0.0
28, 0, 20, 0, 0, 0.0
28, 1, 0, 0, 0, 0.0
28, 1, 1, 0, 0, 0.0
28, 1, 2, 0, 0, 0.0
28, 1, 3, 0, 0, 0.0
28, 1, 4, 0, 0, 0.0
28, 1, 5, 0, 0, 0.0
28, 1, 6, 0, 0, 0.0
28, 1, 7, 0, 0, 0.0
28, 1, 8, 0, 0, 0.0
28, 1, 9, 0, 0, 0.0
28, 1, 10, 0, 0, 0.0
28, 1, 11, 0, 0, 0.0
28, 1, 12, 0, 0, 0.0
28, 1, 13, 0, 0, 0.0
28, 1, 14, 0, 0, 0.0
28, 1, 15, 0, 0, 0.0
28, 1, 16, 0, 0, 0.0
28, 1, 17, 0, 0, 0.0
28, 1, 18, 0, 0, 0.0
28, 1, 19, 0, 0, 0.0
28, 1, 20, 0, 0, 0.0
29, 0, 0, 0, 0, 0.0
29, 0, 1, 0, 0, 0.0
29, 0, 2, 0, 0, 0.0
29, 0, 3, 0, 0, 0.0
29, 0, 4, 0, 0, 0.0
29, 0, 5, 0, 0, 0.0
29, 0, 6, 0, 0, 0.0
29, 0, 7, 0, 0, 0.0
29, 0, 8, 0, 0, 0.0
29, 0, 9, 0, 0, 0.0
29, 0, 10, 0, 0, 0.0
29, 0, 11, 0, 0, 0.0
29, 0, 12, 0, 0, 0.0
29, 0, 13, 0, 0, 0.0
29, 0, 14, 0, 0, 0.0
29, 0, 15, 0, 0, 0.0
29, 0, 16, 0, 0, 0.0
29, 0, 17, 0, 0, 0.0
29, 0, 18, 0, 0, 0.0
29, 0, 19, 0, 0, 0.0
29, 0, 20, 0, 0, 0.0
29, 1, 0, 0, 0, 0.0
29, 1, 1, 0, 0, 0.0
29, 1, 2, 0, 0, 0.0
29, 1, 3, 0, 0, 0.0
29, 1, 4, 0, 0, 0.0
29, 1, 5, 0, 0, 0.0
29, 1, 6, 0, 0, 0.0
29, 1, 7, 0, 0, 0.0
29, 1, 8, 0, 0, 0.0
29, 1, 9, 0, 0, 0.0
29, 1, 10, 0, 0, 0.0
29, 1, 11, 0, 0, 0.0
29, 1, 12, 0, 0, 0.0
29, 1, 13, 0, 0, 0.0
29, 1, 14, 0, 0, 0.0
29, 1, 15, 0, 0, 0.0
29, 1, 16, 0, 0, 0.0
29, 1, 17, 0, 0, 0.0
29, 1, 18, 0, 0, 0.0
29, 1, 19, 0, 0, 0.0
29, 1, 20, 0, 0, 0.0
30, 0, 0, 0, 0, 0.0
30, 0, 1, 0, 0, 0.0
30, 0, 2, 0, 0, 0.0
30, 0, 3, 0, 0, 0.0
30, 0, 4, 0, 0, 0.0
30, 0, 5, 0, 0, 0.0
30, 0, 6, 0, 0, 0.0
30, 0, 7, 0, 0, 0.0
30, 0, 8, 0, 0, 0.0
30, 0, 9, 0, 0, 0.0
30, 0, 10, 0, 0, 0.0
30, 0, 11, 0, 0, 0.0
30, 0, 12, 0, 0, 0.0
30, 0, 13, 0, 0, 0.0
30, 0, 14, 0, 0, 0.0
30, 0, 15, 0, 0, 0.0
30, 0, 16, 0, 0, 0.0
30, 0, 17, 0, 0, 0.0
30, 0, 18, 0, 0, 0.0
30, 0, 19, 0, 0, 0.0
30, 0, 20, 0, 0, 0.0
30, 1, 0, 0, 0, 0.0
30, 1, 1, 0, 0, 0.0
30, 1, 2, 0, 0, 0.0
30, 1, 3, 0, 0, 0.0
30, 1, 4, 0, 0, 0.0
30, 1, 5, 0, 0, 0.0
30, 1, 6, 0, 0, 0.0
30, 1, 7, 0, 0, 0.0
30, 1, 8, 0, 0, 0.0
30, 1, 9, 0, 0, 0.0
30, 1, 10, 0, 0, 0.0
30, 1, 11, 0, 0, 0.0
30, 1, 12, 0, 0, 0.0
30, 1, 13, 0, 0, 0.0
30, 1, 14, 0, 0, 0.0
30, 1, 15, 0, 0, 0.0
30, 1, 16, 0, 0, 0.0
30, 1, 17, 0, 0, 0.0
30, 1, 18, 0, 0, 0.0
30, 1, 19, 0, 0, 0.0
30, 1, 20, 0, 0, 0.0
31, 0, 0, 0, 0, 0.0
31, 0, 1, 0, 0, 0.0
31, 0, 2, 0, 0, 0.0
31, 0, 3, 0, 0, 0.0
31, 0, 4, 0, 0, 0.0
31, 0, 5, 0, 0, 0.0
31, 0, 6, 0, 0, 0.0
31, 0, 7, 0, 0, 0.0
31, 0, 8, 0, 0, 0.0
31, 0, 9, 0, 0, 0.0
31, 0, 10, 0, 0, 0.0
31, 0, 11, 0, 0, 0.0
31, 0, 12, 0, 0, 0.0
31, 0, 13, 0, 0, 0.0
31, 0, 14, 0, 0, 0.0
31, 0, 15, 0, 0, 0.0
31, 0, 16, 0, 0, 0.0
31, 0, 17, 0, 0, 0.0
31, 0, 18, 0, 0, 0.0
31, 0, 19, 0, 0, 0.0
31, 0, 20, 0, 0, 0.0
31, 1, 0, 0, 0, 0.0
31, 1, 1, 0, 0, 0.0
31, 1, 2, 0, 0, 0.0
31, 1, 3, 0, 0, 0.0
31, 1, 4, 0, 0, 0.0
31, 1, 5, 0, 0, 0.0
31, 1, 6, 0, 0, 0.0
31, 1, 7, 0, 0, 0.0
31, 1, 8, 0, 0, 0.0
31, 1, 9, 0, 0, 0.0
31, 1, 10, 0, 0, 0.0
31, 1, 11, 0, 0, 0.0
31, 1, 12, 0, 0, 0.0
31, 1, 13, 0, 0, 0.0
31, 1, 14, 0, 0, 0.0
31, 1, 15, 0, 0, 0.0
31, 1, 16, 0, 0, 0.0
31, 1, 17, 0, 0, 0.0
31, 1, 18, 0, 0, 0.0
31, 1, 19, 0, 0, 0.0
31, 1, 20, 0, 0, 0.0
32, 0, 0, 0, 0, 0.0
32, 0, 1, 0, 0, 0.0
32, 0, 2, 0, 0, 0.0
32, 0, 3, 0, 0, 0.0
32, 0, 4, 0, 0, 0.0
32, 0, 5, 0, 0, 0.0
32, 0, 6, 0, 0, 0.0
32, 0, 7, 0, 0, 0.0
32, 0, 8, 0, 0, 0.0
32, 0, 9, 0, 0, 0.0
32, 0, 10, 0, 0, 0.0
32, 0, 11, 0, 0, 0.0
32, 0, 12, 0, 0, 0.0
32, 0, 13, 0, 0, 0.0
32, 0, 14, 0, 0, 0.0
32, 0, 15, 0, 0, 0.0
32, 0, 16, 0, 0, 0.0
32, 0, 17, 0, 0, 0.0
32, 0, 18, 0, 0, 0.0
32, 0, 19, 0, 0, 0.0
32, 0, 20, 0, 0, 0.0
32, 1, 0, 0, 0, 0.0
32, 1, 1, 0, 0, 0.0
32, 1, 2, 0, 0, 0.0
32, 1, 3, 0, 0, 0.0
32, 1, 4, 0, 0, 0.0
32, 1, 5, 0, 0, 0.0
32, 1, 6, 0, 0, 0.0
32, 1, 7, 0, 0, 0.0
32, 1, 8, 0, 0, 0.0
32, 1, 9, 0, 0, 0.0
32, 1, 10, 0, 0, 0.0
32, 1, 11, 0, 0, 0.0
32, 1, 12, 0, 0, 0.0
32, 1, 13, 0, 0, 0.0
32, 1, 14, 0, 0, 0.0
32, 1, 15, 0, 0, 0.0
32, 1, 16, 0, 0, 0.0
32, 1, 17, 0, 0, 0.0
32, 1, 18, 0, 0, 0.0
32, 1, 19, 0, 0, 0.0
32, 1, 20, 0, 0, 0.0
33, 0, 0, 0, 0, 0.0
33, 0, 1, 0, 0, 0.0
33, 0, 2, 0, 0, 0.0
33, 0, 3, 0, 0, 0.0
33, 0, 4, 0, 0, 0.0
33, 0, 5, 0, 0, 0.0
33, 0, 6, 0, 0, 0.0
33, 0, 7, 0, 0, 0.0
33, 0, 8, 0, 0, 0.0
33, 0, 9, 0, 0, 0.0
33, 0, 10, 0, 0, 0.0
33, 0, 11, 0, 0, 0.0
33, 0, 12, 0, 0, 0.0
33, 0, 13, 0, 0, 0.0
33, 0, 14, 0, 0, 0.0
33, 0, 15, 0, 0, 0.0
33, 0, 16, 0, 0, 0.0
33, 0, 17, 0, 0, 0.0
33, 0, 18, 0, 0, 0.0
33, 0, 19, 0, 0, 0.0
33, 0, 20, 0, 0, 0.0
33, 1, 0, 0, 0, 0.0
33, 1, 1, 0, 0, 0.0
33, 1, 2, 0, 0, 0.0
33, 1, 3, 0, 0, 0.0
33, 1, 4, 0, 0, 0.0
33, 1, 5, 0, 0, 0.0
33, 1, 6, 0, 0, 0.0
33, 1, 7, 0, 0, 0.0
33, 1, 8, 0, 0, 0.0
33, 1, 9, 0, 0, 0.0
33, 1, 10, 0, 0, 0.0
33, 1, 11, 0, 0, 0.0
33, 1, 12, 0, 0, 0.0
33, 1, 13, 0, 0, 0.0
33, 1, 14, 0, 0, 0.0
33, 1, 15, 0, 0, 0.0
33, 1, 16, 0, 0, 0.0
33, 1, 17, 0, 0, 0.0
33, 1, 18, 0, 0, 0.0
33, 1, 19, 0, 0, 0.0
33, 1, 20, 0, 0, 0.0
34, 0, 0, 0, 0, 0.0
34, 0, 1, 0, 0, 0.0
34, 0, 2, 0, 0, 0.0
34, 0, 3, 0, 0, 0.0
34, 0, 4, 0, 0, 0.0
34, 0, 5, 0, 0, 0.0
34, 0, 6, 0, 0, 0.0
34, 0, 7, 0, 0, 0.0
34, 0, 8, 0, 0, 0.0
34, 0, 9, 0, 0, 0.0
34, 0, 10, 0, 0, 0.0
34, 0, 11, 0, 0, 0.0
34, 0, 12, 0, 0, 0.0
34, 0, 13, 0, 0, 0.0
34, 0, 14, 0, 0, 0.0
34, 0, 15, 0, 0, 0.0
34, 0, 16, 0, 0, 0.0
34, 0, 17, 0, 0, 0.0
34, 0, 18, 0, 0, 0.0
34, 0, 19, 0, 0, 0.0
34, 0, 20, 0, 0, 0.0
34, 1, 0, 0, 0, 0.0
34, 1, 1, 0, 0, 0.0
34, 1, 2, 0, 0, 0.0
34, 1, 3, 0, 0, 0.0
34, 1, 4, 0, 0, 0.0
34, 1, 5, 0, 0, 0.0
34, 1, 6, 0, 0, 0.0
34, 1, 7, 0, 0, 0.0
34, 1, 8, 0, 0, 0.0
34, 1, 9, 0, 0, 0.0
34, 1, 10, 0, 0, 0.0
34, 1, 11, 0, 0, 0.0
34, 1, 12, 0, 0, 0.0
34, 1, 13, 0, 0, 0.0
34, 1, 14, 0, 0, 0.0
34, 1, 15, 0, 0, 0.0
34, 1, 16, 0, 0, 0.0
34, 1, 17, 0, 0, 0.0
34, 1, 18, 0, 0, 0.0
34, 1, 19, 0, 0, 0.0
34, 1, 20, 0, 0, 0.0
35, 0, 0, 0, 0, 0.0
35, 0, 1, 0, 0, 0.0
35, 0, 2, 0, 0, 0.0
35, 0, 3, 0, 0, 0.0
35, 0, 4, 0, 0, 0.0
35, 0, 5, 0, 0, 0.0
35, 0, 6, 0, 0, 0.0
35, 0, 7, 0, 0, 0.0
35, 0, 8, 0, 0, 0.0
35, 0, 9, 0, 0, 0.0
35, 0, 10, 0, 0, 0.0
35, 0, 11, 0, 0, 0.0
35, 0, 12, 0, 0, 0.0
35, 0, 13, 0, 0, 0.0
35, 0, 14, 0, 0, 0.0
35, 0, 15, 0, 0, 0.0
35, 0, 16, 0, 0, 0.0
35, 0, 17, 0, 0, 0.0
35, 0, 18, 0, 0, 0.0
35, 0, 19, 0, 0, 0.0
35, 0, 20, 0, 0, 0.0
35, 1, 0, 0, 0, 0.0
35, 1, 1, 0, 0, 0.0
35, 1, 2, 0, 0, 0.0
35, 1, 3, 0, 0, 0.0
35, 1, 4, 0, 0, 0.0
35, 1, 5, 0, 0, 0.0
35, 1, 6, 0, 0, 0.0
35, 1, 7, 0, 0, 0.0
35, 1, 8, 0, 0, 0.0
35, 1, 9, 0, 0, 0.0
35, 1, 10, 0, 0, 0.0
35, 1, 11, 0, 0, 0.0
35, 1, 12, 0, 0, 0.0
35, 1, 13, 0, 0, 0.0
35, 1, 14, 0, 0, 0.0
35, 1, 15, 0, 0, 0.0
35, 1, 16, 0, 0, 0.0
35, 1, 17, 0, 0, 0.0
35, 1, 18, 0, 0, 0.0
35, 1, 19, 0, 0, 0.0
35, 1, 20, 0, 0, 0.0
36, 0, 0, 0, 0, 0.0
36, 0, 1, 0, 0, 0.0
36, 0, 2, 0, 0, 0.0
36, 0, 3, 0, 0, 0.0
36, 0, 4, 0, 0, 0.0
36, 0, 5, 0, 0, 0.0
36, 0, 6, 0, 0, 0.0
36, 0, 7, 0, 0, 0.0
36, 0, 8, 0, 0, 0.0
36, 0, 9, 0, 0, 0.0
36, 0, 10, 0, 0, 0.0
36, 0, 11, 0, 0, 0.0
36, 0, 12, 0, 0, 0.0
36, 0, 13, 0, 0, 0.0
36, 0, 14, 0, 0, 0.0
36, 0, 15, 0, 0, 0.0
36, 0, 16, 0, 0, 0.0
36, 0, 17, 0, 0, 0.0
36, 0, 18, 0, 0, 0.0
36, 0, 19, 0, 0, 0.0
36, 0, 20, 0, 0, 0.0
36, 1, 0, 0, 0, 0.0
36, 1, 1, 0, 0, 0.0
36, 1, 2, 0, 0, 0.0
36, 1, 3, 0, 0, 0.0
36, 1, 4, 0, 0, 0.0
36, 1, 5, 0, 0, 0.0
36, 1, 6, 0, 0, 0.0
36, 1, 7, 0, 0, 0.0
36, 1, 8, 0, 0, 0.0
36, 1, 9, 0, 0, 0.0
36, 1, 10, 0, 0, 0.0
36, 1, 11, 0, 0, 0.0
36, 1, 12, 0, 0, 0.0
36, 1, 13, 0, 0, 0.0
36, 1, 14, 0, 0, 0.0
36, 1, 15, 0, 0, 0.0
36, 1, 16, 0, 0, 0.0
36, 1, 17, 0, 0, 0.0
36, 1, 18, 0, 0, 0.0
36, 1, 19, 0, 0, 0.0
36, 1, 20, 0, 0, 0.0
37, 0, 0, 0, 0, 0.0
37, 0, 1, 0, 0, 0.0
37, 0, 2, 0, 0, 0.0
37, 0, 3, 0, 0, 0.0
37, 0, 4, 0, 0, 0.0
37, 0, 5, 0, 0, 0.0
37, 0, 6, 0, 0, 0.0
37, 0, 7, 0, 0, 0.0
37, 0, 8, 0, 0, 0.0
37, 0, 9, 0, 0, 0.0
37, 0, 10, 0, 0, 0.0
37, 0, 11, 0, 0, 0.0
37, 0, 12, 0, 0, 0.0
37, 0, 13, 0, 0, 0.0
37, 0, 14, 0, 0, 0.0
37, 0, 15, 0, 0, 0.0
37, 0, 16, 0, 0, 0.0
37, 0, 17, 0, 0, 0.0
37, 0, 18, 0, 0, 0.0
37, 0, 19, 0, 0, 0.0
37, 0, 20, 0, 0, 0.0
37, 1, 0, 0, 0, 0.0
37, 1, 1, 0, 0, 0.0
37, 1, 2, 0, 0, 0.0
37, 1, 3, 0, 0, 0.0
37, 1, 4, 0, 0, 0.0
37, 1, 5, 0, 0, 0.0
37, 1, 6, 0, 0, 0.0
37, 1, 7, 0, 0, 0.0
37, 1, 8, 0, 0, 0.0
37, 1, 9, 0, 0, 0.0
37, 1, 10, 0, 0, 0.0
37, 1, 11, 0, 0, 0.0
37, 1, 12, 0, 0, 0.0
37, 1, 13, 0, 0, 0.0
37, 1, 14, 0, 0, 0.0
37, 1, 15, 0, 0, 0.0
37, 1, 16, 0, 0, 0.0
37, 1, 17, 0, 0, 0.0
37, 1, 18, 0, 0, 0.0
37, 1, 19, 0, 0, 0.0
37, 1, 20, 0, 0, 0.0
38, 0, 0, 0, 0, 0.0
38, 0, 1, 0, 0, 0.0
38, 0, 2, 0, 0, 0.0
38, 0, 3, 0, 0, 0.0
38, 0, 4, 0, 0, 0.0
38, 0, 5, 0, 0, 0.0
38, 0, 6, 0, 0, 0.0
38, 0, 7, 0, 0, 0.0
38, 0, 8, 0, 0, 0.0
38, 0, 9, 0, 0, 0.0
38, 0, 10, 0, 0, 0.0
38, 0, 11, 0, 0, 0.0
38, 0, 12, 0, 0, 0.0
38, 0, 13, 0, 0, 0.0
38, 0, 14, 0, 0, 0.0
38, 0, 15, 0, 0, 0.0
38, 0, 16, 0, 0, 0.0
38, 0, 17, 0, 0, 0.0
38, 0, 18, 0, 0, 0.0
38, 0, 19, 0, 0, 0.0
38, 0, 20, 0, 0, 0.0
38, 1, 0, 0, 0, 0.0
38, 1, 1, 0, 0, 0.0
38, 1, 2, 0, 0, 0.0
38, 1, 3, 0, 0, 0.0
38, 1, 4, 0, 0, 0.0
38, 1, 5, 0, 0, 0.0
38, 1, 6, 0, 0, 0.0
38, 1, 7, 0, 0, 0.0
38, 1, 8, 0, 0, 0.0
38, 1, 9, 0, 0, 0.0
38, 1, 10, 0, 0, 0.0
38, 1, 11, 0, 0, 0.0
38, 1, 12, 0, 0, 0.0
38, 1, 13, 0, 0, 0.0
38, 1, 14, 0, 0, 0.0
38, 1, 15, 0, 0, 0.0
38, 1, 16, 0, 0, 0.0
38, 1, 17, 0, 0, 0.0
38, 1, 18, 0, 0, 0.0
38, 1, 19, 0, 0, 0.0
38, 1, 20, 0, 0, 0.0
39, 0, 0, 0, 0, 0.0
39, 0, 1, 0, 0, 0.0
39, 0, 2, 0, 0, 0.0
39, 0, 3, 0, 0, 0.0
39, 0, 4, 0, 0, 0.0
39, 0, 5, 0, 0, 0.0
39, 0, 6, 0, 0, 0.0
39, 0, 7, 0, 0, 0.0
39, 0, 8, 0, 0, 0.0
39, 0, 9, 0, 0, 0.0
39, 0, 10, 0, 0, 0.0
39, 0, 11, 0, 0, 0.0
39, 0, 12, 0, 0, 0.0
39, 0, 13, 0, 0, 0.0
39, 0, 14, 0, 0, 0.0
39, 0, 15, 0, 0, 0.0
39, 0, 16, 0, 0, 0.0
39, 0, 17, 0, 0, 0.0
39, 0, 18, 0, 0, 0.0
39, 0, 19, 0, 0, 0.0
39, 0, 20, 0, 0, 0.0
39, 1, 0, 0, 0, 0.0
39, 1, 1, 0, 0, 0.0
39, 1, 2, 0, 0, 0.0
39, 1, 3, 0, 0, 0.0
39, 1, 4, 0, 0, 0.0
39, 1, 5, 0, 0, 0.0
39, 1, 6, 0, 0, 0.0
39, 1, 7, 0, 0, 0.0
39, 1, 8, 0, 0, 0.0
39, 1, 9, 0, 0, 0.0
39, 1, 10, 0, 0, 0.0
39, 1, 11, 0, 0, 0.0
39, 1, 12, 0, 0, 0.0
39, 1, 13, 0, 0, 0.0
39, 1, 14, 0, 0, 0.0
39, 1, 15, 0, 0, 0.0
39, 1, 16, 0, 0, 0.0
39, 1, 17, 0, 0, 0.0
39, 1, 18, 0, 0, 0.0
39, 1, 19, 0, 0, 0.0
39, 1, 20, 0, 0, 0.0
40, 0, 0, 0, 0, 0.0
40, 0, 1, 0, 0, 0.0
40, 0, 2, 0, 0, 0.0
40, 0, 3, 0, 0, 0.0
40, 0, 4, 0, 0, 0.0
40, 0, 5, 0, 0, 0.0
40, 0, 6, 0, 0, 0.0
40, 0, 7, 0, 0, 0.0
40, 0, 8, 0, 0, 0.0
40, 0, 9, 0, 0, 0.0
40, 0, 10, 0, 0, 0.0
40, 0, 11, 0, 0, 0.0
40, 0, 12, 0, 0, 0.0
40, 0, 13, 0, 0, 0.0
40, 0, 14, 0, 0, 0.0
40, 0, 15, 0, 0, 0.0
40, 0, 16, 0, 0, 0.0
40, 0, 17, 0, 0, 0.0
40, 0, 18, 0, 0, 0.0
40, 0, 19, 0, 0, 0.0
40, 0, 20, 0, 0, 0.0
40, 1, 0, 0, 0, 0.0
40, 1, 1, 0, 0, 0.0
40, 1, 2, 0, 0, 0.0
40, 1, 3, 0, 0, 0.0
40, 1, 4, 0, 0, 0.0
40, 1, 5, 0, 0, 0.0
40, 1, 6, 0, 0, 0.0
40, 1, 7, 0, 0, 0.0
40, 1, 8, 0, 0, 0.0
40, 1, 9, 0, 0, 0.0
40, 1, 10, 0, 0, 0.0
40, 1, 11, 0, 0, 0.0
40, 1, 12, 0, 0, 0.0
40, 1, 13, 0, 0, 0.0
40, 1, 14, 0, 0, 0.0
40, 1, 15, 0, 0, 0.0
40, 1, 16, 0, 0, 0.0
40, 1, 17, 0, 0, 0.0
40, 1, 18, 0, 0, 0.0
40, 1, 19, 0, 0, 0.0
40, 1, 20, 0, 0, 0.0
41, 0, 0, 0, 0, 0.0
41, 0, 1, 0, 0, 0.0
41, 0, 2, 0, 0, 0.0
41, 0, 3, 0, 0, 0.0
41, 0, 4, 0, 0, 0.0
41, 0, 5, 0, 0, 0.0
41, 0, 6, 0, 0, 0.0
41, 0, 7, 0, 0, 0.0
41, 0, 8, 0, 0, 0.0
41, 0, 9, 0, 0, 0.0
41, 0, 10, 0, 0, 0.0
41, 0, 11, 0, 0, 0.0
41, 0, 12, 0, 0, 0.0
41, 0, 13, 0, 0, 0.0
41, 0, 14, 0, 0, 0.0
41, 0, 15, 0, 0, 0.0
41, 0, 16, 0, 0, 0.0
41, 0, 17, 0, 0, 0.0
41, 0, 18, 0, 0, 0.0
41, 0, 19, 0, 0, 0.0
41, 0, 20, 0, 0, 0.0
41, 1, 0, 0, 0, 0.0
41, 1, 1, 0, 0, 0.0
41, 1, 2, 0, 0, 0.0
41, 1, 3, 0, 0, 0.0
41, 1, 4, 0, 0, 0.0
41, 1, 5, 0, 0, 0.0
41, 1, 6, 0, 0, 0.0
41, 1, 7, 0, 0, 0.0
41, 1, 8, 0, 0, 0.0
41, 1, 9, 0, 0, 0.0
41, 1, 10, 0, 0, 0.0
41, 1, 11, 0, 0, 0.0
41, 1, 12, 0, 0, 0.0
41, 1, 13, 0, 0, 0.0
41, 1, 14, 0, 0, 0.0
41, 1, 15, 0, 0, 0.0
41, 1, 16, 0, 0, 0.0
41, 1, 17, 0, 0, 0.0
41, 1, 18, 0, 0, 0.0
41, 1, 19, 0, 0, 0.0
41, 1, 20, 0, 0, 0.0
42, 0, 0, 0, 0, 0.0
42, 0, 1, 0, 0, 0.0
42, 0, 2, 0, 0, 0.0
42, 0, 3, 0, 0, 0.0
42, 0, 4, 0, 0, 0.0
42, 0, 5, 0, 0, 0.0
42, 0, 6, 0, 0, 0.0
42, 0, 7, 0, 0, 0.0
42, 0, 8, 0, 0, 0.0
42, 0, 9, 0, 0, 0.0
42, 0, 10, 0, 0, 0.0
42, 0, 11, 0, 0, 0.0
42, 0, 12, 0, 0, 0.0
42, 0, 13, 0, 0, 0.0
42, 0, 14, 0, 0, 0.0
42, 0, 15, 0, 0, 0.0
42, 0, 16, 0, 0, 0.0
42, 0, 17, 0, 0, 0.0
42, 0, 18, 0, 0, 0.0
42, 0, 19, 0, 0, 0.0
42, 0, 20, 0, 0, 0.0
42, 1, 0, 0, 0, 0.0
42, 1, 1, 0, 0, 0.0
42, 1, 2, 0, 0, 0.0
42, 1, 3, 0, 0, 0.0
42, 1, 4, 0, 0, 0.0
42, 1, 5, 0, 0, 0.0
42, 1, 6, 0, 0, 0.0
42, 1, 7, 0, 0, 0.0
42, 1, 8, 0, 0, 0.0
42, 1, 9, 0, 0, 0.0
42, 1, 10, 0, 0, 0.0
42, 1, 11, 0, 0, 0.0
42, 1, 12, 0, 0, 0.0
42, 1, 13, 0, 0, 0.0
42, 1, 14, 0, 0, 0.0
42, 1, 15, 0, 0, 0.0
42, 1, 16, 0, 0, 0.0
42, 1, 17, 0, 0, 0.0
42, 1, 18, 0, 0, 0.0
42, 1, 19, 0, 0, 0.0
42, 1, 20, 0, 0, 0.0
43, 0, 0, 0, 0, 0.0
43, 0, 1, 0, 0, 0.0
43, 0, 2, 0, 0, 0.0
43, 0, 3, 0, 0, 0.0
43, 0, 4, 0, 0, 0.0
43, 0, 5, 0, 0, 0.0
43, 0, 6, 0, 0, 0.0
43, 0, 7, 0, 0, 0.0
43, 0, 8, 0, 0, 0.0
43, 0, 9, 0, 0, 0.0
43, 0, 10, 0, 0, 0.0
43, 0, 11, 0, 0, 0.0
43, 0, 12, 0, 0, 0.0
43, 0, 13, 0, 0, 0.0
43, 0, 14, 0, 0, 0.0
43, 0, 15, 0, 0, 0.0
43, 0, 16, 0, 0, 0.0
43, 0, 17, 0, 0, 0.0
43, 0, 18, 0, 0, 0.0
43, 0, 19, 0, 0, 0.0
43, 0, 20, 0, 0, 0.0
43, 1, 0, 0, 0, 0.0
43, 1, 1, 0, 0, 0.0
43, 1, 2, 0, 0, 0.0
43, 1, 3, 0, 0, 0.0
43, 1, 4, 0, 0, 0.0
43, 1, 5, 0, 0, 0.0
43, 1, 6, 0, 0, 0.0
43, 1, 7, 0, 0, 0.0
43, 1, 8, 0, 0, 0.0
43, 1, 9, 0, 0, 0.0
43, 1, 10, 0, 0, 0.0
43, 1, 11, 0, 0, 0.0
43, 1, 12, 0, 0, 0.0
43, 1, 13, 0, 0, 0.0
43, 1, 14, 0, 0, 0.0
43, 1, 15, 0, 0, 0.0
43, 1, 16, 0, 0, 0.0
43, 1, 17, 0, 0, 0.0
43, 1, 18, 0, 0, 0.0
43, 1, 19, 0, 0, 0.0
43, 1, 20, 0, 0, 0.0
44, 0, 0, 0, 0, 0.0
44, 0, 1, 0, 0, 0.0
44, 0, 2, 0, 0, 0.0
44, 0, 3, 0, 0, 0.0
44, 0, 4, 0, 0, 0.0
44, 0, 5, 0, 0, 0.0
44, 0, 6, 0, 0, 0.0
44, 0, 7, 0, 0, 0.0
44, 0, 8, 0, 0, 0.0
44, 0, 9, 0, 0, 0.0
44, 0, 10, 0, 0, 0.0
44, 0, 11, 0, 0, 0.0
44, 0, 12, 0, 0, 0.0
44, 0, 13, 0, 0, 0.0
44, 0, 14, 0, 0, 0.0
44, 0, 15, 0, 0, 0.0
44, 0, 16, 0, 0, 0.0
44, 0, 17, 0, 0, 0.0
44, 0, 18, 0, 0, 0.0
44, 0, 19, 0, 0, 0.0
44, 0, 20, 0, 0, 0.0
44, 1, 0, 0, 0, 0.0
44, 1, 1, 0, 0, 0.0
44, 1, 2, 0, 0, 0.0
44, 1, 3, 0, 0, 0.0
44, 1, 4, 0, 0, 0.0
44, 1, 5, 0, 0, 0.0
44, 1, 6, 0, 0, 0.0
44, 1, 7, 0, 0, 0.0
44, 1, 8, 0, 0, 0.0
44, 1, 9, 0, 0, 0.0
44, 1, 10, 0, 0, 0.0
44, 1, 11, 0, 0, 0.0
44, 1, 12, 0, 0, 0.0
44, 1, 13, 0, 0, 0.0
44, 1, 14, 0, 0, 0.0
44, 1, 15, 0, 0, 0.0
44, 1, 16, 0, 0, 0.0
44, 1, 17, 0, 0, 0.0
44, 1, 18, 0, 0, 0.0
44, 1, 19, 0, 0, 0.0
44, 1, 20, 0, 0, 0.0
45, 0, 0, 0, 0, 0.0
45, 0, 1, 0, 0, 0.0
45, 0, 2, 0, 0, 0.0
45, 0, 3, 0, 0, 0.0
45, 0, 4, 0, 0, 0.0
45, 0, 5, 0, 0, 0.0
45, 0, 6, 0, 0, 0.0
45, 0, 7, 0, 0, 0.0
45, 0, 8, 0, 0, 0.0
45, 0, 9, 0, 0, 0.0
45, 0, 10, 0, 0, 0.0
45, 0, 11, 0, 0, 0.0
45, 0, 12, 0, 0, 0.0
45, 0, 13, 0, 0, 0.0
45, 0, 14, 0, 0, 0.0
45, 0, 15, 0, 0, 0.0
45, 0, 16, 0, 0, 0.0
45, 0, 17, 0, 0, 0.0
45, 0, 18, 0, 0, 0.0
45, 0, 19, 0, 0, 0.0
45, 0, 20, 0, 0, 0.0
45, 1, 0, 0, 0, 0.0
45, 1, 1, 0, 0, 0.0
45, 1, 2, 0, 0, 0.0
45, 1, 3, 0, 0, 0.0
45, 1, 4, 0, 0, 0.0
45, 1, 5, 0, 0, 0.0
45, 1, 6, 0, 0, 0.0
45, 1, 7, 0, 0, 0.0
45, 1, 8, 0, 0, 0.0
45, 1, 9, 0, 0, 0.0
45, 1, 10, 0, 0, 0.0
45, 1, 11, 0, 0, 0.0
45, 1, 12, 0, 0, 0.0
45, 1, 13, 0, 0, 0.0
45, 1, 14, 0, 0, 0.0
45, 1, 15, 0, 0, 0.0
45, 1, 16, 0, 0, 0.0
45, 1, 17, 0, 0, 0.0
45, 1, 18, 0, 0, 0.0
45, 1, 19, 0, 0, 0.0
45, 1, 20, 0, 0, 0.0
46, 0, 0, 0, 0, 0.0
46, 0, 1, 0, 0, 0.0
46, 0, 2, 0, 0, 0.0
46, 0, 3, 0, 0, 0.0
46, 0, 4, 0, 0, 0.0
46, 0, 5, 0, 0, 0.0
46, 0, 6, 0, 0, 0.0
46, 0, 7, 0, 0, 0.0
46, 0, 8, 0, 0, 0.0
46, 0, 9, 0, 0, 0.0
46, 0, 10, 0, 0, 0.0
46, 0, 11, 0, 0, 0.0
46, 0, 12, 0, 0, 0.0
46, 0, 13, 0, 0, 0.0
46, 0, 14, 0, 0, 0.0
46, 0, 15, 0, 0, 0.0
46, 0, 16, 0, 0, 0.0
46, 0, 17, 0, 0, 0.0
46, 0, 18, 0, 0, 0.0
46, 0, 19, 0, 0, 0.0
46, 0, 20, 0, 0, 0.0
46, 1, 0, 0, 0, 0.0
46, 1, 1, 0, 0, 0.0
46, 1, 2, 0, 0, 0.0
46, 1, 3, 0, 0, 0.0
46, 1, 4, 0, 0, 0.0
46, 1, 5, 0, 0, 0.0
46, 1, 6, 0, 0, 0.0
46, 1, 7, 0, 0, 0.0
46, 1, 8, 0, 0, 0.0
46, 1, 9, 0, 0, 0.0
46, 1, 10, 0, 0, 0.0
46, 1, 11, 0, 0, 0.0
46, 1, 12, 0, 0, 0.0
46, 1, 13, 0, 0, 0.0
46, 1, 14, 0, 0, 0.0
46, 1, 15, 0, 0, 0.0
46, 1, 16, 0, 0, 0.0
46, 1, 17, 0, 0, 0.0
46, 1, 18, 0, 0, 0.0
46, 1, 19, 0, 0, 0.0
46, 1, 20, 0, 0, 0.0
47, 0, 0, 0, 0, 0.0
47, 0, 1, 0, 0, 0.0
47, 0, 2, 0, 0, 0.0
47, 0, 3, 0, 0, 0.0
47, 0, 4, 0, 0, 0.0
47, 0, 5, 0, 0, 0.0
47, 0, 6, 0, 0, 0.0
47, 0, 7, 0, 0, 0.0
47, 0, 8, 0, 0, 0.0
47, 0, 9, 0, 0, 0.0
47, 0, 10, 0, 0, 0.0
47, 0, 11, 0, 0, 0.0
47, 0, 12, 0, 0, 0.0
47, 0, 13, 0, 0, 0.0
47, 0, 14, 0, 0, 0.0
47, 0, 15, 0, 0, 0.0
47, 0, 16, 0, 0, 0.0
47, 0, 17, 0, 0, 0.0
47, 0, 18, 0, 0, 0.0
47, 0, 19, 0, 0, 0.0
47, 0, 20, 0, 0, 0.0
47, 1, 0, 0, 0, 0.0
47, 1, 1, 0, 0, 0.0
47, 1, 2, 0, 0, 0.0
47, 1, 3, 0, 0, 0.0
47, 1, 4, 0, 0, 0.0
47, 1, 5, 0, 0, 0.0
47, 1, 6, 0, 0, 0.0
47, 1, 7, 0, 0, 0.0
47, 1, 8, 0, 0, 0.0
47, 1, 9, 0, 0, 0.0
47, 1, 10, 0, 0, 0.0
47, 1, 11, 0, 0, 0.0
47, 1, 12, 0, 0, 0.0
47, 1, 13, 0, 0, 0.0
47, 1, 14, 0, 0, 0.0
47, 1, 15, 0, 0, 0.0
47, 1, 16, 0, 0, 0.0
47, 1, 17, 0, 0, 0.0
47, 1, 18, 0, 0, 0.0
47, 1, 19, 0, 0, 0.0
47, 1, 20, 0, 0, 0.0
48, 0, 0, 0, 0, 0.0
48, 0, 1, 0, 0, 0.0
48, 0, 2, 0, 0, 0.0
48, 0, 3, 0, 0, 0.0
48, 0, 4, 0, 0, 0.0
48, 0, 5, 0, 0, 0.0
48, 0, 6, 0, 0, 0.0
48, 0, 7, 0, 0, 0.0
48, 0, 8, 0, 0, 0.0
48, 0, 9, 0, 0, 0.0
48, 0, 10, 0, 0, 0.0
48, 0, 11, 0, 0, 0.0
48, 0, 12, 0, 0, 0.0
48, 0, 13, 0, 0, 0.0
48, 0, 14, 0, 0, 0.0
48, 0, 15, 0, 0, 0.0
48, 0, 16, 0, 0, 0.0
48, 0, 17, 0, 0, 0.0
48, 0, 18, 0, 0, 0.0
48, 0, 19, 0, 0, 0.0
48, 0, 20, 0, 0, 0.0
48, 1, 0, 0, 0, 0.0
48, 1, 1, 0, 0, 0.0
48, 1, 2, 0, 0, 0.0
48, 1, 3, 0, 0, 0.0
48, 1, 4, 0, 0, 0.0
48, 1, 5, 0, 0, 0.0
48, 1, 6, 0, 0, 0.0
48, 1, 7, 0, 0, 0.0
48, 1, 8, 0, 0, 0.0
48, 1, 9, 0, 0, 0.0
48, 1, 10, 0, 0, 0.0
48, 1, 11, 0, 0, 0.0
48, 1, 12, 0, 0, 0.0
48, 1, 13, 0, 0, 0.0
48, 1, 14, 0, 0, 0.0
48, 1, 15, 0, 0, 0.0
48, 1, 16, 0, 0, 0.0
48, 1, 17, 0, 0, 0.0
48, 1, 18, 0, 0, 0.0
48, 1, 19, 0, 0, 0.0
48, 1, 20, 0, 0, 0.0
49, 0, 0, 0, 0, 0.0
49, 0, 1, 0, 0, 0.0
49, 0, 2, 0, 0, 0.0
49, 0, 3, 0, 0, 0.0
49, 0, 4, 0, 0, 0.0
49, 0, 5, 0, 0, 0.0
49, 0, 6, 0, 0, 0.0
49, 0, 7, 0, 0, 0.0
49, 0, 8, 0, 0, 0.0
49, 0, 9, 0, 0, 0.0
49, 0, 10, 0, 0, 0.0
49, 0, 11, 0, 0, 0.0
49, 0, 12, 0, 0, 0.0
49, 0, 13, 0, 0, 0.0
49, 0, 14, 0, 0, 0.0
49, 0, 15, 0, 0, 0.0
49, 0, 16, 0, 0, 0.0
49, 0, 17, 0, 0, 0.0
49, 0, 18, 0, 0, 0.0
49, 0, 19, 0, 0, 0.0
49, 0, 20, 0, 0, 0.0
49, 1, 0, 0, 0, 0.0
49, 1, 1, 0, 0, 0.0
49, 1, 2, 0, 0, 0.0
49, 1, 3, 0, 0, 0.0
49, 1, 4, 0, 0, 0.0
49, 1, 5, 0, 0, 0.0
49, 1, 6, 0, 0, 0.0
49, 1, 7, 0, 0, 0.0
49, 1, 8, 0, 0, 0.0
49, 1, 9, 0, 0, 0.0
49, 1, 10, 0, 0, 0.0
49, 1, 11, 0, 0, 0.0
49, 1, 12, 0, 0, 0.0
49, 1, 13, 0, 0, 0.0
49, 1, 14, 0, 0, 0.0
49, 1, 15, 0, 0, 0.0
49, 1, 16, 0, 0, 0.0
49, 1, 17, 0, 0, 0.0
49, 1, 18, 0, 0, 0.0
49, 1, 19, 0, 0, 0.0
49, 1, 20, 0, 0, 0.0
50, 0, 0, 0, 0, 0.0
50, 0, 1, 0, 0, 0.0
50, 0, 2, 0, 0, 0.0
50, 0, 3, 0, 0, 0.0
50, 0, 4, 0, 0, 0.0
50, 0, 5, 0, 0, 0.0
50, 0, 6, 0, 0, 0.0
50, 0, 7, 0, 0, 0.0
50, 0, 8, 0, 0, 0.0
50, 0, 9, 0, 0, 0.0
50, 0, 10, 0, 0, 0.0
50, 0, 11, 0, 0, 0.0
50, 0, 12, 0, 0, 0.0
50, 0, 13, 0, 0, 0.0
50, 0, 14, 0, 0, 0.0
50, 0, 15, 0, 0, 0.0
50, 0, 16, 0, 0, 0.0
50, 0, 17, 0, 0, 0.0
50, 0, 18, 0, 0, 0.0
50, 0, 19, 0, 0, 0.0
50, 0, 20, 0, 0, 0.0
50, 1, 0, 0, 0, 0.0
50, 1, 1, 0, 0, 0.0
50, 1, 2, 0, 0, 0.0
50, 1, 3, 0, 0, 0.0
50, 1, 4, 0, 0, 0.0
50, 1, 5, 0, 0, 0.0
50, 1, 6, 0, 0, 0.0
50, 1, 7, 0, 0, 0.0
50, 1, 8, 0, 0, 0.0
50, 1, 9, 0, 0, 0.0
50, 1, 10, 0, 0, 0.0
50, 1, 11, 0, 0, 0.0
50, 1, 12, 0, 0, 0.0
50, 1, 13, 0, 0, 0.0
50, 1, 14, 0, 0, 0.0
50, 1, 15, 0, 0, 0.0
50, 1, 16, 0, 0, 0.0
50, 1, 17, 0, 0, 0.0
50, 1, 18, 0, 0, 0.0
50, 1, 19, 0, 0, 0.0
50, 1, 20, 0, 0, 0.0
51, 0, 0, 0, 0, 0.0
51, 0, 1, 0, 0, 0.0
51, 0, 2, 0, 0, 0.0
51, 0, 3, 0, 0, 0.0
51, 0, 4, 0, 0, 0.0
51, 0, 5, 0, 0, 0.0
51, 0, 6, 0, 0, 0.0
51, 0, 7, 0, 0, 0.0
51, 0, 8, 0, 0, 0.0
51, 0, 9, 0, 0, 0.0
51, 0, 10, 0, 0, 0.0
51, 0, 11, 0, 0, 0.0
51, 0, 12, 0, 0, 0.0
51, 0, 13, 0, 0, 0.0
51, 0, 14, 0, 0, 0.0
51, 0, 15, 0, 0, 0.0
51, 0, 16, 0, 0, 0.0
51, 0, 17, 0, 0, 0.0
51, 0, 18, 0, 0, 0.0
51, 0, 19, 0, 0, 0.0
51, 0, 20, 0, 0, 0.0
51, 1, 0, 0, 0, 0.0
51, 1, 1, 0, 0, 0.0
51, 1, 2, 0, 0, 0.0
51, 1, 3, 0, 0, 0.0
51, 1, 4, 0, 0, 0.0
51, 1, 5, 0, 0, 0.0
51, 1, 6, 0, 0, 0.0
51, 1, 7, 0, 0, 0.0
51, 1, 8, 0, 0, 0.0
51, 1, 9, 0, 0, 0.0
51, 1, 10, 0, 0, 0.0
51, 1, 11, 0, 0, 0.0
51, 1, 12, 0, 0, 0.0
51, 1, 13, 0, 0, 0.0
51, 1, 14, 0, 0, 0.0
51, 1, 15, 0, 0, 0.0
51, 1, 16, 0, 0, 0.0
51, 1, 17, 0, 0, 0.0
51, 1, 18, 0, 0, 0.0
51, 1, 19, 0, 0, 0.0
51, 1, 20, 0, 0, 0.0
52, 0, 0, 0, 0, 0.0
52, 0, 1, 0, 0, 0.0
52, 0, 2, 0, 0, 0.0
52, 0, 3, 0, 0, 0.0
52, 0, 4, 0, 0, 0.0
52, 0, 5, 0, 0, 0.0
52, 0, 6, 0, 0, 0.0
52, 0, 7, 0, 0, 0.0
52, 0, 8, 0, 0, 0.0
52, 0, 9, 0, 0, 0.0
52, 0, 10, 0, 0, 0.0
52, 0, 11, 0, 0, 0.0
52, 0, 12, 0, 0, 0.0
52, 0, 13, 0, 0, 0.0
52, 0, 14, 0, 0, 0.0
52, 0, 15, 0, 0, 0.0
52, 0, 16, 0, 0, 0.0
52, 0, 17, 0, 0, 0.0
52, 0, 18, 0, 0, 0.0
52, 0, 19, 0, 0, 0.0
52, 0, 20, 0, 0, 0.0
52, 1, 0, 0, 0, 0.0
52, 1, 1, 0, 0, 0.0
52, 1, 2, 0, 0, 0.0
52, 1, 3, 0, 0, 0.0
52, 1, 4, 0, 0, 0.0
52, 1, 5, 0, 0, 0.0
52, 1, 6, 0, 0, 0.0
52, 1, 7, 0, 0, 0.0
52, 1, 8, 0, 0, 0.0
52, 1, 9, 0, 0, 0.0
52, 1, 10, 0, 0, 0.0
52, 1, 11, 0, 0, 0.0
52, 1, 12, 0, 0, 0.0
52, 1, 13, 0, 0, 0.0
52, 1, 14, 0, 0, 0.0
52, 1, 15, 0, 0, 0.0
52, 1, 16, 0, 0, 0.0
52, 1, 17, 0, 0, 0.0
52, 1, 18, 0, 0, 0.0
52, 1, 19, 0, 0, 0.0
52, 1, 20, 0, 0, 0.0
53, 0, 0, 0, 0, 0.0
53, 0, 1, 0, 0, 0.0
53, 0, 2, 0, 0, 0.0
53, 0, 3, 0, 0, 0.0
53, 0, 4, 0, 0, 0.0
53, 0, 5, 0, 0, 0.0
53, 0, 6, 0, 0, 0.0
53, 0, 7, 0, 0, 0.0
53, 0, 8, 0, 0, 0.0
53, 0, 9, 0, 0, 0.0
53, 0, 10, 0, 0, 0.0
53, 0, 11, 0, 0, 0.0
53, 0, 12, 0, 0, 0.0
53, 0, 13, 0, 0, 0.0
53, 0, 14, 0, 0, 0.0
53, 0, 15, 0, 0, 0.0
53, 0, 16, 0, 0, 0.0
53, 0, 17, 0, 0, 0.0
53, 0, 18, 0, 0, 0.0
53, 0, 19, 0, 0, 0.0
53, 0, 20, 0, 0, 0.0
53, 1, 0, 0, 0, 0.0
53, 1, 1, 0, 0, 0.0
53, 1, 2, 0, 0, 0.0
53, 1, 3, 0, 0, 0.0
53, 1, 4, 0, 0, 0.0
53, 1, 5, 0, 0, 0.0
53, 1, 6, 0, 0, 0.0
53, 1, 7, 0, 0, 0.0
53, 1, 8, 0, 0, 0.0
53, 1, 9, 0, 0, 0.0
53, 1, 10, 0, 0, 0.0
53, 1, 11, 0, 0, 0.0
53, 1, 12, 0, 0, 0.0
53, 1, 13, 0, 0, 0.0
53, 1, 14, 0, 0, 0.0
53, 1, 15, 0, 0, 0.0
53, 1, 16, 0, 0, 0.0
53, 1, 17, 0, 0, 0.0
53, 1, 18, 0, 0, 0.0
53, 1, 19, 0, 0, 0.0
53, 1, 20, 0, 0, 0.0
54, 0, 0, 0, 0, 0.0
54, 0, 1, 0, 0, 0.0
54, 0, 2, 0, 0, 0.0
54, 0, 3, 0, 0, 0.0
54, 0, 4, 0, 0, 0.0
54, 0, 5, 0, 0, 0.0
54, 0, 6, 0, 0, 0.0
54, 0, 7, 0, 0, 0.0
54, 0, 8, 0, 0, 0.0
54, 0, 9, 0, 0, 0.0
54, 0, 10, 0, 0, 0.0
54, 0, 11, 0, 0, 0.0
54, 0, 12, 0, 0, 0.0
54, 0, 13, 0, 0, 0.0
54, 0, 14, 0, 0, 0.0
54, 0, 15, 0, 0, 0.0
54, 0, 16, 0, 0, 0.0
54, 0, 17, 0, 0, 0.0
54, 0, 18, 0, 0, 0.0
54, 0, 19, 0, 0, 0.0
54, 0, 20, 0, 0, 0.0
54, 1, 0, 0, 0, 0.0
54, 1, 1, 0, 0, 0.0
54, 1, 2, 0, 0, 0.0
54, 1, 3, 0, 0, 0.0
54, 1, 4, 0, 0, 0.0
54, 1, 5, 0, 0, 0.0
54, 1, 6, 0, 0, 0.0
54, 1, 7, 0, 0, 0.0
54, 1, 8, 0, 0, 0.0
54, 1, 9, 0, 0, 0.0
54, 1, 10, 0, 0, 0.0
54, 1, 11, 0, 0, 0.0
54, 1, 12, 0, 0, 0.0
54, 1, 13, 0, 0, 0.0
54, 1, 14, 0, 0, 0.0
54, 1, 15, 0, 0, 0.0
54, 1, 16, 0, 0, 0.0
54, 1, 17, 0, 0, 0.0
54, 1, 18, 0, 0, 0.0
54, 1, 19, 0, 0, 0.0
54, 1, 20, 0, 0, 0.0
55, 0, 0, 0, 0, 0.0
55, 0, 1, 0, 0, 0.0
55, 0, 2, 0, 0, 0.0
55, 0, 3, 0, 0, 0.0
55, 0, 4, 0, 0, 0.0
55, 0, 5, 0, 0, 0.0
55, 0, 6, 0, 0, 0.0
55, 0, 7, 0, 0, 0.0
55, 0, 8, 0, 0, 0.0
55, 0, 9, 0, 0, 0.0
55, 0, 10, 0, 0, 0.0
55, 0, 11, 0, 0, 0.0
55, 0, 12, 0, 0, 0.0
55, 0, 13, 0, 0, 0.0
55, 0, 14, 0, 0, 0.0
55, 0, 15, 0, 0, 0.0
55, 0, 16, 0, 0, 0.0
55, 0, 17, 0, 0, 0.0
55, 0, 18, 0, 0, 0.0
55, 0, 19, 0, 0, 0.0
55, 0, 20, 0, 0, 0.0
55, 1, 0, 0, 0, 0.0
55, 1, 1, 0, 0, 0.0
55, 1, 2, 0, 0, 0.0
55, 1, 3, 0, 0, 0.0
55, 1, 4, 0, 0, 0.0
55, 1, 5, 0, 0, 0.0
55, 1, 6, 0, 0, 0.0
55, 1, 7, 0, 0, 0.0
55, 1, 8, 0, 0, 0.0
55, 1, 9, 0, 0, 0.0
55, 1, 10, 0, 0, 0.0
55, 1, 11, 0, 0, 0.0
55, 1, 12, 0, 0, 0.0
55, 1, 13, 0, 0, 0.0
55, 1, 14, 0, 0, 0.0
55, 1, 15, 0, 0, 0.0
55, 1, 16, 0, 0, 0.0
55, 1, 17, 0, 0, 0.0
55, 1, 18, 0, 0, 0.0
55, 1, 19, 0, 0, 0.0
55, 1, 20, 0, 0, 0.0
56, 0, 0, 0, 0, 0.0
56, 0, 1, 0, 0, 0.0
56, 0, 2, 0, 0, 0.0
56, 0, 3, 0, 0, 0.0
56, 0, 4, 0, 0, 0.0
56, 0, 5, 0, 0, 0.0
56, 0, 6, 0, 0, 0.0
56, 0, 7, 0, 0, 0.0
56, 0, 8, 0, 0, 0.0
56, 0, 9, 0, 0, 0.0
56, 0, 10, 0, 0, 0.0
56, 0, 11, 0, 0, 0.0
56, 0, 12, 0, 0, 0.0
56, 0, 13, 0, 0, 0.0
56, 0, 14, 0, 0, 0.0
56, 0, 15, 0, 0, 0.0
56, 0, 16, 0, 0, 0.0
56, 0, 17, 0, 0, 0.0
56, 0, 18, 0, 0, 0.0
56, 0, 19, 0, 0, 0.0
56, 0, 20, 0, 0, 0.0
56, 1, 0, 0, 0, 0.0
56, 1, 1, 0, 0, 0.0
56, 1, 2, 0, 0, 0.0
56, 1, 3, 0, 0, 0.0
56, 1, 4, 0, 0, 0.0
56, 1, 5, 0, 0, 0.0
56, 1, 6, 0, 0, 0.0
56, 1, 7, 0, 0, 0.0
56, 1, 8, 0, 0, 0.0
56, 1, 9, 0, 0, 0.0
56, 1, 10, 0, 0, 0.0
56, 1, 11, 0, 0, 0.0
56, 1, 12, 0, 0, 0.0
56, 1, 13, 0, 0, 0.0
56, 1, 14, 0, 0, 0.0
56, 1, 15, 0, 0, 0.0
56, 1, 16, 0, 0, 0.0
56, 1, 17, 0, 0, 0.0
56, 1, 18, 0, 0, 0.0
56, 1, 19, 0, 0, 0.0
56, 1, 20, 0, 0, 0.0
57, 0, 0, 0, 0, 0.0
57, 0, 1, 0, 0, 0.0
57, 0, 2, 0, 0, 0.0
57, 0, 3, 0, 0, 0.0
57, 0, 4, 0, 0, 0.0
57, 0, 5, 0, 0, 0.0
57, 0, 6, 0, 0, 0.0
57, 0, 7, 0, 0, 0.0
57, 0, 8, 0, 0, 0.0
57, 0, 9, 0, 0, 0.0
57, 0, 10, 0, 0, 0.0
57, 0, 11, 0, 0, 0.0
57, 0, 12, 0, 0, 0.0
57, 0, 13, 0, 0, 0.0
57, 0, 14, 0, 0, 0.0
57, 0, 15, 0, 0, 0.0
57, 0, 16, 0, 0, 0.0
57, 0, 17, 0, 0, 0.0
57, 0, 18, 0, 0, 0.0
57, 0, 19, 0, 0, 0.0
57, 0, 20, 0, 0, 0.0
57, 1, 0, 0, 0, 0.0
57, 1, 1, 0, 0, 0.0
57, 1, 2, 0, 0, 0.0
57, 1, 3, 0, 0, 0.0
57, 1, 4, 0, 0, 0.0
57, 1, 5, 0, 0, 0.0
57, 1, 6, 0, 0, 0.0
57, 1, 7, 0, 0, 0.0
57, 1, 8, 0, 0, 0.0
57, 1, 9, 0, 0, 0.0
57, 1, 10, 0, 0, 0.0
57, 1, 11, 0, 0, 0.0
57, 1, 12, 0, 0, 0.0
57, 1, 13, 0, 0, 0.0
57, 1, 14, 0, 0, 0.0
57, 1, 15, 0, 0, 0.0
57, 1, 16, 0, 0, 0.0
57, 1, 17, 0, 0, 0.0
57, 1, 18, 0, 0, 0.0
57, 1, 19, 0, 0, 0.0
57, 1, 20, 0, 0, 0.0
58, 0, 0, 0, 0, 0.0
58, 0, 1, 0, 0, 0.0
58, 0, 2, 0, 0, 0.0
58, 0, 3, 0, 0, 0.0
58, 0, 4, 0, 0, 0.0
58, 0, 5, 0, 0, 0.0
58, 0, 6, 0, 0, 0.0
58, 0, 7, 0, 0, 0.0
58, 0, 8, 0, 0, 0.0
58, 0, 9, 0, 0, 0.0
58, 0, 10, 0, 0, 0.0
58, 0, 11, 0, 0, 0.0
58, 0, 12, 0, 0, 0.0
58, 0, 13, 0, 0, 0.0
58, 0, 14, 0, 0, 0.0
58, 0, 15, 0, 0, 0.0
58, 0, 16, 0, 0, 0.0
58, 0, 17, 0, 0, 0.0
58, 0, 18, 0, 0, 0.0
58, 0, 19, 0, 0, 0.0
58, 0, 20, 0, 0, 0.0
58, 1, 0, 0, 0, 0.0
58, 1, 1, 0, 0, 0.0
58, 1, 2, 0, 0, 0.0
58, 1, 3, 0, 0, 0.0
58, 1, 4, 0, 0, 0.0
58, 1, 5, 0, 0, 0.0
58, 1, 6, 0, 0, 0.0
58, 1, 7, 0, 0, 0.0
58, 1, 8, 0, 0, 0.0
58, 1, 9, 0, 0, 0.0
58, 1, 10, 0, 0, 0.0
58, 1, 11, 0, 0, 0.0
58, 1, 12, 0, 0, 0.0
58, 1, 13, 0, 0, 0.0
58, 1, 14, 0, 0, 0.0
58, 1, 15, 0, 0, 0.0
58, 1, 16, 0, 0, 0.0
58, 1, 17, 0, 0, 0.0
58, 1, 18, 0, 0, 0.0
58, 1, 19, 0, 0, 0.0
58, 1, 20, 0, 0, 0.0
59, 0, 0, 0, 0, 0.0
59, 0, 1, 0, 0, 0.0
59, 0, 2, 0, 0, 0.0
59, 0, 3, 0, 0, 0.0
59, 0, 4, 0, 0, 0.0
59, 0, 5, 0, 0, 0.0
59, 0, 6, 0, 0, 0.0
59, 0, 7, 0, 0, 0.0
59, 0, 8, 0, 0, 0.0
59, 0, 9, 0, 0, 0.0
59, 0, 10, 0, 0, 0.0
59, 0, 11, 0, 0, 0.0
59, 0, 12, 0, 0, 0.0
59, 0, 13, 0, 0, 0.0
59, 0, 14, 0, 0, 0.0
59, 0, 15, 0, 0, 0.0
59, 0, 16, 0, 0, 0.0
59, 0, 17, 0, 0, 0.0
59, 0, 18, 0, 0, 0.0
59, 0, 19, 0, 0, 0.0
59, 0, 20, 0, 0, 0.0
59, 1, 0, 0, 0, 0.0
59, 1, 1, 0, 0, 0.0
59, 1, 2, 0, 0, 0.0
59, 1, 3, 0, 0, 0.0
59, 1, 4, 0, 0, 0.0
59, 1, 5, 0, 0, 0.0
59, 1, 6, 0, 0, 0.0
59, 1, 7, 0, 0, 0.0
59, 1, 8, 0, 0, 0.0
59, 1, 9, 0, 0, 0.0
59, 1, 10, 0, 0, 0.0
59, 1, 11, 0, 0, 0.0
59, 1, 12, 0, 0, 0.0
59, 1, 13, 0, 0, 0.0
59, 1, 14, 0, 0, 0.0
59, 1, 15, 0, 0, 0.0
59, 1, 16, 0, 0, 0.0
59, 1, 17, 0, 0, 0.0
59, 1, 18, 0, 0, 0.0
59, 1, 19, 0, 0, 0.0
59, 1, 20, 0, 0, 0.0
60, 0, 0, 0, 0, 0.0
60, 0, 1, 0, 0, 0.0
60, 0, 2, 0, 0, 0.0
60, 0, 3, 0, 0, 0.0
60, 0, 4, 0, 0, 0.0
60, 0, 5, 0, 0, 0.0
60, 0, 6, 0, 0, 0.0
60, 0, 7, 0, 0, 0.0
60, 0, 8, 0, 0, 0.0
60, 0, 9, 0, 0, 0.0
60, 0, 10, 0, 0, 0.0
60, 0, 11, 0, 0, 0.0
60, 0, 12, 0, 0, 0.0
60, 0, 13, 0, 0, 0.0
60, 0, 14, 0, 0, 0.0
60, 0, 15, 0, 0, 0.0
60, 0, 16, 0, 0, 0.0
60, 0, 17, 0, 0, 0.0
60, 0, 18, 0, 0, 0.0
60, 0, 19, 0, 0, 0.0
60, 0, 20, 0, 0, 0.0
60, 1, 0, 0, 0, 0.0
60, 1, 1, 0, 0, 0.0
60, 1, 2, 0, 0, 0.0
60, 1, 3, 0, 0, 0.0
60, 1, 4, 0, 0, 0.0
60, 1, 5, 0, 0, 0.0
60, 1, 6, 0, 0, 0.0
60, 1, 7, 0, 0, 0.0
60, 1, 8, 0, 0, 0.0
60, 1, 9, 0, 0, 0.0
60, 1, 10, 0, 0, 0.0
60, 1, 11, 0, 0, 0.0
60, 1, 12, 0, 0, 0.0
60, 1, 13, 0, 0, 0.0
60, 1, 14, 0, 0, 0.0
60, 1, 15, 0, 0, 0.0
60, 1, 16, 0, 0, 0.0
60, 1, 17, 0, 0, 0.0
60, 1, 18, 0, 0, 0.0
60, 1, 19, 0, 0, 0.0
60, 1, 20, 0, 0, 0.0
61, 0, 0, 0, 0, 0.0
61, 0, 1, 0, 0, 0.0
61, 0, 2, 0, 0, 0.0
61, 0, 3, 0, 0, 0.0
61, 0, 4, 0, 0, 0.0
61, 0, 5, 0, 0, 0.0
61, 0, 6, 0, 0, 0.0
61, 0, 7, 0, 0, 0.0
61, 0, 8, 0, 0, 0.0
61, 0, 9, 0, 0, 0.0
61, 0, 10, 0, 0, 0.0
61, 0, 11, 0, 0, 0.0
61, 0, 12, 0, 0, 0.0
61, 0, 13, 0, 0, 0.0
61, 0, 14, 0, 0, 0.0
61, 0, 15, 0, 0, 0.0
61, 0, 16, 0, 0, 0.0
61, 0, 17, 0, 0, 0.0
61, 0, 18, 0, 0, 0.0
61, 0, 19, 0, 0, 0.0
61, 0, 20, 0, 0, 0.0
61, 1, 0, 0, 0, 0.0
61, 1, 1, 0, 0, 0.0
61, 1, 2, 0, 0, 0.0
61, 1, 3, 0, 0, 0.0
61, 1, 4, 0, 0, 0.0
61, 1, 5, 0, 0, 0.0
61, 1, 6, 0, 0, 0.0
61, 1, 7, 0, 0, 0.0
61, 1, 8, 0, 0, 0.0
61, 1, 9, 0, 0, 0.0
61, 1, 10, 0, 0, 0.0
61, 1, 11, 0, 0, 0.0
61, 1, 12, 0, 0, 0.0
61, 1, 13, 0, 0, 0.0
61, 1, 14, 0, 0, 0.0
61, 1, 15, 0, 0, 0.0
61, 1, 16, 0, 0, 0.0
61, 1, 17, 0, 0, 0.0
61, 1, 18, 0, 0, 0.0
61, 1, 19, 0, 0, 0.0
61, 1, 20, 0, 0, 0.0
62, 0, 0, 0, 0, 0.0
62, 0, 1, 0, 0, 0.0
62, 0, 2, 0, 0, 0.0
62, 0, 3, 0, 0, 0.0
62, 0, 4, 0, 0, 0.0
62, 0, 5, 0, 0, 0.0
62, 0, 6, 0, 0, 0.0
62, 0, 7, 0, 0, 0.0
62, 0, 8, 0, 0, 0.0
62, 0, 9, 0, 0, 0.0
62, 0, 10, 0, 0, 0.0
62, 0, 11, 0, 0, 0.0
62, 0, 12, 0, 0, 0.0
62, 0, 13, 0, 0, 0.0
62, 0, 14, 0, 0, 0.0
62, 0, 15, 0, 0, 0.0
62, 0, 16, 0, 0, 0.0
62, 0, 17, 0, 0, 0.0
62, 0, 18, 0, 0, 0.0
62, 0, 19, 0, 0, 0.0
62, 0, 20, 0, 0, 0.0
62, 1, 0, 0, 0, 0.0
62, 1, 1, 0, 0, 0.0
62, 1, 2, 0, 0, 0.0
62, 1, 3, 0, 0, 0.0
62, 1, 4, 0, 0, 0.0
62, 1, 5, 0, 0, 0.0
62, 1, 6, 0, 0, 0.0
62, 1, 7, 0, 0, 0.0
62, 1, 8, 0, 0, 0.0
62, 1, 9, 0, 0, 0.0
62, 1, 10, 0, 0, 0.0
62, 1, 11, 0, 0, 0.0
62, 1, 12, 0, 0, 0.0
62, 1, 13, 0, 0, 0.0
62, 1, 14, 0, 0, 0.0
62, 1, 15, 0, 0, 0.0
62, 1, 16, 0, 0, 0.0
62, 1, 17, 0, 0, 0.0
62, 1, 18, 0, 0, 0.0
62, 1, 19, 0, 0, 0.0
62, 1, 20, 0, 0, 0.0
63, 0, 0, 0, 0, 0.0
63, 0, 1, 0, 0, 0.0
63, 0, 2, 0, 0, 0.0
63, 0, 3, 0, 0, 0.0
63, 0, 4, 0, 0, 0.0
63, 0, 5, 0, 0, 0.0
63, 0, 6, 0, 0, 0.0
63, 0, 7, 0, 0, 0.0
63, 0, 8, 0, 0, 0.0
63, 0, 9, 0, 0, 0.0
63, 0, 10, 0, 0, 0.0
63, 0, 11, 0, 0, 0.0
63, 0, 12, 0, 0, 0.0
63, 0, 13, 0, 0, 0.0
63, 0, 14, 0, 0, 0.0
63, 0, 15, 0, 0, 0.0
63, 0, 16, 0, 0, 0.0
63, 0, 17, 0, 0, 0.0
63, 0, 18, 0, 0, 0.0
63, 0, 19, 0, 0, 0.0
63, 0, 20, 0, 0, 0.0
63, 1, 0, 0, 0, 0.0
63, 1, 1, 0, 0, 0.0
63, 1, 2, 0, 0, 0.0
63, 1, 3, 0, 0, 0.0
63, 1, 4, 0, 0, 0.0
63, 1, 5, 0, 0, 0.0
63, 1, 6, 0, 0, 0.0
63, 1, 7, 0, 0, 0.0
63, 1, 8, 0, 0, 0.0
63, 1, 9, 0, 0, 0.0
63, 1, 10, 0, 0, 0.0
63, 1, 11, 0, 0, 0.0
63, 1, 12, 0, 0, 0.0
63, 1, 13, 0, 0, 0.0
63, 1, 14, 0, 0, 0.0
63, 1, 15, 0, 0, 0.0
63, 1, 16, 0, 0, 0.0
63, 1, 17, 0, 0, 0.0
63, 1, 18, 0, 0, 0.0
63, 1, 19, 0, 0, 0.0
63, 1, 20, 0, 0, 0.0
64, 0, 0, 0, 0, 0.0
64, 0, 1, 0, 0, 0.0
64, 0, 2, 0, 0, 0.0
64, 0, 3, 0, 0, 0.0
64, 0, 4, 0, 0, 0.0
64, 0, 5, 0, 0, 0.0
64, 0, 6, 0, 0, 0.0
64, 0, 7, 0, 0, 0.0
64, 0, 8, 0, 0, 0.0
64, 0, 9, 0, 0, 0.0
64, 0, 10, 0, 0, 0.0
64, 0, 11, 0, 0, 0.0
64, 0, 12, 0, 0, 0.0
64, 0, 13, 0, 0, 0.0
64, 0, 14, 0, 0, 0.0
64, 0, 15, 0, 0, 0.0
64, 0, 16, 0, 0, 0.0
64, 0, 17, 0, 0, 0.0
64, 0, 18, 0, 0, 0.0
64, 0, 19, 0, 0, 0.0
64, 0, 20, 0, 0, 0.0
64, 1, 0, 0, 0, 0.0
64, 1, 1, 0, 0, 0.0
64, 1, 2, 0, 0, 0.0
64, 1, 3, 0, 0, 0.0
64, 1, 4, 0, 0, 0.0
64, 1, 5, 0, 0, 0.0
64, 1, 6, 0, 0, 0.0
64, 1, 7, 0, 0, 0.0
64, 1, 8, 0, 0, 0.0
64, 1, 9, 0, 0, 0.0
64, 1, 10, 0, 0, 0.0
64, 1, 11, 0, 0, 0.0
64, 1, 12, 0, 0, 0.0
64, 1, 13, 0, 0, 0.0
64, 1, 14, 0, 0, 0.0
64, 1, 15, 0, 0, 0.0
64, 1, 16, 0, 0, 0.0
64, 1, 17, 0, 0, 0.0
64, 1, 18, 0, 0, 0.0
64, 1, 19, 0, 0, 0.0
64, 1, 20, 0, 0, 0.0
65, 0, 0, 0, 0, 0.0
65, 0, 1, 0, 0, 0.0
65, 0, 2, 0, 0, 0.0
65, 0, 3, 0, 0, 0.0
65, 0, 4, 0, 0, 0.0
65, 0, 5, 0, 0, 0.0
65, 0, 6, 0, 0, 0.0
65, 0, 7, 0, 0, 0.0
65, 0, 8, 0, 0, 0.0
65, 0, 9, 0, 0, 0.0
65, 0, 10, 0, 0, 0.0
65, 0, 11, 0, 0, 0.0
65, 0, 12, 0, 0, 0.0
65, 0, 13, 0, 0, 0.0
65, 0, 14, 0, 0, 0.0
65, 0, 15, 0, 0, 0.0
65, 0, 16, 0, 0, 0.0
65, 0, 17, 0, 0, 0.0
65, 0, 18, 0, 0, 0.0
65, 0, 19, 0, 0, 0.0
65, 0, 20, 0, 0, 0.0
65, 1, 0, 0, 0, 0.0
65, 1, 1, 0, 0, 0.0
65, 1, 2, 0, 0, 0.0
65, 1, 3, 0, 0, 0.0
65, 1, 4, 0, 0, 0.0
65, 1, 5, 0, 0, 0.0
65, 1, 6, 0, 0, 0.0
65, 1, 7, 0, 0, 0.0
65, 1, 8, 0, 0, 0.0
65, 1, 9, 0, 0, 0.0
65, 1, 10, 0, 0, 0.0
65, 1, 11, 0, 0, 0.0
65, 1, 12, 0, 0, 0.0
65, 1, 13, 0, 0, 0.0
65, 1, 14, 0, 0, 0.0
65, 1, 15, 0, 0, 0.0
65, 1, 16, 0, 0, 0.0
65, 1, 17, 0, 0, 0.0
65, 1, 18, 0, 0, 0.0
65, 1, 19, 0, 0, 0.0
65, 1, 20, 0, 0, 0.0
66, 0, 0, 0, 0, 0.0
66, 0, 1, 0, 0, 0.0
66, 0, 2, 0, 0, 0.0
66, 0, 3, 0, 0, 0.0
66, 0, 4, 0, 0, 0.0
66, 0, 5, 0, 0, 0.0
66, 0, 6, 0, 0, 0.0
66, 0, 7, 0, 0, 0.0
66, 0, 8, 0, 0, 0.0
66, 0, 9, 0, 0, 0.0
66, 0, 10, 0, 0, 0.0
66, 0, 11, 0, 0, 0.0
66, 0, 12, 0, 0, 0.0
66, 0, 13, 0, 0, 0.0
66, 0, 14, 0, 0, 0.0
66, 0, 15, 0, 0, 0.0
66, 0, 16, 0, 0, 0.0
66, 0, 17, 0, 0, 0.0
66, 0, 18, 0, 0, 0.0
66, 0, 19, 0, 0, 0.0
66, 0, 20, 0, 0, 0.0
66, 1, 0, 0, 0, 0.0
66, 1, 1, 0, 0, 0.0
66, 1, 2, 0, 0, 0.0
66, 1, 3, 0, 0, 0.0
66, 1, 4, 0, 0, 0.0
66, 1, 5, 0, 0, 0.0
66, 1, 6, 0, 0, 0.0
66, 1, 7, 0, 0, 0.0
66, 1, 8, 0, 0, 0.0
66, 1, 9, 0, 0, 0.0
66, 1, 10, 0, 0, 0.0
66, 1, 11, 0, 0, 0.0
66, 1, 12, 0, 0, 0.0
66, 1, 13, 0, 0, 0.0
66, 1, 14, 0, 0, 0.0
66, 1, 15, 0, 0, 0.0
66, 1, 16, 0, 0, 0.0
66, 1, 17, 0, 0, 0.0
66, 1, 18, 0, 0, 0.0
66, 1, 19, 0, 0, 0.0
66, 1, 20, 0, 0, 0.0
67, 0, 0, 0, 0, 0.0
67, 0, 1, 0, 0, 0.0
67, 0, 2, 0, 0, 0.0
67, 0, 3, 0, 0, 0.0
67, 0, 4, 0, 0, 0.0
67, 0, 5, 0, 0, 0.0
67, 0, 6, 0, 0, 0.0
67, 0, 7, 0, 0, 0.0
67, 0, 8, 0, 0, 0.0
67, 0, 9, 0, 0, 0.0
67, 0, 10, 0, 0, 0.0
67, 0, 11, 0, 0, 0.0
67, 0, 12, 0, 0, 0.0
67, 0, 13, 0, 0, 0.0
67, 0, 14, 0, 0, 0.0
67, 0, 15, 0, 0, 0.0
67, 0, 16, 0, 0, 0.0
67, 0, 17, 0, 0, 0.0
67, 0, 18, 0, 0, 0.0
67, 0, 19, 0, 0, 0.0
67, 0, 20, 0, 0, 0.0
67, 1, 0, 0, 0, 0.0
67, 1, 1, 0, 0, 0.0
67, 1, 2, 0, 0, 0.0
67, 1, 3, 0, 0, 0.0
67, 1, 4, 0, 0, 0.0
67, 1, 5, 0, 0, 0.0
67, 1, 6, 0, 0, 0.0
67, 1, 7, 0, 0, 0.0
67, 1, 8, 0, 0, 0.0
67, 1, 9, 0, 0, 0.0
67, 1, 10, 0, 0, 0.0
67, 1, 11, 0, 0, 0.0
67, 1, 12, 0, 0, 0.0
67, 1, 13, 0, 0, 0.0
67, 1, 14, 0, 0, 0.0
67, 1, 15, 0, 0, 0.0
67, 1, 16, 0, 0, 0.0
67, 1, 17, 0, 0, 0.0
67, 1, 18, 0, 0, 0.0
67, 1, 19, 0, 0, 0.0
67, 1, 20, 0, 0, 0.0
68, 0, 0, 0, 0, 0.0
68, 0, 1, 0, 0, 0.0
68, 0, 2, 0, 0, 0.0
68, 0, 3, 0, 0, 0.0
68, 0, 4, 0, 0, 0.0
68, 0, 5, 0, 0, 0.0
68, 0, 6, 0, 0, 0.0
68, 0, 7, 0, 0, 0.0
68, 0, 8, 0, 0, 0.0
68, 0, 9, 0, 0, 0.0
68, 0, 10, 0, 0, 0.0
68, 0, 11, 0, 0, 0.0
68, 0, 12, 0, 0, 0.0
68, 0, 13, 0, 0, 0.0
68, 0, 14, 0, 0, 0.0
68, 0, 15, 0, 0, 0.0
68, 0, 16, 0, 0, 0.0
68, 0, 17, 0, 0, 0.0
68, 0, 18, 0, 0, 0.0
68, 0, 19, 0, 0, 0.0
68, 0, 20, 0, 0, 0.0
68, 1, 0, 0, 0, 0.0
68, 1, 1, 0, 0, 0.0
68, 1, 2, 0, 0, 0.0
68, 1, 3, 0, 0, 0.0
68, 1, 4, 0, 0, 0.0
68, 1, 5, 0, 0, 0.0
68, 1, 6, 0, 0, 0.0
68, 1, 7, 0, 0, 0.0
68, 1, 8, 0, 0, 0.0
68, 1, 9, 0, 0, 0.0
68, 1, 10, 0, 0, 0.0
68, 1, 11, 0, 0, 0.0
68, 1, 12, 0, 0, 0.0
68, 1, 13, 0, 0, 0.0
68, 1, 14, 0, 0, 0.0
68, 1, 15, 0, 0, 0.0
68, 1, 16, 0, 0, 0.0
68, 1, 17, 0, 0, 0.0
68, 1, 18, 0, 0, 0.0
68, 1, 19, 0, 0, 0.0
68, 1, 20, 0, 0, 0.0
69, 0, 0, 0, 0, 0.0
69, 0, 1, 0, 0, 0.0
69, 0, 2, 0, 0, 0.0
69, 0, 3, 0, 0, 0.0
69, 0, 4, 0, 0, 0.0
69, 0, 5, 0, 0, 0.0
69, 0, 6, 0, 0, 0.0
69, 0, 7, 0, 0, 0.0
69, 0, 8, 0, 0, 0.0
69, 0, 9, 0, 0, 0.0
69, 0, 10, 0, 0, 0.0
69, 0, 11, 0, 0, 0.0
69, 0, 12, 0, 0, 0.0
69, 0, 13, 0, 0, 0.0
69, 0, 14, 0, 0, 0.0
69, 0, 15, 0, 0, 0.0
69, 0, 16, 0, 0, 0.0
69, 0, 17, 0, 0, 0.0
69, 0, 18, 0, 0, 0.0
69, 0, 19, 0, 0, 0.0
69, 0, 20, 0, 0, 0.0
69, 1, 0, 0, 0, 0.0
69, 1, 1, 0, 0, 0.0
69, 1, 2, 0, 0, 0.0
69, 1, 3, 0, 0, 0.0
69, 1, 4, 0, 0, 0.0
69, 1, 5, 0, 0, 0.0
69, 1, 6, 0, 0, 0.0
69, 1, 7, 0, 0, 0.0
69, 1, 8, 0, 0, 0.0
69, 1, 9, 0, 0, 0.0
69, 1, 10, 0, 0, 0.0
69, 1, 11, 0, 0, 0.0
69, 1, 12, 0, 0, 0.0
69, 1, 13, 0, 0, 0.0
69, 1, 14, 0, 0, 0.0
69, 1, 15, 0, 0, 0.0
69, 1, 16, 0, 0, 0.0
69, 1, 17, 0, 0, 0.0
69, 1, 18, 0, 0, 0.0
69, 1, 19, 0, 0, 0.0
69, 1, 20, 0, 0, 0.0
70, 0, 0, 0, 0, 0.0
70, 0, 1, 0, 0, 0.0
70, 0, 2, 0, 0, 0.0
70, 0, 3, 0, 0, 0.0
70, 0, 4, 0, 0, 0.0
70, 0, 5, 0, 0, 0.0
70, 0, 6, 0, 0, 0.0
70, 0, 7, 0, 0, 0.0
70, 0, 8, 0, 0, 0.0
70, 0, 9, 0, 0, 0.0
70, 0, 10, 0, 0, 0.0
70, 0, 11, 0, 0, 0.0
70, 0, 12, 0, 0, 0.0
70, 0, 13, 0, 0, 0.0
70, 0, 14, 0, 0, 0.0
70, 0, 15, 0, 0, 0.0
70, 0, 16, 0, 0, 0.0
70, 0, 17, 0, 0, 0.0
70, 0, 18, 0, 0, 0.0
70, 0, 19, 0, 0, 0.0
70, 0, 20, 0, 0, 0.0
70, 1, 0, 0, 0, 0.0
70, 1, 1, 0, 0, 0.0
70, 1, 2, 0, 0, 0.0
70, 1, 3, 0, 0, 0.0
70, 1, 4, 0, 0, 0.0
70, 1, 5, 0, 0, 0.0
70, 1, 6, 0, 0, 0.0
70, 1, 7, 0, 0, 0.0
70, 1, 8, 0, 0, 0.0
70, 1, 9, 0, 0, 0.0
70, 1, 10, 0, 0, 0.0
70, 1, 11, 0, 0, 0.0
70, 1, 12, 0, 0, 0.0
70, 1, 13, 0, 0, 0.0
70, 1, 14, 0, 0, 0.0
70, 1, 15, 0, 0, 0.0
70, 1, 16, 0, 0, 0.0
70, 1, 17, 0, 0, 0.0
70, 1, 18, 0, 0, 0.0
70, 1, 19, 0, 0, 0.0
70, 1, 20, 0, 0, 0.0
71, 0, 0, 0, 0, 0.0
71, 0, 1, 0, 0, 0.0
71, 0, 2, 0, 0, 0.0
71, 0, 3, 0, 0, 0.0
71, 0, 4, 0, 0, 0.0
71, 0, 5, 0, 0, 0.0
71, 0, 6, 0, 0, 0.0
71, 0, 7, 0, 0, 0.0
71, 0, 8, 0, 0, 0.0
71, 0, 9, 0, 0, 0.0
71, 0, 10, 0, 0, 0.0
71, 0, 11, 0, 0, 0.0
71, 0, 12, 0, 0, 0.0
71, 0, 13, 0, 0, 0.0
71, 0, 14, 0, 0, 0.0
71, 0, 15, 0, 0, 0.0
71, 0, 16, 0, 0, 0.0
71, 0, 17, 0, 0, 0.0
71, 0, 18, 0, 0, 0.0
71, 0, 19, 0, 0, 0.0
71, 0, 20, 0, 0, 0.0
71, 1, 0, 0, 0, 0.0
71, 1, 1, 0, 0, 0.0
71, 1, 2, 0, 0, 0.0
71, 1, 3, 0, 0, 0.0
71, 1, 4, 0, 0, 0.0
71, 1, 5, 0, 0, 0.0
71, 1, 6, 0, 0, 0.0
71, 1, 7, 0, 0, 0.0
71, 1, 8, 0, 0, 0.0
71, 1, 9, 0, 0, 0.0
71, 1, 10, 0, 0, 0.0
71, 1, 11, 0, 0, 0.0
71, 1, 12, 0, 0, 0.0
71, 1, 13, 0, 0, 0.0
71, 1, 14, 0, 0, 0.0
71, 1, 15, 0, 0, 0.0
71, 1, 16, 0, 0, 0.0
71, 1, 17, 0, 0, 0.0
71, 1, 18, 0, 0, 0.0
71, 1, 19, 0, 0, 0.0
71, 1, 20, 0, 0, 0.0
72, 0, 0, 0, 0, 0.0
72, 0, 1, 0, 0, 0.0
72, 0, 2, 0, 0, 0.0
72, 0, 3, 0, 0, 0.0
72, 0, 4, 0, 0, 0.0
72, 0, 5, 0, 0, 0.0
72, 0, 6, 0, 0, 0.0
72, 0, 7, 0, 0, 0.0
72, 0, 8, 0, 0, 0.0
72, 0, 9, 0, 0, 0.0
72, 0, 10, 0, 0, 0.0
72, 0, 11, 0, 0, 0.0
72, 0, 12, 0, 0, 0.0
72, 0, 13, 0, 0, 0.0
72, 0, 14, 0, 0, 0.0
72, 0, 15, 0, 0, 0.0
72, 0, 16, 0, 0, 0.0
72, 0, 17, 0, 0, 0.0
72, 0, 18, 0, 0, 0.0
72, 0, 19, 0, 0, 0.0
72, 0, 20, 0, 0, 0.0
72, 1, 0, 0, 0, 0.0
72, 1, 1, 0, 0, 0.0
72, 1, 2, 0, 0, 0.0
72, 1, 3, 0, 0, 0.0
72, 1, 4, 0, 0, 0.0
72, 1, 5, 0, 0, 0.0
72, 1, 6, 0, 0, 0.0
72, 1, 7, 0, 0, 0.0
72, 1, 8, 0, 0, 0.0
72, 1, 9, 0, 0, 0.0
72, 1, 10, 0, 0, 0.0
72, 1, 11, 0, 0, 0.0
72, 1, 12, 0, 0, 0.0
72, 1, 13, 0, 0, 0.0
72, 1, 14, 0, 0, 0.0
72, 1, 15, 0, 0, 0.0
72, 1, 16, 0, 0, 0.0
72, 1, 17, 0, 0, 0.0
72, 1, 18, 0, 0, 0.0
72, 1, 19, 0, 0, 0.0
72, 1, 20, 0, 0, 0.0
73, 0, 0, 0, 0, 0.0
73, 0, 1, 0, 0, 0.0
73, 0, 2, 0, 0, 0.0
73, 0, 3, 0, 0, 0.0
73, 0, 4, 0, 0, 0.0
73, 0, 5, 0, 0, 0.0
73, 0, 6, 0, 0, 0.0
73, 0, 7, 0, 0, 0.0
73, 0, 8, 0, 0, 0.0
73, 0, 9, 0, 0, 0.0
73, 0, 10, 0, 0, 0.0
73, 0, 11, 0, 0, 0.0
73, 0, 12, 0, 0, 0.0
73, 0, 13, 0, 0, 0.0
73, 0, 14, 0, 0, 0.0
73, 0, 15, 0, 0, 0.0
73, 0, 16, 0, 0, 0.0
73, 0, 17, 0, 0, 0.0
73, 0, 18, 0, 0, 0.0
73, 0, 19, 0, 0, 0.0
73, 0, 20, 0, 0, 0.0
73, 1, 0, 0, 0, 0.0
73, 1, 1, 0, 0, 0.0
73, 1, 2, 0, 0, 0.0
73, 1, 3, 0, 0, 0.0
73, 1, 4, 0, 0, 0.0
73, 1, 5, 0, 0, 0.0
73, 1, 6, 0, 0, 0.0
73, 1, 7, 0, 0, 0.0
73, 1, 8, 0, 0, 0.0
73, 1, 9, 0, 0, 0.0
73, 1, 10, 0, 0, 0.0
73, 1, 11, 0, 0, 0.0
73, 1, 12, 0, 0, 0.0
73, 1, 13, 0, 0, 0.0
73, 1, 14, 0, 0, 0.0
73, 1, 15, 0, 0, 0.0
73, 1, 16, 0, 0, 0.0
73, 1, 17, 0, 0, 0.0
73, 1, 18, 0, 0, 0.0
73, 1, 19, 0, 0, 0.0
73, 1, 20, 0, 0, 0.0
74, 0, 0, 0, 0, 0.0
74, 0, 1, 0, 0, 0.0
74, 0, 2, 0, 0, 0.0
74, 0, 3, 0, 0, 0.0
74, 0, 4, 0, 0, 0.0
74, 0, 5, 0, 0, 0.0
74, 0, 6, 0, 0, 0.0
74, 0, 7, 0, 0, 0.0
74, 0, 8, 0, 0, 0.0
74, 0, 9, 0, 0, 0.0
74, 0, 10, 0, 0, 0.0
74, 0, 11, 0, 0, 0.0
74, 0, 12, 0, 0, 0.0
74, 0, 13, 0, 0, 0.0
74, 0, 14, 0, 0, 0.0
74, 0, 15, 0, 0, 0.0
74, 0, 16, 0, 0, 0.0
74, 0, 17, 0, 0, 0.0
74, 0, 18, 0, 0, 0.0
74, 0, 19, 0, 0, 0.0
74, 0, 20, 0, 0, 0.0
74, 1, 0, 0, 0, 0.0
74, 1, 1, 0, 0, 0.0
74, 1, 2, 0, 0, 0.0
74, 1, 3, 0, 0, 0.0
74, 1, 4, 0, 0, 0.0
74, 1, 5, 0, 0, 0.0
74, 1, 6, 0, 0, 0.0
74, 1, 7, 0, 0, 0.0
74, 1, 8, 0, 0, 0.0
74, 1, 9, 0, 0, 0.0
74, 1, 10, 0, 0, 0.0
74, 1, 11, 0, 0, 0.0
74, 1, 12, 0, 0, 0.0
74, 1, 13, 0, 0, 0.0
74, 1, 14, 0, 0, 0.0
74, 1, 15, 0, 0, 0.0
74, 1, 16, 0, 0, 0.0
74, 1, 17, 0, 0, 0.0
74, 1, 18, 0, 0, 0.0
74, 1, 19, 0, 0, 0.0
74, 1, 20, 0, 0, 0.0
75, 0, 0, 0, 0, 0.0
75, 0, 1, 0, 0, 0.0
75, 0, 2, 0, 0, 0.0
75, 0, 3, 0, 0, 0.0
75, 0, 4, 0, 0, 0.0
75, 0, 5, 0, 0, 0.0
75, 0, 6, 0, 0, 0.0
75, 0, 7, 0, 0, 0.0
75, 0, 8, 0, 0, 0.0
75, 0, 9, 0, 0, 0.0
75, 0, 10, 0, 0, 0.0
75, 0, 11, 0, 0, 0.0
75, 0, 12, 0, 0, 0.0
75, 0, 13, 0, 0, 0.0
75, 0, 14, 0, 0, 0.0
75, 0, 15, 0, 0, 0.0
75, 0, 16, 0, 0, 0.0
75, 0, 17, 0, 0, 0.0
75, 0, 18, 0, 0, 0.0
75, 0, 19, 0, 0, 0.0
75, 0, 20, 0, 0, 0.0
75, 1, 0, 0, 0, 0.0
75, 1, 1, 0, 0, 0.0
75, 1, 2, 0, 0, 0.0
75, 1, 3, 0, 0, 0.0
75, 1, 4, 0, 0, 0.0
75, 1, 5, 0, 0, 0.0
75, 1, 6, 0, 0, 0.0
75, 1, 7, 0, 0, 0.0
75, 1, 8, 0, 0, 0.0
75, 1, 9, 0, 0, 0.0
75, 1, 10, 0, 0, 0.0
75, 1, 11, 0, 0, 0.0
75, 1, 12, 0, 0, 0.0
75, 1, 13, 0, 0, 0.0
75, 1, 14, 0, 0, 0.0
75, 1, 15, 0, 0, 0.0
75, 1, 16, 0, 0, 0.0
75, 1, 17, 0, 0, 0.0
75, 1, 18, 0, 0, 0.0
75, 1, 19, 0, 0, 0.0
75, 1, 20, 0, 0, 0.0
76, 0, 0, 0, 0, 0.0
76, 0, 1, 0, 0, 0.0
76, 0, 2, 0, 0, 0.0
76, 0, 3, 0, 0, 0.0
76, 0, 4, 0, 0, 0.0
76, 0, 5, 0, 0, 0.0
76, 0, 6, 0, 0, 0.0
76, 0, 7, 0, 0, 0.0
76, 0, 8, 0, 0, 0.0
76, 0, 9, 0, 0, 0.0
76, 0, 10, 0, 0, 0.0
76, 0, 11, 0, 0, 0.0
76, 0, 12, 0, 0, 0.0
76, 0, 13, 0, 0, 0.0
76, 0, 14, 0, 0, 0.0
76, 0, 15, 0, 0, 0.0
76, 0, 16, 0, 0, 0.0
76, 0, 17, 0, 0, 0.0
76, 0, 18, 0, 0, 0.0
76, 0, 19, 0, 0, 0.0
76, 0, 20, 0, 0, 0.0
76, 1, 0, 0, 0, 0.0
76, 1, 1, 0, 0, 0.0
76, 1, 2, 0, 0, 0.0
76, 1, 3, 0, 0, 0.0
76, 1, 4, 0, 0, 0.0
76, 1, 5, 0, 0, 0.0
76, 1, 6, 0, 0, 0.0
76, 1, 7, 0, 0, 0.0
76, 1, 8, 0, 0, 0.0
76, 1, 9, 0, 0, 0.0
76, 1, 10, 0, 0, 0.0
76, 1, 11, 0, 0, 0.0
76, 1, 12, 0, 0, 0.0
76, 1, 13, 0, 0, 0.0
76, 1, 14, 0, 0, 0.0
76, 1, 15, 0, 0, 0.0
76, 1, 16, 0, 0, 0.0
76, 1, 17, 0, 0, 0.0
76, 1, 18, 0, 0, 0.0
76, 1, 19, 0, 0, 0.0
76, 1, 20, 0, 0, 0.0
77, 0, 0, 0, 0, 0.0
77, 0, 1, 0, 0, 0.0
77, 0, 2, 0, 0, 0.0
77, 0, 3, 0, 0, 0.0
77, 0, 4, 0, 0, 0.0
77, 0, 5, 0, 0, 0.0
77, 0, 6, 0, 0, 0.0
77, 0, 7, 0, 0, 0.0
77, 0, 8, 0, 0, 0.0
77, 0, 9, 0, 0, 0.0
77, 0, 10, 0, 0, 0.0
77, 0, 11, 0, 0, 0.0
77, 0, 12, 0, 0, 0.0
77, 0, 13, 0, 0, 0.0
77, 0, 14, 0, 0, 0.0
77, 0, 15, 0, 0, 0.0
77, 0, 16, 0, 0, 0.0
77, 0, 17, 0, 0, 0.0
77, 0, 18, 0, 0, 0.0
77, 0, 19, 0, 0, 0.0
77, 0, 20, 0, 0, 0.0
77, 1, 0, 0, 0, 0.0
77, 1, 1, 0, 0, 0.0
77, 1, 2, 0, 0, 0.0
77, 1, 3, 0, 0, 0.0
77, 1, 4, 0, 0, 0.0
77, 1, 5, 0, 0, 0.0
77, 1, 6, 0, 0, 0.0
77, 1, 7, 0, 0, 0.0
77, 1, 8, 0, 0, 0.0
77, 1, 9, 0, 0, 0.0
77, 1, 10, 0, 0, 0.0
77, 1, 11, 0, 0, 0.0
77, 1, 12, 0, 0, 0.0
77, 1, 13, 0, 0, 0.0
77, 1, 14, 0, 0, 0.0
77, 1, 15, 0, 0, 0.0
77, 1, 16, 0, 0, 0.0
77, 1, 17, 0, 0, 0.0
77, 1, 18, 0, 0, 0.0
77, 1, 19, 0, 0, 0.0
77, 1, 20, 0, 0, 0.0
78, 0, 0, 0, 0, 0.0
78, 0, 1, 0, 0, 0.0
78, 0, 2, 0, 0, 0.0
78, 0, 3, 0, 0, 0.0
78, 0, 4, 0, 0, 0.0
78, 0, 5, 0, 0, 0.0
78, 0, 6, 0, 0, 0.0
78, 0, 7, 0, 0, 0.0
78, 0, 8, 0, 0, 0.0
78, 0, 9, 0, 0, 0.0
78, 0, 10, 0, 0, 0.0
78, 0, 11, 0, 0, 0.0
78, 0, 12, 0, 0, 0.0
78, 0, 13, 0, 0, 0.0
78, 0, 14, 0, 0, 0.0
78, 0, 15, 0, 0, 0.0
78, 0, 16, 0, 0, 0.0
78, 0, 17, 0, 0, 0.0
78, 0, 18, 0, 0, 0.0
78, 0, 19, 0, 0, 0.0
78, 0, 20, 0, 0, 0.0
78, 1, 0, 0, 0, 0.0
78, 1, 1, 0, 0, 0.0
78, 1, 2, 0, 0, 0.0
78, 1, 3, 0, 0, 0.0
78, 1, 4, 0, 0, 0.0
78, 1, 5, 0, 0, 0.0
78, 1, 6, 0, 0, 0.0
78, 1, 7, 0, 0, 0.0
78, 1, 8, 0, 0, 0.0
78, 1, 9, 0, 0, 0.0
78, 1, 10, 0, 0, 0.0
78, 1, 11, 0, 0, 0.0
78, 1, 12, 0, 0, 0.0
78, 1, 13, 0, 0, 0.0
78, 1, 14, 0, 0, 0.0
78, 1, 15, 0, 0, 0.0
78, 1, 16, 0, 0, 0.0
78, 1, 17, 0, 0, 0.0
78, 1, 18, 0, 0, 0.0
78, 1, 19, 0, 0, 0.0
78, 1, 20, 0, 0, 0.0
79, 0, 0, 0, 0, 0.0
79, 0, 1, 0, 0, 0.0
79, 0, 2, 0, 0, 0.0
79, 0, 3, 0, 0, 0.0
79, 0, 4, 0, 0, 0.0
79, 0, 5, 0, 0, 0.0
79, 0, 6, 0, 0, 0.0
79, 0, 7, 0, 0, 0.0
79, 0, 8, 0, 0, 0.0
79, 0, 9, 0, 0, 0.0
79, 0, 10, 0, 0, 0.0
79, 0, 11, 0, 0, 0.0
79, 0, 12, 0, 0, 0.0
79, 0, 13, 0, 0, 0.0
79, 0, 14, 0, 0, 0.0
79, 0, 15, 0, 0, 0.0
79, 0, 16, 0, 0, 0.0
79, 0, 17, 0, 0, 0.0
79, 0, 18, 0, 0, 0.0
79, 0, 19, 0, 0, 0.0
79, 0, 20, 0, 0, 0.0
79, 1, 0, 0, 0, 0.0
79, 1, 1, 0, 0, 0.0
79, 1, 2, 0, 0, 0.0
79, 1, 3, 0, 0, 0.0
79, 1, 4, 0, 0, 0.0
79, 1, 5, 0, 0, 0.0
79, 1, 6, 0, 0, 0.0
79, 1, 7, 0, 0, 0.0
79, 1, 8, 0, 0, 0.0
79, 1, 9, 0, 0, 0.0
79, 1, 10, 0, 0, 0.0
79, 1, 11, 0, 0, 0.0
79, 1, 12, 0, 0, 0.0
79, 1, 13, 0, 0, 0.0
79, 1, 14, 0, 0, 0.0
79, 1, 15, 0, 0, 0.0
79, 1, 16, 0, 0, 0.0
79, 1, 17, 0, 0, 0.0
79, 1, 18, 0, 0, 0.0
79, 1, 19, 0, 0, 0.0
79, 1, 20, 0, 0, 0.0
80, 0, 0, 0, 0, 0.0
80, 0, 1, 0, 0, 0.0
80, 0, 2, 0, 0, 0.0
80, 0, 3, 0, 0, 0.0
80, 0, 4, 0, 0, 0.0
80, 0, 5, 0, 0, 0.0
80, 0, 6, 0, 0, 0.0
80, 0, 7, 0, 0, 0.0
80, 0, 8, 0, 0, 0.0
80, 0, 9, 0, 0, 0.0
80, 0, 10, 0, 0, 0.0
80, 0, 11, 0, 0, 0.0
80, 0, 12, 0, 0, 0.0
80, 0, 13, 0, 0, 0.0
80, 0, 14, 0, 0, 0.0
80, 0, 15, 0, 0, 0.0
80, 0, 16, 0, 0, 0.0
80, 0, 17, 0, 0, 0.0
80, 0, 18, 0, 0, 0.0
80, 0, 19, 0, 0, 0.0
80, 0, 20, 0, 0, 0.0
80, 1, 0, 0, 0, 0.0
80, 1, 1, 0, 0, 0.0
80, 1, 2, 0, 0, 0.0
80, 1, 3, 0, 0, 0.0
80, 1, 4, 0, 0, 0.0
80, 1, 5, 0, 0, 0.0
80, 1, 6, 0, 0, 0.0
80, 1, 7, 0, 0, 0.0
80, 1, 8, 0, 0, 0.0
80, 1, 9, 0, 0, 0.0
80, 1, 10, 0, 0, 0.0
80, 1, 11, 0, 0, 0.0
80, 1, 12, 0, 0, 0.0
80, 1, 13, 0, 0, 0.0
80, 1, 14, 0, 0, 0.0
80, 1, 15, 0, 0, 0.0
80, 1, 16, 0, 0, 0.0
80, 1, 17, 0, 0, 0.0
80, 1, 18, 0, 0, 0.0
80, 1, 19, 0, 0, 0.0
80, 1, 20, 0, 0, 0.0
81, 0, 0, 0, 0, 0.0
81, 0, 1, 0, 0, 0.0
81, 0, 2, 0, 0, 0.0
81, 0, 3, 0, 0, 0.0
81, 0, 4, 0, 0, 0.0
81, 0, 5, 0, 0, 0.0
81, 0, 6, 0, 0, 0.0
81, 0, 7, 0, 0, 0.0
81, 0, 8, 0, 0, 0.0
81, 0, 9, 0, 0, 0.0
81, 0, 10, 0, 0, 0.0
81, 0, 11, 0, 0, 0.0
81, 0, 12, 0, 0, 0.0
81, 0, 13, 0, 0, 0.0
81, 0, 14, 0, 0, 0.0
81, 0, 15, 0, 0, 0.0
81, 0, 16, 0, 0, 0.0
81, 0, 17, 0, 0, 0.0
81, 0, 18, 0, 0, 0.0
81, 0, 19, 0, 0, 0.0
81, 0, 20, 0, 0, 0.0
81, 1, 0, 0, 0, 0.0
81, 1, 1, 0, 0, 0.0
81, 1, 2, 0, 0, 0.0
81, 1, 3, 0, 0, 0.0
81, 1, 4, 0, 0, 0.0
81, 1, 5, 0, 0, 0.0
81, 1, 6, 0, 0, 0.0
81, 1, 7, 0, 0, 0.0
81, 1, 8, 0, 0, 0.0
81, 1, 9, 0, 0, 0.0
81, 1, 10, 0, 0, 0.0
81, 1, 11, 0, 0, 0.0
81, 1, 12, 0, 0, 0.0
81, 1, 13, 0, 0, 0.0
81, 1, 14, 0, 0, 0.0
81, 1, 15, 0, 0, 0.0
81, 1, 16, 0, 0, 0.0
81, 1, 17, 0, 0, 0.0
81, 1, 18, 0, 0, 0.0
81, 1, 19, 0, 0, 0.0
81, 1, 20, 0, 0, 0.0
82, 0, 0, 0, 0, 0.0
82, 0, 1, 0, 0, 0.0
82, 0, 2, 0, 0, 0.0
82, 0, 3, 0, 0, 0.0
82, 0, 4, 0, 0, 0.0
82, 0, 5, 0, 0, 0.0
82, 0, 6, 0, 0, 0.0
82, 0, 7, 0, 0, 0.0
82, 0, 8, 0, 0, 0.0
82, 0, 9, 0, 0, 0.0
82, 0, 10, 0, 0, 0.0
82, 0, 11, 0, 0, 0.0
82, 0, 12, 0, 0, 0.0
82, 0, 13, 0, 0, 0.0
82, 0, 14, 0, 0, 0.0
82, 0, 15, 0, 0, 0.0
82, 0, 16, 0, 0, 0.0
82, 0, 17, 0, 0, 0.0
82, 0, 18, 0, 0, 0.0
82, 0, 19, 0, 0, 0.0
82, 0, 20, 0, 0, 0.0
82, 1, 0, 0, 0, 0.0
82, 1, 1, 0, 0, 0.0
82, 1, 2, 0, 0, 0.0
82, 1, 3, 0, 0, 0.0
82, 1, 4, 0, 0, 0.0
82, 1, 5, 0, 0, 0.0
82, 1, 6, 0, 0, 0.0
82, 1, 7, 0, 0, 0.0
82, 1, 8, 0, 0, 0.0
82, 1, 9, 0, 0, 0.0
82, 1, 10, 0, 0, 0.0
82, 1, 11, 0, 0, 0.0
82, 1, 12, 0, 0, 0.0
82, 1, 13, 0, 0, 0.0
82, 1, 14, 0, 0, 0.0
82, 1, 15, 0, 0, 0.0
82, 1, 16, 0, 0, 0.0
82, 1, 17, 0, 0, 0.0
82, 1, 18, 0, 0, 0.0
82, 1, 19, 0, 0, 0.0
82, 1, 20, 0, 0, 0.0
83, 0, 0, 242, 334, -1.2849008612647594e-07
83, 0, 1, 253, 320, 0.003014595480635762
83, 0, 2, 267, 312, 0.000977232470177114
83, 0, 3, 278, 313, -0.0028138477355241776
83, 0, 4, 285, 321, -0.005932688247412443
83, 0, 5, 279, 307, -0.00041890135616995394
83, 0, 6, 293, 314, -0.004848312120884657
83, 0, 7, 290, 319, -0.0070900567807257175
83, 0, 8, 283, 320, -0.008073561824858189
83, 0, 9, 282, 316, -0.005437782965600491
83, 0, 10, 295, 322, -0.008096341043710709
83, 0, 11, 291, 326, -0.008594854734838009
83, 0, 12, 285, 328, -0.00845919270068407
83, 0, 13, 283, 327, -0.010275368578732014
83, 0, 14, 295, 331, -0.010963719338178635
83, 0, 15, 292, 334, -0.007984327152371407
83, 0, 16, 286, 335, -0.0057808151468634605
83, 0, 17, 283, 337, -0.015174878761172295
83, 0, 18, 293, 340, -0.01384514570236206
83, 0, 19, 290, 342, -0.009432033635675907
83, 0, 20, 285, 343, -0.005748437251895666
83, 1, 0, 0, 0, 0.0
83, 1, 1, 0, 0, 0.0
83, 1, 2, 0, 0, 0.0
83, 1, 3, 0, 0, 0.0
83, 1, 4, 0, 0, 0.0
83, 1, 5, 0, 0, 0.0
83, 1, 6, 0, 0, 0.0
83, 1, 7, 0, 0, 0.0
83, 1, 8, 0, 0, 0.0
83, 1, 9, 0, 0, 0.0
83, 1, 10, 0, 0, 0.0
83, 1, 11, 0, 0, 0.0
83, 1, 12, 0, 0, 0.0
83, 1, 13, 0, 0, 0.0
83, 1, 14, 0, 0, 0.0
83, 1, 15, 0, 0, 0.0
83, 1, 16, 0, 0, 0.0
83, 1, 17, 0, 0, 0.0
83, 1, 18, 0, 0, 0.0
83, 1, 19, 0, 0, 0.0
83, 1, 20, 0, 0, 0.0
84, 0, 0, 0, 0, 0.0
84, 0, 1, 0, 0, 0.0
84, 0, 2, 0, 0, 0.0
84, 0, 3, 0, 0, 0.0
84, 0, 4, 0, 0, 0.0
84, 0, 5, 0, 0, 0.0
84, 0, 6, 0, 0, 0.0
84, 0, 7, 0, 0, 0.0
84, 0, 8, 0, 0, 0.0
84, 0, 9, 0, 0, 0.0
84, 0, 10, 0, 0, 0.0
84, 0, 11, 0, 0, 0.0
84, 0, 12, 0, 0, 0.0
84, 0, 13, 0, 0, 0.0
84, 0, 14, 0, 0, 0.0
84, 0, 15, 0, 0, 0.0
84, 0, 16, 0, 0, 0.0
84, 0, 17, 0, 0, 0.0
84, 0, 18, 0, 0, 0.0
84, 0, 19, 0, 0, 0.0
84, 0, 20, 0, 0, 0.0
84, 1, 0, 0, 0, 0.0
84, 1, 1, 0, 0, 0.0
84, 1, 2, 0, 0, 0.0
84, 1, 3, 0, 0, 0.0
84, 1, 4, 0, 0, 0.0
84, 1, 5, 0, 0, 0.0
84, 1, 6, 0, 0, 0.0
84, 1, 7, 0, 0, 0.0
84, 1, 8, 0, 0, 0.0
84, 1, 9, 0, 0, 0.0
84, 1, 10, 0, 0, 0.0
84, 1, 11, 0, 0, 0.0
84, 1, 12, 0, 0, 0.0
84, 1, 13, 0, 0, 0.0
84, 1, 14, 0, 0, 0.0
84, 1, 15, 0, 0, 0.0
84, 1, 16, 0, 0, 0.0
84, 1, 17, 0, 0, 0.0
84, 1, 18, 0, 0, 0.0
84, 1, 19, 0, 0, 0.0
84, 1, 20, 0, 0, 0.0
85, 0, 0, 234, 265, 5.7258159102957507e-08
85, 0, 1, 247, 249, 0.0061339400708675385
85, 0, 2, 267, 243, 0.004811699036508799
85, 0, 3, 282, 247, 0.001107194577343762
85, 0, 4, 293, 254, -0.002691087545827031
85, 0, 5, 278, 235, -0.0015396600356325507
85, 0, 6, 297, 230, -0.006603362504392862
85, 0, 7, 309, 226, -0.009070675820112228
85, 0, 8, 319, 221, -0.010951751843094826
85, 0, 9, 278, 243, -0.009455997496843338
85, 0, 10, 302, 253, -0.015372359193861485
85, 0, 11, 300, 261, -0.014801367186009884
85, 0, 12, 295, 264, -0.013154296204447746
85, 0, 13, 277, 253, -0.016618819907307625
85, 0, 14, 297, 264, -0.021204743534326553
85, 0, 15, 292, 269, -0.015477429144084454
85, 0, 16, 286, 269, -0.010561777278780937
85, 0, 17, 274, 265, -0.023544199764728546
85, 0, 18, 292, 273, -0.022961247712373734
85, 0, 19, 287, 277, -0.015547830611467361
85, 0, 20, 280, 277, -0.009797943755984306
85, 1, 0, 0, 0, 0.0
85, 1, 1, 0, 0, 0.0
85, 1, 2, 0, 0, 0.0
85, 1, 3, 0, 0, 0.0
85, 1, 4, 0, 0, 0.0
85, 1, 5, 0, 0, 0.0
85, 1, 6, 0, 0, 0.0
85, 1, 7, 0, 0, 0.0
85, 1, 8, 0, 0, 0.0
85, 1, 9, 0, 0, 0.0
85, 1, 10, 0, 0, 0.0
85, 1, 11, 0, 0, 0.0
85, 1, 12, 0, 0, 0.0
85, 1, 13, 0, 0, 0.0
85, 1, 14, 0, 0, 0.0
85, 1, 15, 0, 0, 0.0
85, 1, 16, 0, 0, 0.0
85, 1, 17, 0, 0, 0.0
85, 1, 18, 0, 0, 0.0
85, 1, 19, 0, 0, 0.0
85, 1, 20, 0, 0, 0.0
86, 0, 0, 232, 249, 8.414271945866858e-08
86, 0, 1, 247, 236, 0.007983439601957798
86, 0, 2, 269, 231, 0.006864511873573065
86, 0, 3, 285, 233, 0.002859228989109397
86, 0, 4, 296, 236, -0.0008514894871041179
86, 0, 5, 277, 214, 0.001700226217508316
86, 0, 6, 296, 204, -0.0039209844544529915
86, 0, 7, 308, 196, -0.008067003451287746
86, 0, 8, 318, 187, -0.01101871207356453
86, 0, 9, 278, 220, -0.007012384478002787
86, 0, 10, 302, 235, -0.013964741490781307
86, 0, 11, 295, 241, -0.013949845917522907
86, 0, 12, 286, 237, -0.01224747858941555
86, 0, 13, 277, 230, -0.015002387575805187
86, 0, 14, 297, 246, -0.020060382783412933
86, 0, 15, 290, 249, -0.014704317785799503
86, 0, 16, 282, 246, -0.00979328341782093
86, 0, 17, 275, 241, -0.02248203568160534
86, 0, 18, 292, 254, -0.019893500953912735
86, 0, 19, 286, 257, -0.011049605906009674
86, 0, 20, 279, 254, -0.004594485741108656
86, 1, 0, 0, 0, 0.0
86, 1, 1, 0, 0, 0.0
86, 1, 2, 0, 0, 0.0
86, 1, 3, 0, 0, 0.0
86, 1, 4, 0, 0, 0.0
86, 1, 5, 0, 0, 0.0
86, 1, 6, 0, 0, 0.0
86, 1, 7, 0, 0, 0.0
86, 1, 8, 0, 0, 0.0
86, 1, 9, 0, 0, 0.0
86, 1, 10, 0, 0, 0.0
86, 1, 11, 0, 0, 0.0
86, 1, 12, 0, 0, 0.0
86, 1, 13, 0, 0, 0.0
86, 1, 14, 0, 0, 0.0
86, 1, 15, 0, 0, 0.0
86, 1, 16, 0, 0, 0.0
86, 1, 17, 0, 0, 0.0
86, 1, 18, 0, 0, 0.0
86, 1, 19, 0, 0, 0.0
86, 1, 20, 0, 0, 0.0
87, 0, 0, 229, 231, 5.50953949129962e-08
87, 0, 1, 245, 215, 0.012847131118178368
87, 0, 2, 265, 208, 0.013228308409452438
87, 0, 3, 280, 210, 0.0096160639077425
87, 0, 4, 290, 215, 0.005842705722898245
87, 0, 5, 275, 194, 0.005197684280574322
87, 0, 6, 293, 183, 0.0026339704636484385
87, 0, 7, 305, 176, 0.0014935967046767473
87, 0, 8, 314, 171, 0.0005461593391373754
87, 0, 9, 276, 199, -0.005511113442480564
87, 0, 10, 299, 212, -0.008710527792572975
87, 0, 11, 293, 221, -0.007034598849713802
87, 0, 12, 286, 221, -0.004960863385349512
87, 0, 13, 276, 210, -0.014980684034526348
87, 0, 14, 295, 224, -0.016505654901266098
87, 0, 15, 289, 229, -0.011177806183695793
87, 0, 16, 282, 227, -0.007378644309937954
87, 0, 17, 274, 221, -0.02367398701608181
87, 0, 18, 291, 233, -0.019454563036561012
87, 0, 19, 286, 238, -0.011487087234854698
87, 0, 20, 279, 237, -0.005946905352175236
87, 1, 0, 0, 0, 0.0
87, 1, 1, 0, 0, 0.0
87, 1, 2, 0, 0, 0.0
87, 1, 3, 0, 0, 0.0
87, 1, 4, 0, 0, 0.0
87, 1, 5, 0, 0, 0.0
87, 1, 6, 0, 0, 0.0
87, 1, 7, 0, 0, 0.0
87, 1, 8, 0, 0, 0.0
87, 1, 9, 0, 0, 0.0
87, 1, 10, 0, 0, 0.0
87, 1, 11, 0, 0, 0.0
87, 1, 12, 0, 0, 0.0
87, 1, 13, 0, 0, 0.0
87, 1, 14, 0, 0, 0.0
87, 1, 15, 0, 0, 0.0
87, 1, 16, 0, 0, 0.0
87, 1, 17, 0, 0, 0.0
87, 1, 18, 0, 0, 0.0
87, 1, 19, 0, 0, 0.0
87, 1, 20, 0, 0, 0.0
88, 0, 0, 228, 218, 3.5732583114622685e-08
88, 0, 1, 242, 199, 0.010710650123655796
88, 0, 2, 262, 191, 0.01148393377661705
88, 0, 3, 277, 191, 0.008517209440469742
88, 0, 4, 287, 197, 0.005659581162035465
88, 0, 5, 273, 179, 0.008021147921681404
88, 0, 6, 290, 169, 0.00626378646120429
88, 0, 7, 302, 162, 0.005059501621872187
88, 0, 8, 311, 157, 0.003665129654109478
88, 0, 9, 275, 185, -0.0018307296559214592
88, 0, 10, 298, 195, -0.005665121134370565
88, 0, 11, 293, 205, -0.005379054695367813
88, 0, 12, 285, 206, -0.0040545095689594746
88, 0, 13, 276, 195, -0.010848019272089005
88, 0, 14, 295, 206, -0.012871287763118744
88, 0, 15, 289, 213, -0.008407175540924072
88, 0, 16, 282, 214, -0.004968614317476749
88, 0, 17, 276, 206, -0.019504154101014137
88, 0, 18, 292, 216, -0.016360867768526077
88, 0, 19, 288, 223, -0.009652112610638142
88, 0, 20, 281, 224, -0.004798004403710365
88, 1, 0, 0, 0, 0.0
88, 1, 1, 0, 0, 0.0
88, 1, 2, 0, 0, 0.0
88, 1, 3, 0, 0, 0.0
88, 1, 4, 0, 0, 0.0
88, 1, 5, 0, 0, 0.0
88, 1, 6, 0, 0, 0.0
88, 1, 7, 0, 0, 0.0
88, 1, 8, 0, 0, 0.0
88, 1, 9, 0, 0, 0.0
88, 1, 10, 0, 0, 0.0
88, 1, 11, 0, 0, 0.0
88, 1, 12, 0, 0, 0.0
88, 1, 13, 0, 0, 0.0
88, 1, 14, 0, 0, 0.0
88, 1, 15, 0, 0, 0.0
88, 1, 16, 0, 0, 0.0
88, 1, 17, 0, 0, 0.0
88, 1, 18, 0, 0, 0.0
88, 1, 19, 0, 0, 0.0
88, 1, 20, 0, 0, 0.0
89, 0, 0, 231, 210, 2.8462732615253117e-08
89, 0, 1, 243, 190, 0.012234890833497047
89, 0, 2, 261, 182, 0.013440530747175217
89, 0, 3, 276, 182, 0.010594664141535759
89, 0, 4, 286, 187, 0.007517287973314524
89, 0, 5, 272, 170, 0.008167996071279049
89, 0, 6, 289, 160, 0.007311700843274593
89, 0, 7, 300, 153, 0.006805055309087038
89, 0, 8, 309, 149, 0.005807293578982353
89, 0, 9, 276, 175, -0.0020566219463944435
89, 0, 10, 298, 188, -0.004661244805902243
89, 0, 11, 293, 197, -0.004019627347588539
89, 0, 12, 286, 200, -0.0027977905701845884
89, 0, 13, 277, 185, -0.011127566918730736
89, 0, 14, 296, 199, -0.012770484201610088
89, 0, 15, 291, 207, -0.008851403370499611
89, 0, 16, 284, 208, -0.005967096891254187
89, 0, 17, 278, 195, -0.019561229273676872
89, 0, 18, 294, 208, -0.016822701320052147
89, 0, 19, 291, 215, -0.010527190752327442
89, 0, 20, 285, 217, -0.005828415974974632
89, 1, 0, 0, 0, 0.0
89, 1, 1, 0, 0, 0.0
89, 1, 2, 0, 0, 0.0
89, 1, 3, 0, 0, 0.0
89, 1, 4, 0, 0, 0.0
89, 1, 5, 0, 0, 0.0
89, 1, 6, 0, 0, 0.0
89, 1, 7, 0, 0, 0.0
89, 1, 8, 0, 0, 0.0
89, 1, 9, 0, 0, 0.0
89, 1, 10, 0, 0, 0.0
89, 1, 11, 0, 0, 0.0
89, 1, 12, 0, 0, 0.0
89, 1, 13, 0, 0, 0.0
89, 1, 14, 0, 0, 0.0
89, 1, 15, 0, 0, 0.0
89, 1, 16, 0, 0, 0.0
89, 1, 17, 0, 0, 0.0
89, 1, 18, 0, 0, 0.0
89, 1, 19, 0, 0, 0.0
89, 1, 20, 0, 0, 0.0
90, 0, 0, 235, 204, 1.5481409931794587e-08
90, 0, 1, 247, 185, 0.011533212848007679
90, 0, 2, 265, 177, 0.012559249065816402
90, 0, 3, 279, 178, 0.00944924633949995
90, 0, 4, 289, 184, 0.005821578204631805
90, 0, 5, 275, 167, 0.007234624586999416
90, 0, 6, 292, 158, 0.006301861722022295
90, 0, 7, 302, 151, 0.005715698003768921
90, 0, 8, 311, 146, 0.004714357666671276
90, 0, 9, 279, 173, -0.002747736871242523
90, 0, 10, 301, 187, -0.006189118139445782
90, 0, 11, 295, 197, -0.006424049846827984
90, 0, 12, 288, 200, -0.005408162251114845
90, 0, 13, 281, 182, -0.011454097926616669
90, 0, 14, 298, 198, -0.014228140003979206
90, 0, 15, 291, 207, -0.011060012504458427
90, 0, 16, 283, 209, -0.008000283502042294
90, 0, 17, 282, 193, -0.019513174891471863
90, 0, 18, 297, 204, -0.017713258042931557
90, 0, 19, 293, 212, -0.011509394273161888
90, 0, 20, 287, 215, -0.006459395866841078
90, 1, 0, 0, 0, 0.0
90, 1, 1, 0, 0, 0.0
90, 1, 2, 0, 0, 0.0
90, 1, 3, 0, 0, 0.0
90, 1, 4, 0, 0, 0.0
90, 1, 5, 0, 0, 0.0
90, 1, 6, 0, 0, 0.0
90, 1, 7, 0, 0, 0.0
90, 1, 8, 0, 0, 0.0
90, 1, 9, 0, 0, 0.0
90, 1, 10, 0, 0, 0.0
90, 1, 11, 0, 0, 0.0
90, 1, 12, 0, 0, 0.0
90, 1, 13, 0, 0, 0.0
90, 1, 14, 0, 0, 0.0
90, 1, 15, 0, 0, 0.0
90, 1, 16, 0, 0, 0.0
90, 1, 17, 0, 0, 0.0
90, 1, 18, 0, 0, 0.0
90, 1, 19, 0, 0, 0.0
90, 1, 20, 0, 0, 0.0
91, 0, 0, 238, 202, 1.5655134077974253e-08
91, 0, 1, 250, 185, 0.010002795606851578
91, 0, 2, 269, 179, 0.01100987009704113
91, 0, 3, 282, 182, 0.008494662120938301
91, 0, 4, 292, 188, 0.0056484295055270195
91, 0, 5, 278, 168, 0.006228331476449966
91, 0, 6, 295, 160, 0.005453051067888737
91, 0, 7, 306, 154, 0.00512758968397975
91, 0, 8, 315, 150, 0.004348816350102425
91, 0, 9, 282, 173, -0.002498437650501728
91, 0, 10, 303, 188, -0.006156595889478922
91, 0, 11, 298, 198, -0.006648230366408825
91, 0, 12, 291, 201, -0.00552950007840991
91, 0, 13, 284, 183, -0.010006500408053398
91, 0, 14, 301, 199, -0.012738500721752644
91, 0, 15, 294, 208, -0.01028673630207777
91, 0, 16, 287, 210, -0.007558861281722784
91, 0, 17, 286, 193, -0.016966037452220917
91, 0, 18, 299, 205, -0.015306900255382061
91, 0, 19, 295, 213, -0.009991209022700787
91, 0, 20, 289, 217, -0.005491258110851049
91, 1, 0, 0, 0, 0.0
91, 1, 1, 0, 0, 0.0
91, 1, 2, 0, 0, 0.0
91, 1, 3, 0, 0, 0.0
91, 1, 4, 0, 0, 0.0
91, 1, 5, 0, 0, 0.0
91, 1, 6, 0, 0, 0.0
91, 1, 7, 0, 0, 0.0
91, 1, 8, 0, 0, 0.0
91, 1, 9, 0, 0, 0.0
91, 1, 10, 0, 0, 0.0
91, 1, 11, 0, 0, 0.0
91, 1, 12, 0, 0, 0.0
91, 1, 13, 0, 0, 0.0
91, 1, 14, 0, 0, 0.0
91, 1, 15, 0, 0, 0.0
91, 1, 16, 0, 0, 0.0
91, 1, 17, 0, 0, 0.0
91, 1, 18, 0, 0, 0.0
91, 1, 19, 0, 0, 0.0
91, 1, 20, 0, 0, 0.0
92, 0, 0, 241, 201, 2.645972152492959e-08
92, 0, 1, 253, 186, 0.010783897712826729
92, 0, 2, 272, 180, 0.01212473213672638
92, 0, 3, 285, 183, 0.009695245884358883
92, 0, 4, 294, 190, 0.006977271754294634
92, 0, 5, 281, 169, 0.007630976848304272
92, 0, 6, 298, 162, 0.007284014951437712
92, 0, 7, 310, 158, 0.007302212994545698
92, 0, 8, 319, 155, 0.006832684390246868
92, 0, 9, 285, 174, -0.0014908671146258712
92, 0, 10, 306, 189, -0.004897076170891523
92, 0, 11, 300, 199, -0.005319874733686447
92, 0, 12, 293, 202, -0.00407689344137907
92, 0, 13, 287, 183, -0.009393218904733658
92, 0, 14, 303, 200, -0.011962560005486012
92, 0, 15, 296, 208, -0.009739168919622898
92, 0, 16, 288, 210, -0.007102243136614561
92, 0, 17, 288, 193, -0.016675926744937897
92, 0, 18, 302, 206, -0.014993887394666672
92, 0, 19, 297, 214, -0.009867643006145954
92, 0, 20, 292, 218, -0.005457927007228136
92, 1, 0, 0, 0, 0.0
92, 1, 1, 0, 0, 0.0
92, 1, 2, 0, 0, 0.0
92, 1, 3, 0, 0, 0.0
92, 1, 4, 0, 0, 0.0
92, 1, 5, 0, 0, 0.0
92, 1, 6, 0, 0, 0.0
92, 1, 7, 0, 0, 0.0
92, 1, 8, 0, 0, 0.0
92, 1, 9, 0, 0, 0.0
92, 1, 10, 0, 0, 0.0
92, 1, 11, 0, 0, 0.0
92, 1, 12, 0, 0, 0.0
92, 1, 13, 0, 0, 0.0
92, 1, 14, 0, 0, 0.0
92, 1, 15, 0, 0, 0.0
92, 1, 16, 0, 0, 0.0
92, 1, 17, 0, 0, 0.0
92, 1, 18, 0, 0, 0.0
92, 1, 19, 0, 0, 0.0
92, 1, 20, 0, 0, 0.0
93, 0, 0, 243, 202, 4.980109480356987e-08
93, 0, 1, 256, 188, 0.011722022667527199
93, 0, 2, 275, 182, 0.012530330568552017
93, 0, 3, 289, 185, 0.009243369102478027
93, 0, 4, 299, 190, 0.006055509205907583
93, 0, 5, 284, 168, 0.007707636337727308
93, 0, 6, 302, 160, 0.005748162977397442
93, 0, 7, 315, 161, 0.005980027373880148
93, 0, 8, 322, 166, 0.007029905915260315
93, 0, 9, 286, 173, -0.0018031919607892632
93, 0, 10, 308, 188, -0.005819146987050772
93, 0, 11, 302, 199, -0.005253987852483988
93, 0, 12, 295, 202, -0.002791677601635456
93, 0, 13, 287, 181, -0.010335713624954224
93, 0, 14, 304, 199, -0.013731692917644978
93, 0, 15, 297, 207, -0.010988980531692505
93, 0, 16, 289, 209, -0.007512451149523258
93, 0, 17, 287, 191, -0.018057668581604958
93, 0, 18, 302, 205, -0.016507863998413086
93, 0, 19, 298, 213, -0.010880010202527046
93, 0, 20, 292, 216, -0.005709897726774216
93, 1, 0, 0, 0, 0.0
93, 1, 1, 0, 0, 0.0
93, 1, 2, 0, 0, 0.0
93, 1, 3, 0, 0, 0.0
93, 1, 4, 0, 0, 0.0
93, 1, 5, 0, 0, 0.0
93, 1, 6, 0, 0, 0.0
93, 1, 7, 0, 0, 0.0
93, 1, 8, 0, 0, 0.0
93, 1, 9, 0, 0, 0.0
93, 1, 10, 0, 0, 0.0
93, 1, 11, 0, 0, 0.0
93, 1, 12, 0, 0, 0.0
93, 1, 13, 0, 0, 0.0
93, 1, 14, 0, 0, 0.0
93, 1, 15, 0, 0, 0.0
93, 1, 16, 0, 0, 0.0
93, 1, 17, 0, 0, 0.0
93, 1, 18, 0, 0, 0.0
93, 1, 19, 0, 0, 0.0
93, 1, 20, 0, 0, 0.0
94, 0, 0, 246, 205, 5.660607982349575e-08
94, 0, 1, 260, 194, 0.010110881179571152
94, 0, 2, 278, 187, 0.007718276232481003
94, 0, 3, 292, 188, 0.0012429491616785526
94, 0, 4, 300, 190, -0.004733505193144083
94, 0, 5, 285, 167, 0.001229644170962274
94, 0, 6, 304, 157, -0.00616241293027997
94, 0, 7, 316, 162, -0.008232993073761463
94, 0, 8, 318, 172, -0.007022637873888016
94, 0, 9, 285, 170, -0.008492136374115944
94, 0, 10, 310, 186, -0.015502827242016792
94, 0, 11, 305, 197, -0.013508085161447525
94, 0, 12, 297, 199, -0.009596536867320538
94, 0, 13, 285, 178, -0.017725840210914612
94, 0, 14, 306, 197, -0.022547399625182152
94, 0, 15, 299, 205, -0.017161019146442413
94, 0, 16, 292, 206, -0.011849402450025082
94, 0, 17, 284, 188, -0.026423592120409012
94, 0, 18, 301, 203, -0.024983281269669533
94, 0, 19, 297, 210, -0.017511283978819847
94, 0, 20, 291, 212, -0.010960527695715427
94, 1, 0, 0, 0, 0.0
94, 1, 1, 0, 0, 0.0
94, 1, 2, 0, 0, 0.0
94, 1, 3, 0, 0, 0.0
94, 1, 4, 0, 0, 0.0
94, 1, 5, 0, 0, 0.0
94, 1, 6, 0, 0, 0.0
94, 1, 7, 0, 0, 0.0
94, 1, 8, 0, 0, 0.0
94, 1, 9, 0, 0, 0.0
94, 1, 10, 0, 0, 0.0
94, 1, 11, 0, 0, 0.0
94, 1, 12, 0, 0, 0.0
94, 1, 13, 0, 0, 0.0
94, 1, 14, 0, 0, 0.0
94, 1, 15, 0, 0, 0.0
94, 1, 16, 0, 0, 0.0
94, 1, 17, 0, 0, 0.0
94, 1, 18, 0, 0, 0.0
94, 1, 19, 0, 0, 0.0
94, 1, 20, 0, 0, 0.0
95, 0, 0, 249, 210, 3.474212917353725e-08
95, 0, 1, 273, 210, 0.004131474066525698
95, 0, 2, 290, 204, -0.0015673519810661674
95, 0, 3, 302, 200, -0.011008098721504211
95, 0, 4, 308, 196, -0.019100019708275795
95, 0, 5, 287, 168, -0.0011742714559659362
95, 0, 6, 302, 155, -0.012470152229070663
95, 0, 7, 312, 159, -0.01689016819000244
95, 0, 8, 314, 169, -0.01729261316359043
95, 0, 9, 282, 168, -0.010348022915422916
95, 0, 10, 309, 183, -0.02407683990895748
95, 0, 11, 302, 195, -0.024293050169944763
95, 0, 12, 294, 195, -0.020776711404323578
95, 0, 13, 278, 173, -0.020064763724803925
95, 0, 14, 302, 193, -0.032028429210186005
95, 0, 15, 294, 202, -0.026947757229208946
95, 0, 16, 286, 202, -0.02056441828608513
95, 0, 17, 275, 181, -0.029790496453642845
95, 0, 18, 294, 197, -0.034700244665145874
95, 0, 19, 289, 206, -0.028375139459967613
95, 0, 20, 283, 207, -0.021918565034866333
95, 1, 0, 0, 0, 0.0
95, 1, 1, 0, 0, 0.0
95, 1, 2, 0, 0, 0.0
95, 1, 3, 0, 0, 0.0
95, 1, 4, 0, 0, 0.0
95, 1, 5, 0, 0, 0.0
95, 1, 6, 0, 0, 0.0
95, 1, 7, 0, 0, 0.0
95, 1, 8, 0, 0, 0.0
95, 1, 9, 0, 0, 0.0
95, 1, 10, 0, 0, 0.0
95, 1, 11, 0, 0, 0.0
95, 1, 12, 0, 0, 0.0
95, 1, 13, 0, 0, 0.0
95, 1, 14, 0, 0, 0.0
95, 1, 15, 0, 0, 0.0
95, 1, 16, 0, 0, 0.0
95, 1, 17, 0, 0, 0.0
95, 1, 18, 0, 0, 0.0
95, 1, 19, 0, 0, 0.0
95, 1, 20, 0, 0, 0.0
96, 0, 0, 252, 214, -4.565449795990162e-09
96, 0, 1, 276, 212, 0.0006931478274054825
96, 0, 2, 293, 205, -0.007725788280367851
96, 0, 3, 305, 199, -0.01960926130414009
96, 0, 4, 304, 194, -0.030100829899311066
96, 0, 5, 287, 168, -0.006137726362794638
96, 0, 6, 300, 154, -0.02035929076373577
96, 0, 7, 307, 162, -0.0268316138535738
96, 0, 8, 307, 173, -0.028482699766755104
96, 0, 9, 277, 166, -0.014919593930244446
96, 0, 10, 300, 177, -0.027669429779052734
96, 0, 11, 297, 191, -0.027420207858085632
96, 0, 12, 290, 192, -0.02506556734442711
96, 0, 13, 270, 170, -0.024701831862330437
96, 0, 14, 291, 187, -0.03663978353142738
96, 0, 15, 286, 200, -0.030575692653656006
96, 0, 16, 280, 201, -0.024317512288689613
96, 0, 17, 263, 178, -0.034986186772584915
96, 0, 18, 281, 190, -0.040202658623456955
96, 0, 19, 280, 201, -0.032967548817396164
96, 0, 20, 275, 205, -0.026095716282725334
96, 1, 0, 0, 0, 0.0
96, 1, 1, 0, 0, 0.0
96, 1, 2, 0, 0, 0.0
96, 1, 3, 0, 0, 0.0
96, 1, 4, 0, 0, 0.0
96, 1, 5, 0, 0, 0.0
96, 1, 6, 0, 0, 0.0
96, 1, 7, 0, 0, 0.0
96, 1, 8, 0, 0, 0.0
96, 1, 9, 0, 0, 0.0
96, 1, 10, 0, 0, 0.0
96, 1, 11, 0, 0, 0.0
96, 1, 12, 0, 0, 0.0
96, 1, 13, 0, 0, 0.0
96, 1, 14, 0, 0, 0.0
96, 1, 15, 0, 0, 0.0
96, 1, 16, 0, 0, 0.0
96, 1, 17, 0, 0, 0.0
96, 1, 18, 0, 0, 0.0
96, 1, 19, 0, 0, 0.0
96, 1, 20, 0, 0, 0.0
97, 0, 0, 255, 220, -1.5810353914957886e-08
97, 0, 1, 275, 216, -0.004603214096277952
97, 0, 2, 292, 206, -0.012364796362817287
97, 0, 3, 301, 196, -0.022225722670555115
97, 0, 4, 295, 188, -0.030820809304714203
97, 0, 5, 285, 171, -0.007523206062614918
97, 0, 6, 294, 153, -0.02308010496199131
97, 0, 7, 299, 157, -0.03191983699798584
97, 0, 8, 300, 167, -0.03487395867705345
97, 0, 9, 273, 168, -0.01255063060671091
97, 0, 10, 289, 173, -0.02657094970345497
97, 0, 11, 288, 188, -0.028765877708792686
97, 0, 12, 284, 194, -0.027712339535355568
97, 0, 13, 262, 170, -0.019078804180026054
97, 0, 14, 278, 180, -0.031856436282396317
97, 0, 15, 276, 193, -0.027408812195062637
97, 0, 16, 271, 198, -0.02188325673341751
97, 0, 17, 252, 174, -0.02653995342552662
97, 0, 18, 266, 183, -0.032558515667915344
97, 0, 19, 266, 195, -0.02667466551065445
97, 0, 20, 263, 199, -0.020488860085606575
97, 1, 0, 0, 0, 0.0
97, 1, 1, 0, 0, 0.0
97, 1, 2, 0, 0, 0.0
97, 1, 3, 0, 0, 0.0
97, 1, 4, 0, 0, 0.0
97, 1, 5, 0, 0, 0.0
97, 1, 6, 0, 0, 0.0
97, 1, 7, 0, 0, 0.0
97, 1, 8, 0, 0, 0.0
97, 1, 9, 0, 0, 0.0
97, 1, 10, 0, 0, 0.0
97, 1, 11, 0, 0, 0.0
97, 1, 12, 0, 0, 0.0
97, 1, 13, 0, 0, 0.0
97, 1, 14, 0, 0, 0.0
97, 1, 15, 0, 0, 0.0
97, 1, 16, 0, 0, 0.0
97, 1, 17, 0, 0, 0.0
97, 1, 18, 0, 0, 0.0
97, 1, 19, 0, 0, 0.0
97, 1, 20, 0, 0, 0.0
98, 0, 0, 253, 222, -5.840561811965017e-08
98, 0, 1, 271, 218, -0.009254907257854939
98, 0, 2, 288, 208, -0.018185114488005638
98, 0, 3, 296, 194, -0.02839560993015766
98, 0, 4, 285, 187, -0.03756779804825783
98, 0, 5, 283, 173, -0.009708131663501263
98, 0, 6, 289, 153, -0.026807302609086037
98, 0, 7, 293, 154, -0.035876303911209106
98, 0, 8, 294, 164, -0.038221340626478195
98, 0, 9, 269, 170, -0.01222209632396698
98, 0, 10, 281, 169, -0.029221311211586
98, 0, 11, 278, 187, -0.030737068504095078
98, 0, 12, 274, 197, -0.027135392650961876
98, 0, 13, 257, 171, -0.01687728613615036
98, 0, 14, 268, 178, -0.03193420544266701
98, 0, 15, 266, 193, -0.027122408151626587
98, 0, 16, 262, 200, -0.019840126857161522
98, 0, 17, 244, 175, -0.022797714918851852
98, 0, 18, 255, 182, -0.029683098196983337
98, 0, 19, 255, 194, -0.02390526607632637
98, 0, 20, 253, 200, -0.017029812559485435
98, 1, 0, 0, 0, 0.0
98, 1, 1, 0, 0, 0.0
98, 1, 2, 0, 0, 0.0
98, 1, 3, 0, 0, 0.0
98, 1, 4, 0, 0, 0.0
98, 1, 5, 0, 0, 0.0
98, 1, 6, 0, 0, 0.0
98, 1, 7, 0, 0, 0.0
98, 1, 8, 0, 0, 0.0
98, 1, 9, 0, 0, 0.0
98, 1, 10, 0, 0, 0.0
98, 1, 11, 0, 0, 0.0
98, 1, 12, 0, 0, 0.0
98, 1, 13, 0, 0, 0.0
98, 1, 14, 0, 0, 0.0
98, 1, 15, 0, 0, 0.0
98, 1, 16, 0, 0, 0.0
98, 1, 17, 0, 0, 0.0
98, 1, 18, 0, 0, 0.0
98, 1, 19, 0, 0, 0.0
98, 1, 20, 0, 0, 0.0
99, 0, 0, 251, 226, -9.944771761638549e-08
99, 0, 1, 268, 222, -0.009502745233476162
99, 0, 2, 285, 209, -0.01756073534488678
99, 0, 3, 290, 194, -0.02677299827337265
99, 0, 4, 279, 189, -0.03483975678682327
99, 0, 5, 279, 177, -0.009705756790935993
99, 0, 6, 284, 155, -0.026420583948493004
99, 0, 7, 286, 158, -0.03589360788464546
99, 0, 8, 286, 169, -0.03887799754738808
99, 0, 9, 265, 174, -0.011973448097705841
99, 0, 10, 273, 172, -0.029205255210399628
99, 0, 11, 271, 190, -0.0320558100938797
99, 0, 12, 269, 201, -0.029665378853678703
99, 0, 13, 251, 176, -0.01625949703156948
99, 0, 14, 260, 180, -0.031104546040296555
99, 0, 15, 259, 195, -0.02707315795123577
99, 0, 16, 257, 203, -0.02050996944308281
99, 0, 17, 238, 180, -0.02179853618144989
99, 0, 18, 247, 185, -0.028642753139138222
99, 0, 19, 249, 197, -0.022981004789471626
99, 0, 20, 248, 203, -0.016270611435174942
99, 1, 0, 0, 0, 0.0
99, 1, 1, 0, 0, 0.0
99, 1, 2, 0, 0, 0.0
99, 1, 3, 0, 0, 0.0
99, 1, 4, 0, 0, 0.0
99, 1, 5, 0, 0, 0.0
99, 1, 6, 0, 0, 0.0
99, 1, 7, 0, 0, 0.0
99, 1, 8, 0, 0, 0.0
99, 1, 9, 0, 0, 0.0
99, 1, 10, 0, 0, 0.0
99, 1, 11, 0, 0, 0.0
99, 1, 12, 0, 0, 0.0
99, 1, 13, 0, 0, 0.0
99, 1, 14, 0, 0, 0.0
99, 1, 15, 0, 0, 0.0
99, 1, 16, 0, 0, 0.0
99, 1, 17, 0, 0, 0.0
99, 1, 18, 0, 0, 0.0
99, 1, 19, 0, 0, 0.0
99, 1, 20, 0, 0, 0.0
100, 0, 0, 245, 229, -1.406554588356812e-07
100, 0, 1, 262, 225, -0.010076688602566719
100, 0, 2, 279, 212, -0.018611328676342964
100, 0, 3, 282, 198, -0.028474487364292145
100, 0, 4, 269, 193, -0.03681338205933571
100, 0, 5, 273, 182, -0.009309783577919006
100, 0, 6, 277, 158, -0.026881830766797066
100, 0, 7, 279, 165, -0.03597213327884674
100, 0, 8, 278, 178, -0.038459617644548416
100, 0, 9, 259, 181, -0.011460433714091778
100, 0, 10, 263, 174, -0.028796451166272163
100, 0, 11, 262, 194, -0.03072960302233696
100, 0, 12, 261, 202, -0.02792060561478138
100, 0, 13, 246, 183, -0.015926551073789597
100, 0, 14, 248, 179, -0.03060208261013031
100, 0, 15, 249, 196, -0.02358817495405674
100, 0, 16, 249, 203, -0.015298696234822273
100, 0, 17, 232, 186, -0.021699724718928337
100, 0, 18, 235, 184, -0.028086110949516296
100, 0, 19, 238, 196, -0.019714917987585068
100, 0, 20, 239, 202, -0.011130052618682384
100, 1, 0, 0, 0, 0.0
100, 1, 1, 0, 0, 0.0
100, 1, 2, 0, 0, 0.0
100, 1, 3, 0, 0, 0.0
100, 1, 4, 0, 0, 0.0
100, 1, 5, 0, 0, 0.0
100, 1, 6, 0, 0, 0.0
100, 1, 7, 0, 0, 0.0
100, 1, 8, 0, 0, 0.0
100, 1, 9, 0, 0, 0.0
100, 1, 10, 0, 0, 0.0
100, 1, 11, 0, 0, 0.0
100, 1, 12, 0, 0, 0.0
100, 1, 13, 0, 0, 0.0
100, 1, 14, 0, 0, 0.0
100, 1, 15, 0, 0, 0.0
100, 1, 16, 0, 0, 0.0
100, 1, 17, 0, 0, 0.0
100, 1, 18, 0, 0, 0.0
100, 1, 19, 0, 0, 0.0
100, 1, 20, 0, 0, 0.0
101, 0, 0, 235, 237, -1.7438802046854107e-07
101, 0, 1, 253, 231, -0.01133842021226883
101, 0, 2, 270, 221, -0.019537514075636864
101, 0, 3, 268, 209, -0.02824782021343708
101, 0, 4, 254, 206, -0.03529354929924011
101, 0, 5, 264, 187, -0.00931151770055294
101, 0, 6, 267, 170, -0.027468713000416756
101, 0, 7, 266, 182, -0.03819723799824715
101, 0, 8, 265, 193, -0.04228420928120613
101, 0, 9, 250, 186, -0.01095269899815321
101, 0, 10, 250, 179, -0.027476292103528976
101, 0, 11, 249, 197, -0.03175374120473862
101, 0, 12, 250, 205, -0.031161922961473465
101, 0, 13, 236, 187, -0.015042961575090885
101, 0, 14, 235, 187, -0.028597528114914894
101, 0, 15, 237, 202, -0.024537870660424232
101, 0, 16, 239, 209, -0.018609099090099335
101, 0, 17, 223, 191, -0.02056071348488331
101, 0, 18, 223, 192, -0.02535351924598217
101, 0, 19, 226, 203, -0.01871000975370407
101, 0, 20, 228, 209, -0.011836569756269455
101, 1, 0, 0, 0, 0.0
101, 1, 1, 0, 0, 0.0
101, 1, 2, 0, 0, 0.0
101, 1, 3, 0, 0, 0.0
101, 1, 4, 0, 0, 0.0
101, 1, 5, 0, 0, 0.0
101, 1, 6, 0, 0, 0.0
101, 1, 7, 0, 0, 0.0
101, 1, 8, 0, 0, 0.0
101, 1, 9, 0, 0, 0.0
101, 1, 10, 0, 0, 0.0
101, 1, 11, 0, 0, 0.0
101, 1, 12, 0, 0, 0.0
101, 1, 13, 0, 0, 0.0
101, 1, 14, 0, 0, 0.0
101, 1, 15, 0, 0, 0.0
101, 1, 16, 0, 0, 0.0
101, 1, 17, 0, 0, 0.0
101, 1, 18, 0, 0, 0.0
101, 1, 19, 0, 0, 0.0
101, 1, 20, 0, 0, 0.0
102, 0, 0, 227, 244, -1.4139621384856582e-07
102, 0, 1, 244, 237, -0.010714777745306492
102, 0, 2, 260, 225, -0.018123885616660118
102, 0, 3, 255, 216, -0.025772664695978165
102, 0, 4, 240, 216, -0.031755924224853516
102, 0, 5, 252, 188, -0.005859175696969032
102, 0, 6, 254, 179, -0.02213197574019432
102, 0, 7, 255, 193, -0.03264416381716728
102, 0, 8, 255, 202, -0.03749201446771622
102, 0, 9, 238, 186, -0.00811463501304388
102, 0, 10, 239, 187, -0.02134845405817032
102, 0, 11, 240, 203, -0.025874881073832512
102, 0, 12, 240, 209, -0.026691589504480362
102, 0, 13, 224, 190, -0.012817258015275002
102, 0, 14, 224, 196, -0.02439025230705738
102, 0, 15, 227, 210, -0.02211763896048069
102, 0, 16, 229, 213, -0.018396280705928802
102, 0, 17, 211, 195, -0.018892522901296616
102, 0, 18, 211, 200, -0.023170743137598038
102, 0, 19, 215, 211, -0.01773439347743988
102, 0, 20, 218, 215, -0.012198137119412422
102, 1, 0, 0, 0, 0.0
102, 1, 1, 0, 0, 0.0
102, 1, 2, 0, 0, 0.0
102, 1, 3, 0, 0, 0.0
102, 1, 4, 0, 0, 0.0
102, 1, 5, 0, 0, 0.0
102, 1, 6, 0, 0, 0.0
102, 1, 7, 0, 0, 0.0
102, 1, 8, 0, 0, 0.0
102, 1, 9, 0, 0, 0.0
102, 1, 10, 0, 0, 0.0
102, 1, 11, 0, 0, 0.0
102, 1, 12, 0, 0, 0.0
102, 1, 13, 0, 0, 0.0
102, 1, 14, 0, 0, 0.0
102, 1, 15, 0, 0, 0.0
102, 1, 16, 0, 0, 0.0
102, 1, 17, 0, 0, 0.0
102, 1, 18, 0, 0, 0.0
102, 1, 19, 0, 0, 0.0
102, 1, 20, 0, 0, 0.0
103, 0, 0, 217, 249, -9.035062475959421e-08
103, 0, 1, 233, 243, -0.018227409571409225
103, 0, 2, 245, 233, -0.030226226896047592
103, 0, 3, 234, 227, -0.04094691947102547
103, 0, 4, 218, 228, -0.04980985075235367
103, 0, 5, 241, 199, -0.01598883979022503
103, 0, 6, 238, 187, -0.03721506893634796
103, 0, 7, 234, 198, -0.05008517578244209
103, 0, 8, 233, 207, -0.0559537447988987
103, 0, 9, 225, 196, -0.015211965888738632
103, 0, 10, 219, 192, -0.035131990909576416
103, 0, 11, 218, 208, -0.041289009153842926
103, 0, 12, 220, 213, -0.041471194475889206
103, 0, 13, 212, 197, -0.01756250485777855
103, 0, 14, 204, 199, -0.03359010070562363
103, 0, 15, 206, 213, -0.03127633407711983
103, 0, 16, 210, 216, -0.02645762637257576
103, 0, 17, 199, 202, -0.021812817081809044
103, 0, 18, 193, 205, -0.029401032254099846
103, 0, 19, 196, 216, -0.024763938039541245
103, 0, 20, 201, 219, -0.01891115866601467
103, 1, 0, 0, 0, 0.0
103, 1, 1, 0, 0, 0.0
103, 1, 2, 0, 0, 0.0
103, 1, 3, 0, 0, 0.0
103, 1, 4, 0, 0, 0.0
103, 1, 5, 0, 0, 0.0
103, 1, 6, 0, 0, 0.0
103, 1, 7, 0, 0, 0.0
103, 1, 8, 0, 0, 0.0
103, 1, 9, 0, 0, 0.0
103, 1, 10, 0, 0, 0.0
103, 1, 11, 0, 0, 0.0
103, 1, 12, 0, 0, 0.0
103, 1, 13, 0, 0, 0.0
103, 1, 14, 0, 0, 0.0
103, 1, 15, 0, 0, 0.0
103, 1, 16, 0, 0, 0.0
103, 1, 17, 0, 0, 0.0
103, 1, 18, 0, 0, 0.0
103, 1, 19, 0, 0, 0.0
103, 1, 20, 0, 0, 0.0
104, 0, 0, 203, 253, -3.0172426335184355e-08
104, 0, 1, 220, 250, -0.0296903308480978
104, 0, 2, 230, 244, -0.049293532967567444
104, 0, 3, 218, 243, -0.06548764556646347
104, 0, 4, 202, 245, -0.08040444552898407
104, 0, 5, 222, 209, -0.038080308586359024
104, 0, 6, 215, 198, -0.06620405614376068
104, 0, 7, 209, 208, -0.08219358325004578
104, 0, 8, 208, 215, -0.08982531726360321
104, 0, 9, 205, 208, -0.03385104238986969
104, 0, 10, 197, 206, -0.06426253169775009
104, 0, 11, 197, 225, -0.0737287625670433
104, 0, 12, 200, 235, -0.07427332550287247
104, 0, 13, 191, 211, -0.03296089917421341
104, 0, 14, 183, 213, -0.05883593484759331
104, 0, 15, 186, 229, -0.058777306228876114
104, 0, 16, 192, 234, -0.05314990133047104
104, 0, 17, 180, 216, -0.03445372357964516
104, 0, 18, 174, 219, -0.04975675046443939
104, 0, 19, 177, 231, -0.04757002368569374
104, 0, 20, 183, 236, -0.04211035370826721
104, 1, 0, 0, 0, 0.0
104, 1, 1, 0, 0, 0.0
104, 1, 2, 0, 0, 0.0
104, 1, 3, 0, 0, 0.0
104, 1, 4, 0, 0, 0.0
104, 1, 5, 0, 0, 0.0
104, 1, 6, 0, 0, 0.0
104, 1, 7, 0, 0, 0.0
104, 1, 8, 0, 0, 0.0
104, 1, 9, 0, 0, 0.0
104, 1, 10, 0, 0, 0.0
104, 1, 11, 0, 0, 0.0
104, 1, 12, 0, 0, 0.0
104, 1, 13, 0, 0, 0.0
104, 1, 14, 0, 0, 0.0
104, 1, 15, 0, 0, 0.0
104, 1, 16, 0, 0, 0.0
104, 1, 17, 0, 0, 0.0
104, 1, 18, 0, 0, 0.0
104, 1, 19, 0, 0, 0.0
104, 1, 20, 0, 0, 0.0
105, 0, 0, 190, 248, -6.792004114686279e-08
105, 0, 1, 205, 252, -0.02340424805879593
105, 0, 2, 215, 254, -0.041026271879673004
105, 0, 3, 202, 260, -0.05488332360982895
105, 0, 4, 186, 261, -0.06836311519145966
105, 0, 5, 211, 224, -0.045684147626161575
105, 0, 6, 208, 212, -0.06695282459259033
105, 0, 7, 198, 206, -0.08074909448623657
105, 0, 8, 186, 201, -0.09034906327724457
105, 0, 9, 195, 214, -0.043035104870796204
105, 0, 10, 177, 237, -0.0630376935005188
105, 0, 11, 179, 255, -0.06759598106145859
105, 0, 12, 183, 261, -0.07022137194871902
105, 0, 13, 181, 213, -0.04140748456120491
105, 0, 14, 168, 242, -0.05516032502055168
105, 0, 15, 176, 254, -0.04909490421414375
105, 0, 16, 183, 255, -0.04553183540701866
105, 0, 17, 170, 217, -0.04256165772676468
105, 0, 18, 162, 240, -0.054593972861766815
105, 0, 19, 169, 252, -0.05026332661509514
105, 0, 20, 177, 256, -0.04527053236961365
105, 1, 0, 0, 0, 0.0
105, 1, 1, 0, 0, 0.0
105, 1, 2, 0, 0, 0.0
105, 1, 3, 0, 0, 0.0
105, 1, 4, 0, 0, 0.0
105, 1, 5, 0, 0, 0.0
105, 1, 6, 0, 0, 0.0
105, 1, 7, 0, 0, 0.0
105, 1, 8, 0, 0, 0.0
105, 1, 9, 0, 0, 0.0
105, 1, 10, 0, 0, 0.0
105, 1, 11, 0, 0, 0.0
105, 1, 12, 0, 0, 0.0
105, 1, 13, 0, 0, 0.0
105, 1, 14, 0, 0, 0.0
105, 1, 15, 0, 0, 0.0
105, 1, 16, 0, 0, 0.0
105, 1, 17, 0, 0, 0.0
105, 1, 18, 0, 0, 0.0
105, 1, 19, 0, 0, 0.0
105, 1, 20, 0, 0, 0.0
106, 0, 0, 185, 255, -3.614378130123441e-08
106, 0, 1, 199, 258, -0.022653348743915558
106, 0, 2, 210, 259, -0.040422797203063965
106, 0, 3, 197, 262, -0.054823074489831924
106, 0, 4, 181, 263, -0.06870931386947632
106, 0, 5, 206, 226, -0.04272273927927017
106, 0, 6, 201, 214, -0.06533676385879517
106, 0, 7, 189, 209, -0.08109010010957718
106, 0, 8, 176, 205, -0.09142415225505829
106, 0, 9, 189, 216, -0.04074486717581749
106, 0, 10, 172, 238, -0.06262074410915375
106, 0, 11, 173, 257, -0.06827690452337265
106, 0, 12, 177, 264, -0.07031580805778503
106, 0, 13, 174, 216, -0.04022045060992241
106, 0, 14, 162, 245, -0.05640588328242302
106, 0, 15, 171, 258, -0.05154439061880112
106, 0, 16, 179, 262, -0.047023139894008636
106, 0, 17, 163, 221, -0.042375169694423676
106, 0, 18, 155, 242, -0.05535198748111725
106, 0, 19, 162, 255, -0.05125226080417633
106, 0, 20, 170, 260, -0.04555507004261017
106, 1, 0, 0, 0, 0.0
106, 1, 1, 0, 0, 0.0
106, 1, 2, 0, 0, 0.0
106, 1, 3, 0, 0, 0.0
106, 1, 4, 0, 0, 0.0
106, 1, 5, 0, 0, 0.0
106, 1, 6, 0, 0, 0.0
106, 1, 7, 0, 0, 0.0
106, 1, 8, 0, 0, 0.0
106, 1, 9, 0, 0, 0.0
106, 1, 10, 0, 0, 0.0
106, 1, 11, 0, 0, 0.0
106, 1, 12, 0, 0, 0.0
106, 1, 13, 0, 0, 0.0
106, 1, 14, 0, 0, 0.0
106, 1, 15, 0, 0, 0.0
106, 1, 16, 0, 0, 0.0
106, 1, 17, 0, 0, 0.0
106, 1, 18, 0, 0, 0.0
106, 1, 19, 0, 0, 0.0
106, 1, 20, 0, 0, 0.0
107, 0, 0, 183, 256, -6.388744822061199e-08
107, 0, 1, 197, 260, -0.02339821122586727
107, 0, 2, 207, 261, -0.04195323958992958
107, 0, 3, 193, 265, -0.05666454881429672
107, 0, 4, 178, 264, -0.07052267342805862
107, 0, 5, 206, 229, -0.04736381024122238
107, 0, 6, 200, 217, -0.07029245793819427
107, 0, 7, 187, 211, -0.08579195290803909
107, 0, 8, 174, 206, -0.0962018147110939
107, 0, 9, 188, 217, -0.04443533718585968
107, 0, 10, 169, 244, -0.06622086465358734
107, 0, 11, 170, 261, -0.07015235722064972
107, 0, 12, 174, 266, -0.07165570557117462
107, 0, 13, 172, 216, -0.04280274733901024
107, 0, 14, 161, 250, -0.05731552466750145
107, 0, 15, 171, 261, -0.050310295075178146
107, 0, 16, 181, 262, -0.04539830610156059
107, 0, 17, 161, 221, -0.04416956380009651
107, 0, 18, 154, 246, -0.05650225654244423
107, 0, 19, 161, 257, -0.052157074213027954
107, 0, 20, 169, 261, -0.046643923968076706
107, 1, 0, 0, 0, 0.0
107, 1, 1, 0, 0, 0.0
107, 1, 2, 0, 0, 0.0
107, 1, 3, 0, 0, 0.0
107, 1, 4, 0, 0, 0.0
107, 1, 5, 0, 0, 0.0
107, 1, 6, 0, 0, 0.0
107, 1, 7, 0, 0, 0.0
107, 1, 8, 0, 0, 0.0
107, 1, 9, 0, 0, 0.0
107, 1, 10, 0, 0, 0.0
107, 1, 11, 0, 0, 0.0
107, 1, 12, 0, 0, 0.0
107, 1, 13, 0, 0, 0.0
107, 1, 14, 0, 0, 0.0
107, 1, 15, 0, 0, 0.0
107, 1, 16, 0, 0, 0.0
107, 1, 17, 0, 0, 0.0
107, 1, 18, 0, 0, 0.0
107, 1, 19, 0, 0, 0.0
107, 1, 20, 0, 0, 0.0
108, 0, 0, 182, 257, -3.176263874138385e-08
108, 0, 1, 196, 261, -0.023157384246587753
108, 0, 2, 205, 263, -0.0421609953045845
108, 0, 3, 193, 265, -0.057573672384023666
108, 0, 4, 178, 263, -0.07194270938634872
108, 0, 5, 206, 229, -0.045977022498846054
108, 0, 6, 198, 217, -0.06980311870574951
108, 0, 7, 186, 210, -0.08611238747835159
108, 0, 8, 173, 205, -0.09711658954620361
108, 0, 9, 188, 217, -0.04357685148715973
108, 0, 10, 169, 243, -0.0656917616724968
108, 0, 11, 170, 260, -0.0691160261631012
108, 0, 12, 176, 266, -0.07016489654779434
108, 0, 13, 172, 216, -0.042839016765356064
108, 0, 14, 161, 250, -0.05748489126563072
108, 0, 15, 171, 261, -0.04937000572681427
108, 0, 16, 182, 262, -0.043530598282814026
108, 0, 17, 161, 220, -0.045225970447063446
108, 0, 18, 153, 245, -0.057337816804647446
108, 0, 19, 161, 257, -0.052195172756910324
108, 0, 20, 170, 261, -0.04601837322115898
108, 1, 0, 0, 0, 0.0
108, 1, 1, 0, 0, 0.0
108, 1, 2, 0, 0, 0.0
108, 1, 3, 0, 0, 0.0
108, 1, 4, 0, 0, 0.0
108, 1, 5, 0, 0, 0.0
108, 1, 6, 0, 0, 0.0
108, 1, 7, 0, 0, 0.0
108, 1, 8, 0, 0, 0.0
108, 1, 9, 0, 0, 0.0
108, 1, 10, 0, 0, 0.0
108, 1, 11, 0, 0, 0.0
108, 1, 12, 0, 0, 0.0
108, 1, 13, 0, 0, 0.0
108, 1, 14, 0, 0, 0.0
108, 1, 15, 0, 0, 0.0
108, 1, 16, 0, 0, 0.0
108, 1, 17, 0, 0, 0.0
108, 1, 18, 0, 0, 0.0
108, 1, 19, 0, 0, 0.0
108, 1, 20, 0, 0, 0.0
109, 0, 0, 181, 255, -2.249395336662019e-08
109, 0, 1, 195, 260, -0.02288629859685898
109, 0, 2, 206, 263, -0.041483085602521896
109, 0, 3, 194, 265, -0.056555647403001785
109, 0, 4, 181, 264, -0.07091069966554642
109, 0, 5, 206, 229, -0.044741008430719376
109, 0, 6, 200, 216, -0.0673496276140213
109, 0, 7, 190, 209, -0.08339501172304153
109, 0, 8, 178, 204, -0.09411963075399399
109, 0, 9, 188, 217, -0.0419764518737793
109, 0, 10, 171, 241, -0.06338305026292801
109, 0, 11, 172, 257, -0.06798602640628815
109, 0, 12, 176, 262, -0.06966636329889297
109, 0, 13, 172, 217, -0.04064966365695
109, 0, 14, 162, 248, -0.0549156479537487
109, 0, 15, 172, 260, -0.048268627375364304
109, 0, 16, 181, 262, -0.04307274520397186
109, 0, 17, 161, 221, -0.04225984588265419
109, 0, 18, 154, 245, -0.05395764112472534
109, 0, 19, 162, 256, -0.04949318990111351
109, 0, 20, 169, 260, -0.04377914220094681
109, 1, 0, 0, 0, 0.0
109, 1, 1, 0, 0, 0.0
109, 1, 2, 0, 0, 0.0
109, 1, 3, 0, 0, 0.0
109, 1, 4, 0, 0, 0.0
109, 1, 5, 0, 0, 0.0
109, 1, 6, 0, 0, 0.0
109, 1, 7, 0, 0, 0.0
109, 1, 8, 0, 0, 0.0
109, 1, 9, 0, 0, 0.0
109, 1, 10, 0, 0, 0.0
109, 1, 11, 0, 0, 0.0
109, 1, 12, 0, 0, 0.0
109, 1, 13, 0, 0, 0.0
109, 1, 14, 0, 0, 0.0
109, 1, 15, 0, 0, 0.0
109, 1, 16, 0, 0, 0.0
109, 1, 17, 0, 0, 0.0
109, 1, 18, 0, 0, 0.0
109, 1, 19, 0, 0, 0.0
109, 1, 20, 0, 0, 0.0
110, 0, 0, 181, 255, -1.691635098666211e-08
110, 0, 1, 195, 260, -0.024535395205020905
110, 0, 2, 206, 264, -0.04530288651585579
110, 0, 3, 195, 266, -0.062440115958452225
110, 0, 4, 182, 265, -0.07851144671440125
110, 0, 5, 209, 230, -0.04866307973861694
110, 0, 6, 204, 218, -0.07301140576601028
110, 0, 7, 193, 211, -0.08907298743724823
110, 0, 8, 180, 207, -0.09920518100261688
110, 0, 9, 191, 219, -0.04569169878959656
110, 0, 10, 173, 240, -0.06972536444664001
110, 0, 11, 172, 255, -0.0745714008808136
110, 0, 12, 175, 261, -0.07539044320583344
110, 0, 13, 175, 218, -0.044087428599596024
110, 0, 14, 164, 247, -0.060844965279102325
110, 0, 15, 173, 259, -0.05338862165808678
110, 0, 16, 181, 263, -0.04645714908838272
110, 0, 17, 163, 222, -0.04543393477797508
110, 0, 18, 157, 245, -0.058887165039777756
110, 0, 19, 163, 256, -0.054101742804050446
110, 0, 20, 171, 260, -0.04730541631579399
110, 1, 0, 0, 0, 0.0
110, 1, 1, 0, 0, 0.0
110, 1, 2, 0, 0, 0.0
110, 1, 3, 0, 0, 0.0
110, 1, 4, 0, 0, 0.0
110, 1, 5, 0, 0, 0.0
110, 1, 6, 0, 0, 0.0
110, 1, 7, 0, 0, 0.0
110, 1, 8, 0, 0, 0.0
110, 1, 9, 0, 0, 0.0
110, 1, 10, 0, 0, 0.0
110, 1, 11, 0, 0, 0.0
110, 1, 12, 0, 0, 0.0
110, 1, 13, 0, 0, 0.0
110, 1, 14, 0, 0, 0.0
110, 1, 15, 0, 0, 0.0
110, 1, 16, 0, 0, 0.0
110, 1, 17, 0, 0, 0.0
110, 1, 18, 0, 0, 0.0
110, 1, 19, 0, 0, 0.0
110, 1, 20, 0, 0, 0.0
111, 0, 0, 183, 258, 3.1644162845623214e-09
111, 0, 1, 195, 262, -0.025471685454249382
111, 0, 2, 206, 267, -0.04789126291871071
111, 0, 3, 197, 268, -0.0670318678021431
111, 0, 4, 183, 265, -0.0847734659910202
111, 0, 5, 210, 229, -0.0486658550798893
111, 0, 6, 204, 217, -0.07567708939313889
111, 0, 7, 192, 212, -0.09300313144922256
111, 0, 8, 178, 208, -0.1036720722913742
111, 0, 9, 192, 219, -0.04676776006817818
111, 0, 10, 175, 239, -0.07294181734323502
111, 0, 11, 175, 256, -0.0775366723537445
111, 0, 12, 179, 263, -0.07778467983007431
111, 0, 13, 175, 220, -0.04685844108462334
111, 0, 14, 164, 248, -0.06577856838703156
111, 0, 15, 173, 260, -0.0571887269616127
111, 0, 16, 182, 263, -0.04905371740460396
111, 0, 17, 163, 225, -0.05008860304951668
111, 0, 18, 156, 246, -0.06400689482688904
111, 0, 19, 163, 257, -0.05830712243914604
111, 0, 20, 171, 260, -0.05082722753286362
111, 1, 0, 0, 0, 0.0
111, 1, 1, 0, 0, 0.0
111, 1, 2, 0, 0, 0.0
111, 1, 3, 0, 0, 0.0
111, 1, 4, 0, 0, 0.0
111, 1, 5, 0, 0, 0.0
111, 1, 6, 0, 0, 0.0
111, 1, 7, 0, 0, 0.0
111, 1, 8, 0, 0, 0.0
111, 1, 9, 0, 0, 0.0
111, 1, 10, 0, 0, 0.0
111, 1, 11, 0, 0, 0.0
111, 1, 12, 0, 0, 0.0
111, 1, 13, 0, 0, 0.0
111, 1, 14, 0, 0, 0.0
111, 1, 15, 0, 0, 0.0
111, 1, 16, 0, 0, 0.0
111, 1, 17, 0, 0, 0.0
111, 1, 18, 0, 0, 0.0
111, 1, 19, 0, 0, 0.0
111, 1, 20, 0, 0, 0.0
112, 0, 0, 183, 259, -9.899762787313193e-09
112, 0, 1, 196, 263, -0.02447248063981533
112, 0, 2, 207, 266, -0.04680054634809494
112, 0, 3, 198, 268, -0.06574632227420807
112, 0, 4, 185, 266, -0.08319343626499176
112, 0, 5, 211, 229, -0.049062568694353104
112, 0, 6, 205, 218, -0.07521791011095047
112, 0, 7, 194, 212, -0.09151798486709595
112, 0, 8, 181, 208, -0.10162896662950516
112, 0, 9, 193, 220, -0.046707481145858765
112, 0, 10, 175, 242, -0.07133591175079346
112, 0, 11, 176, 258, -0.07403822988271713
112, 0, 12, 181, 262, -0.0734696239233017
112, 0, 13, 176, 221, -0.0461835041642189
112, 0, 14, 165, 250, -0.06238790601491928
112, 0, 15, 175, 260, -0.051728714257478714
112, 0, 16, 183, 261, -0.043002791702747345
112, 0, 17, 164, 226, -0.048868827521800995
112, 0, 18, 157, 247, -0.060959987342357635
112, 0, 19, 163, 255, -0.05476391315460205
112, 0, 20, 170, 254, -0.04733555018901825
112, 1, 0, 0, 0, 0.0
112, 1, 1, 0, 0, 0.0
112, 1, 2, 0, 0, 0.0
112, 1, 3, 0, 0, 0.0
112, 1, 4, 0, 0, 0.0
112, 1, 5, 0, 0, 0.0
112, 1, 6, 0, 0, 0.0
112, 1, 7, 0, 0, 0.0
112, 1, 8, 0, 0, 0.0
112, 1, 9, 0, 0, 0.0
112, 1, 10, 0, 0, 0.0
112, 1, 11, 0, 0, 0.0
112, 1, 12, 0, 0, 0.0
112, 1, 13, 0, 0, 0.0
112, 1, 14, 0, 0, 0.0
112, 1, 15, 0, 0, 0.0
112, 1, 16, 0, 0, 0.0
112, 1, 17, 0, 0, 0.0
112, 1, 18, 0, 0, 0.0
112, 1, 19, 0, 0, 0.0
112, 1, 20, 0, 0, 0.0
113, 0, 0, 184, 262, -1.3622002192903437e-08
113, 0, 1, 197, 264, -0.024257201701402664
113, 0, 2, 208, 267, -0.04583568871021271
113, 0, 3, 199, 268, -0.0643034502863884
113, 0, 4, 186, 266, -0.08138810843229294
113, 0, 5, 210, 229, -0.0455978587269783
113, 0, 6, 204, 218, -0.0711376965045929
113, 0, 7, 193, 213, -0.08736982196569443
113, 0, 8, 180, 209, -0.09756460785865784
113, 0, 9, 192, 220, -0.043695587664842606
113, 0, 10, 175, 241, -0.0685935914516449
113, 0, 11, 177, 258, -0.07255572825670242
113, 0, 12, 182, 263, -0.07266398519277573
113, 0, 13, 176, 221, -0.043784353882074356
113, 0, 14, 165, 249, -0.06088090315461159
113, 0, 15, 174, 261, -0.05196593701839447
113, 0, 16, 183, 263, -0.04415268823504448
113, 0, 17, 164, 227, -0.04697754606604576
113, 0, 18, 157, 247, -0.059135619550943375
113, 0, 19, 163, 256, -0.05350338667631149
113, 0, 20, 170, 256, -0.046587422490119934
113, 1, 0, 0, 0, 0.0
113, 1, 1, 0, 0, 0.0
113, 1, 2, 0, 0, 0.0
113, 1, 3, 0, 0, 0.0
113, 1, 4, 0, 0, 0.0
113, 1, 5, 0, 0, 0.0
113, 1, 6, 0, 0, 0.0
113, 1, 7, 0, 0, 0.0
113, 1, 8, 0, 0, 0.0
113, 1, 9, 0, 0, 0.0
113, 1, 10, 0, 0, 0.0
113, 1, 11, 0, 0, 0.0
113, 1, 12, 0, 0, 0.0
113, 1, 13, 0, 0, 0.0
113, 1, 14, 0, 0, 0.0
113, 1, 15, 0, 0, 0.0
113, 1, 16, 0, 0, 0.0
113, 1, 17, 0, 0, 0.0
113, 1, 18, 0, 0, 0.0
113, 1, 19, 0, 0, 0.0
113, 1, 20, 0, 0, 0.0
114, 0, 0, 187, 262, -3.3803715382418886e-08
114, 0, 1, 200, 264, -0.023483261466026306
114, 0, 2, 210, 267, -0.04510711878538132
114, 0, 3, 200, 269, -0.06347035616636276
114, 0, 4, 186, 268, -0.08070903271436691
114, 0, 5, 210, 229, -0.047333694994449615
114, 0, 6, 204, 220, -0.07176108658313751
114, 0, 7, 193, 214, -0.08771897107362747
114, 0, 8, 180, 210, -0.0976424291729927
114, 0, 9, 192, 222, -0.04499809071421623
114, 0, 10, 176, 244, -0.06883729994297028
114, 0, 11, 177, 259, -0.07265892624855042
114, 0, 12, 182, 264, -0.07260904461145401
114, 0, 13, 176, 224, -0.04409044608473778
114, 0, 14, 166, 251, -0.059828780591487885
114, 0, 15, 176, 260, -0.050627708435058594
114, 0, 16, 184, 261, -0.042457129806280136
114, 0, 17, 164, 231, -0.046144675463438034
114, 0, 18, 157, 248, -0.05751853436231613
114, 0, 19, 163, 253, -0.05169927328824997
114, 0, 20, 169, 250, -0.044482529163360596
114, 1, 0, 0, 0, 0.0
114, 1, 1, 0, 0, 0.0
114, 1, 2, 0, 0, 0.0
114, 1, 3, 0, 0, 0.0
114, 1, 4, 0, 0, 0.0
114, 1, 5, 0, 0, 0.0
114, 1, 6, 0, 0, 0.0
114, 1, 7, 0, 0, 0.0
114, 1, 8, 0, 0, 0.0
114, 1, 9, 0, 0, 0.0
114, 1, 10, 0, 0, 0.0
114, 1, 11, 0, 0, 0.0
114, 1, 12, 0, 0, 0.0
114, 1, 13, 0, 0, 0.0
114, 1, 14, 0, 0, 0.0
114, 1, 15, 0, 0, 0.0
114, 1, 16, 0, 0, 0.0
114, 1, 17, 0, 0, 0.0
114, 1, 18, 0, 0, 0.0
114, 1, 19, 0, 0, 0.0
114, 1, 20, 0, 0, 0.0
115, 0, 0, 186, 258, -3.586635344277056e-08
115, 0, 1, 199, 261, -0.021718118339776993
115, 0, 2, 211, 264, -0.0412680059671402
115, 0, 3, 200, 268, -0.05787861719727516
115, 0, 4, 186, 269, -0.07369591295719147
115, 0, 5, 209, 229, -0.044381700456142426
115, 0, 6, 203, 219, -0.06703450530767441
115, 0, 7, 192, 215, -0.08229701966047287
115, 0, 8, 180, 212, -0.09224902093410492
115, 0, 9, 191, 220, -0.04254390671849251
115, 0, 10, 176, 246, -0.06589850038290024
115, 0, 11, 178, 264, -0.07050593197345734
115, 0, 12, 182, 271, -0.07150661945343018
115, 0, 13, 174, 221, -0.04194001108407974
115, 0, 14, 166, 253, -0.0572638213634491
115, 0, 15, 176, 265, -0.0497918426990509
115, 0, 16, 184, 268, -0.0435265451669693
115, 0, 17, 162, 226, -0.04413122683763504
115, 0, 18, 158, 249, -0.05509833246469498
115, 0, 19, 164, 260, -0.049841005355119705
115, 0, 20, 171, 261, -0.043603431433439255
115, 1, 0, 0, 0, 0.0
115, 1, 1, 0, 0, 0.0
115, 1, 2, 0, 0, 0.0
115, 1, 3, 0, 0, 0.0
115, 1, 4, 0, 0, 0.0
115, 1, 5, 0, 0, 0.0
115, 1, 6, 0, 0, 0.0
115, 1, 7, 0, 0, 0.0
115, 1, 8, 0, 0, 0.0
115, 1, 9, 0, 0, 0.0
115, 1, 10, 0, 0, 0.0
115, 1, 11, 0, 0, 0.0
115, 1, 12, 0, 0, 0.0
115, 1, 13, 0, 0, 0.0
115, 1, 14, 0, 0, 0.0
115, 1, 15, 0, 0, 0.0
115, 1, 16, 0, 0, 0.0
115, 1, 17, 0, 0, 0.0
115, 1, 18, 0, 0, 0.0
115, 1, 19, 0, 0, 0.0
115, 1, 20, 0, 0, 0.0
116, 0, 0, 186, 265, -3.614995591760817e-08
116, 0, 1, 200, 266, -0.02257177047431469
116, 0, 2, 211, 267, -0.04225322976708412
116, 0, 3, 200, 271, -0.05901839956641197
116, 0, 4, 187, 271, -0.07478826493024826
116, 0, 5, 210, 231, -0.04368129372596741
116, 0, 6, 204, 221, -0.06776756048202515
116, 0, 7, 193, 217, -0.0835147425532341
116, 0, 8, 180, 214, -0.09374361485242844
116, 0, 9, 191, 222, -0.04185997322201729
116, 0, 10, 176, 248, -0.06521134823560715
116, 0, 11, 179, 267, -0.06874548643827438
116, 0, 12, 184, 274, -0.06911435723304749
116, 0, 13, 175, 223, -0.04179352894425392
116, 0, 14, 166, 255, -0.05747364088892937
116, 0, 15, 176, 268, -0.04881465807557106
116, 0, 16, 184, 270, -0.041955482214689255
116, 0, 17, 163, 229, -0.04477137327194214
116, 0, 18, 158, 253, -0.05667341873049736
116, 0, 19, 165, 264, -0.051315199583768845
116, 0, 20, 173, 266, -0.044877950102090836
116, 1, 0, 0, 0, 0.0
116, 1, 1, 0, 0, 0.0
116, 1, 2, 0, 0, 0.0
116, 1, 3, 0, 0, 0.0
116, 1, 4, 0, 0, 0.0
116, 1, 5, 0, 0, 0.0
116, 1, 6, 0, 0, 0.0
116, 1, 7, 0, 0, 0.0
116, 1, 8, 0, 0, 0.0
116, 1, 9, 0, 0, 0.0
116, 1, 10, 0, 0, 0.0
116, 1, 11, 0, 0, 0.0
116, 1, 12, 0, 0, 0.0
116, 1, 13, 0, 0, 0.0
116, 1, 14, 0, 0, 0.0
116, 1, 15, 0, 0, 0.0
116, 1, 16, 0, 0, 0.0
116, 1, 17, 0, 0, 0.0
116, 1, 18, 0, 0, 0.0
116, 1, 19, 0, 0, 0.0
116, 1, 20, 0, 0, 0.0
117, 0, 0, 185, 265, -5.405146907833114e-08
117, 0, 1, 199, 267, -0.02125353179872036
117, 0, 2, 211, 269, -0.03989904001355171
117, 0, 3, 201, 273, -0.05597466230392456
117, 0, 4, 187, 273, -0.07145173847675323
117, 0, 5, 208, 233, -0.04073319956660271
117, 0, 6, 204, 223, -0.0633741244673729
117, 0, 7, 193, 219, -0.07867024093866348
117, 0, 8, 181, 216, -0.08864084631204605
117, 0, 9, 190, 224, -0.03934459388256073
117, 0, 10, 178, 250, -0.06333339959383011
117, 0, 11, 180, 270, -0.06842158734798431
117, 0, 12, 184, 279, -0.06931640207767487
117, 0, 13, 174, 225, -0.039439570158720016
117, 0, 14, 166, 255, -0.05608080327510834
117, 0, 15, 175, 269, -0.049176935106515884
117, 0, 16, 182, 274, -0.04284576699137688
117, 0, 17, 162, 231, -0.04222279042005539
117, 0, 18, 158, 254, -0.05468150973320007
117, 0, 19, 164, 265, -0.05007123202085495
117, 0, 20, 172, 268, -0.043876178562641144
117, 1, 0, 0, 0, 0.0
117, 1, 1, 0, 0, 0.0
117, 1, 2, 0, 0, 0.0
117, 1, 3, 0, 0, 0.0
117, 1, 4, 0, 0, 0.0
117, 1, 5, 0, 0, 0.0
117, 1, 6, 0, 0, 0.0
117, 1, 7, 0, 0, 0.0
117, 1, 8, 0, 0, 0.0
117, 1, 9, 0, 0, 0.0
117, 1, 10, 0, 0, 0.0
117, 1, 11, 0, 0, 0.0
117, 1, 12, 0, 0, 0.0
117, 1, 13, 0, 0, 0.0
117, 1, 14, 0, 0, 0.0
117, 1, 15, 0, 0, 0.0
117, 1, 16, 0, 0, 0.0
117, 1, 17, 0, 0, 0.0
117, 1, 18, 0, 0, 0.0
117, 1, 19, 0, 0, 0.0
117, 1, 20, 0, 0, 0.0
118, 0, 0, 187, 270, -5.9079898306890755e-08
118, 0, 1, 201, 270, -0.017770085483789444
118, 0, 2, 212, 269, -0.03402131050825119
118, 0, 3, 201, 274, -0.04819197580218315
118, 0, 4, 187, 276, -0.06190657615661621
118, 0, 5, 207, 235, -0.03641621768474579
118, 0, 6, 203, 226, -0.05758543312549591
118, 0, 7, 193, 223, -0.07221505045890808
118, 0, 8, 181, 220, -0.08187982439994812
118, 0, 9, 189, 227, -0.03639237582683563
118, 0, 10, 176, 253, -0.057772889733314514
118, 0, 11, 178, 272, -0.06286381185054779
118, 0, 12, 182, 280, -0.0644584521651268
118, 0, 13, 173, 229, -0.037565410137176514
118, 0, 14, 165, 261, -0.05238945409655571
118, 0, 15, 175, 273, -0.046240389347076416
118, 0, 16, 183, 276, -0.040903594344854355
118, 0, 17, 161, 236, -0.041078027337789536
118, 0, 18, 157, 259, -0.05178111791610718
118, 0, 19, 165, 270, -0.046687670052051544
118, 0, 20, 172, 272, -0.04067596048116684
118, 1, 0, 0, 0, 0.0
118, 1, 1, 0, 0, 0.0
118, 1, 2, 0, 0, 0.0
118, 1, 3, 0, 0, 0.0
118, 1, 4, 0, 0, 0.0
118, 1, 5, 0, 0, 0.0
118, 1, 6, 0, 0, 0.0
118, 1, 7, 0, 0, 0.0
118, 1, 8, 0, 0, 0.0
118, 1, 9, 0, 0, 0.0
118, 1, 10, 0, 0, 0.0
118, 1, 11, 0, 0, 0.0
118, 1, 12, 0, 0, 0.0
118, 1, 13, 0, 0, 0.0
118, 1, 14, 0, 0, 0.0
118, 1, 15, 0, 0, 0.0
118, 1, 16, 0, 0, 0.0
118, 1, 17, 0, 0, 0.0
118, 1, 18, 0, 0, 0.0
118, 1, 19, 0, 0, 0.0
118, 1, 20, 0, 0, 0.0
119, 0, 0, 186, 273, -7.373602528559786e-08
119, 0, 1, 200, 273, -0.017493022605776787
119, 0, 2, 213, 272, -0.03257967531681061
119, 0, 3, 202, 277, -0.045886632055044174
119, 0, 4, 189, 280, -0.05907042697072029
119, 0, 5, 205, 240, -0.03276678919792175
119, 0, 6, 201, 231, -0.05274708569049835
119, 0, 7, 189, 228, -0.06678900867700577
119, 0, 8, 178, 228, -0.07577160745859146
119, 0, 9, 186, 232, -0.03233635798096657
119, 0, 10, 175, 257, -0.053528305143117905
119, 0, 11, 179, 277, -0.05970345064997673
119, 0, 12, 184, 285, -0.06143395975232124
119, 0, 13, 171, 234, -0.033080872148275375
119, 0, 14, 164, 265, -0.04882751777768135
119, 0, 15, 174, 278, -0.044743612408638
119, 0, 16, 182, 283, -0.040004219859838486
119, 0, 17, 159, 240, -0.035959139466285706
119, 0, 18, 155, 264, -0.0479394868016243
119, 0, 19, 163, 276, -0.04414894059300423
119, 0, 20, 171, 281, -0.03845937177538872
119, 1, 0, 0, 0, 0.0
119, 1, 1, 0, 0, 0.0
119, 1, 2, 0, 0, 0.0
119, 1, 3, 0, 0, 0.0
119, 1, 4, 0, 0, 0.0
119, 1, 5, 0, 0, 0.0
119, 1, 6, 0, 0, 0.0
119, 1, 7, 0, 0, 0.0
119, 1, 8, 0, 0, 0.0
119, 1, 9, 0, 0, 0.0
119, 1, 10, 0, 0, 0.0
119, 1, 11, 0, 0, 0.0
119, 1, 12, 0, 0, 0.0
119, 1, 13, 0, 0, 0.0
119, 1, 14, 0, 0, 0.0
119, 1, 15, 0, 0, 0.0
119, 1, 16, 0, 0, 0.0
119, 1, 17, 0, 0, 0.0
119, 1, 18, 0, 0, 0.0
119, 1, 19, 0, 0, 0.0
119, 1, 20, 0, 0, 0.0
120, 0, 0, 186, 280, -8.685245944661801e-08
120, 0, 1, 200, 278, -0.015851862728595734
120, 0, 2, 212, 276, -0.029834382236003876
120, 0, 3, 204, 282, -0.04244792461395264
120, 0, 4, 192, 289, -0.05523025617003441
120, 0, 5, 204, 247, -0.03107082098722458
120, 0, 6, 200, 239, -0.051171403378248215
120, 0, 7, 190, 237, -0.06460296362638474
120, 0, 8, 179, 237, -0.07268913835287094
120, 0, 9, 185, 240, -0.03125608712434769
120, 0, 10, 176, 264, -0.05357488617300987
120, 0, 11, 180, 284, -0.05920782685279846
120, 0, 12, 185, 294, -0.05951635167002678
120, 0, 13, 170, 243, -0.03251482918858528
120, 0, 14, 165, 271, -0.04964696615934372
120, 0, 15, 174, 286, -0.04559103026986122
120, 0, 16, 182, 292, -0.039714694023132324
120, 0, 17, 158, 250, -0.03556137904524803
120, 0, 18, 154, 271, -0.04757732152938843
120, 0, 19, 162, 284, -0.04319481551647186
120, 0, 20, 170, 289, -0.03666470944881439
120, 1, 0, 0, 0, 0.0
120, 1, 1, 0, 0, 0.0
120, 1, 2, 0, 0, 0.0
120, 1, 3, 0, 0, 0.0
120, 1, 4, 0, 0, 0.0
120, 1, 5, 0, 0, 0.0
120, 1, 6, 0, 0, 0.0
120, 1, 7, 0, 0, 0.0
120, 1, 8, 0, 0, 0.0
120, 1, 9, 0, 0, 0.0
120, 1, 10, 0, 0, 0.0
120, 1, 11, 0, 0, 0.0
120, 1, 12, 0, 0, 0.0
120, 1, 13, 0, 0, 0.0
120, 1, 14, 0, 0, 0.0
120, 1, 15, 0, 0, 0.0
120, 1, 16, 0, 0, 0.0
120, 1, 17, 0, 0, 0.0
120, 1, 18, 0, 0, 0.0
120, 1, 19, 0, 0, 0.0
120, 1, 20, 0, 0, 0.0
121, 0, 0, 189, 292, -1.20317537266601e-07
121, 0, 1, 200, 293, -0.02368391491472721
121, 0, 2, 208, 293, -0.043242502957582474
121, 0, 3, 206, 299, -0.06073838099837303
121, 0, 4, 198, 304, -0.07902336120605469
121, 0, 5, 206, 258, -0.037893056869506836
121, 0, 6, 201, 250, -0.06197141110897064
121, 0, 7, 193, 251, -0.07837983965873718
121, 0, 8, 187, 256, -0.087644062936306
121, 0, 9, 188, 254, -0.03583204373717308
121, 0, 10, 179, 266, -0.06346859037876129
121, 0, 11, 180, 290, -0.0718512088060379
121, 0, 12, 184, 307, -0.07214231789112091
121, 0, 13, 173, 258, -0.035616714507341385
121, 0, 14, 165, 273, -0.06004997715353966
121, 0, 15, 169, 295, -0.05913776904344559
121, 0, 16, 175, 309, -0.05265158414840698
121, 0, 17, 162, 265, -0.037164922803640366
121, 0, 18, 155, 278, -0.05505813658237457
121, 0, 19, 159, 294, -0.052990254014730453
121, 0, 20, 165, 305, -0.04641250520944595
121, 1, 0, 0, 0, 0.0
121, 1, 1, 0, 0, 0.0
121, 1, 2, 0, 0, 0.0
121, 1, 3, 0, 0, 0.0
121, 1, 4, 0, 0, 0.0
121, 1, 5, 0, 0, 0.0
121, 1, 6, 0, 0, 0.0
121, 1, 7, 0, 0, 0.0
121, 1, 8, 0, 0, 0.0
121, 1, 9, 0, 0, 0.0
121, 1, 10, 0, 0, 0.0
121, 1, 11, 0, 0, 0.0
121, 1, 12, 0, 0, 0.0
121, 1, 13, 0, 0, 0.0
121, 1, 14, 0, 0, 0.0
121, 1, 15, 0, 0, 0.0
121, 1, 16, 0, 0, 0.0
121, 1, 17, 0, 0, 0.0
121, 1, 18, 0, 0, 0.0
121, 1, 19, 0, 0, 0.0
121, 1, 20, 0, 0, 0.0
122, 0, 0, 187, 339, -1.25663760286443e-07
122, 0, 1, 203, 334, -0.03076753579080105
122, 0, 2, 213, 330, -0.05595792084932327
122, 0, 3, 214, 332, -0.07851171493530273
122, 0, 4, 209, 340, -0.10075917094945908
122, 0, 5, 208, 281, -0.037710681557655334
122, 0, 6, 199, 274, -0.06917863339185715
122, 0, 7, 193, 282, -0.09145934134721756
122, 0, 8, 191, 295, -0.10286722332239151
122, 0, 9, 190, 278, -0.03303796425461769
122, 0, 10, 179, 281, -0.06499053537845612
122, 0, 11, 180, 307, -0.07647988945245743
122, 0, 12, 185, 327, -0.07764623314142227
122, 0, 13, 173, 283, -0.031847648322582245
122, 0, 14, 166, 290, -0.05994740128517151
122, 0, 15, 170, 312, -0.061772216111421585
122, 0, 16, 175, 328, -0.05553700402379036
122, 0, 17, 161, 290, -0.03308326378464699
122, 0, 18, 155, 297, -0.05259740352630615
122, 0, 19, 160, 315, -0.0520063079893589
122, 0, 20, 166, 327, -0.04552384838461876
122, 1, 0, 184, 296, -1.4015705573910964e-07
122, 1, 1, 195, 298, -0.02306603081524372
122, 1, 2, 205, 298, -0.04177612438797951
122, 1, 3, 210, 302, -0.05809192359447479
122, 1, 4, 209, 306, -0.07575502246618271
122, 1, 5, 199, 270, -0.041341640055179596
122, 1, 6, 197, 276, -0.06809822469949722
122, 1, 7, 194, 283, -0.08596260845661163
122, 1, 8, 191, 291, -0.09517074376344681
122, 1, 9, 183, 269, -0.03908853977918625
122, 1, 10, 178, 287, -0.06496819853782654
122, 1, 11, 179, 310, -0.07254968583583832
122, 1, 12, 183, 326, -0.07395347952842712
122, 1, 13, 170, 275, -0.03839392960071564
122, 1, 14, 165, 294, -0.06299012899398804
122, 1, 15, 167, 315, -0.06079898402094841
122, 1, 16, 171, 328, -0.05381638929247856
122, 1, 17, 160, 283, -0.03930113837122917
122, 1, 18, 156, 297, -0.05614012852311134
122, 1, 19, 158, 314, -0.051935825496912
122, 1, 20, 162, 325, -0.04445983096957207
123, 0, 0, 0, 0, 0.0
123, 0, 1, 0, 0, 0.0
123, 0, 2, 0, 0, 0.0
123, 0, 3, 0, 0, 0.0
123, 0, 4, 0, 0, 0.0
123, 0, 5, 0, 0, 0.0
123, 0, 6, 0, 0, 0.0
123, 0, 7, 0, 0, 0.0
123, 0, 8, 0, 0, 0.0
123, 0, 9, 0, 0, 0.0
123, 0, 10, 0, 0, 0.0
123, 0, 11, 0, 0, 0.0
123, 0, 12, 0, 0, 0.0
123, 0, 13, 0, 0, 0.0
123, 0, 14, 0, 0, 0.0
123, 0, 15, 0, 0, 0.0
123, 0, 16, 0, 0, 0.0
123, 0, 17, 0, 0, 0.0
123, 0, 18, 0, 0, 0.0
123, 0, 19, 0, 0, 0.0
123, 0, 20, 0, 0, 0.0
123, 1, 0, 0, 0, 0.0
123, 1, 1, 0, 0, 0.0
123, 1, 2, 0, 0, 0.0
123, 1, 3, 0, 0, 0.0
123, 1, 4, 0, 0, 0.0
123, 1, 5, 0, 0, 0.0
123, 1, 6, 0, 0, 0.0
123, 1, 7, 0, 0, 0.0
123, 1, 8, 0, 0, 0.0
123, 1, 9, 0, 0, 0.0
123, 1, 10, 0, 0, 0.0
123, 1, 11, 0, 0, 0.0
123, 1, 12, 0, 0, 0.0
123, 1, 13, 0, 0, 0.0
123, 1, 14, 0, 0, 0.0
123, 1, 15, 0, 0, 0.0
123, 1, 16, 0, 0, 0.0
123, 1, 17, 0, 0, 0.0
123, 1, 18, 0, 0, 0.0
123, 1, 19, 0, 0, 0.0
123, 1, 20, 0, 0, 0.0
124, 0, 0, 194, 363, -2.7944761882281455e-07
124, 0, 1, 211, 365, -0.022716594859957695
124, 0, 2, 226, 371, -0.0470128059387207
124, 0, 3, 234, 382, -0.06996575742959976
124, 0, 4, 239, 395, -0.09532769024372101
124, 0, 5, 217, 348, -0.057042211294174194
124, 0, 6, 219, 377, -0.08876735717058182
124, 0, 7, 217, 399, -0.11101056635379791
124, 0, 8, 216, 418, -0.12316811084747314
124, 0, 9, 194, 348, -0.057086046785116196
124, 0, 10, 194, 378, -0.08196358382701874
124, 0, 11, 196, 401, -0.08907739073038101
124, 0, 12, 198, 419, -0.09395962953567505
124, 0, 13, 175, 353, -0.05750726908445358
124, 0, 14, 174, 378, -0.07830007374286652
124, 0, 15, 179, 400, -0.07490338385105133
124, 0, 16, 184, 415, -0.07077153027057648
124, 0, 17, 161, 361, -0.05998430773615837
124, 0, 18, 161, 382, -0.07245189696550369
124, 0, 19, 167, 398, -0.06709421426057816
124, 0, 20, 173, 410, -0.06193508207798004
124, 1, 0, 0, 0, 0.0
124, 1, 1, 0, 0, 0.0
124, 1, 2, 0, 0, 0.0
124, 1, 3, 0, 0, 0.0
124, 1, 4, 0, 0, 0.0
124, 1, 5, 0, 0, 0.0
124, 1, 6, 0, 0, 0.0
124, 1, 7, 0, 0, 0.0
124, 1, 8, 0, 0, 0.0
124, 1, 9, 0, 0, 0.0
124, 1, 10, 0, 0, 0.0
124, 1, 11, 0, 0, 0.0
124, 1, 12, 0, 0, 0.0
124, 1, 13, 0, 0, 0.0
124, 1, 14, 0, 0, 0.0
124, 1, 15, 0, 0, 0.0
124, 1, 16, 0, 0, 0.0
124, 1, 17, 0, 0, 0.0
124, 1, 18, 0, 0, 0.0
124, 1, 19, 0, 0, 0.0
124, 1, 20, 0, 0, 0.0
125, 0, 0, 205, 378, 1.448646855806146e-07
125, 0, 1, 219, 395, -0.005956225097179413
125, 0, 2, 223, 420, -0.013754806481301785
125, 0, 3, 222, 442, -0.01928029954433441
125, 0, 4, 221, 459, -0.024517953395843506
125, 0, 5, 218, 412, -0.03767942264676094
125, 0, 6, 222, 444, -0.05068984255194664
125, 0, 7, 222, 462, -0.0526878796517849
125, 0, 8, 221, 473, -0.051456645131111145
125, 0, 9, 202, 410, -0.039451662451028824
125, 0, 10, 199, 446, -0.05201095715165138
125, 0, 11, 198, 462, -0.05088111385703087
125, 0, 12, 199, 470, -0.047942813485860825
125, 0, 13, 186, 409, -0.03976975753903389
125, 0, 14, 180, 443, -0.049332763999700546
125, 0, 15, 180, 458, -0.0447797030210495
125, 0, 16, 181, 465, -0.03911760821938515
125, 0, 17, 174, 407, -0.039745308458805084
125, 0, 18, 168, 436, -0.04516569525003433
125, 0, 19, 168, 451, -0.040996428579092026
125, 0, 20, 169, 458, -0.035916659981012344
125, 1, 0, 0, 0, 0.0
125, 1, 1, 0, 0, 0.0
125, 1, 2, 0, 0, 0.0
125, 1, 3, 0, 0, 0.0
125, 1, 4, 0, 0, 0.0
125, 1, 5, 0, 0, 0.0
125, 1, 6, 0, 0, 0.0
125, 1, 7, 0, 0, 0.0
125, 1, 8, 0, 0, 0.0
125, 1, 9, 0, 0, 0.0
125, 1, 10, 0, 0, 0.0
125, 1, 11, 0, 0, 0.0
125, 1, 12, 0, 0, 0.0
125, 1, 13, 0, 0, 0.0
125, 1, 14, 0, 0, 0.0
125, 1, 15, 0, 0, 0.0
125, 1, 16, 0, 0, 0.0
125, 1, 17, 0, 0, 0.0
125, 1, 18, 0, 0, 0.0
125, 1, 19, 0, 0, 0.0
125, 1, 20, 0, 0, 0.0
126, 0, 0, 0, 0, 0.0
126, 0, 1, 0, 0, 0.0
126, 0, 2, 0, 0, 0.0
126, 0, 3, 0, 0, 0.0
126, 0, 4, 0, 0, 0.0
126, 0, 5, 0, 0, 0.0
126, 0, 6, 0, 0, 0.0
126, 0, 7, 0, 0, 0.0
126, 0, 8, 0, 0, 0.0
126, 0, 9, 0, 0, 0.0
126, 0, 10, 0, 0, 0.0
126, 0, 11, 0, 0, 0.0
126, 0, 12, 0, 0, 0.0
126, 0, 13, 0, 0, 0.0
126, 0, 14, 0, 0, 0.0
126, 0, 15, 0, 0, 0.0
126, 0, 16, 0, 0, 0.0
126, 0, 17, 0, 0, 0.0
126, 0, 18, 0, 0, 0.0
126, 0, 19, 0, 0, 0.0
126, 0, 20, 0, 0, 0.0
126, 1, 0, 0, 0, 0.0
126, 1, 1, 0, 0, 0.0
126, 1, 2, 0, 0, 0.0
126, 1, 3, 0, 0, 0.0
126, 1, 4, 0, 0, 0.0
126, 1, 5, 0, 0, 0.0
126, 1, 6, 0, 0, 0.0
126, 1, 7, 0, 0, 0.0
126, 1, 8, 0, 0, 0.0
126, 1, 9, 0, 0, 0.0
126, 1, 10, 0, 0, 0.0
126, 1, 11, 0, 0, 0.0
126, 1, 12, 0, 0, 0.0
126, 1, 13, 0, 0, 0.0
126, 1, 14, 0, 0, 0.0
126, 1, 15, 0, 0, 0.0
126, 1, 16, 0, 0, 0.0
126, 1, 17, 0, 0, 0.0
126, 1, 18, 0, 0, 0.0
126, 1, 19, 0, 0, 0.0
126, 1, 20, 0, 0, 0.0
127, 0, 0, 0, 0, 0.0
127, 0, 1, 0, 0, 0.0
127, 0, 2, 0, 0, 0.0
127, 0, 3, 0, 0, 0.0
127, 0, 4, 0, 0, 0.0
127, 0, 5, 0, 0, 0.0
127, 0, 6, 0, 0, 0.0
127, 0, 7, 0, 0, 0.0
127, 0, 8, 0, 0, 0.0
127, 0, 9, 0, 0, 0.0
127, 0, 10, 0, 0, 0.0
127, 0, 11, 0, 0, 0.0
127, 0, 12, 0, 0, 0.0
127, 0, 13, 0, 0, 0.0
127, 0, 14, 0, 0, 0.0
127, 0, 15, 0, 0, 0.0
127, 0, 16, 0, 0, 0.0
127, 0, 17, 0, 0, 0.0
127, 0, 18, 0, 0, 0.0
127, 0, 19, 0, 0, 0.0
127, 0, 20, 0, 0, 0.0
127, 1, 0, 0, 0, 0.0
127, 1, 1, 0, 0, 0.0
127, 1, 2, 0, 0, 0.0
127, 1, 3, 0, 0, 0.0
127, 1, 4, 0, 0, 0.0
127, 1, 5, 0, 0, 0.0
127, 1, 6, 0, 0, 0.0
127, 1, 7, 0, 0, 0.0
127, 1, 8, 0, 0, 0.0
127, 1, 9, 0, 0, 0.0
127, 1, 10, 0, 0, 0.0
127, 1, 11, 0, 0, 0.0
127, 1, 12, 0, 0, 0.0
127, 1, 13, 0, 0, 0.0
127, 1, 14, 0, 0, 0.0
127, 1, 15, 0, 0, 0.0
127, 1, 16, 0, 0, 0.0
127, 1, 17, 0, 0, 0.0
127, 1, 18, 0, 0, 0.0
127, 1, 19, 0, 0, 0.0
127, 1, 20, 0, 0, 0.0
128, 0, 0, 0, 0, 0.0
128, 0, 1, 0, 0, 0.0
128, 0, 2, 0, 0, 0.0
128, 0, 3, 0, 0, 0.0
128, 0, 4, 0, 0, 0.0
128, 0, 5, 0, 0, 0.0
128, 0, 6, 0, 0, 0.0
128, 0, 7, 0, 0, 0.0
128, 0, 8, 0, 0, 0.0
128, 0, 9, 0, 0, 0.0
128, 0, 10, 0, 0, 0.0
128, 0, 11, 0, 0, 0.0
128, 0, 12, 0, 0, 0.0
128, 0, 13, 0, 0, 0.0
128, 0, 14, 0, 0, 0.0
128, 0, 15, 0, 0, 0.0
128, 0, 16, 0, 0, 0.0
128, 0, 17, 0, 0, 0.0
128, 0, 18, 0, 0, 0.0
128, 0, 19, 0, 0, 0.0
128, 0, 20, 0, 0, 0.0
128, 1, 0, 0, 0, 0.0
128, 1, 1, 0, 0, 0.0
128, 1, 2, 0, 0, 0.0
128, 1, 3, 0, 0, 0.0
128, 1, 4, 0, 0, 0.0
128, 1, 5, 0, 0, 0.0
128, 1, 6, 0, 0, 0.0
128, 1, 7, 0, 0, 0.0
128, 1, 8, 0, 0, 0.0
128, 1, 9, 0, 0, 0.0
128, 1, 10, 0, 0, 0.0
128, 1, 11, 0, 0, 0.0
128, 1, 12, 0, 0, 0.0
128, 1, 13, 0, 0, 0.0
128, 1, 14, 0, 0, 0.0
128, 1, 15, 0, 0, 0.0
128, 1, 16, 0, 0, 0.0
128, 1, 17, 0, 0, 0.0
128, 1, 18, 0, 0, 0.0
128, 1, 19, 0, 0, 0.0
128, 1, 20, 0, 0, 0.0
129, 0, 0, 0, 0, 0.0
129, 0, 1, 0, 0, 0.0
129, 0, 2, 0, 0, 0.0
129, 0, 3, 0, 0, 0.0
129, 0, 4, 0, 0, 0.0
129, 0, 5, 0, 0, 0.0
129, 0, 6, 0, 0, 0.0
129, 0, 7, 0, 0, 0.0
129, 0, 8, 0, 0, 0.0
129, 0, 9, 0, 0, 0.0
129, 0, 10, 0, 0, 0.0
129, 0, 11, 0, 0, 0.0
129, 0, 12, 0, 0, 0.0
129, 0, 13, 0, 0, 0.0
129, 0, 14, 0, 0, 0.0
129, 0, 15, 0, 0, 0.0
129, 0, 16, 0, 0, 0.0
129, 0, 17, 0, 0, 0.0
129, 0, 18, 0, 0, 0.0
129, 0, 19, 0, 0, 0.0
129, 0, 20, 0, 0, 0.0
129, 1, 0, 0, 0, 0.0
129, 1, 1, 0, 0, 0.0
129, 1, 2, 0, 0, 0.0
129, 1, 3, 0, 0, 0.0
129, 1, 4, 0, 0, 0.0
129, 1, 5, 0, 0, 0.0
129, 1, 6, 0, 0, 0.0
129, 1, 7, 0, 0, 0.0
129, 1, 8, 0, 0, 0.0
129, 1, 9, 0, 0, 0.0
129, 1, 10, 0, 0, 0.0
129, 1, 11, 0, 0, 0.0
129, 1, 12, 0, 0, 0.0
129, 1, 13, 0, 0, 0.0
129, 1, 14, 0, 0, 0.0
129, 1, 15, 0, 0, 0.0
129, 1, 16, 0, 0, 0.0
129, 1, 17, 0, 0, 0.0
129, 1, 18, 0, 0, 0.0
129, 1, 19, 0, 0, 0.0
129, 1, 20, 0, 0, 0.0
130, 0, 0, 0, 0, 0.0
130, 0, 1, 0, 0, 0.0
130, 0, 2, 0, 0, 0.0
130, 0, 3, 0, 0, 0.0
130, 0, 4, 0, 0, 0.0
130, 0, 5, 0, 0, 0.0
130, 0, 6, 0, 0, 0.0
130, 0, 7, 0, 0, 0.0
130, 0, 8, 0, 0, 0.0
130, 0, 9, 0, 0, 0.0
130, 0, 10, 0, 0, 0.0
130, 0, 11, 0, 0, 0.0
130, 0, 12, 0, 0, 0.0
130, 0, 13, 0, 0, 0.0
130, 0, 14, 0, 0, 0.0
130, 0, 15, 0, 0, 0.0
130, 0, 16, 0, 0, 0.0
130, 0, 17, 0, 0, 0.0
130, 0, 18, 0, 0, 0.0
130, 0, 19, 0, 0, 0.0
130, 0, 20, 0, 0, 0.0
130, 1, 0, 0, 0, 0.0
130, 1, 1, 0, 0, 0.0
130, 1, 2, 0, 0, 0.0
130, 1, 3, 0, 0, 0.0
130, 1, 4, 0, 0, 0.0
130, 1, 5, 0, 0, 0.0
130, 1, 6, 0, 0, 0.0
130, 1, 7, 0, 0, 0.0
130, 1, 8, 0, 0, 0.0
130, 1, 9, 0, 0, 0.0
130, 1, 10, 0, 0, 0.0
130, 1, 11, 0, 0, 0.0
130, 1, 12, 0, 0, 0.0
130, 1, 13, 0, 0, 0.0
130, 1, 14, 0, 0, 0.0
130, 1, 15, 0, 0, 0.0
130, 1, 16, 0, 0, 0.0
130, 1, 17, 0, 0, 0.0
130, 1, 18, 0, 0, 0.0
130, 1, 19, 0, 0, 0.0
130, 1, 20, 0, 0, 0.0
131, 0, 0, 0, 0, 0.0
131, 0, 1, 0, 0, 0.0
131, 0, 2, 0, 0, 0.0
131, 0, 3, 0, 0, 0.0
131, 0, 4, 0, 0, 0.0
131, 0, 5, 0, 0, 0.0
131, 0, 6, 0, 0, 0.0
131, 0, 7, 0, 0, 0.0
131, 0, 8, 0, 0, 0.0
131, 0, 9, 0, 0, 0.0
131, 0, 10, 0, 0, 0.0
131, 0, 11, 0, 0, 0.0
131, 0, 12, 0, 0, 0.0
131, 0, 13, 0, 0, 0.0
131, 0, 14, 0, 0, 0.0
131, 0, 15, 0, 0, 0.0
131, 0, 16, 0, 0, 0.0
131, 0, 17, 0, 0, 0.0
131, 0, 18, 0, 0, 0.0
131, 0, 19, 0, 0, 0.0
131, 0, 20, 0, 0, 0.0
131, 1, 0, 0, 0, 0.0
131, 1, 1, 0, 0, 0.0
131, 1, 2, 0, 0, 0.0
131, 1, 3, 0, 0, 0.0
131, 1, 4, 0, 0, 0.0
131, 1, 5, 0, 0, 0.0
131, 1, 6, 0, 0, 0.0
131, 1, 7, 0, 0, 0.0
131, 1, 8, 0, 0, 0.0
131, 1, 9, 0, 0, 0.0
131, 1, 10, 0, 0, 0.0
131, 1, 11, 0, 0, 0.0
131, 1, 12, 0, 0, 0.0
131, 1, 13, 0, 0, 0.0
131, 1, 14, 0, 0, 0.0
131, 1, 15, 0, 0, 0.0
131, 1, 16, 0, 0, 0.0
131, 1, 17, 0, 0, 0.0
131, 1, 18, 0, 0, 0.0
131, 1, 19, 0, 0, 0.0
131, 1, 20, 0, 0, 0.0
132, 0, 0, 0, 0, 0.0
132, 0, 1, 0, 0, 0.0
132, 0, 2, 0, 0, 0.0
132, 0, 3, 0, 0, 0.0
132, 0, 4, 0, 0, 0.0
132, 0, 5, 0, 0, 0.0
132, 0, 6, 0, 0, 0.0
132, 0, 7, 0, 0, 0.0
132, 0, 8, 0, 0, 0.0
132, 0, 9, 0, 0, 0.0
132, 0, 10, 0, 0, 0.0
132, 0, 11, 0, 0, 0.0
132, 0, 12, 0, 0, 0.0
132, 0, 13, 0, 0, 0.0
132, 0, 14, 0, 0, 0.0
132, 0, 15, 0, 0, 0.0
132, 0, 16, 0, 0, 0.0
132, 0, 17, 0, 0, 0.0
132, 0, 18, 0, 0, 0.0
132, 0, 19, 0, 0, 0.0
132, 0, 20, 0, 0, 0.0
132, 1, 0, 0, 0, 0.0
132, 1, 1, 0, 0, 0.0
132, 1, 2, 0, 0, 0.0
132, 1, 3, 0, 0, 0.0
132, 1, 4, 0, 0, 0.0
132, 1, 5, 0, 0, 0.0
132, 1, 6, 0, 0, 0.0
132, 1, 7, 0, 0, 0.0
132, 1, 8, 0, 0, 0.0
132, 1, 9, 0, 0, 0.0
132, 1, 10, 0, 0, 0.0
132, 1, 11, 0, 0, 0.0
132, 1, 12, 0, 0, 0.0
132, 1, 13, 0, 0, 0.0
132, 1, 14, 0, 0, 0.0
132, 1, 15, 0, 0, 0.0
132, 1, 16, 0, 0, 0.0
132, 1, 17, 0, 0, 0.0
132, 1, 18, 0, 0, 0.0
132, 1, 19, 0, 0, 0.0
132, 1, 20, 0, 0, 0.0
133, 0, 0, 0, 0, 0.0
133, 0, 1, 0, 0, 0.0
133, 0, 2, 0, 0, 0.0
133, 0, 3, 0, 0, 0.0
133, 0, 4, 0, 0, 0.0
133, 0, 5, 0, 0, 0.0
133, 0, 6, 0, 0, 0.0
133, 0, 7, 0, 0, 0.0
133, 0, 8, 0, 0, 0.0
133, 0, 9, 0, 0, 0.0
133, 0, 10, 0, 0, 0.0
133, 0, 11, 0, 0, 0.0
133, 0, 12, 0, 0, 0.0
133, 0, 13, 0, 0, 0.0
133, 0, 14, 0, 0, 0.0
133, 0, 15, 0, 0, 0.0
133, 0, 16, 0, 0, 0.0
133, 0, 17, 0, 0, 0.0
133, 0, 18, 0, 0, 0.0
133, 0, 19, 0, 0, 0.0
133, 0, 20, 0, 0, 0.0
133, 1, 0, 0, 0, 0.0
133, 1, 1, 0, 0, 0.0
133, 1, 2, 0, 0, 0.0
133, 1, 3, 0, 0, 0.0
133, 1, 4, 0, 0, 0.0
133, 1, 5, 0, 0, 0.0
133, 1, 6, 0, 0, 0.0
133, 1, 7, 0, 0, 0.0
133, 1, 8, 0, 0, 0.0
133, 1, 9, 0, 0, 0.0
133, 1, 10, 0, 0, 0.0
133, 1, 11, 0, 0, 0.0
133, 1, 12, 0, 0, 0.0
133, 1, 13, 0, 0, 0.0
133, 1, 14, 0, 0, 0.0
133, 1, 15, 0, 0, 0.0
133, 1, 16, 0, 0, 0.0
133, 1, 17, 0, 0, 0.0
133, 1, 18, 0, 0, 0.0
133, 1, 19, 0, 0, 0.0
133, 1, 20, 0, 0, 0.0
134, 0, 0, 0, 0, 0.0
134, 0, 1, 0, 0, 0.0
134, 0, 2, 0, 0, 0.0
134, 0, 3, 0, 0, 0.0
134, 0, 4, 0, 0, 0.0
134, 0, 5, 0, 0, 0.0
134, 0, 6, 0, 0, 0.0
134, 0, 7, 0, 0, 0.0
134, 0, 8, 0, 0, 0.0
134, 0, 9, 0, 0, 0.0
134, 0, 10, 0, 0, 0.0
134, 0, 11, 0, 0, 0.0
134, 0, 12, 0, 0, 0.0
134, 0, 13, 0, 0, 0.0
134, 0, 14, 0, 0, 0.0
134, 0, 15, 0, 0, 0.0
134, 0, 16, 0, 0, 0.0
134, 0, 17, 0, 0, 0.0
134, 0, 18, 0, 0, 0.0
134, 0, 19, 0, 0, 0.0
134, 0, 20, 0, 0, 0.0
134, 1, 0, 0, 0, 0.0
134, 1, 1, 0, 0, 0.0
134, 1, 2, 0, 0, 0.0
134, 1, 3, 0, 0, 0.0
134, 1, 4, 0, 0, 0.0
134, 1, 5, 0, 0, 0.0
134, 1, 6, 0, 0, 0.0
134, 1, 7, 0, 0, 0.0
134, 1, 8, 0, 0, 0.0
134, 1, 9, 0, 0, 0.0
134, 1, 10, 0, 0, 0.0
134, 1, 11, 0, 0, 0.0
134, 1, 12, 0, 0, 0.0
134, 1, 13, 0, 0, 0.0
134, 1, 14, 0, 0, 0.0
134, 1, 15, 0, 0, 0.0
134, 1, 16, 0, 0, 0.0
134, 1, 17, 0, 0, 0.0
134, 1, 18, 0, 0, 0.0
134, 1, 19, 0, 0, 0.0
134, 1, 20, 0, 0, 0.0
135, 0, 0, 0, 0, 0.0
135, 0, 1, 0, 0, 0.0
135, 0, 2, 0, 0, 0.0
135, 0, 3, 0, 0, 0.0
135, 0, 4, 0, 0, 0.0
135, 0, 5, 0, 0, 0.0
135, 0, 6, 0, 0, 0.0
135, 0, 7, 0, 0, 0.0
135, 0, 8, 0, 0, 0.0
135, 0, 9, 0, 0, 0.0
135, 0, 10, 0, 0, 0.0
135, 0, 11, 0, 0, 0.0
135, 0, 12, 0, 0, 0.0
135, 0, 13, 0, 0, 0.0
135, 0, 14, 0, 0, 0.0
135, 0, 15, 0, 0, 0.0
135, 0, 16, 0, 0, 0.0
135, 0, 17, 0, 0, 0.0
135, 0, 18, 0, 0, 0.0
135, 0, 19, 0, 0, 0.0
135, 0, 20, 0, 0, 0.0
135, 1, 0, 0, 0, 0.0
135, 1, 1, 0, 0, 0.0
135, 1, 2, 0, 0, 0.0
135, 1, 3, 0, 0, 0.0
135, 1, 4, 0, 0, 0.0
135, 1, 5, 0, 0, 0.0
135, 1, 6, 0, 0, 0.0
135, 1, 7, 0, 0, 0.0
135, 1, 8, 0, 0, 0.0
135, 1, 9, 0, 0, 0.0
135, 1, 10, 0, 0, 0.0
135, 1, 11, 0, 0, 0.0
135, 1, 12, 0, 0, 0.0
135, 1, 13, 0, 0, 0.0
135, 1, 14, 0, 0, 0.0
135, 1, 15, 0, 0, 0.0
135, 1, 16, 0, 0, 0.0
135, 1, 17, 0, 0, 0.0
135, 1, 18, 0, 0, 0.0
135, 1, 19, 0, 0, 0.0
135, 1, 20, 0, 0, 0.0
136, 0, 0, 0, 0, 0.0
136, 0, 1, 0, 0, 0.0
136, 0, 2, 0, 0, 0.0
136, 0, 3, 0, 0, 0.0
136, 0, 4, 0, 0, 0.0
136, 0, 5, 0, 0, 0.0
136, 0, 6, 0, 0, 0.0
136, 0, 7, 0, 0, 0.0
136, 0, 8, 0, 0, 0.0
136, 0, 9, 0, 0, 0.0
136, 0, 10, 0, 0, 0.0
136, 0, 11, 0, 0, 0.0
136, 0, 12, 0, 0, 0.0
136, 0, 13, 0, 0, 0.0
136, 0, 14, 0, 0, 0.0
136, 0, 15, 0, 0, 0.0
136, 0, 16, 0, 0, 0.0
136, 0, 17, 0, 0, 0.0
136, 0, 18, 0, 0, 0.0
136, 0, 19, 0, 0, 0.0
136, 0, 20, 0, 0, 0.0
136, 1, 0, 0, 0, 0.0
136, 1, 1, 0, 0, 0.0
136, 1, 2, 0, 0, 0.0
136, 1, 3, 0, 0, 0.0
136, 1, 4, 0, 0, 0.0
136, 1, 5, 0, 0, 0.0
136, 1, 6, 0, 0, 0.0
136, 1, 7, 0, 0, 0.0
136, 1, 8, 0, 0, 0.0
136, 1, 9, 0, 0, 0.0
136, 1, 10, 0, 0, 0.0
136, 1, 11, 0, 0, 0.0
136, 1, 12, 0, 0, 0.0
136, 1, 13, 0, 0, 0.0
136, 1, 14, 0, 0, 0.0
136, 1, 15, 0, 0, 0.0
136, 1, 16, 0, 0, 0.0
136, 1, 17, 0, 0, 0.0
136, 1, 18, 0, 0, 0.0
136, 1, 19, 0, 0, 0.0
136, 1, 20, 0, 0, 0.0
137, 0, 0, 0, 0, 0.0
137, 0, 1, 0, 0, 0.0
137, 0, 2, 0, 0, 0.0
137, 0, 3, 0, 0, 0.0
137, 0, 4, 0, 0, 0.0
137, 0, 5, 0, 0, 0.0
137, 0, 6, 0, 0, 0.0
137, 0, 7, 0, 0, 0.0
137, 0, 8, 0, 0, 0.0
137, 0, 9, 0, 0, 0.0
137, 0, 10, 0, 0, 0.0
137, 0, 11, 0, 0, 0.0
137, 0, 12, 0, 0, 0.0
137, 0, 13, 0, 0, 0.0
137, 0, 14, 0, 0, 0.0
137, 0, 15, 0, 0, 0.0
137, 0, 16, 0, 0, 0.0
137, 0, 17, 0, 0, 0.0
137, 0, 18, 0, 0, 0.0
137, 0, 19, 0, 0, 0.0
137, 0, 20, 0, 0, 0.0
137, 1, 0, 0, 0, 0.0
137, 1, 1, 0, 0, 0.0
137, 1, 2, 0, 0, 0.0
137, 1, 3, 0, 0, 0.0
137, 1, 4, 0, 0, 0.0
137, 1, 5, 0, 0, 0.0
137, 1, 6, 0, 0, 0.0
137, 1, 7, 0, 0, 0.0
137, 1, 8, 0, 0, 0.0
137, 1, 9, 0, 0, 0.0
137, 1, 10, 0, 0, 0.0
137, 1, 11, 0, 0, 0.0
137, 1, 12, 0, 0, 0.0
137, 1, 13, 0, 0, 0.0
137, 1, 14, 0, 0, 0.0
137, 1, 15, 0, 0, 0.0
137, 1, 16, 0, 0, 0.0
137, 1, 17, 0, 0, 0.0
137, 1, 18, 0, 0, 0.0
137, 1, 19, 0, 0, 0.0
137, 1, 20, 0, 0, 0.0
138, 0, 0, 0, 0, 0.0
138, 0, 1, 0, 0, 0.0
138, 0, 2, 0, 0, 0.0
138, 0, 3, 0, 0, 0.0
138, 0, 4, 0, 0, 0.0
138, 0, 5, 0, 0, 0.0
138, 0, 6, 0, 0, 0.0
138, 0, 7, 0, 0, 0.0
138, 0, 8, 0, 0, 0.0
138, 0, 9, 0, 0, 0.0
138, 0, 10, 0, 0, 0.0
138, 0, 11, 0, 0, 0.0
138, 0, 12, 0, 0, 0.0
138, 0, 13, 0, 0, 0.0
138, 0, 14, 0, 0, 0.0
138, 0, 15, 0, 0, 0.0
138, 0, 16, 0, 0, 0.0
138, 0, 17, 0, 0, 0.0
138, 0, 18, 0, 0, 0.0
138, 0, 19, 0, 0, 0.0
138, 0, 20, 0, 0, 0.0
138, 1, 0, 0, 0, 0.0
138, 1, 1, 0, 0, 0.0
138, 1, 2, 0, 0, 0.0
138, 1, 3, 0, 0, 0.0
138, 1, 4, 0, 0, 0.0
138, 1, 5, 0, 0, 0.0
138, 1, 6, 0, 0, 0.0
138, 1, 7, 0, 0, 0.0
138, 1, 8, 0, 0, 0.0
138, 1, 9, 0, 0, 0.0
138, 1, 10, 0, 0, 0.0
138, 1, 11, 0, 0, 0.0
138, 1, 12, 0, 0, 0.0
138, 1, 13, 0, 0, 0.0
138, 1, 14, 0, 0, 0.0
138, 1, 15, 0, 0, 0.0
138, 1, 16, 0, 0, 0.0
138, 1, 17, 0, 0, 0.0
138, 1, 18, 0, 0, 0.0
138, 1, 19, 0, 0, 0.0
138, 1, 20, 0, 0, 0.0
139, 0, 0, 0, 0, 0.0
139, 0, 1, 0, 0, 0.0
139, 0, 2, 0, 0, 0.0
139, 0, 3, 0, 0, 0.0
139, 0, 4, 0, 0, 0.0
139, 0, 5, 0, 0, 0.0
139, 0, 6, 0, 0, 0.0
139, 0, 7, 0, 0, 0.0
139, 0, 8, 0, 0, 0.0
139, 0, 9, 0, 0, 0.0
139, 0, 10, 0, 0, 0.0
139, 0, 11, 0, 0, 0.0
139, 0, 12, 0, 0, 0.0
139, 0, 13, 0, 0, 0.0
139, 0, 14, 0, 0, 0.0
139, 0, 15, 0, 0, 0.0
139, 0, 16, 0, 0, 0.0
139, 0, 17, 0, 0, 0.0
139, 0, 18, 0, 0, 0.0
139, 0, 19, 0, 0, 0.0
139, 0, 20, 0, 0, 0.0
139, 1, 0, 0, 0, 0.0
139, 1, 1, 0, 0, 0.0
139, 1, 2, 0, 0, 0.0
139, 1, 3, 0, 0, 0.0
139, 1, 4, 0, 0, 0.0
139, 1, 5, 0, 0, 0.0
139, 1, 6, 0, 0, 0.0
139, 1, 7, 0, 0, 0.0
139, 1, 8, 0, 0, 0.0
139, 1, 9, 0, 0, 0.0
139, 1, 10, 0, 0, 0.0
139, 1, 11, 0, 0, 0.0
139, 1, 12, 0, 0, 0.0
139, 1, 13, 0, 0, 0.0
139, 1, 14, 0, 0, 0.0
139, 1, 15, 0, 0, 0.0
139, 1, 16, 0, 0, 0.0
139, 1, 17, 0, 0, 0.0
139, 1, 18, 0, 0, 0.0
139, 1, 19, 0, 0, 0.0
139, 1, 20, 0, 0, 0.0
140, 0, 0, 0, 0, 0.0
140, 0, 1, 0, 0, 0.0
140, 0, 2, 0, 0, 0.0
140, 0, 3, 0, 0, 0.0
140, 0, 4, 0, 0, 0.0
140, 0, 5, 0, 0, 0.0
140, 0, 6, 0, 0, 0.0
140, 0, 7, 0, 0, 0.0
140, 0, 8, 0, 0, 0.0
140, 0, 9, 0, 0, 0.0
140, 0, 10, 0, 0, 0.0
140, 0, 11, 0, 0, 0.0
140, 0, 12, 0, 0, 0.0
140, 0, 13, 0, 0, 0.0
140, 0, 14, 0, 0, 0.0
140, 0, 15, 0, 0, 0.0
140, 0, 16, 0, 0, 0.0
140, 0, 17, 0, 0, 0.0
140, 0, 18, 0, 0, 0.0
140, 0, 19, 0, 0, 0.0
140, 0, 20, 0, 0, 0.0
140, 1, 0, 0, 0, 0.0
140, 1, 1, 0, 0, 0.0
140, 1, 2, 0, 0, 0.0
140, 1, 3, 0, 0, 0.0
140, 1, 4, 0, 0, 0.0
140, 1, 5, 0, 0, 0.0
140, 1, 6, 0, 0, 0.0
140, 1, 7, 0, 0, 0.0
140, 1, 8, 0, 0, 0.0
140, 1, 9, 0, 0, 0.0
140, 1, 10, 0, 0, 0.0
140, 1, 11, 0, 0, 0.0
140, 1, 12, 0, 0, 0.0
140, 1, 13, 0, 0, 0.0
140, 1, 14, 0, 0, 0.0
140, 1, 15, 0, 0, 0.0
140, 1, 16, 0, 0, 0.0
140, 1, 17, 0, 0, 0.0
140, 1, 18, 0, 0, 0.0
140, 1, 19, 0, 0, 0.0
140, 1, 20, 0, 0, 0.0
141, 0, 0, 0, 0, 0.0
141, 0, 1, 0, 0, 0.0
141, 0, 2, 0, 0, 0.0
141, 0, 3, 0, 0, 0.0
141, 0, 4, 0, 0, 0.0
141, 0, 5, 0, 0, 0.0
141, 0, 6, 0, 0, 0.0
141, 0, 7, 0, 0, 0.0
141, 0, 8, 0, 0, 0.0
141, 0, 9, 0, 0, 0.0
141, 0, 10, 0, 0, 0.0
141, 0, 11, 0, 0, 0.0
141, 0, 12, 0, 0, 0.0
141, 0, 13, 0, 0, 0.0
141, 0, 14, 0, 0, 0.0
141, 0, 15, 0, 0, 0.0
141, 0, 16, 0, 0, 0.0
141, 0, 17, 0, 0, 0.0
141, 0, 18, 0, 0, 0.0
141, 0, 19, 0, 0, 0.0
141, 0, 20, 0, 0, 0.0
141, 1, 0, 0, 0, 0.0
141, 1, 1, 0, 0, 0.0
141, 1, 2, 0, 0, 0.0
141, 1, 3, 0, 0, 0.0
141, 1, 4, 0, 0, 0.0
141, 1, 5, 0, 0, 0.0
141, 1, 6, 0, 0, 0.0
141, 1, 7, 0, 0, 0.0
141, 1, 8, 0, 0, 0.0
141, 1, 9, 0, 0, 0.0
141, 1, 10, 0, 0, 0.0
141, 1, 11, 0, 0, 0.0
141, 1, 12, 0, 0, 0.0
141, 1, 13, 0, 0, 0.0
141, 1, 14, 0, 0, 0.0
141, 1, 15, 0, 0, 0.0
141, 1, 16, 0, 0, 0.0
141, 1, 17, 0, 0, 0.0
141, 1, 18, 0, 0, 0.0
141, 1, 19, 0, 0, 0.0
141, 1, 20, 0, 0, 0.0
142, 0, 0, 0, 0, 0.0
142, 0, 1, 0, 0, 0.0
142, 0, 2, 0, 0, 0.0
142, 0, 3, 0, 0, 0.0
142, 0, 4, 0, 0, 0.0
142, 0, 5, 0, 0, 0.0
142, 0, 6, 0, 0, 0.0
142, 0, 7, 0, 0, 0.0
142, 0, 8, 0, 0, 0.0
142, 0, 9, 0, 0, 0.0
142, 0, 10, 0, 0, 0.0
142, 0, 11, 0, 0, 0.0
142, 0, 12, 0, 0, 0.0
142, 0, 13, 0, 0, 0.0
142, 0, 14, 0, 0, 0.0
142, 0, 15, 0, 0, 0.0
142, 0, 16, 0, 0, 0.0
142, 0, 17, 0, 0, 0.0
142, 0, 18, 0, 0, 0.0
142, 0, 19, 0, 0, 0.0
142, 0, 20, 0, 0, 0.0
142, 1, 0, 0, 0, 0.0
142, 1, 1, 0, 0, 0.0
142, 1, 2, 0, 0, 0.0
142, 1, 3, 0, 0, 0.0
142, 1, 4, 0, 0, 0.0
142, 1, 5, 0, 0, 0.0
142, 1, 6, 0, 0, 0.0
142, 1, 7, 0, 0, 0.0
142, 1, 8, 0, 0, 0.0
142, 1, 9, 0, 0, 0.0
142, 1, 10, 0, 0, 0.0
142, 1, 11, 0, 0, 0.0
142, 1, 12, 0, 0, 0.0
142, 1, 13, 0, 0, 0.0
142, 1, 14, 0, 0, 0.0
142, 1, 15, 0, 0, 0.0
142, 1, 16, 0, 0, 0.0
142, 1, 17, 0, 0, 0.0
142, 1, 18, 0, 0, 0.0
142, 1, 19, 0, 0, 0.0
142, 1, 20, 0, 0, 0.0
143, 0, 0, 0, 0, 0.0
143, 0, 1, 0, 0, 0.0
143, 0, 2, 0, 0, 0.0
143, 0, 3, 0, 0, 0.0
143, 0, 4, 0, 0, 0.0
143, 0, 5, 0, 0, 0.0
143, 0, 6, 0, 0, 0.0
143, 0, 7, 0, 0, 0.0
143, 0, 8, 0, 0, 0.0
143, 0, 9, 0, 0, 0.0
143, 0, 10, 0, 0, 0.0
143, 0, 11, 0, 0, 0.0
143, 0, 12, 0, 0, 0.0
143, 0, 13, 0, 0, 0.0
143, 0, 14, 0, 0, 0.0
143, 0, 15, 0, 0, 0.0
143, 0, 16, 0, 0, 0.0
143, 0, 17, 0, 0, 0.0
143, 0, 18, 0, 0, 0.0
143, 0, 19, 0, 0, 0.0
143, 0, 20, 0, 0, 0.0
143, 1, 0, 0, 0, 0.0
143, 1, 1, 0, 0, 0.0
143, 1, 2, 0, 0, 0.0
143, 1, 3, 0, 0, 0.0
143, 1, 4, 0, 0, 0.0
143, 1, 5, 0, 0, 0.0
143, 1, 6, 0, 0, 0.0
143, 1, 7, 0, 0, 0.0
143, 1, 8, 0, 0, 0.0
143, 1, 9, 0, 0, 0.0
143, 1, 10, 0, 0, 0.0
143, 1, 11, 0, 0, 0.0
143, 1, 12, 0, 0, 0.0
143, 1, 13, 0, 0, 0.0
143, 1, 14, 0, 0, 0.0
143, 1, 15, 0, 0, 0.0
143, 1, 16, 0, 0, 0.0
143, 1, 17, 0, 0, 0.0
143, 1, 18, 0, 0, 0.0
143, 1, 19, 0, 0, 0.0
143, 1, 20, 0, 0, 0.0
144, 0, 0, 0, 0, 0.0
144, 0, 1, 0, 0, 0.0
144, 0, 2, 0, 0, 0.0
144, 0, 3, 0, 0, 0.0
144, 0, 4, 0, 0, 0.0
144, 0, 5, 0, 0, 0.0
144, 0, 6, 0, 0, 0.0
144, 0, 7, 0, 0, 0.0
144, 0, 8, 0, 0, 0.0
144, 0, 9, 0, 0, 0.0
144, 0, 10, 0, 0, 0.0
144, 0, 11, 0, 0, 0.0
144, 0, 12, 0, 0, 0.0
144, 0, 13, 0, 0, 0.0
144, 0, 14, 0, 0, 0.0
144, 0, 15, 0, 0, 0.0
144, 0, 16, 0, 0, 0.0
144, 0, 17, 0, 0, 0.0
144, 0, 18, 0, 0, 0.0
144, 0, 19, 0, 0, 0.0
144, 0, 20, 0, 0, 0.0
144, 1, 0, 0, 0, 0.0
144, 1, 1, 0, 0, 0.0
144, 1, 2, 0, 0, 0.0
144, 1, 3, 0, 0, 0.0
144, 1, 4, 0, 0, 0.0
144, 1, 5, 0, 0, 0.0
144, 1, 6, 0, 0, 0.0
144, 1, 7, 0, 0, 0.0
144, 1, 8, 0, 0, 0.0
144, 1, 9, 0, 0, 0.0
144, 1, 10, 0, 0, 0.0
144, 1, 11, 0, 0, 0.0
144, 1, 12, 0, 0, 0.0
144, 1, 13, 0, 0, 0.0
144, 1, 14, 0, 0, 0.0
144, 1, 15, 0, 0, 0.0
144, 1, 16, 0, 0, 0.0
144, 1, 17, 0, 0, 0.0
144, 1, 18, 0, 0, 0.0
144, 1, 19, 0, 0, 0.0
144, 1, 20, 0, 0, 0.0
145, 0, 0, 0, 0, 0.0
145, 0, 1, 0, 0, 0.0
145, 0, 2, 0, 0, 0.0
145, 0, 3, 0, 0, 0.0
145, 0, 4, 0, 0, 0.0
145, 0, 5, 0, 0, 0.0
145, 0, 6, 0, 0, 0.0
145, 0, 7, 0, 0, 0.0
145, 0, 8, 0, 0, 0.0
145, 0, 9, 0, 0, 0.0
145, 0, 10, 0, 0, 0.0
145, 0, 11, 0, 0, 0.0
145, 0, 12, 0, 0, 0.0
145, 0, 13, 0, 0, 0.0
145, 0, 14, 0, 0, 0.0
145, 0, 15, 0, 0, 0.0
145, 0, 16, 0, 0, 0.0
145, 0, 17, 0, 0, 0.0
145, 0, 18, 0, 0, 0.0
145, 0, 19, 0, 0, 0.0
145, 0, 20, 0, 0, 0.0
145, 1, 0, 0, 0, 0.0
145, 1, 1, 0, 0, 0.0
145, 1, 2, 0, 0, 0.0
145, 1, 3, 0, 0, 0.0
145, 1, 4, 0, 0, 0.0
145, 1, 5, 0, 0, 0.0
145, 1, 6, 0, 0, 0.0
145, 1, 7, 0, 0, 0.0
145, 1, 8, 0, 0, 0.0
145, 1, 9, 0, 0, 0.0
145, 1, 10, 0, 0, 0.0
145, 1, 11, 0, 0, 0.0
145, 1, 12, 0, 0, 0.0
145, 1, 13, 0, 0, 0.0
145, 1, 14, 0, 0, 0.0
145, 1, 15, 0, 0, 0.0
145, 1, 16, 0, 0, 0.0
145, 1, 17, 0, 0, 0.0
145, 1, 18, 0, 0, 0.0
145, 1, 19, 0, 0, 0.0
145, 1, 20, 0, 0, 0.0
146, 0, 0, 0, 0, 0.0
146, 0, 1, 0, 0, 0.0
146, 0, 2, 0, 0, 0.0
146, 0, 3, 0, 0, 0.0
146, 0, 4, 0, 0, 0.0
146, 0, 5, 0, 0, 0.0
146, 0, 6, 0, 0, 0.0
146, 0, 7, 0, 0, 0.0
146, 0, 8, 0, 0, 0.0
146, 0, 9, 0, 0, 0.0
146, 0, 10, 0, 0, 0.0
146, 0, 11, 0, 0, 0.0
146, 0, 12, 0, 0, 0.0
146, 0, 13, 0, 0, 0.0
146, 0, 14, 0, 0, 0.0
146, 0, 15, 0, 0, 0.0
146, 0, 16, 0, 0, 0.0
146, 0, 17, 0, 0, 0.0
146, 0, 18, 0, 0, 0.0
146, 0, 19, 0, 0, 0.0
146, 0, 20, 0, 0, 0.0
146, 1, 0, 0, 0, 0.0
146, 1, 1, 0, 0, 0.0
146, 1, 2, 0, 0, 0.0
146, 1, 3, 0, 0, 0.0
146, 1, 4, 0, 0, 0.0
146, 1, 5, 0, 0, 0.0
146, 1, 6, 0, 0, 0.0
146, 1, 7, 0, 0, 0.0
146, 1, 8, 0, 0, 0.0
146, 1, 9, 0, 0, 0.0
146, 1, 10, 0, 0, 0.0
146, 1, 11, 0, 0, 0.0
146, 1, 12, 0, 0, 0.0
146, 1, 13, 0, 0, 0.0
146, 1, 14, 0, 0, 0.0
146, 1, 15, 0, 0, 0.0
146, 1, 16, 0, 0, 0.0
146, 1, 17, 0, 0, 0.0
146, 1, 18, 0, 0, 0.0
146, 1, 19, 0, 0, 0.0
146, 1, 20, 0, 0, 0.0
147, 0, 0, 0, 0, 0.0
147, 0, 1, 0, 0, 0.0
147, 0, 2, 0, 0, 0.0
147, 0, 3, 0, 0, 0.0
147, 0, 4, 0, 0, 0.0
147, 0, 5, 0, 0, 0.0
147, 0, 6, 0, 0, 0.0
147, 0, 7, 0, 0, 0.0
147, 0, 8, 0, 0, 0.0
147, 0, 9, 0, 0, 0.0
147, 0, 10, 0, 0, 0.0
147, 0, 11, 0, 0, 0.0
147, 0, 12, 0, 0, 0.0
147, 0, 13, 0, 0, 0.0
147, 0, 14, 0, 0, 0.0
147, 0, 15, 0, 0, 0.0
147, 0, 16, 0, 0, 0.0
147, 0, 17, 0, 0, 0.0
147, 0, 18, 0, 0, 0.0
147, 0, 19, 0, 0, 0.0
147, 0, 20, 0, 0, 0.0
147, 1, 0, 0, 0, 0.0
147, 1, 1, 0, 0, 0.0
147, 1, 2, 0, 0, 0.0
147, 1, 3, 0, 0, 0.0
147, 1, 4, 0, 0, 0.0
147, 1, 5, 0, 0, 0.0
147, 1, 6, 0, 0, 0.0
147, 1, 7, 0, 0, 0.0
147, 1, 8, 0, 0, 0.0
147, 1, 9, 0, 0, 0.0
147, 1, 10, 0, 0, 0.0
147, 1, 11, 0, 0, 0.0
147, 1, 12, 0, 0, 0.0
147, 1, 13, 0, 0, 0.0
147, 1, 14, 0, 0, 0.0
147, 1, 15, 0, 0, 0.0
147, 1, 16, 0, 0, 0.0
147, 1, 17, 0, 0, 0.0
147, 1, 18, 0, 0, 0.0
147, 1, 19, 0, 0, 0.0
147, 1, 20, 0, 0, 0.0
148, 0, 0, 0, 0, 0.0
148, 0, 1, 0, 0, 0.0
148, 0, 2, 0, 0, 0.0
148, 0, 3, 0, 0, 0.0
148, 0, 4, 0, 0, 0.0
148, 0, 5, 0, 0, 0.0
148, 0, 6, 0, 0, 0.0
148, 0, 7, 0, 0, 0.0
148, 0, 8, 0, 0, 0.0
148, 0, 9, 0, 0, 0.0
148, 0, 10, 0, 0, 0.0
148, 0, 11, 0, 0, 0.0
148, 0, 12, 0, 0, 0.0
148, 0, 13, 0, 0, 0.0
148, 0, 14, 0, 0, 0.0
148, 0, 15, 0, 0, 0.0
148, 0, 16, 0, 0, 0.0
148, 0, 17, 0, 0, 0.0
148, 0, 18, 0, 0, 0.0
148, 0, 19, 0, 0, 0.0
148, 0, 20, 0, 0, 0.0
148, 1, 0, 0, 0, 0.0
148, 1, 1, 0, 0, 0.0
148, 1, 2, 0, 0, 0.0
148, 1, 3, 0, 0, 0.0
148, 1, 4, 0, 0, 0.0
148, 1, 5, 0, 0, 0.0
148, 1, 6, 0, 0, 0.0
148, 1, 7, 0, 0, 0.0
148, 1, 8, 0, 0, 0.0
148, 1, 9, 0, 0, 0.0
148, 1, 10, 0, 0, 0.0
148, 1, 11, 0, 0, 0.0
148, 1, 12, 0, 0, 0.0
148, 1, 13, 0, 0, 0.0
148, 1, 14, 0, 0, 0.0
148, 1, 15, 0, 0, 0.0
148, 1, 16, 0, 0, 0.0
148, 1, 17, 0, 0, 0.0
148, 1, 18, 0, 0, 0.0
148, 1, 19, 0, 0, 0.0
148, 1, 20, 0, 0, 0.0
149, 0, 0, 0, 0, 0.0
149, 0, 1, 0, 0, 0.0
149, 0, 2, 0, 0, 0.0
149, 0, 3, 0, 0, 0.0
149, 0, 4, 0, 0, 0.0
149, 0, 5, 0, 0, 0.0
149, 0, 6, 0, 0, 0.0
149, 0, 7, 0, 0, 0.0
149, 0, 8, 0, 0, 0.0
149, 0, 9, 0, 0, 0.0
149, 0, 10, 0, 0, 0.0
149, 0, 11, 0, 0, 0.0
149, 0, 12, 0, 0, 0.0
149, 0, 13, 0, 0, 0.0
149, 0, 14, 0, 0, 0.0
149, 0, 15, 0, 0, 0.0
149, 0, 16, 0, 0, 0.0
149, 0, 17, 0, 0, 0.0
149, 0, 18, 0, 0, 0.0
149, 0, 19, 0, 0, 0.0
149, 0, 20, 0, 0, 0.0
149, 1, 0, 0, 0, 0.0
149, 1, 1, 0, 0, 0.0
149, 1, 2, 0, 0, 0.0
149, 1, 3, 0, 0, 0.0
149, 1, 4, 0, 0, 0.0
149, 1, 5, 0, 0, 0.0
149, 1, 6, 0, 0, 0.0
149, 1, 7, 0, 0, 0.0
149, 1, 8, 0, 0, 0.0
149, 1, 9, 0, 0, 0.0
149, 1, 10, 0, 0, 0.0
149, 1, 11, 0, 0, 0.0
149, 1, 12, 0, 0, 0.0
149, 1, 13, 0, 0, 0.0
149, 1, 14, 0, 0, 0.0
149, 1, 15, 0, 0, 0.0
149, 1, 16, 0, 0, 0.0
149, 1, 17, 0, 0, 0.0
149, 1, 18, 0, 0, 0.0
149, 1, 19, 0, 0, 0.0
149, 1, 20, 0, 0, 0.0
150, 0, 0, 0, 0, 0.0
150, 0, 1, 0, 0, 0.0
150, 0, 2, 0, 0, 0.0
150, 0, 3, 0, 0, 0.0
150, 0, 4, 0, 0, 0.0
150, 0, 5, 0, 0, 0.0
150, 0, 6, 0, 0, 0.0
150, 0, 7, 0, 0, 0.0
150, 0, 8, 0, 0, 0.0
150, 0, 9, 0, 0, 0.0
150, 0, 10, 0, 0, 0.0
150, 0, 11, 0, 0, 0.0
150, 0, 12, 0, 0, 0.0
150, 0, 13, 0, 0, 0.0
150, 0, 14, 0, 0, 0.0
150, 0, 15, 0, 0, 0.0
150, 0, 16, 0, 0, 0.0
150, 0, 17, 0, 0, 0.0
150, 0, 18, 0, 0, 0.0
150, 0, 19, 0, 0, 0.0
150, 0, 20, 0, 0, 0.0
150, 1, 0, 0, 0, 0.0
150, 1, 1, 0, 0, 0.0
150, 1, 2, 0, 0, 0.0
150, 1, 3, 0, 0, 0.0
150, 1, 4, 0, 0, 0.0
150, 1, 5, 0, 0, 0.0
150, 1, 6, 0, 0, 0.0
150, 1, 7, 0, 0, 0.0
150, 1, 8, 0, 0, 0.0
150, 1, 9, 0, 0, 0.0
150, 1, 10, 0, 0, 0.0
150, 1, 11, 0, 0, 0.0
150, 1, 12, 0, 0, 0.0
150, 1, 13, 0, 0, 0.0
150, 1, 14, 0, 0, 0.0
150, 1, 15, 0, 0, 0.0
150, 1, 16, 0, 0, 0.0
150, 1, 17, 0, 0, 0.0
150, 1, 18, 0, 0, 0.0
150, 1, 19, 0, 0, 0.0
150, 1, 20, 0, 0, 0.0
151, 0, 0, 0, 0, 0.0
151, 0, 1, 0, 0, 0.0
151, 0, 2, 0, 0, 0.0
151, 0, 3, 0, 0, 0.0
151, 0, 4, 0, 0, 0.0
151, 0, 5, 0, 0, 0.0
151, 0, 6, 0, 0, 0.0
151, 0, 7, 0, 0, 0.0
151, 0, 8, 0, 0, 0.0
151, 0, 9, 0, 0, 0.0
151, 0, 10, 0, 0, 0.0
151, 0, 11, 0, 0, 0.0
151, 0, 12, 0, 0, 0.0
151, 0, 13, 0, 0, 0.0
151, 0, 14, 0, 0, 0.0
151, 0, 15, 0, 0, 0.0
151, 0, 16, 0, 0, 0.0
151, 0, 17, 0, 0, 0.0
151, 0, 18, 0, 0, 0.0
151, 0, 19, 0, 0, 0.0
151, 0, 20, 0, 0, 0.0
151, 1, 0, 0, 0, 0.0
151, 1, 1, 0, 0, 0.0
151, 1, 2, 0, 0, 0.0
151, 1, 3, 0, 0, 0.0
151, 1, 4, 0, 0, 0.0
151, 1, 5, 0, 0, 0.0
151, 1, 6, 0, 0, 0.0
151, 1, 7, 0, 0, 0.0
151, 1, 8, 0, 0, 0.0
151, 1, 9, 0, 0, 0.0
151, 1, 10, 0, 0, 0.0
151, 1, 11, 0, 0, 0.0
151, 1, 12, 0, 0, 0.0
151, 1, 13, 0, 0, 0.0
151, 1, 14, 0, 0, 0.0
151, 1, 15, 0, 0, 0.0
151, 1, 16, 0, 0, 0.0
151, 1, 17, 0, 0, 0.0
151, 1, 18, 0, 0, 0.0
151, 1, 19, 0, 0, 0.0
151, 1, 20, 0, 0, 0.0
152, 0, 0, 0, 0, 0.0
152, 0, 1, 0, 0, 0.0
152, 0, 2, 0, 0, 0.0
152, 0, 3, 0, 0, 0.0
152, 0, 4, 0, 0, 0.0
152, 0, 5, 0, 0, 0.0
152, 0, 6, 0, 0, 0.0
152, 0, 7, 0, 0, 0.0
152, 0, 8, 0, 0, 0.0
152, 0, 9, 0, 0, 0.0
152, 0, 10, 0, 0, 0.0
152, 0, 11, 0, 0, 0.0
152, 0, 12, 0, 0, 0.0
152, 0, 13, 0, 0, 0.0
152, 0, 14, 0, 0, 0.0
152, 0, 15, 0, 0, 0.0
152, 0, 16, 0, 0, 0.0
152, 0, 17, 0, 0, 0.0
152, 0, 18, 0, 0, 0.0
152, 0, 19, 0, 0, 0.0
152, 0, 20, 0, 0, 0.0
152, 1, 0, 0, 0, 0.0
152, 1, 1, 0, 0, 0.0
152, 1, 2, 0, 0, 0.0
152, 1, 3, 0, 0, 0.0
152, 1, 4, 0, 0, 0.0
152, 1, 5, 0, 0, 0.0
152, 1, 6, 0, 0, 0.0
152, 1, 7, 0, 0, 0.0
152, 1, 8, 0, 0, 0.0
152, 1, 9, 0, 0, 0.0
152, 1, 10, 0, 0, 0.0
152, 1, 11, 0, 0, 0.0
152, 1, 12, 0, 0, 0.0
152, 1, 13, 0, 0, 0.0
152, 1, 14, 0, 0, 0.0
152, 1, 15, 0, 0, 0.0
152, 1, 16, 0, 0, 0.0
152, 1, 17, 0, 0, 0.0
152, 1, 18, 0, 0, 0.0
152, 1, 19, 0, 0, 0.0
152, 1, 20, 0, 0, 0.0
153, 0, 0, 0, 0, 0.0
153, 0, 1, 0, 0, 0.0
153, 0, 2, 0, 0, 0.0
153, 0, 3, 0, 0, 0.0
153, 0, 4, 0, 0, 0.0
153, 0, 5, 0, 0, 0.0
153, 0, 6, 0, 0, 0.0
153, 0, 7, 0, 0, 0.0
153, 0, 8, 0, 0, 0.0
153, 0, 9, 0, 0, 0.0
153, 0, 10, 0, 0, 0.0
153, 0, 11, 0, 0, 0.0
153, 0, 12, 0, 0, 0.0
153, 0, 13, 0, 0, 0.0
153, 0, 14, 0, 0, 0.0
153, 0, 15, 0, 0, 0.0
153, 0, 16, 0, 0, 0.0
153, 0, 17, 0, 0, 0.0
153, 0, 18, 0, 0, 0.0
153, 0, 19, 0, 0, 0.0
153, 0, 20, 0, 0, 0.0
153, 1, 0, 0, 0, 0.0
153, 1, 1, 0, 0, 0.0
153, 1, 2, 0, 0, 0.0
153, 1, 3, 0, 0, 0.0
153, 1, 4, 0, 0, 0.0
153, 1, 5, 0, 0, 0.0
153, 1, 6, 0, 0, 0.0
153, 1, 7, 0, 0, 0.0
153, 1, 8, 0, 0, 0.0
153, 1, 9, 0, 0, 0.0
153, 1, 10, 0, 0, 0.0
153, 1, 11, 0, 0, 0.0
153, 1, 12, 0, 0, 0.0
153, 1, 13, 0, 0, 0.0
153, 1, 14, 0, 0, 0.0
153, 1, 15, 0, 0, 0.0
153, 1, 16, 0, 0, 0.0
153, 1, 17, 0, 0, 0.0
153, 1, 18, 0, 0, 0.0
153, 1, 19, 0, 0, 0.0
153, 1, 20, 0, 0, 0.0
154, 0, 0, 0, 0, 0.0
154, 0, 1, 0, 0, 0.0
154, 0, 2, 0, 0, 0.0
154, 0, 3, 0, 0, 0.0
154, 0, 4, 0, 0, 0.0
154, 0, 5, 0, 0, 0.0
154, 0, 6, 0, 0, 0.0
154, 0, 7, 0, 0, 0.0
154, 0, 8, 0, 0, 0.0
154, 0, 9, 0, 0, 0.0
154, 0, 10, 0, 0, 0.0
154, 0, 11, 0, 0, 0.0
154, 0, 12, 0, 0, 0.0
154, 0, 13, 0, 0, 0.0
154, 0, 14, 0, 0, 0.0
154, 0, 15, 0, 0, 0.0
154, 0, 16, 0, 0, 0.0
154, 0, 17, 0, 0, 0.0
154, 0, 18, 0, 0, 0.0
154, 0, 19, 0, 0, 0.0
154, 0, 20, 0, 0, 0.0
154, 1, 0, 0, 0, 0.0
154, 1, 1, 0, 0, 0.0
154, 1, 2, 0, 0, 0.0
154, 1, 3, 0, 0, 0.0
154, 1, 4, 0, 0, 0.0
154, 1, 5, 0, 0, 0.0
154, 1, 6, 0, 0, 0.0
154, 1, 7, 0, 0, 0.0
154, 1, 8, 0, 0, 0.0
154, 1, 9, 0, 0, 0.0
154, 1, 10, 0, 0, 0.0
154, 1, 11, 0, 0, 0.0
154, 1, 12, 0, 0, 0.0
154, 1, 13, 0, 0, 0.0
154, 1, 14, 0, 0, 0.0
154, 1, 15, 0, 0, 0.0
154, 1, 16, 0, 0, 0.0
154, 1, 17, 0, 0, 0.0
154, 1, 18, 0, 0, 0.0
154, 1, 19, 0, 0, 0.0
154, 1, 20, 0, 0, 0.0
155, 0, 0, 0, 0, 0.0
155, 0, 1, 0, 0, 0.0
155, 0, 2, 0, 0, 0.0
155, 0, 3, 0, 0, 0.0
155, 0, 4, 0, 0, 0.0
155, 0, 5, 0, 0, 0.0
155, 0, 6, 0, 0, 0.0
155, 0, 7, 0, 0, 0.0
155, 0, 8, 0, 0, 0.0
155, 0, 9, 0, 0, 0.0
155, 0, 10, 0, 0, 0.0
155, 0, 11, 0, 0, 0.0
155, 0, 12, 0, 0, 0.0
155, 0, 13, 0, 0, 0.0
155, 0, 14, 0, 0, 0.0
155, 0, 15, 0, 0, 0.0
155, 0, 16, 0, 0, 0.0
155, 0, 17, 0, 0, 0.0
155, 0, 18, 0, 0, 0.0
155, 0, 19, 0, 0, 0.0
155, 0, 20, 0, 0, 0.0
155, 1, 0, 0, 0, 0.0
155, 1, 1, 0, 0, 0.0
155, 1, 2, 0, 0, 0.0
155, 1, 3, 0, 0, 0.0
155, 1, 4, 0, 0, 0.0
155, 1, 5, 0, 0, 0.0
155, 1, 6, 0, 0, 0.0
155, 1, 7, 0, 0, 0.0
155, 1, 8, 0, 0, 0.0
155, 1, 9, 0, 0, 0.0
155, 1, 10, 0, 0, 0.0
155, 1, 11, 0, 0, 0.0
155, 1, 12, 0, 0, 0.0
155, 1, 13, 0, 0, 0.0
155, 1, 14, 0, 0, 0.0
155, 1, 15, 0, 0, 0.0
155, 1, 16, 0, 0, 0.0
155, 1, 17, 0, 0, 0.0
155, 1, 18, 0, 0, 0.0
155, 1, 19, 0, 0, 0.0
155, 1, 20, 0, 0, 0.0
156, 0, 0, 0, 0, 0.0
156, 0, 1, 0, 0, 0.0
156, 0, 2, 0, 0, 0.0
156, 0, 3, 0, 0, 0.0
156, 0, 4, 0, 0, 0.0
156, 0, 5, 0, 0, 0.0
156, 0, 6, 0, 0, 0.0
156, 0, 7, 0, 0, 0.0
156, 0, 8, 0, 0, 0.0
156, 0, 9, 0, 0, 0.0
156, 0, 10, 0, 0, 0.0
156, 0, 11, 0, 0, 0.0
156, 0, 12, 0, 0, 0.0
156, 0, 13, 0, 0, 0.0
156, 0, 14, 0, 0, 0.0
156, 0, 15, 0, 0, 0.0
156, 0, 16, 0, 0, 0.0
156, 0, 17, 0, 0, 0.0
156, 0, 18, 0, 0, 0.0
156, 0, 19, 0, 0, 0.0
156, 0, 20, 0, 0, 0.0
156, 1, 0, 0, 0, 0.0
156, 1, 1, 0, 0, 0.0
156, 1, 2, 0, 0, 0.0
156, 1, 3, 0, 0, 0.0
156, 1, 4, 0, 0, 0.0
156, 1, 5, 0, 0, 0.0
156, 1, 6, 0, 0, 0.0
156, 1, 7, 0, 0, 0.0
156, 1, 8, 0, 0, 0.0
156, 1, 9, 0, 0, 0.0
156, 1, 10, 0, 0, 0.0
156, 1, 11, 0, 0, 0.0
156, 1, 12, 0, 0, 0.0
156, 1, 13, 0, 0, 0.0
156, 1, 14, 0, 0, 0.0
156, 1, 15, 0, 0, 0.0
156, 1, 16, 0, 0, 0.0
156, 1, 17, 0, 0, 0.0
156, 1, 18, 0, 0, 0.0
156, 1, 19, 0, 0, 0.0
156, 1, 20, 0, 0, 0.0
157, 0, 0, 0, 0, 0.0
157, 0, 1, 0, 0, 0.0
157, 0, 2, 0, 0, 0.0
157, 0, 3, 0, 0, 0.0
157, 0, 4, 0, 0, 0.0
157, 0, 5, 0, 0, 0.0
157, 0, 6, 0, 0, 0.0
157, 0, 7, 0, 0, 0.0
157, 0, 8, 0, 0, 0.0
157, 0, 9, 0, 0, 0.0
157, 0, 10, 0, 0, 0.0
157, 0, 11, 0, 0, 0.0
157, 0, 12, 0, 0, 0.0
157, 0, 13, 0, 0, 0.0
157, 0, 14, 0, 0, 0.0
157, 0, 15, 0, 0, 0.0
157, 0, 16, 0, 0, 0.0
157, 0, 17, 0, 0, 0.0
157, 0, 18, 0, 0, 0.0
157, 0, 19, 0, 0, 0.0
157, 0, 20, 0, 0, 0.0
157, 1, 0, 0, 0, 0.0
157, 1, 1, 0, 0, 0.0
157, 1, 2, 0, 0, 0.0
157, 1, 3, 0, 0, 0.0
157, 1, 4, 0, 0, 0.0
157, 1, 5, 0, 0, 0.0
157, 1, 6, 0, 0, 0.0
157, 1, 7, 0, 0, 0.0
157, 1, 8, 0, 0, 0.0
157, 1, 9, 0, 0, 0.0
157, 1, 10, 0, 0, 0.0
157, 1, 11, 0, 0, 0.0
157, 1, 12, 0, 0, 0.0
157, 1, 13, 0, 0, 0.0
157, 1, 14, 0, 0, 0.0
157, 1, 15, 0, 0, 0.0
157, 1, 16, 0, 0, 0.0
157, 1, 17, 0, 0, 0.0
157, 1, 18, 0, 0, 0.0
157, 1, 19, 0, 0, 0.0
157, 1, 20, 0, 0, 0.0
158, 0, 0, 0, 0, 0.0
158, 0, 1, 0, 0, 0.0
158, 0, 2, 0, 0, 0.0
158, 0, 3, 0, 0, 0.0
158, 0, 4, 0, 0, 0.0
158, 0, 5, 0, 0, 0.0
158, 0, 6, 0, 0, 0.0
158, 0, 7, 0, 0, 0.0
158, 0, 8, 0, 0, 0.0
158, 0, 9, 0, 0, 0.0
158, 0, 10, 0, 0, 0.0
158, 0, 11, 0, 0, 0.0
158, 0, 12, 0, 0, 0.0
158, 0, 13, 0, 0, 0.0
158, 0, 14, 0, 0, 0.0
158, 0, 15, 0, 0, 0.0
158, 0, 16, 0, 0, 0.0
158, 0, 17, 0, 0, 0.0
158, 0, 18, 0, 0, 0.0
158, 0, 19, 0, 0, 0.0
158, 0, 20, 0, 0, 0.0
158, 1, 0, 0, 0, 0.0
158, 1, 1, 0, 0, 0.0
158, 1, 2, 0, 0, 0.0
158, 1, 3, 0, 0, 0.0
158, 1, 4, 0, 0, 0.0
158, 1, 5, 0, 0, 0.0
158, 1, 6, 0, 0, 0.0
158, 1, 7, 0, 0, 0.0
158, 1, 8, 0, 0, 0.0
158, 1, 9, 0, 0, 0.0
158, 1, 10, 0, 0, 0.0
158, 1, 11, 0, 0, 0.0
158, 1, 12, 0, 0, 0.0
158, 1, 13, 0, 0, 0.0
158, 1, 14, 0, 0, 0.0
158, 1, 15, 0, 0, 0.0
158, 1, 16, 0, 0, 0.0
158, 1, 17, 0, 0, 0.0
158, 1, 18, 0, 0, 0.0
158, 1, 19, 0, 0, 0.0
158, 1, 20, 0, 0, 0.0
159, 0, 0, 0, 0, 0.0
159, 0, 1, 0, 0, 0.0
159, 0, 2, 0, 0, 0.0
159, 0, 3, 0, 0, 0.0
159, 0, 4, 0, 0, 0.0
159, 0, 5, 0, 0, 0.0
159, 0, 6, 0, 0, 0.0
159, 0, 7, 0, 0, 0.0
159, 0, 8, 0, 0, 0.0
159, 0, 9, 0, 0, 0.0
159, 0, 10, 0, 0, 0.0
159, 0, 11, 0, 0, 0.0
159, 0, 12, 0, 0, 0.0
159, 0, 13, 0, 0, 0.0
159, 0, 14, 0, 0, 0.0
159, 0, 15, 0, 0, 0.0
159, 0, 16, 0, 0, 0.0
159, 0, 17, 0, 0, 0.0
159, 0, 18, 0, 0, 0.0
159, 0, 19, 0, 0, 0.0
159, 0, 20, 0, 0, 0.0
159, 1, 0, 0, 0, 0.0
159, 1, 1, 0, 0, 0.0
159, 1, 2, 0, 0, 0.0
159, 1, 3, 0, 0, 0.0
159, 1, 4, 0, 0, 0.0
159, 1, 5, 0, 0, 0.0
159, 1, 6, 0, 0, 0.0
159, 1, 7, 0, 0, 0.0
159, 1, 8, 0, 0, 0.0
159, 1, 9, 0, 0, 0.0
159, 1, 10, 0, 0, 0.0
159, 1, 11, 0, 0, 0.0
159, 1, 12, 0, 0, 0.0
159, 1, 13, 0, 0, 0.0
159, 1, 14, 0, 0, 0.0
159, 1, 15, 0, 0, 0.0
159, 1, 16, 0, 0, 0.0
159, 1, 17, 0, 0, 0.0
159, 1, 18, 0, 0, 0.0
159, 1, 19, 0, 0, 0.0
159, 1, 20, 0, 0, 0.0
