0, 0, 0, 0, 0, 0.0
0, 0, 1, 0, 0, 0.0
0, 0, 2, 0, 0, 0.0
0, 0, 3, 0, 0, 0.0
0, 0, 4, 0, 0, 0.0
0, 0, 5, 0, 0, 0.0
0, 0, 6, 0, 0, 0.0
0, 0, 7, 0, 0, 0.0
0, 0, 8, 0, 0, 0.0
0, 0, 9, 0, 0, 0.0
0, 0, 10, 0, 0, 0.0
0, 0, 11, 0, 0, 0.0
0, 0, 12, 0, 0, 0.0
0, 0, 13, 0, 0, 0.0
0, 0, 14, 0, 0, 0.0
0, 0, 15, 0, 0, 0.0
0, 0, 16, 0, 0, 0.0
0, 0, 17, 0, 0, 0.0
0, 0, 18, 0, 0, 0.0
0, 0, 19, 0, 0, 0.0
0, 0, 20, 0, 0, 0.0
0, 1, 0, 0, 0, 0.0
0, 1, 1, 0, 0, 0.0
0, 1, 2, 0, 0, 0.0
0, 1, 3, 0, 0, 0.0
0, 1, 4, 0, 0, 0.0
0, 1, 5, 0, 0, 0.0
0, 1, 6, 0, 0, 0.0
0, 1, 7, 0, 0, 0.0
0, 1, 8, 0, 0, 0.0
0, 1, 9, 0, 0, 0.0
0, 1, 10, 0, 0, 0.0
0, 1, 11, 0, 0, 0.0
0, 1, 12, 0, 0, 0.0
0, 1, 13, 0, 0, 0.0
0, 1, 14, 0, 0, 0.0
0, 1, 15, 0, 0, 0.0
0, 1, 16, 0, 0, 0.0
0, 1, 17, 0, 0, 0.0
0, 1, 18, 0, 0, 0.0
0, 1, 19, 0, 0, 0.0
0, 1, 20, 0, 0, 0.0
1, 0, 0, 0, 0, 0.0
1, 0, 1, 0, 0, 0.0
1, 0, 2, 0, 0, 0.0
1, 0, 3, 0, 0, 0.0
1, 0, 4, 0, 0, 0.0
1, 0, 5, 0, 0, 0.0
1, 0, 6, 0, 0, 0.0
1, 0, 7, 0, 0, 0.0
1, 0, 8, 0, 0, 0.0
1, 0, 9, 0, 0, 0.0
1, 0, 10, 0, 0, 0.0
1, 0, 11, 0, 0, 0.0
1, 0, 12, 0, 0, 0.0
1, 0, 13, 0, 0, 0.0
1, 0, 14, 0, 0, 0.0
1, 0, 15, 0, 0, 0.0
1, 0, 16, 0, 0, 0.0
1, 0, 17, 0, 0, 0.0
1, 0, 18, 0, 0, 0.0
1, 0, 19, 0, 0, 0.0
1, 0, 20, 0, 0, 0.0
1, 1, 0, 0, 0, 0.0
1, 1, 1, 0, 0, 0.0
1, 1, 2, 0, 0, 0.0
1, 1, 3, 0, 0, 0.0
1, 1, 4, 0, 0, 0.0
1, 1, 5, 0, 0, 0.0
1, 1, 6, 0, 0, 0.0
1, 1, 7, 0, 0, 0.0
1, 1, 8, 0, 0, 0.0
1, 1, 9, 0, 0, 0.0
1, 1, 10, 0, 0, 0.0
1, 1, 11, 0, 0, 0.0
1, 1, 12, 0, 0, 0.0
1, 1, 13, 0, 0, 0.0
1, 1, 14, 0, 0, 0.0
1, 1, 15, 0, 0, 0.0
1, 1, 16, 0, 0, 0.0
1, 1, 17, 0, 0, 0.0
1, 1, 18, 0, 0, 0.0
1, 1, 19, 0, 0, 0.0
1, 1, 20, 0, 0, 0.0
2, 0, 0, 0, 0, 0.0
2, 0, 1, 0, 0, 0.0
2, 0, 2, 0, 0, 0.0
2, 0, 3, 0, 0, 0.0
2, 0, 4, 0, 0, 0.0
2, 0, 5, 0, 0, 0.0
2, 0, 6, 0, 0, 0.0
2, 0, 7, 0, 0, 0.0
2, 0, 8, 0, 0, 0.0
2, 0, 9, 0, 0, 0.0
2, 0, 10, 0, 0, 0.0
2, 0, 11, 0, 0, 0.0
2, 0, 12, 0, 0, 0.0
2, 0, 13, 0, 0, 0.0
2, 0, 14, 0, 0, 0.0
2, 0, 15, 0, 0, 0.0
2, 0, 16, 0, 0, 0.0
2, 0, 17, 0, 0, 0.0
2, 0, 18, 0, 0, 0.0
2, 0, 19, 0, 0, 0.0
2, 0, 20, 0, 0, 0.0
2, 1, 0, 0, 0, 0.0
2, 1, 1, 0, 0, 0.0
2, 1, 2, 0, 0, 0.0
2, 1, 3, 0, 0, 0.0
2, 1, 4, 0, 0, 0.0
2, 1, 5, 0, 0, 0.0
2, 1, 6, 0, 0, 0.0
2, 1, 7, 0, 0, 0.0
2, 1, 8, 0, 0, 0.0
2, 1, 9, 0, 0, 0.0
2, 1, 10, 0, 0, 0.0
2, 1, 11, 0, 0, 0.0
2, 1, 12, 0, 0, 0.0
2, 1, 13, 0, 0, 0.0
2, 1, 14, 0, 0, 0.0
2, 1, 15, 0, 0, 0.0
2, 1, 16, 0, 0, 0.0
2, 1, 17, 0, 0, 0.0
2, 1, 18, 0, 0, 0.0
2, 1, 19, 0, 0, 0.0
2, 1, 20, 0, 0, 0.0
3, 0, 0, 0, 0, 0.0
3, 0, 1, 0, 0, 0.0
3, 0, 2, 0, 0, 0.0
3, 0, 3, 0, 0, 0.0
3, 0, 4, 0, 0, 0.0
3, 0, 5, 0, 0, 0.0
3, 0, 6, 0, 0, 0.0
3, 0, 7, 0, 0, 0.0
3, 0, 8, 0, 0, 0.0
3, 0, 9, 0, 0, 0.0
3, 0, 10, 0, 0, 0.0
3, 0, 11, 0, 0, 0.0
3, 0, 12, 0, 0, 0.0
3, 0, 13, 0, 0, 0.0
3, 0, 14, 0, 0, 0.0
3, 0, 15, 0, 0, 0.0
3, 0, 16, 0, 0, 0.0
3, 0, 17, 0, 0, 0.0
3, 0, 18, 0, 0, 0.0
3, 0, 19, 0, 0, 0.0
3, 0, 20, 0, 0, 0.0
3, 1, 0, 0, 0, 0.0
3, 1, 1, 0, 0, 0.0
3, 1, 2, 0, 0, 0.0
3, 1, 3, 0, 0, 0.0
3, 1, 4, 0, 0, 0.0
3, 1, 5, 0, 0, 0.0
3, 1, 6, 0, 0, 0.0
3, 1, 7, 0, 0, 0.0
3, 1, 8, 0, 0, 0.0
3, 1, 9, 0, 0, 0.0
3, 1, 10, 0, 0, 0.0
3, 1, 11, 0, 0, 0.0
3, 1, 12, 0, 0, 0.0
3, 1, 13, 0, 0, 0.0
3, 1, 14, 0, 0, 0.0
3, 1, 15, 0, 0, 0.0
3, 1, 16, 0, 0, 0.0
3, 1, 17, 0, 0, 0.0
3, 1, 18, 0, 0, 0.0
3, 1, 19, 0, 0, 0.0
3, 1, 20, 0, 0, 0.0
4, 0, 0, 0, 0, 0.0
4, 0, 1, 0, 0, 0.0
4, 0, 2, 0, 0, 0.0
4, 0, 3, 0, 0, 0.0
4, 0, 4, 0, 0, 0.0
4, 0, 5, 0, 0, 0.0
4, 0, 6, 0, 0, 0.0
4, 0, 7, 0, 0, 0.0
4, 0, 8, 0, 0, 0.0
4, 0, 9, 0, 0, 0.0
4, 0, 10, 0, 0, 0.0
4, 0, 11, 0, 0, 0.0
4, 0, 12, 0, 0, 0.0
4, 0, 13, 0, 0, 0.0
4, 0, 14, 0, 0, 0.0
4, 0, 15, 0, 0, 0.0
4, 0, 16, 0, 0, 0.0
4, 0, 17, 0, 0, 0.0
4, 0, 18, 0, 0, 0.0
4, 0, 19, 0, 0, 0.0
4, 0, 20, 0, 0, 0.0
4, 1, 0, 0, 0, 0.0
4, 1, 1, 0, 0, 0.0
4, 1, 2, 0, 0, 0.0
4, 1, 3, 0, 0, 0.0
4, 1, 4, 0, 0, 0.0
4, 1, 5, 0, 0, 0.0
4, 1, 6, 0, 0, 0.0
4, 1, 7, 0, 0, 0.0
4, 1, 8, 0, 0, 0.0
4, 1, 9, 0, 0, 0.0
4, 1, 10, 0, 0, 0.0
4, 1, 11, 0, 0, 0.0
4, 1, 12, 0, 0, 0.0
4, 1, 13, 0, 0, 0.0
4, 1, 14, 0, 0, 0.0
4, 1, 15, 0, 0, 0.0
4, 1, 16, 0, 0, 0.0
4, 1, 17, 0, 0, 0.0
4, 1, 18, 0, 0, 0.0
4, 1, 19, 0, 0, 0.0
4, 1, 20, 0, 0, 0.0
5, 0, 0, 0, 0, 0.0
5, 0, 1, 0, 0, 0.0
5, 0, 2, 0, 0, 0.0
5, 0, 3, 0, 0, 0.0
5, 0, 4, 0, 0, 0.0
5, 0, 5, 0, 0, 0.0
5, 0, 6, 0, 0, 0.0
5, 0, 7, 0, 0, 0.0
5, 0, 8, 0, 0, 0.0
5, 0, 9, 0, 0, 0.0
5, 0, 10, 0, 0, 0.0
5, 0, 11, 0, 0, 0.0
5, 0, 12, 0, 0, 0.0
5, 0, 13, 0, 0, 0.0
5, 0, 14, 0, 0, 0.0
5, 0, 15, 0, 0, 0.0
5, 0, 16, 0, 0, 0.0
5, 0, 17, 0, 0, 0.0
5, 0, 18, 0, 0, 0.0
5, 0, 19, 0, 0, 0.0
5, 0, 20, 0, 0, 0.0
5, 1, 0, 0, 0, 0.0
5, 1, 1, 0, 0, 0.0
5, 1, 2, 0, 0, 0.0
5, 1, 3, 0, 0, 0.0
5, 1, 4, 0, 0, 0.0
5, 1, 5, 0, 0, 0.0
5, 1, 6, 0, 0, 0.0
5, 1, 7, 0, 0, 0.0
5, 1, 8, 0, 0, 0.0
5, 1, 9, 0, 0, 0.0
5, 1, 10, 0, 0, 0.0
5, 1, 11, 0, 0, 0.0
5, 1, 12, 0, 0, 0.0
5, 1, 13, 0, 0, 0.0
5, 1, 14, 0, 0, 0.0
5, 1, 15, 0, 0, 0.0
5, 1, 16, 0, 0, 0.0
5, 1, 17, 0, 0, 0.0
5, 1, 18, 0, 0, 0.0
5, 1, 19, 0, 0, 0.0
5, 1, 20, 0, 0, 0.0
6, 0, 0, 0, 0, 0.0
6, 0, 1, 0, 0, 0.0
6, 0, 2, 0, 0, 0.0
6, 0, 3, 0, 0, 0.0
6, 0, 4, 0, 0, 0.0
6, 0, 5, 0, 0, 0.0
6, 0, 6, 0, 0, 0.0
6, 0, 7, 0, 0, 0.0
6, 0, 8, 0, 0, 0.0
6, 0, 9, 0, 0, 0.0
6, 0, 10, 0, 0, 0.0
6, 0, 11, 0, 0, 0.0
6, 0, 12, 0, 0, 0.0
6, 0, 13, 0, 0, 0.0
6, 0, 14, 0, 0, 0.0
6, 0, 15, 0, 0, 0.0
6, 0, 16, 0, 0, 0.0
6, 0, 17, 0, 0, 0.0
6, 0, 18, 0, 0, 0.0
6, 0, 19, 0, 0, 0.0
6, 0, 20, 0, 0, 0.0
6, 1, 0, 0, 0, 0.0
6, 1, 1, 0, 0, 0.0
6, 1, 2, 0, 0, 0.0
6, 1, 3, 0, 0, 0.0
6, 1, 4, 0, 0, 0.0
6, 1, 5, 0, 0, 0.0
6, 1, 6, 0, 0, 0.0
6, 1, 7, 0, 0, 0.0
6, 1, 8, 0, 0, 0.0
6, 1, 9, 0, 0, 0.0
6, 1, 10, 0, 0, 0.0
6, 1, 11, 0, 0, 0.0
6, 1, 12, 0, 0, 0.0
6, 1, 13, 0, 0, 0.0
6, 1, 14, 0, 0, 0.0
6, 1, 15, 0, 0, 0.0
6, 1, 16, 0, 0, 0.0
6, 1, 17, 0, 0, 0.0
6, 1, 18, 0, 0, 0.0
6, 1, 19, 0, 0, 0.0
6, 1, 20, 0, 0, 0.0
7, 0, 0, 0, 0, 0.0
7, 0, 1, 0, 0, 0.0
7, 0, 2, 0, 0, 0.0
7, 0, 3, 0, 0, 0.0
7, 0, 4, 0, 0, 0.0
7, 0, 5, 0, 0, 0.0
7, 0, 6, 0, 0, 0.0
7, 0, 7, 0, 0, 0.0
7, 0, 8, 0, 0, 0.0
7, 0, 9, 0, 0, 0.0
7, 0, 10, 0, 0, 0.0
7, 0, 11, 0, 0, 0.0
7, 0, 12, 0, 0, 0.0
7, 0, 13, 0, 0, 0.0
7, 0, 14, 0, 0, 0.0
7, 0, 15, 0, 0, 0.0
7, 0, 16, 0, 0, 0.0
7, 0, 17, 0, 0, 0.0
7, 0, 18, 0, 0, 0.0
7, 0, 19, 0, 0, 0.0
7, 0, 20, 0, 0, 0.0
7, 1, 0, 0, 0, 0.0
7, 1, 1, 0, 0, 0.0
7, 1, 2, 0, 0, 0.0
7, 1, 3, 0, 0, 0.0
7, 1, 4, 0, 0, 0.0
7, 1, 5, 0, 0, 0.0
7, 1, 6, 0, 0, 0.0
7, 1, 7, 0, 0, 0.0
7, 1, 8, 0, 0, 0.0
7, 1, 9, 0, 0, 0.0
7, 1, 10, 0, 0, 0.0
7, 1, 11, 0, 0, 0.0
7, 1, 12, 0, 0, 0.0
7, 1, 13, 0, 0, 0.0
7, 1, 14, 0, 0, 0.0
7, 1, 15, 0, 0, 0.0
7, 1, 16, 0, 0, 0.0
7, 1, 17, 0, 0, 0.0
7, 1, 18, 0, 0, 0.0
7, 1, 19, 0, 0, 0.0
7, 1, 20, 0, 0, 0.0
8, 0, 0, 0, 0, 0.0
8, 0, 1, 0, 0, 0.0
8, 0, 2, 0, 0, 0.0
8, 0, 3, 0, 0, 0.0
8, 0, 4, 0, 0, 0.0
8, 0, 5, 0, 0, 0.0
8, 0, 6, 0, 0, 0.0
8, 0, 7, 0, 0, 0.0
8, 0, 8, 0, 0, 0.0
8, 0, 9, 0, 0, 0.0
8, 0, 10, 0, 0, 0.0
8, 0, 11, 0, 0, 0.0
8, 0, 12, 0, 0, 0.0
8, 0, 13, 0, 0, 0.0
8, 0, 14, 0, 0, 0.0
8, 0, 15, 0, 0, 0.0
8, 0, 16, 0, 0, 0.0
8, 0, 17, 0, 0, 0.0
8, 0, 18, 0, 0, 0.0
8, 0, 19, 0, 0, 0.0
8, 0, 20, 0, 0, 0.0
8, 1, 0, 0, 0, 0.0
8, 1, 1, 0, 0, 0.0
8, 1, 2, 0, 0, 0.0
8, 1, 3, 0, 0, 0.0
8, 1, 4, 0, 0, 0.0
8, 1, 5, 0, 0, 0.0
8, 1, 6, 0, 0, 0.0
8, 1, 7, 0, 0, 0.0
8, 1, 8, 0, 0, 0.0
8, 1, 9, 0, 0, 0.0
8, 1, 10, 0, 0, 0.0
8, 1, 11, 0, 0, 0.0
8, 1, 12, 0, 0, 0.0
8, 1, 13, 0, 0, 0.0
8, 1, 14, 0, 0, 0.0
8, 1, 15, 0, 0, 0.0
8, 1, 16, 0, 0, 0.0
8, 1, 17, 0, 0, 0.0
8, 1, 18, 0, 0, 0.0
8, 1, 19, 0, 0, 0.0
8, 1, 20, 0, 0, 0.0
9, 0, 0, 0, 0, 0.0
9, 0, 1, 0, 0, 0.0
9, 0, 2, 0, 0, 0.0
9, 0, 3, 0, 0, 0.0
9, 0, 4, 0, 0, 0.0
9, 0, 5, 0, 0, 0.0
9, 0, 6, 0, 0, 0.0
9, 0, 7, 0, 0, 0.0
9, 0, 8, 0, 0, 0.0
9, 0, 9, 0, 0, 0.0
9, 0, 10, 0, 0, 0.0
9, 0, 11, 0, 0, 0.0
9, 0, 12, 0, 0, 0.0
9, 0, 13, 0, 0, 0.0
9, 0, 14, 0, 0, 0.0
9, 0, 15, 0, 0, 0.0
9, 0, 16, 0, 0, 0.0
9, 0, 17, 0, 0, 0.0
9, 0, 18, 0, 0, 0.0
9, 0, 19, 0, 0, 0.0
9, 0, 20, 0, 0, 0.0
9, 1, 0, 0, 0, 0.0
9, 1, 1, 0, 0, 0.0
9, 1, 2, 0, 0, 0.0
9, 1, 3, 0, 0, 0.0
9, 1, 4, 0, 0, 0.0
9, 1, 5, 0, 0, 0.0
9, 1, 6, 0, 0, 0.0
9, 1, 7, 0, 0, 0.0
9, 1, 8, 0, 0, 0.0
9, 1, 9, 0, 0, 0.0
9, 1, 10, 0, 0, 0.0
9, 1, 11, 0, 0, 0.0
9, 1, 12, 0, 0, 0.0
9, 1, 13, 0, 0, 0.0
9, 1, 14, 0, 0, 0.0
9, 1, 15, 0, 0, 0.0
9, 1, 16, 0, 0, 0.0
9, 1, 17, 0, 0, 0.0
9, 1, 18, 0, 0, 0.0
9, 1, 19, 0, 0, 0.0
9, 1, 20, 0, 0, 0.0
10, 0, 0, 0, 0, 0.0
10, 0, 1, 0, 0, 0.0
10, 0, 2, 0, 0, 0.0
10, 0, 3, 0, 0, 0.0
10, 0, 4, 0, 0, 0.0
10, 0, 5, 0, 0, 0.0
10, 0, 6, 0, 0, 0.0
10, 0, 7, 0, 0, 0.0
10, 0, 8, 0, 0, 0.0
10, 0, 9, 0, 0, 0.0
10, 0, 10, 0, 0, 0.0
10, 0, 11, 0, 0, 0.0
10, 0, 12, 0, 0, 0.0
10, 0, 13, 0, 0, 0.0
10, 0, 14, 0, 0, 0.0
10, 0, 15, 0, 0, 0.0
10, 0, 16, 0, 0, 0.0
10, 0, 17, 0, 0, 0.0
10, 0, 18, 0, 0, 0.0
10, 0, 19, 0, 0, 0.0
10, 0, 20, 0, 0, 0.0
10, 1, 0, 0, 0, 0.0
10, 1, 1, 0, 0, 0.0
10, 1, 2, 0, 0, 0.0
10, 1, 3, 0, 0, 0.0
10, 1, 4, 0, 0, 0.0
10, 1, 5, 0, 0, 0.0
10, 1, 6, 0, 0, 0.0
10, 1, 7, 0, 0, 0.0
10, 1, 8, 0, 0, 0.0
10, 1, 9, 0, 0, 0.0
10, 1, 10, 0, 0, 0.0
10, 1, 11, 0, 0, 0.0
10, 1, 12, 0, 0, 0.0
10, 1, 13, 0, 0, 0.0
10, 1, 14, 0, 0, 0.0
10, 1, 15, 0, 0, 0.0
10, 1, 16, 0, 0, 0.0
10, 1, 17, 0, 0, 0.0
10, 1, 18, 0, 0, 0.0
10, 1, 19, 0, 0, 0.0
10, 1, 20, 0, 0, 0.0
11, 0, 0, 0, 0, 0.0
11, 0, 1, 0, 0, 0.0
11, 0, 2, 0, 0, 0.0
11, 0, 3, 0, 0, 0.0
11, 0, 4, 0, 0, 0.0
11, 0, 5, 0, 0, 0.0
11, 0, 6, 0, 0, 0.0
11, 0, 7, 0, 0, 0.0
11, 0, 8, 0, 0, 0.0
11, 0, 9, 0, 0, 0.0
11, 0, 10, 0, 0, 0.0
11, 0, 11, 0, 0, 0.0
11, 0, 12, 0, 0, 0.0
11, 0, 13, 0, 0, 0.0
11, 0, 14, 0, 0, 0.0
11, 0, 15, 0, 0, 0.0
11, 0, 16, 0, 0, 0.0
11, 0, 17, 0, 0, 0.0
11, 0, 18, 0, 0, 0.0
11, 0, 19, 0, 0, 0.0
11, 0, 20, 0, 0, 0.0
11, 1, 0, 0, 0, 0.0
11, 1, 1, 0, 0, 0.0
11, 1, 2, 0, 0, 0.0
11, 1, 3, 0, 0, 0.0
11, 1, 4, 0, 0, 0.0
11, 1, 5, 0, 0, 0.0
11, 1, 6, 0, 0, 0.0
11, 1, 7, 0, 0, 0.0
11, 1, 8, 0, 0, 0.0
11, 1, 9, 0, 0, 0.0
11, 1, 10, 0, 0, 0.0
11, 1, 11, 0, 0, 0.0
11, 1, 12, 0, 0, 0.0
11, 1, 13, 0, 0, 0.0
11, 1, 14, 0, 0, 0.0
11, 1, 15, 0, 0, 0.0
11, 1, 16, 0, 0, 0.0
11, 1, 17, 0, 0, 0.0
11, 1, 18, 0, 0, 0.0
11, 1, 19, 0, 0, 0.0
11, 1, 20, 0, 0, 0.0
12, 0, 0, 0, 0, 0.0
12, 0, 1, 0, 0, 0.0
12, 0, 2, 0, 0, 0.0
12, 0, 3, 0, 0, 0.0
12, 0, 4, 0, 0, 0.0
12, 0, 5, 0, 0, 0.0
12, 0, 6, 0, 0, 0.0
12, 0, 7, 0, 0, 0.0
12, 0, 8, 0, 0, 0.0
12, 0, 9, 0, 0, 0.0
12, 0, 10, 0, 0, 0.0
12, 0, 11, 0, 0, 0.0
12, 0, 12, 0, 0, 0.0
12, 0, 13, 0, 0, 0.0
12, 0, 14, 0, 0, 0.0
12, 0, 15, 0, 0, 0.0
12, 0, 16, 0, 0, 0.0
12, 0, 17, 0, 0, 0.0
12, 0, 18, 0, 0, 0.0
12, 0, 19, 0, 0, 0.0
12, 0, 20, 0, 0, 0.0
12, 1, 0, 0, 0, 0.0
12, 1, 1, 0, 0, 0.0
12, 1, 2, 0, 0, 0.0
12, 1, 3, 0, 0, 0.0
12, 1, 4, 0, 0, 0.0
12, 1, 5, 0, 0, 0.0
12, 1, 6, 0, 0, 0.0
12, 1, 7, 0, 0, 0.0
12, 1, 8, 0, 0, 0.0
12, 1, 9, 0, 0, 0.0
12, 1, 10, 0, 0, 0.0
12, 1, 11, 0, 0, 0.0
12, 1, 12, 0, 0, 0.0
12, 1, 13, 0, 0, 0.0
12, 1, 14, 0, 0, 0.0
12, 1, 15, 0, 0, 0.0
12, 1, 16, 0, 0, 0.0
12, 1, 17, 0, 0, 0.0
12, 1, 18, 0, 0, 0.0
12, 1, 19, 0, 0, 0.0
12, 1, 20, 0, 0, 0.0
13, 0, 0, 0, 0, 0.0
13, 0, 1, 0, 0, 0.0
13, 0, 2, 0, 0, 0.0
13, 0, 3, 0, 0, 0.0
13, 0, 4, 0, 0, 0.0
13, 0, 5, 0, 0, 0.0
13, 0, 6, 0, 0, 0.0
13, 0, 7, 0, 0, 0.0
13, 0, 8, 0, 0, 0.0
13, 0, 9, 0, 0, 0.0
13, 0, 10, 0, 0, 0.0
13, 0, 11, 0, 0, 0.0
13, 0, 12, 0, 0, 0.0
13, 0, 13, 0, 0, 0.0
13, 0, 14, 0, 0, 0.0
13, 0, 15, 0, 0, 0.0
13, 0, 16, 0, 0, 0.0
13, 0, 17, 0, 0, 0.0
13, 0, 18, 0, 0, 0.0
13, 0, 19, 0, 0, 0.0
13, 0, 20, 0, 0, 0.0
13, 1, 0, 0, 0, 0.0
13, 1, 1, 0, 0, 0.0
13, 1, 2, 0, 0, 0.0
13, 1, 3, 0, 0, 0.0
13, 1, 4, 0, 0, 0.0
13, 1, 5, 0, 0, 0.0
13, 1, 6, 0, 0, 0.0
13, 1, 7, 0, 0, 0.0
13, 1, 8, 0, 0, 0.0
13, 1, 9, 0, 0, 0.0
13, 1, 10, 0, 0, 0.0
13, 1, 11, 0, 0, 0.0
13, 1, 12, 0, 0, 0.0
13, 1, 13, 0, 0, 0.0
13, 1, 14, 0, 0, 0.0
13, 1, 15, 0, 0, 0.0
13, 1, 16, 0, 0, 0.0
13, 1, 17, 0, 0, 0.0
13, 1, 18, 0, 0, 0.0
13, 1, 19, 0, 0, 0.0
13, 1, 20, 0, 0, 0.0
14, 0, 0, 0, 0, 0.0
14, 0, 1, 0, 0, 0.0
14, 0, 2, 0, 0, 0.0
14, 0, 3, 0, 0, 0.0
14, 0, 4, 0, 0, 0.0
14, 0, 5, 0, 0, 0.0
14, 0, 6, 0, 0, 0.0
14, 0, 7, 0, 0, 0.0
14, 0, 8, 0, 0, 0.0
14, 0, 9, 0, 0, 0.0
14, 0, 10, 0, 0, 0.0
14, 0, 11, 0, 0, 0.0
14, 0, 12, 0, 0, 0.0
14, 0, 13, 0, 0, 0.0
14, 0, 14, 0, 0, 0.0
14, 0, 15, 0, 0, 0.0
14, 0, 16, 0, 0, 0.0
14, 0, 17, 0, 0, 0.0
14, 0, 18, 0, 0, 0.0
14, 0, 19, 0, 0, 0.0
14, 0, 20, 0, 0, 0.0
14, 1, 0, 0, 0, 0.0
14, 1, 1, 0, 0, 0.0
14, 1, 2, 0, 0, 0.0
14, 1, 3, 0, 0, 0.0
14, 1, 4, 0, 0, 0.0
14, 1, 5, 0, 0, 0.0
14, 1, 6, 0, 0, 0.0
14, 1, 7, 0, 0, 0.0
14, 1, 8, 0, 0, 0.0
14, 1, 9, 0, 0, 0.0
14, 1, 10, 0, 0, 0.0
14, 1, 11, 0, 0, 0.0
14, 1, 12, 0, 0, 0.0
14, 1, 13, 0, 0, 0.0
14, 1, 14, 0, 0, 0.0
14, 1, 15, 0, 0, 0.0
14, 1, 16, 0, 0, 0.0
14, 1, 17, 0, 0, 0.0
14, 1, 18, 0, 0, 0.0
14, 1, 19, 0, 0, 0.0
14, 1, 20, 0, 0, 0.0
15, 0, 0, 0, 0, 0.0
15, 0, 1, 0, 0, 0.0
15, 0, 2, 0, 0, 0.0
15, 0, 3, 0, 0, 0.0
15, 0, 4, 0, 0, 0.0
15, 0, 5, 0, 0, 0.0
15, 0, 6, 0, 0, 0.0
15, 0, 7, 0, 0, 0.0
15, 0, 8, 0, 0, 0.0
15, 0, 9, 0, 0, 0.0
15, 0, 10, 0, 0, 0.0
15, 0, 11, 0, 0, 0.0
15, 0, 12, 0, 0, 0.0
15, 0, 13, 0, 0, 0.0
15, 0, 14, 0, 0, 0.0
15, 0, 15, 0, 0, 0.0
15, 0, 16, 0, 0, 0.0
15, 0, 17, 0, 0, 0.0
15, 0, 18, 0, 0, 0.0
15, 0, 19, 0, 0, 0.0
15, 0, 20, 0, 0, 0.0
15, 1, 0, 0, 0, 0.0
15, 1, 1, 0, 0, 0.0
15, 1, 2, 0, 0, 0.0
15, 1, 3, 0, 0, 0.0
15, 1, 4, 0, 0, 0.0
15, 1, 5, 0, 0, 0.0
15, 1, 6, 0, 0, 0.0
15, 1, 7, 0, 0, 0.0
15, 1, 8, 0, 0, 0.0
15, 1, 9, 0, 0, 0.0
15, 1, 10, 0, 0, 0.0
15, 1, 11, 0, 0, 0.0
15, 1, 12, 0, 0, 0.0
15, 1, 13, 0, 0, 0.0
15, 1, 14, 0, 0, 0.0
15, 1, 15, 0, 0, 0.0
15, 1, 16, 0, 0, 0.0
15, 1, 17, 0, 0, 0.0
15, 1, 18, 0, 0, 0.0
15, 1, 19, 0, 0, 0.0
15, 1, 20, 0, 0, 0.0
16, 0, 0, 0, 0, 0.0
16, 0, 1, 0, 0, 0.0
16, 0, 2, 0, 0, 0.0
16, 0, 3, 0, 0, 0.0
16, 0, 4, 0, 0, 0.0
16, 0, 5, 0, 0, 0.0
16, 0, 6, 0, 0, 0.0
16, 0, 7, 0, 0, 0.0
16, 0, 8, 0, 0, 0.0
16, 0, 9, 0, 0, 0.0
16, 0, 10, 0, 0, 0.0
16, 0, 11, 0, 0, 0.0
16, 0, 12, 0, 0, 0.0
16, 0, 13, 0, 0, 0.0
16, 0, 14, 0, 0, 0.0
16, 0, 15, 0, 0, 0.0
16, 0, 16, 0, 0, 0.0
16, 0, 17, 0, 0, 0.0
16, 0, 18, 0, 0, 0.0
16, 0, 19, 0, 0, 0.0
16, 0, 20, 0, 0, 0.0
16, 1, 0, 0, 0, 0.0
16, 1, 1, 0, 0, 0.0
16, 1, 2, 0, 0, 0.0
16, 1, 3, 0, 0, 0.0
16, 1, 4, 0, 0, 0.0
16, 1, 5, 0, 0, 0.0
16, 1, 6, 0, 0, 0.0
16, 1, 7, 0, 0, 0.0
16, 1, 8, 0, 0, 0.0
16, 1, 9, 0, 0, 0.0
16, 1, 10, 0, 0, 0.0
16, 1, 11, 0, 0, 0.0
16, 1, 12, 0, 0, 0.0
16, 1, 13, 0, 0, 0.0
16, 1, 14, 0, 0, 0.0
16, 1, 15, 0, 0, 0.0
16, 1, 16, 0, 0, 0.0
16, 1, 17, 0, 0, 0.0
16, 1, 18, 0, 0, 0.0
16, 1, 19, 0, 0, 0.0
16, 1, 20, 0, 0, 0.0
17, 0, 0, 0, 0, 0.0
17, 0, 1, 0, 0, 0.0
17, 0, 2, 0, 0, 0.0
17, 0, 3, 0, 0, 0.0
17, 0, 4, 0, 0, 0.0
17, 0, 5, 0, 0, 0.0
17, 0, 6, 0, 0, 0.0
17, 0, 7, 0, 0, 0.0
17, 0, 8, 0, 0, 0.0
17, 0, 9, 0, 0, 0.0
17, 0, 10, 0, 0, 0.0
17, 0, 11, 0, 0, 0.0
17, 0, 12, 0, 0, 0.0
17, 0, 13, 0, 0, 0.0
17, 0, 14, 0, 0, 0.0
17, 0, 15, 0, 0, 0.0
17, 0, 16, 0, 0, 0.0
17, 0, 17, 0, 0, 0.0
17, 0, 18, 0, 0, 0.0
17, 0, 19, 0, 0, 0.0
17, 0, 20, 0, 0, 0.0
17, 1, 0, 0, 0, 0.0
17, 1, 1, 0, 0, 0.0
17, 1, 2, 0, 0, 0.0
17, 1, 3, 0, 0, 0.0
17, 1, 4, 0, 0, 0.0
17, 1, 5, 0, 0, 0.0
17, 1, 6, 0, 0, 0.0
17, 1, 7, 0, 0, 0.0
17, 1, 8, 0, 0, 0.0
17, 1, 9, 0, 0, 0.0
17, 1, 10, 0, 0, 0.0
17, 1, 11, 0, 0, 0.0
17, 1, 12, 0, 0, 0.0
17, 1, 13, 0, 0, 0.0
17, 1, 14, 0, 0, 0.0
17, 1, 15, 0, 0, 0.0
17, 1, 16, 0, 0, 0.0
17, 1, 17, 0, 0, 0.0
17, 1, 18, 0, 0, 0.0
17, 1, 19, 0, 0, 0.0
17, 1, 20, 0, 0, 0.0
18, 0, 0, 0, 0, 0.0
18, 0, 1, 0, 0, 0.0
18, 0, 2, 0, 0, 0.0
18, 0, 3, 0, 0, 0.0
18, 0, 4, 0, 0, 0.0
18, 0, 5, 0, 0, 0.0
18, 0, 6, 0, 0, 0.0
18, 0, 7, 0, 0, 0.0
18, 0, 8, 0, 0, 0.0
18, 0, 9, 0, 0, 0.0
18, 0, 10, 0, 0, 0.0
18, 0, 11, 0, 0, 0.0
18, 0, 12, 0, 0, 0.0
18, 0, 13, 0, 0, 0.0
18, 0, 14, 0, 0, 0.0
18, 0, 15, 0, 0, 0.0
18, 0, 16, 0, 0, 0.0
18, 0, 17, 0, 0, 0.0
18, 0, 18, 0, 0, 0.0
18, 0, 19, 0, 0, 0.0
18, 0, 20, 0, 0, 0.0
18, 1, 0, 0, 0, 0.0
18, 1, 1, 0, 0, 0.0
18, 1, 2, 0, 0, 0.0
18, 1, 3, 0, 0, 0.0
18, 1, 4, 0, 0, 0.0
18, 1, 5, 0, 0, 0.0
18, 1, 6, 0, 0, 0.0
18, 1, 7, 0, 0, 0.0
18, 1, 8, 0, 0, 0.0
18, 1, 9, 0, 0, 0.0
18, 1, 10, 0, 0, 0.0
18, 1, 11, 0, 0, 0.0
18, 1, 12, 0, 0, 0.0
18, 1, 13, 0, 0, 0.0
18, 1, 14, 0, 0, 0.0
18, 1, 15, 0, 0, 0.0
18, 1, 16, 0, 0, 0.0
18, 1, 17, 0, 0, 0.0
18, 1, 18, 0, 0, 0.0
18, 1, 19, 0, 0, 0.0
18, 1, 20, 0, 0, 0.0
19, 0, 0, 165, 401, -1.8971884685470286e-07
19, 0, 1, 145, 380, -0.004259997978806496
19, 0, 2, 136, 348, -0.008853865787386894
19, 0, 3, 131, 321, -0.01426889467984438
19, 0, 4, 119, 303, -0.019415799528360367
19, 0, 5, 151, 335, -0.0015254446770995855
19, 0, 6, 149, 311, -0.010241743177175522
19, 0, 7, 145, 302, -0.016793055459856987
19, 0, 8, 140, 299, -0.01996079832315445
19, 0, 9, 169, 338, -0.0048143756575882435
19, 0, 10, 173, 311, -0.010419887490570545
19, 0, 11, 170, 317, -0.013602089136838913
19, 0, 12, 167, 327, -0.01434613298624754
19, 0, 13, 188, 347, -0.008509021252393723
19, 0, 14, 193, 321, -0.01428230106830597
19, 0, 15, 188, 329, -0.011392571963369846
19, 0, 16, 184, 341, -0.008176635019481182
19, 0, 17, 204, 359, -0.01224976684898138
19, 0, 18, 206, 338, -0.014265811070799828
19, 0, 19, 201, 345, -0.007924985140562057
19, 0, 20, 199, 356, -0.0021352465264499187
19, 1, 0, 0, 0, 0.0
19, 1, 1, 0, 0, 0.0
19, 1, 2, 0, 0, 0.0
19, 1, 3, 0, 0, 0.0
19, 1, 4, 0, 0, 0.0
19, 1, 5, 0, 0, 0.0
19, 1, 6, 0, 0, 0.0
19, 1, 7, 0, 0, 0.0
19, 1, 8, 0, 0, 0.0
19, 1, 9, 0, 0, 0.0
19, 1, 10, 0, 0, 0.0
19, 1, 11, 0, 0, 0.0
19, 1, 12, 0, 0, 0.0
19, 1, 13, 0, 0, 0.0
19, 1, 14, 0, 0, 0.0
19, 1, 15, 0, 0, 0.0
19, 1, 16, 0, 0, 0.0
19, 1, 17, 0, 0, 0.0
19, 1, 18, 0, 0, 0.0
19, 1, 19, 0, 0, 0.0
19, 1, 20, 0, 0, 0.0
20, 0, 0, 157, 385, 3.2276594197355735e-07
20, 0, 1, 138, 355, -0.00834792759269476
20, 0, 2, 126, 321, -0.013743161223828793
20, 0, 3, 119, 293, -0.01845104992389679
20, 0, 4, 110, 273, -0.02236352302134037
20, 0, 5, 133, 327, -0.013041697442531586
20, 0, 6, 136, 298, -0.025023533031344414
20, 0, 7, 140, 277, -0.03383561968803406
20, 0, 8, 142, 259, -0.03994455188512802
20, 0, 9, 148, 330, -0.015306524001061916
20, 0, 10, 154, 301, -0.02325279265642166
20, 0, 11, 160, 279, -0.028842655941843987
20, 0, 12, 165, 261, -0.03405600041151047
20, 0, 13, 165, 335, -0.01838644966483116
20, 0, 14, 174, 309, -0.02544882334768772
20, 0, 15, 180, 290, -0.026483790948987007
20, 0, 16, 186, 275, -0.027388300746679306
20, 0, 17, 183, 342, -0.022236628457903862
20, 0, 18, 190, 319, -0.02685033529996872
20, 0, 19, 195, 304, -0.025626687332987785
20, 0, 20, 200, 292, -0.024600546807050705
20, 1, 0, 0, 0, 0.0
20, 1, 1, 0, 0, 0.0
20, 1, 2, 0, 0, 0.0
20, 1, 3, 0, 0, 0.0
20, 1, 4, 0, 0, 0.0
20, 1, 5, 0, 0, 0.0
20, 1, 6, 0, 0, 0.0
20, 1, 7, 0, 0, 0.0
20, 1, 8, 0, 0, 0.0
20, 1, 9, 0, 0, 0.0
20, 1, 10, 0, 0, 0.0
20, 1, 11, 0, 0, 0.0
20, 1, 12, 0, 0, 0.0
20, 1, 13, 0, 0, 0.0
20, 1, 14, 0, 0, 0.0
20, 1, 15, 0, 0, 0.0
20, 1, 16, 0, 0, 0.0
20, 1, 17, 0, 0, 0.0
20, 1, 18, 0, 0, 0.0
20, 1, 19, 0, 0, 0.0
20, 1, 20, 0, 0, 0.0
21, 0, 0, 567, 297, 1.1689742507314804e-07
21, 0, 1, 583, 280, -0.0007392845582216978
21, 0, 2, 589, 250, -0.006827097851783037
21, 0, 3, 587, 226, -0.013159280642867088
21, 0, 4, 580, 208, -0.021579723805189133
21, 0, 5, 596, 246, -0.02664840780198574
21, 0, 6, 592, 210, -0.04206111654639244
21, 0, 7, 587, 187, -0.050989918410778046
21, 0, 8, 582, 169, -0.056562501937150955
21, 0, 9, 584, 250, -0.03569141402840614
21, 0, 10, 579, 211, -0.05075232684612274
21, 0, 11, 574, 184, -0.058918777853250504
21, 0, 12, 569, 163, -0.0648350939154625
21, 0, 13, 569, 254, -0.043626513332128525
21, 0, 14, 566, 215, -0.05715514346957207
21, 0, 15, 562, 188, -0.06348128616809845
21, 0, 16, 559, 168, -0.06708082556724548
21, 0, 17, 550, 256, -0.05068984255194664
21, 0, 18, 549, 224, -0.06377145648002625
21, 0, 19, 550, 203, -0.06868625432252884
21, 0, 20, 550, 186, -0.07093636691570282
21, 1, 0, 154, 364, 4.5521917968471826e-07
21, 1, 1, 136, 331, -0.0035609176848083735
21, 1, 2, 123, 299, -0.009637827053666115
21, 1, 3, 116, 271, -0.016116922721266747
21, 1, 4, 108, 250, -0.0229552760720253
21, 1, 5, 128, 305, -0.019242610782384872
21, 1, 6, 127, 272, -0.03472604602575302
21, 1, 7, 128, 248, -0.04571905359625816
21, 1, 8, 130, 227, -0.05271333456039429
21, 1, 9, 141, 309, -0.02583182230591774
21, 1, 10, 146, 273, -0.039070140570402145
21, 1, 11, 149, 246, -0.048333462327718735
21, 1, 12, 153, 224, -0.05504920333623886
21, 1, 13, 158, 315, -0.0319766141474247
21, 1, 14, 166, 281, -0.04396814480423927
21, 1, 15, 171, 254, -0.05094720795750618
21, 1, 16, 174, 233, -0.05521711707115173
21, 1, 17, 178, 322, -0.0379159189760685
21, 1, 18, 185, 294, -0.047764603048563004
21, 1, 19, 188, 274, -0.05099751055240631
21, 1, 20, 190, 258, -0.05245295539498329
22, 0, 0, 567, 282, 2.0182748983188503e-07
22, 0, 1, 585, 260, 0.0038742776960134506
22, 0, 2, 594, 231, -0.0007965544355101883
22, 0, 3, 592, 206, -0.006929012946784496
22, 0, 4, 587, 189, -0.01533195935189724
22, 0, 5, 603, 227, -0.020357726141810417
22, 0, 6, 600, 192, -0.03524424508213997
22, 0, 7, 597, 168, -0.04502810910344124
22, 0, 8, 594, 149, -0.05095149204134941
22, 0, 9, 589, 229, -0.03128841519355774
22, 0, 10, 586, 190, -0.04429171606898308
22, 0, 11, 583, 163, -0.05311662703752518
22, 0, 12, 580, 141, -0.05932147800922394
22, 0, 13, 573, 232, -0.04043392464518547
22, 0, 14, 572, 193, -0.05200692638754845
22, 0, 15, 568, 167, -0.058569472283124924
22, 0, 16, 566, 146, -0.06280279159545898
22, 0, 17, 554, 235, -0.048314958810806274
22, 0, 18, 554, 206, -0.059099480509757996
22, 0, 19, 553, 187, -0.0617995522916317
22, 0, 20, 552, 171, -0.0624600425362587
22, 1, 0, 153, 339, 4.0767949371911527e-07
22, 1, 1, 134, 306, -0.0005977033288218081
22, 1, 2, 120, 274, -0.005362538620829582
22, 1, 3, 112, 248, -0.011300955899059772
22, 1, 4, 105, 226, -0.01741006039083004
22, 1, 5, 126, 277, -0.012819092720746994
22, 1, 6, 124, 246, -0.02671433985233307
22, 1, 7, 125, 223, -0.036566417664289474
22, 1, 8, 126, 204, -0.04264478757977486
22, 1, 9, 139, 280, -0.020496370270848274
22, 1, 10, 141, 244, -0.03268495947122574
22, 1, 11, 144, 218, -0.0412563681602478
22, 1, 12, 148, 196, -0.047205470502376556
22, 1, 13, 156, 283, -0.027825022116303444
22, 1, 14, 161, 248, -0.039281394332647324
22, 1, 15, 166, 222, -0.04533327370882034
22, 1, 16, 171, 202, -0.04853171110153198
22, 1, 17, 176, 288, -0.03480563312768936
22, 1, 18, 180, 257, -0.04358881711959839
22, 1, 19, 184, 237, -0.04586717113852501
22, 1, 20, 188, 220, -0.04639706015586853
23, 0, 0, 568, 265, 1.5330428482229763e-07
23, 0, 1, 588, 241, 0.009923174977302551
23, 0, 2, 598, 214, 0.0075816200114786625
23, 0, 3, 597, 190, 0.003010755404829979
23, 0, 4, 591, 172, -0.00414851913228631
23, 0, 5, 607, 208, -0.01569139026105404
23, 0, 6, 605, 170, -0.028289340436458588
23, 0, 7, 602, 147, -0.035860899835824966
23, 0, 8, 599, 127, -0.040208641439676285
23, 0, 9, 595, 209, -0.028439301997423172
23, 0, 10, 593, 167, -0.03856766223907471
23, 0, 11, 590, 140, -0.04467146471142769
23, 0, 12, 588, 119, -0.049114618450403214
23, 0, 13, 579, 211, -0.03897650167346001
23, 0, 14, 578, 171, -0.04825861379504204
23, 0, 15, 576, 145, -0.05338907241821289
23, 0, 16, 574, 125, -0.05694734677672386
23, 0, 17, 560, 216, -0.04764525592327118
23, 0, 18, 560, 184, -0.05686813220381737
23, 0, 19, 559, 166, -0.058432430028915405
23, 0, 20, 558, 150, -0.05840938538312912
23, 1, 0, 153, 312, 3.7782592698931694e-07
23, 1, 1, 132, 281, 0.0010006714146584272
23, 1, 2, 118, 251, -0.0028308704495429993
23, 1, 3, 110, 225, -0.008377141319215298
23, 1, 4, 102, 205, -0.014164731837809086
23, 1, 5, 125, 249, -0.00766748795285821
23, 1, 6, 122, 219, -0.01967979036271572
23, 1, 7, 124, 198, -0.028415149077773094
23, 1, 8, 126, 181, -0.033623598515987396
23, 1, 9, 139, 250, -0.015494155697524548
23, 1, 10, 140, 217, -0.025934875011444092
23, 1, 11, 143, 193, -0.03361076861619949
23, 1, 12, 146, 174, -0.038978688418865204
23, 1, 13, 155, 251, -0.023362770676612854
23, 1, 14, 159, 218, -0.033087413758039474
23, 1, 15, 163, 193, -0.03920852765440941
23, 1, 16, 166, 174, -0.04262671247124672
23, 1, 17, 174, 255, -0.03089020773768425
23, 1, 18, 179, 224, -0.03817027807235718
23, 1, 19, 182, 203, -0.04084255173802376
23, 1, 20, 186, 186, -0.04177039489150047
24, 0, 0, 570, 248, 7.820826652960022e-08
24, 0, 1, 591, 226, 0.016037387773394585
24, 0, 2, 601, 201, 0.016707714647054672
24, 0, 3, 603, 180, 0.01422126404941082
24, 0, 4, 597, 166, 0.00883607566356659
24, 0, 5, 610, 190, -0.009701954200863838
24, 0, 6, 610, 152, -0.019601058214902878
24, 0, 7, 608, 131, -0.02449836954474449
24, 0, 8, 606, 114, -0.027080435305833817
24, 0, 9, 599, 191, -0.024147434160113335
24, 0, 10, 597, 149, -0.03304173797369003
24, 0, 11, 593, 124, -0.03650250658392906
24, 0, 12, 590, 105, -0.03892675042152405
24, 0, 13, 582, 193, -0.03628172352910042
24, 0, 14, 582, 153, -0.04380425810813904
24, 0, 15, 580, 128, -0.0470314659178257
24, 0, 16, 578, 110, -0.049542058259248734
24, 0, 17, 563, 197, -0.04615705832839012
24, 0, 18, 563, 166, -0.05411258339881897
24, 0, 19, 562, 148, -0.055316392332315445
24, 0, 20, 563, 132, -0.05532947927713394
24, 1, 0, 155, 285, 3.7772869632135553e-07
24, 1, 1, 131, 257, 0.0021375585347414017
24, 1, 2, 116, 229, -0.0019455015426501632
24, 1, 3, 108, 205, -0.007645134348422289
24, 1, 4, 99, 186, -0.013585356995463371
24, 1, 5, 125, 220, -0.006344696041196585
24, 1, 6, 124, 190, -0.015889279544353485
24, 1, 7, 126, 171, -0.022757695987820625
24, 1, 8, 128, 155, -0.02683919295668602
24, 1, 9, 139, 220, -0.014366485178470612
24, 1, 10, 143, 186, -0.022189021110534668
24, 1, 11, 147, 165, -0.02814985252916813
24, 1, 12, 151, 148, -0.03220468759536743
24, 1, 13, 157, 222, -0.022131169214844704
24, 1, 14, 161, 188, -0.0298080425709486
24, 1, 15, 165, 166, -0.03415120393037796
24, 1, 16, 168, 148, -0.03657645359635353
24, 1, 17, 176, 226, -0.029336649924516678
24, 1, 18, 180, 196, -0.034679993987083435
24, 1, 19, 183, 177, -0.03512860834598541
24, 1, 20, 187, 161, -0.03443649411201477
25, 0, 0, 569, 234, 4.093893224421663e-08
25, 0, 1, 590, 216, 0.01807599700987339
25, 0, 2, 601, 194, 0.020200982689857483
25, 0, 3, 606, 177, 0.01875253953039646
25, 0, 4, 605, 165, 0.014307319186627865
25, 0, 5, 609, 178, -0.007095615845173597
25, 0, 6, 611, 140, -0.01594863273203373
25, 0, 7, 609, 120, -0.02018836885690689
25, 0, 8, 607, 104, -0.02210332453250885
25, 0, 9, 598, 178, -0.021512366831302643
25, 0, 10, 598, 136, -0.029499206691980362
25, 0, 11, 594, 111, -0.03291220963001251
25, 0, 12, 591, 93, -0.03531188890337944
25, 0, 13, 582, 178, -0.033389631658792496
25, 0, 14, 583, 138, -0.039537105709314346
25, 0, 15, 580, 114, -0.042663365602493286
25, 0, 16, 578, 96, -0.045219894498586655
25, 0, 17, 563, 181, -0.04286113381385803
25, 0, 18, 564, 150, -0.04888759180903435
25, 0, 19, 563, 132, -0.049440134316682816
25, 0, 20, 563, 117, -0.0492064394056797
25, 1, 0, 155, 262, 4.2866568605859356e-07
25, 1, 1, 132, 235, 0.0046239374205470085
25, 1, 2, 119, 209, 0.000762899115215987
25, 1, 3, 111, 186, -0.004934738390147686
25, 1, 4, 100, 173, -0.011616295203566551
25, 1, 5, 126, 193, -0.006945278029888868
25, 1, 6, 130, 161, -0.01633642427623272
25, 1, 7, 134, 141, -0.02316206507384777
25, 1, 8, 138, 125, -0.027112111449241638
25, 1, 9, 142, 193, -0.016468463465571404
25, 1, 10, 149, 156, -0.022424666211009026
25, 1, 11, 155, 133, -0.027841512113809586
25, 1, 12, 160, 115, -0.03185754269361496
25, 1, 13, 160, 196, -0.025275981053709984
25, 1, 14, 167, 160, -0.03100786916911602
25, 1, 15, 173, 138, -0.03545614331960678
25, 1, 16, 177, 120, -0.03874368965625763
25, 1, 17, 179, 203, -0.03326661139726639
25, 1, 18, 184, 173, -0.03761700913310051
25, 1, 19, 188, 156, -0.03725673258304596
25, 1, 20, 191, 140, -0.036348506808280945
26, 0, 0, 565, 221, 4.46764296668789e-08
26, 0, 1, 585, 207, 0.015924206003546715
26, 0, 2, 597, 188, 0.018255198374390602
26, 0, 3, 604, 175, 0.017052404582500458
26, 0, 4, 607, 166, 0.01388112548738718
26, 0, 5, 604, 166, -0.0023888086434453726
26, 0, 6, 607, 131, -0.008846481330692768
26, 0, 7, 606, 111, -0.011860478669404984
26, 0, 8, 604, 95, -0.013205825351178646
26, 0, 9, 594, 164, -0.014881270937621593
26, 0, 10, 595, 125, -0.02122989483177662
26, 0, 11, 592, 102, -0.02354666218161583
26, 0, 12, 588, 85, -0.024954602122306824
26, 0, 13, 580, 163, -0.025232525542378426
26, 0, 14, 580, 125, -0.0293137114495039
26, 0, 15, 577, 104, -0.03070998005568981
26, 0, 16, 574, 88, -0.031828343868255615
26, 0, 17, 562, 164, -0.03376069292426109
26, 0, 18, 562, 135, -0.03625812008976936
26, 0, 19, 560, 119, -0.03468984737992287
26, 0, 20, 558, 106, -0.03300816938281059
26, 1, 0, 155, 242, 4.530864714524796e-07
26, 1, 1, 134, 218, 0.004605457652360201
26, 1, 2, 122, 195, -0.00010109131835633889
26, 1, 3, 113, 175, -0.0062263719737529755
26, 1, 4, 103, 163, -0.013376852497458458
26, 1, 5, 131, 170, -0.010594543069601059
26, 1, 6, 137, 134, -0.022342894226312637
26, 1, 7, 142, 112, -0.03007405623793602
26, 1, 8, 147, 95, -0.03407881036400795
26, 1, 9, 147, 169, -0.020658278837800026
26, 1, 10, 155, 130, -0.028041992336511612
26, 1, 11, 162, 104, -0.03321331366896629
26, 1, 12, 166, 85, -0.03686033561825752
26, 1, 13, 165, 174, -0.029965614899992943
26, 1, 14, 174, 136, -0.036106277257204056
26, 1, 15, 180, 113, -0.03974933549761772
26, 1, 16, 185, 96, -0.042561423033475876
26, 1, 17, 183, 183, -0.038509830832481384
26, 1, 18, 189, 155, -0.043039776384830475
26, 1, 19, 194, 138, -0.041902653872966766
26, 1, 20, 197, 124, -0.04036678001284599
27, 0, 0, 560, 208, 3.6229490518735474e-08
27, 0, 1, 579, 194, 0.013964763842523098
27, 0, 2, 591, 178, 0.0150365075096488
27, 0, 3, 598, 166, 0.012894885614514351
27, 0, 4, 604, 161, 0.008851854130625725
27, 0, 5, 597, 154, -0.003985622897744179
27, 0, 6, 600, 121, -0.010376247577369213
27, 0, 7, 598, 101, -0.013307744637131691
27, 0, 8, 596, 86, -0.01483219489455223
27, 0, 9, 586, 151, -0.015297272242605686
27, 0, 10, 587, 114, -0.021422000601887703
27, 0, 11, 584, 92, -0.023562883958220482
27, 0, 12, 581, 76, -0.025111529976129532
27, 0, 13, 572, 150, -0.024676430970430374
27, 0, 14, 572, 115, -0.02852240763604641
27, 0, 15, 570, 94, -0.030210457742214203
27, 0, 16, 568, 79, -0.031871553510427475
27, 0, 17, 556, 151, -0.03237522020936012
27, 0, 18, 554, 124, -0.03522590547800064
27, 0, 19, 553, 108, -0.034591808915138245
27, 0, 20, 552, 95, -0.03381279110908508
27, 1, 0, 157, 224, 3.5725057045965514e-07
27, 1, 1, 138, 203, 0.001901477575302124
27, 1, 2, 126, 180, -0.0038523010443896055
27, 1, 3, 119, 162, -0.010925554670393467
27, 1, 4, 108, 152, -0.0189549308270216
27, 1, 5, 138, 153, -0.011961090378463268
27, 1, 6, 145, 118, -0.022852182388305664
27, 1, 7, 151, 98, -0.029733018949627876
27, 1, 8, 156, 84, -0.03351493924856186
27, 1, 9, 154, 153, -0.021407146006822586
27, 1, 10, 164, 114, -0.028150876984000206
27, 1, 11, 171, 90, -0.03255932405591011
27, 1, 12, 177, 73, -0.03610413894057274
27, 1, 13, 171, 158, -0.030623452737927437
27, 1, 14, 182, 120, -0.036277689039707184
27, 1, 15, 189, 99, -0.03951229155063629
27, 1, 16, 194, 82, -0.04255625978112221
27, 1, 17, 189, 167, -0.039592593908309937
27, 1, 18, 197, 140, -0.04380197077989578
27, 1, 19, 201, 123, -0.04300098493695259
27, 1, 20, 205, 110, -0.042289864271879196
28, 0, 0, 553, 197, 6.874832791936569e-08
28, 0, 1, 571, 186, 0.009062262251973152
28, 0, 2, 582, 172, 0.008274947293102741
28, 0, 3, 589, 162, 0.004994084592908621
28, 0, 4, 597, 156, 0.0005113937659189105
28, 0, 5, 586, 142, -0.0025281752459704876
28, 0, 6, 588, 111, -0.008545126765966415
28, 0, 7, 587, 93, -0.01230267621576786
28, 0, 8, 585, 79, -0.014730139635503292
28, 0, 9, 577, 138, -0.011574751697480679
28, 0, 10, 575, 103, -0.016491279006004333
28, 0, 11, 572, 83, -0.01889096200466156
28, 0, 12, 569, 68, -0.020916685461997986
28, 0, 13, 564, 138, -0.019509434700012207
28, 0, 14, 561, 104, -0.023008475080132484
28, 0, 15, 559, 85, -0.025058778002858162
28, 0, 16, 557, 71, -0.026988618075847626
28, 0, 17, 548, 139, -0.026396984234452248
28, 0, 18, 544, 114, -0.029580917209386826
28, 0, 19, 542, 100, -0.02948957309126854
28, 0, 20, 541, 87, -0.02897198684513569
28, 1, 0, 163, 213, 3.152813405904453e-07
28, 1, 1, 143, 194, -0.0004425089864525944
28, 1, 2, 131, 172, -0.007389552891254425
28, 1, 3, 124, 154, -0.015130162239074707
28, 1, 4, 113, 144, -0.02375606633722782
28, 1, 5, 146, 142, -0.015115120448172092
28, 1, 6, 154, 108, -0.02643766440451145
28, 1, 7, 160, 89, -0.03372709080576897
28, 1, 8, 166, 75, -0.03787325695157051
28, 1, 9, 163, 143, -0.023464269936084747
28, 1, 10, 173, 104, -0.03041038103401661
28, 1, 11, 181, 82, -0.0345882922410965
28, 1, 12, 188, 65, -0.038085147738456726
28, 1, 13, 180, 148, -0.03165559098124504
28, 1, 14, 190, 111, -0.037212073802948
28, 1, 15, 198, 90, -0.03992386907339096
28, 1, 16, 203, 74, -0.042739756405353546
28, 1, 17, 197, 157, -0.03986164554953575
28, 1, 18, 205, 130, -0.04403889179229736
28, 1, 19, 209, 115, -0.042986929416656494
28, 1, 20, 214, 101, -0.04211554303765297
29, 0, 0, 542, 187, 7.571640026071691e-08
29, 0, 1, 562, 176, 0.012124907225370407
29, 0, 2, 573, 161, 0.013826435431838036
29, 0, 3, 581, 151, 0.012707987800240517
29, 0, 4, 591, 150, 0.010044059716165066
29, 0, 5, 574, 132, 0.0014341837959364057
29, 0, 6, 576, 101, -0.0027402702253311872
29, 0, 7, 574, 83, -0.005049022845923901
29, 0, 8, 571, 70, -0.006376939360052347
29, 0, 9, 563, 128, -0.007769543677568436
29, 0, 10, 562, 93, -0.011643723584711552
29, 0, 11, 558, 74, -0.013123963959515095
29, 0, 12, 554, 60, -0.01398048922419548
29, 0, 13, 549, 127, -0.015544342808425426
29, 0, 14, 547, 95, -0.018118841573596
29, 0, 15, 545, 77, -0.01976737566292286
29, 0, 16, 542, 64, -0.02095494419336319
29, 0, 17, 533, 130, -0.021860763430595398
29, 0, 18, 530, 105, -0.02392014116048813
29, 0, 19, 529, 92, -0.02317894622683525
29, 0, 20, 528, 81, -0.021960269659757614
29, 1, 0, 170, 203, 3.0413639251491986e-07
29, 1, 1, 150, 184, -0.001341518247500062
29, 1, 2, 139, 163, -0.008561749011278152
29, 1, 3, 131, 145, -0.016687801107764244
29, 1, 4, 122, 136, -0.025552721694111824
29, 1, 5, 156, 132, -0.013363927602767944
29, 1, 6, 165, 100, -0.02441481314599514
29, 1, 7, 172, 81, -0.032239142805337906
29, 1, 8, 178, 67, -0.03692231327295303
29, 1, 9, 172, 132, -0.021252376958727837
29, 1, 10, 184, 97, -0.02778148651123047
29, 1, 11, 192, 75, -0.03236069530248642
29, 1, 12, 199, 59, -0.03627492114901543
29, 1, 13, 189, 138, -0.029218362644314766
29, 1, 14, 201, 103, -0.034314874559640884
29, 1, 15, 209, 83, -0.037090279161930084
29, 1, 16, 215, 68, -0.03996759653091431
29, 1, 17, 205, 148, -0.03739313781261444
29, 1, 18, 214, 122, -0.04088268056511879
29, 1, 19, 220, 107, -0.03957897797226906
29, 1, 20, 225, 94, -0.038543544709682465
30, 0, 0, 532, 179, 1.088487877609623e-07
30, 0, 1, 551, 166, 0.008202233351767063
30, 0, 2, 563, 150, 0.007259792648255825
30, 0, 3, 571, 141, 0.003613955108448863
30, 0, 4, 580, 141, -0.0013946148101240396
30, 0, 5, 561, 121, -0.001426842762157321
30, 0, 6, 560, 93, -0.0075041987001895905
30, 0, 7, 557, 75, -0.012211698107421398
30, 0, 8, 554, 62, -0.015492104925215244
30, 0, 9, 549, 118, -0.010196246206760406
30, 0, 10, 545, 85, -0.014963154681026936
30, 0, 11, 541, 67, -0.017931615933775902
30, 0, 12, 537, 53, -0.020274154841899872
30, 0, 13, 535, 117, -0.017953190952539444
30, 0, 14, 531, 87, -0.02102024480700493
30, 0, 15, 527, 69, -0.023531215265393257
30, 0, 16, 524, 56, -0.025746989995241165
30, 0, 17, 519, 120, -0.024794217199087143
30, 0, 18, 514, 98, -0.027008704841136932
30, 0, 19, 512, 84, -0.026393819600343704
30, 0, 20, 510, 73, -0.02557102032005787
30, 1, 0, 179, 193, 3.0399823458537867e-07
30, 1, 1, 159, 175, -0.003527069929987192
30, 1, 2, 148, 154, -0.011612591333687305
30, 1, 3, 139, 136, -0.02031830884516239
30, 1, 4, 130, 126, -0.02963564544916153
30, 1, 5, 168, 123, -0.014056673273444176
30, 1, 6, 178, 92, -0.025219954550266266
30, 1, 7, 184, 74, -0.03348470851778984
30, 1, 8, 190, 61, -0.03857235237956047
30, 1, 9, 184, 124, -0.020974604412913322
30, 1, 10, 197, 89, -0.027639497071504593
30, 1, 11, 205, 69, -0.03254345431923866
30, 1, 12, 212, 53, -0.03662698715925217
30, 1, 13, 200, 129, -0.028208063915371895
30, 1, 14, 213, 96, -0.03350648283958435
30, 1, 15, 222, 77, -0.036506373435258865
30, 1, 16, 228, 62, -0.03952525928616524
30, 1, 17, 216, 139, -0.03586621582508087
30, 1, 18, 226, 115, -0.03996911644935608
30, 1, 19, 232, 101, -0.03908919170498848
30, 1, 20, 237, 88, -0.03824399411678314
31, 0, 0, 516, 171, 9.754758423241583e-08
31, 0, 1, 535, 160, 0.003921424504369497
31, 0, 2, 547, 146, 0.002305650617927313
31, 0, 3, 556, 136, -0.0010993273463100195
31, 0, 4, 565, 134, -0.005079651717096567
31, 0, 5, 542, 113, -0.0011973801301792264
31, 0, 6, 540, 85, -0.007078379858285189
31, 0, 7, 537, 68, -0.011650116182863712
31, 0, 8, 533, 55, -0.014699466526508331
31, 0, 9, 531, 110, -0.007692461367696524
31, 0, 10, 526, 78, -0.012755571864545345
31, 0, 11, 521, 60, -0.01602420024573803
31, 0, 12, 515, 48, -0.018320605158805847
31, 0, 13, 518, 109, -0.013839849270880222
31, 0, 14, 513, 80, -0.016948238015174866
31, 0, 15, 508, 64, -0.01911739818751812
31, 0, 16, 504, 52, -0.020916396751999855
31, 0, 17, 503, 113, -0.019647356122732162
31, 0, 18, 496, 92, -0.021999336779117584
31, 0, 19, 493, 79, -0.021714096888899803
31, 0, 20, 491, 69, -0.02092599682509899
31, 1, 0, 189, 188, 3.001998720719712e-07
31, 1, 1, 169, 169, -0.004207621328532696
31, 1, 2, 158, 147, -0.013614870607852936
31, 1, 3, 150, 129, -0.023553023114800453
31, 1, 4, 139, 119, -0.0343095101416111
31, 1, 5, 180, 116, -0.016856681555509567
31, 1, 6, 192, 85, -0.029055926948785782
31, 1, 7, 199, 67, -0.038006801158189774
31, 1, 8, 204, 54, -0.04360637441277504
31, 1, 9, 197, 118, -0.024091996252536774
31, 1, 10, 210, 84, -0.03168788552284241
31, 1, 11, 219, 63, -0.03734447434544563
31, 1, 12, 225, 47, -0.041960954666137695
31, 1, 13, 213, 125, -0.03149956464767456
31, 1, 14, 227, 91, -0.037331365048885345
31, 1, 15, 236, 72, -0.04095705598592758
31, 1, 16, 242, 56, -0.044439926743507385
31, 1, 17, 227, 135, -0.03929545357823372
31, 1, 18, 238, 111, -0.043605737388134
31, 1, 19, 244, 96, -0.04287917912006378
31, 1, 20, 249, 83, -0.04212671145796776
32, 0, 0, 503, 164, 1.1240578601245943e-07
32, 0, 1, 521, 152, 0.0018340706592425704
32, 0, 2, 533, 136, -0.0014572482323274016
32, 0, 3, 542, 126, -0.006324533373117447
32, 0, 4, 552, 123, -0.012088499031960964
32, 0, 5, 523, 105, -0.00424371100962162
32, 0, 6, 519, 77, -0.010876888409256935
32, 0, 7, 514, 61, -0.016411028802394867
32, 0, 8, 509, 48, -0.020397281274199486
32, 0, 9, 510, 103, -0.010554105043411255
32, 0, 10, 504, 73, -0.015960298478603363
32, 0, 11, 497, 56, -0.020273588597774506
32, 0, 12, 491, 44, -0.023762084543704987
32, 0, 13, 496, 105, -0.01661963388323784
32, 0, 14, 490, 77, -0.020089397206902504
32, 0, 15, 484, 61, -0.02291804365813732
32, 0, 16, 480, 49, -0.025482606142759323
32, 0, 17, 482, 111, -0.02251655049622059
32, 0, 18, 475, 91, -0.02501089870929718
32, 0, 19, 471, 78, -0.024925343692302704
32, 0, 20, 469, 68, -0.024555779993534088
32, 1, 0, 200, 182, 2.795675868583203e-07
32, 1, 1, 181, 163, -0.004387776833027601
32, 1, 2, 170, 140, -0.013054792769253254
32, 1, 3, 161, 120, -0.022430917248129845
32, 1, 4, 150, 110, -0.03232121095061302
32, 1, 5, 197, 109, -0.01267270278185606
32, 1, 6, 207, 79, -0.023601867258548737
32, 1, 7, 215, 61, -0.03238619863986969
32, 1, 8, 222, 48, -0.03818061575293541
32, 1, 9, 212, 111, -0.019343014806509018
32, 1, 10, 226, 79, -0.025470176711678505
32, 1, 11, 235, 59, -0.030567646026611328
32, 1, 12, 243, 44, -0.035037972033023834
32, 1, 13, 227, 118, -0.026555322110652924
32, 1, 14, 242, 87, -0.031044520437717438
32, 1, 15, 252, 69, -0.03404729440808296
32, 1, 16, 259, 55, -0.03738517686724663
32, 1, 17, 240, 129, -0.03440544381737709
32, 1, 18, 253, 107, -0.0372970886528492
32, 1, 19, 259, 92, -0.03612789511680603
32, 1, 20, 264, 80, -0.035432327538728714
33, 0, 0, 488, 161, 1.6386708523441484e-07
33, 0, 1, 505, 147, -0.0007606874569319189
33, 0, 2, 517, 130, -0.004235856235027313
33, 0, 3, 526, 120, -0.008904931135475636
33, 0, 4, 536, 116, -0.014311409555375576
33, 0, 5, 501, 99, -0.004762766417115927
33, 0, 6, 496, 73, -0.011293591931462288
33, 0, 7, 491, 57, -0.017247898504137993
33, 0, 8, 487, 45, -0.021699002012610435
33, 0, 9, 488, 99, -0.010181151330471039
33, 0, 10, 480, 70, -0.01579238660633564
33, 0, 11, 474, 53, -0.021272534504532814
33, 0, 12, 468, 41, -0.02560177817940712
33, 0, 13, 474, 102, -0.015580207109451294
33, 0, 14, 467, 76, -0.019505182281136513
33, 0, 15, 461, 60, -0.023567896336317062
33, 0, 16, 456, 48, -0.02690693736076355
33, 0, 17, 460, 109, -0.02108069509267807
33, 0, 18, 453, 90, -0.024516267701983452
33, 0, 19, 448, 79, -0.02547818049788475
33, 0, 20, 446, 69, -0.025758417323231697
33, 1, 0, 212, 177, 2.832358632076648e-07
33, 1, 1, 194, 157, -0.005244106519967318
33, 1, 2, 183, 133, -0.01426806952804327
33, 1, 3, 175, 113, -0.023936236277222633
33, 1, 4, 163, 102, -0.03394005075097084
33, 1, 5, 213, 105, -0.013464726507663727
33, 1, 6, 226, 75, -0.024916302412748337
33, 1, 7, 235, 58, -0.03400346636772156
33, 1, 8, 243, 44, -0.04000047594308853
33, 1, 9, 228, 108, -0.01971210539340973
33, 1, 10, 244, 76, -0.026398738846182823
33, 1, 11, 255, 58, -0.03173385187983513
33, 1, 12, 264, 43, -0.03637431934475899
33, 1, 13, 242, 115, -0.026577992364764214
33, 1, 14, 259, 86, -0.03115861676633358
33, 1, 15, 270, 68, -0.034475989639759064
33, 1, 16, 278, 54, -0.03811011090874672
33, 1, 17, 254, 126, -0.034232594072818756
33, 1, 18, 269, 105, -0.037098705768585205
33, 1, 19, 275, 91, -0.0363871268928051
33, 1, 20, 281, 79, -0.03612951934337616
34, 0, 0, 468, 158, 2.3175249452833668e-07
34, 0, 1, 487, 145, -0.008874106220901012
34, 0, 2, 500, 128, -0.01578063890337944
34, 0, 3, 509, 115, -0.022740202024579048
34, 0, 4, 519, 109, -0.02990511618554592
34, 0, 5, 478, 96, -0.009134378284215927
34, 0, 6, 473, 71, -0.017690856009721756
34, 0, 7, 468, 56, -0.025819184258580208
34, 0, 8, 464, 43, -0.03191877901554108
34, 0, 9, 464, 97, -0.011601923033595085
34, 0, 10, 456, 69, -0.019274231046438217
34, 0, 11, 449, 53, -0.02704494260251522
34, 0, 12, 443, 40, -0.03292587026953697
34, 0, 13, 450, 101, -0.014930176548659801
34, 0, 14, 442, 75, -0.02144176885485649
34, 0, 15, 436, 60, -0.027071697637438774
34, 0, 16, 431, 48, -0.031008141115307808
34, 0, 17, 438, 109, -0.0191693976521492
34, 0, 18, 431, 90, -0.024650540202856064
34, 0, 19, 426, 78, -0.026878302916884422
34, 0, 20, 423, 68, -0.027843454852700233
34, 1, 0, 226, 175, 2.954062097160204e-07
34, 1, 1, 209, 155, -0.005050544627010822
34, 1, 2, 198, 130, -0.014780305325984955
34, 1, 3, 188, 110, -0.02563539706170559
34, 1, 4, 178, 97, -0.03655064478516579
34, 1, 5, 231, 101, -0.010387742891907692
34, 1, 6, 245, 72, -0.022431952878832817
34, 1, 7, 255, 54, -0.0321970134973526
34, 1, 8, 263, 42, -0.038354795426130295
34, 1, 9, 245, 103, -0.016980690881609917
34, 1, 10, 261, 73, -0.02413851208984852
34, 1, 11, 273, 54, -0.029223700985312462
34, 1, 12, 284, 40, -0.033218856900930405
34, 1, 13, 259, 110, -0.02458384819328785
34, 1, 14, 277, 80, -0.030084876343607903
34, 1, 15, 290, 62, -0.03280327096581459
34, 1, 16, 300, 48, -0.03528309985995293
34, 1, 17, 273, 120, -0.03304808959364891
34, 1, 18, 290, 97, -0.036418601870536804
34, 1, 19, 301, 82, -0.03528646007180214
34, 1, 20, 311, 70, -0.034133341163396835
35, 0, 0, 450, 159, 2.0755223317792115e-07
35, 0, 1, 468, 145, -0.009454254992306232
35, 0, 2, 481, 125, -0.01585380919277668
35, 0, 3, 490, 110, -0.02196735516190529
35, 0, 4, 499, 103, -0.027956346049904823
35, 0, 5, 455, 95, -0.0077959527261555195
35, 0, 6, 447, 71, -0.015467949211597443
35, 0, 7, 439, 56, -0.02313048392534256
35, 0, 8, 433, 44, -0.028959929943084717
35, 0, 9, 441, 97, -0.009157196618616581
35, 0, 10, 430, 71, -0.015831762924790382
35, 0, 11, 422, 56, -0.023041091859340668
35, 0, 12, 415, 45, -0.028592901304364204
35, 0, 13, 428, 102, -0.01145667303353548
35, 0, 14, 416, 79, -0.017038527876138687
35, 0, 15, 409, 65, -0.021878669038414955
35, 0, 16, 402, 55, -0.025286009535193443
35, 0, 17, 416, 111, -0.01481207087635994
35, 0, 18, 406, 93, -0.01911405473947525
35, 0, 19, 400, 82, -0.020745208486914635
35, 0, 20, 395, 73, -0.021336769685149193
35, 1, 0, 243, 175, 3.091684845912823e-07
35, 1, 1, 225, 155, -0.011446557939052582
35, 1, 2, 215, 127, -0.022732878103852272
35, 1, 3, 207, 106, -0.033499255776405334
35, 1, 4, 197, 93, -0.04466447979211807
35, 1, 5, 254, 100, -0.017353404313325882
35, 1, 6, 269, 73, -0.032983262091875076
35, 1, 7, 281, 56, -0.046625860035419464
35, 1, 8, 292, 45, -0.05580911040306091
35, 1, 9, 271, 106, -0.020945830270648003
35, 1, 10, 296, 83, -0.030941616743803024
35, 1, 11, 315, 70, -0.038960717618465424
35, 1, 12, 331, 62, -0.045044414699077606
35, 1, 13, 285, 117, -0.02596537210047245
35, 1, 14, 307, 95, -0.0348099060356617
35, 1, 15, 325, 82, -0.03899369388818741
35, 1, 16, 341, 73, -0.0419895201921463
35, 1, 17, 294, 131, -0.032157693058252335
35, 1, 18, 310, 113, -0.03841199725866318
35, 1, 19, 321, 102, -0.03749804198741913
35, 1, 20, 330, 94, -0.03629135712981224
36, 0, 0, 429, 164, 1.8666337098238728e-07
36, 0, 1, 448, 147, -0.003414147300645709
36, 0, 2, 460, 124, -0.006850625853985548
36, 0, 3, 468, 107, -0.011117218993604183
36, 0, 4, 479, 100, -0.0153580941259861
36, 0, 5, 435, 99, -0.0002715348091442138
36, 0, 6, 423, 75, -0.005811810493469238
36, 0, 7, 413, 60, -0.012087322771549225
36, 0, 8, 405, 49, -0.016988050192594528
36, 0, 9, 422, 100, -0.004270085133612156
36, 0, 10, 409, 74, -0.008632855489850044
36, 0, 11, 399, 60, -0.014260200783610344
36, 0, 12, 390, 49, -0.018609434366226196
36, 0, 13, 408, 105, -0.008925272151827812
36, 0, 14, 397, 80, -0.012650737538933754
36, 0, 15, 389, 65, -0.01645658165216446
36, 0, 16, 381, 55, -0.019206667318940163
36, 0, 17, 393, 113, -0.014185365289449692
36, 0, 18, 386, 93, -0.016477933153510094
36, 0, 19, 381, 82, -0.01634846068918705
36, 0, 20, 377, 74, -0.0157622043043375
36, 1, 0, 257, 176, 3.976681739459309e-07
36, 1, 1, 242, 155, -0.012681374326348305
36, 1, 2, 233, 127, -0.026608090847730637
36, 1, 3, 223, 105, -0.04015826806426048
36, 1, 4, 212, 90, -0.054334964603185654
36, 1, 5, 270, 102, -0.02454404905438423
36, 1, 6, 289, 74, -0.042445480823516846
36, 1, 7, 305, 58, -0.05662611871957779
36, 1, 8, 320, 46, -0.06616134196519852
36, 1, 9, 284, 110, -0.03064391203224659
36, 1, 10, 308, 85, -0.04442020133137703
36, 1, 11, 329, 72, -0.053966764360666275
36, 1, 12, 347, 63, -0.060516633093357086
36, 1, 13, 296, 123, -0.03789851441979408
36, 1, 14, 319, 100, -0.05077999457716942
36, 1, 15, 338, 87, -0.05709615722298622
36, 1, 16, 355, 78, -0.06120878830552101
36, 1, 17, 307, 141, -0.04623895883560181
36, 1, 18, 323, 125, -0.05660926178097725
36, 1, 19, 334, 116, -0.05797136202454567
36, 1, 20, 345, 109, -0.05795540660619736
37, 0, 0, 411, 170, 1.1000320654375173e-07
37, 0, 1, 426, 153, -0.008398573845624924
37, 0, 2, 435, 130, -0.014740178361535072
37, 0, 3, 441, 111, -0.02111862413585186
37, 0, 4, 451, 99, -0.027474384754896164
37, 0, 5, 409, 106, -0.005342141259461641
37, 0, 6, 396, 83, -0.015496675856411457
37, 0, 7, 385, 68, -0.025193389505147934
37, 0, 8, 374, 56, -0.031837232410907745
37, 0, 9, 399, 109, -0.007454257924109697
37, 0, 10, 385, 85, -0.016160326078534126
37, 0, 11, 372, 69, -0.024229327216744423
37, 0, 12, 361, 58, -0.029871851205825806
37, 0, 13, 391, 114, -0.01066771149635315
37, 0, 14, 379, 89, -0.018030855804681778
37, 0, 15, 369, 74, -0.020578043535351753
37, 0, 16, 360, 64, -0.021454988047480583
37, 0, 17, 384, 120, -0.015093429945409298
37, 0, 18, 377, 98, -0.020461266860365868
37, 0, 19, 371, 84, -0.020095089450478554
37, 0, 20, 366, 73, -0.018619444221258163
37, 1, 0, 272, 182, 3.3033410318239476e-07
37, 1, 1, 258, 159, -0.015085970982909203
37, 1, 2, 252, 129, -0.029174501076340675
37, 1, 3, 243, 105, -0.04273418337106705
37, 1, 4, 231, 90, -0.05720089003443718
37, 1, 5, 292, 111, -0.02404569275677204
37, 1, 6, 309, 85, -0.04317377507686615
37, 1, 7, 325, 69, -0.05946771427989006
37, 1, 8, 340, 58, -0.07066484540700912
37, 1, 9, 305, 118, -0.02909180335700512
37, 1, 10, 326, 92, -0.044924069195985794
37, 1, 11, 342, 76, -0.05720270797610283
37, 1, 12, 357, 62, -0.06591495126485825
37, 1, 13, 318, 131, -0.03559911251068115
37, 1, 14, 338, 104, -0.049874529242515564
37, 1, 15, 353, 86, -0.05742117017507553
37, 1, 16, 367, 72, -0.06237894296646118
37, 1, 17, 328, 147, -0.04352549836039543
37, 1, 18, 346, 128, -0.05421321466565132
37, 1, 19, 358, 116, -0.05648499354720116
37, 1, 20, 369, 106, -0.05754319950938225
38, 0, 0, 394, 182, 2.1459102583776257e-07
38, 0, 1, 413, 159, -0.014786005020141602
38, 0, 2, 419, 134, -0.022212794050574303
38, 0, 3, 420, 112, -0.028117917478084564
38, 0, 4, 429, 99, -0.03391613811254501
38, 0, 5, 392, 120, -0.006987659726291895
38, 0, 6, 380, 97, -0.014964127913117409
38, 0, 7, 372, 82, -0.02301611192524433
38, 0, 8, 365, 72, -0.028804335743188858
38, 0, 9, 380, 125, -0.004348818678408861
38, 0, 10, 369, 101, -0.010719379410147667
38, 0, 11, 361, 86, -0.01758008822798729
38, 0, 12, 355, 76, -0.02252841368317604
38, 0, 13, 369, 132, -0.003401979571208358
38, 0, 14, 359, 109, -0.008761937730014324
38, 0, 15, 353, 96, -0.009222862310707569
38, 0, 16, 349, 87, -0.008973576128482819
38, 0, 17, 361, 139, -0.004176683723926544
38, 0, 18, 351, 121, -0.007227806840091944
38, 0, 19, 347, 111, -0.0049600000493228436
38, 0, 20, 344, 103, -0.0026055285707116127
38, 1, 0, 287, 188, 2.3379499225484324e-07
38, 1, 1, 273, 165, -0.017499154433608055
38, 1, 2, 268, 135, -0.03181694820523262
38, 1, 3, 263, 111, -0.04498966038227081
38, 1, 4, 253, 94, -0.05861335247755051
38, 1, 5, 309, 121, -0.022302351891994476
38, 1, 6, 325, 98, -0.039678387343883514
38, 1, 7, 338, 82, -0.054702501744031906
38, 1, 8, 348, 69, -0.06549599766731262
38, 1, 9, 323, 129, -0.025727521628141403
38, 1, 10, 343, 106, -0.04032539203763008
38, 1, 11, 355, 90, -0.051597241312265396
38, 1, 12, 365, 76, -0.05993922799825668
38, 1, 13, 335, 141, -0.031048841774463654
38, 1, 14, 356, 119, -0.04482194408774376
38, 1, 15, 368, 102, -0.05039094015955925
38, 1, 16, 380, 88, -0.05392509326338768
38, 1, 17, 344, 156, -0.03814101964235306
38, 1, 18, 363, 140, -0.04891460761427879
38, 1, 19, 374, 128, -0.05060863122344017
38, 1, 20, 384, 117, -0.051154348999261856
39, 0, 0, 307, 192, 2.2120677556358714e-07
39, 0, 1, 291, 167, -0.013591148890554905
39, 0, 2, 285, 136, -0.027623098343610764
39, 0, 3, 282, 112, -0.040007855743169785
39, 0, 4, 273, 95, -0.05236520245671272
39, 0, 5, 322, 131, -0.02900490164756775
39, 0, 6, 339, 106, -0.04456057772040367
39, 0, 7, 351, 92, -0.054926954209804535
39, 0, 8, 361, 82, -0.06127602979540825
39, 0, 9, 338, 141, -0.03170841187238693
39, 0, 10, 361, 117, -0.043066367506980896
39, 0, 11, 374, 102, -0.048425137996673584
39, 0, 12, 386, 90, -0.05253846198320389
39, 0, 13, 353, 153, -0.0350375697016716
39, 0, 14, 376, 130, -0.044480424374341965
39, 0, 15, 390, 114, -0.04575513303279877
39, 0, 16, 403, 101, -0.046613313257694244
39, 0, 17, 363, 166, -0.039441581815481186
39, 0, 18, 384, 148, -0.046263933181762695
39, 0, 19, 397, 135, -0.04521660506725311
39, 0, 20, 409, 122, -0.0438726544380188
39, 1, 0, 0, 0, 0.0
39, 1, 1, 0, 0, 0.0
39, 1, 2, 0, 0, 0.0
39, 1, 3, 0, 0, 0.0
39, 1, 4, 0, 0, 0.0
39, 1, 5, 0, 0, 0.0
39, 1, 6, 0, 0, 0.0
39, 1, 7, 0, 0, 0.0
39, 1, 8, 0, 0, 0.0
39, 1, 9, 0, 0, 0.0
39, 1, 10, 0, 0, 0.0
39, 1, 11, 0, 0, 0.0
39, 1, 12, 0, 0, 0.0
39, 1, 13, 0, 0, 0.0
39, 1, 14, 0, 0, 0.0
39, 1, 15, 0, 0, 0.0
39, 1, 16, 0, 0, 0.0
39, 1, 17, 0, 0, 0.0
39, 1, 18, 0, 0, 0.0
39, 1, 19, 0, 0, 0.0
39, 1, 20, 0, 0, 0.0
40, 0, 0, 318, 208, 2.515563721772196e-07
40, 0, 1, 303, 181, -0.013802127912640572
40, 0, 2, 298, 153, -0.025507524609565735
40, 0, 3, 294, 131, -0.03715045005083084
40, 0, 4, 290, 114, -0.04861894249916077
40, 0, 5, 346, 148, -0.013142968527972698
40, 0, 6, 370, 127, -0.024331126362085342
40, 0, 7, 387, 114, -0.03407704457640648
40, 0, 8, 399, 105, -0.04015551134943962
40, 0, 9, 359, 158, -0.01496347226202488
40, 0, 10, 384, 136, -0.02185848169028759
40, 0, 11, 399, 121, -0.026931537315249443
40, 0, 12, 409, 111, -0.030324921011924744
40, 0, 13, 369, 171, -0.01867194101214409
40, 0, 14, 392, 151, -0.024085134267807007
40, 0, 15, 407, 137, -0.02529212459921837
40, 0, 16, 418, 127, -0.02610650099813938
40, 0, 17, 377, 186, -0.02416328527033329
40, 0, 18, 396, 172, -0.02871910110116005
40, 0, 19, 409, 163, -0.02657967060804367
40, 0, 20, 419, 155, -0.024000128731131554
40, 1, 0, 0, 0, 0.0
40, 1, 1, 0, 0, 0.0
40, 1, 2, 0, 0, 0.0
40, 1, 3, 0, 0, 0.0
40, 1, 4, 0, 0, 0.0
40, 1, 5, 0, 0, 0.0
40, 1, 6, 0, 0, 0.0
40, 1, 7, 0, 0, 0.0
40, 1, 8, 0, 0, 0.0
40, 1, 9, 0, 0, 0.0
40, 1, 10, 0, 0, 0.0
40, 1, 11, 0, 0, 0.0
40, 1, 12, 0, 0, 0.0
40, 1, 13, 0, 0, 0.0
40, 1, 14, 0, 0, 0.0
40, 1, 15, 0, 0, 0.0
40, 1, 16, 0, 0, 0.0
40, 1, 17, 0, 0, 0.0
40, 1, 18, 0, 0, 0.0
40, 1, 19, 0, 0, 0.0
40, 1, 20, 0, 0, 0.0
41, 0, 0, 324, 222, 1.4831032046913606e-07
41, 0, 1, 315, 194, -0.008727587759494781
41, 0, 2, 316, 167, -0.01648895815014839
41, 0, 3, 314, 145, -0.024218961596488953
41, 0, 4, 312, 131, -0.03224444389343262
41, 0, 5, 360, 166, -0.011855141259729862
41, 0, 6, 383, 147, -0.022367049008607864
41, 0, 7, 394, 132, -0.031362134963274
41, 0, 8, 401, 120, -0.036926835775375366
41, 0, 9, 373, 176, -0.015529247932136059
41, 0, 10, 402, 155, -0.022613633424043655
41, 0, 11, 417, 140, -0.028340626507997513
41, 0, 12, 427, 128, -0.0323311872780323
41, 0, 13, 383, 189, -0.020288215950131416
41, 0, 14, 411, 170, -0.026398129761219025
41, 0, 15, 427, 157, -0.03013524040579796
41, 0, 16, 440, 147, -0.032552629709243774
41, 0, 17, 388, 203, -0.025920677930116653
41, 0, 18, 410, 191, -0.029334142804145813
41, 0, 19, 424, 182, -0.027510888874530792
41, 0, 20, 434, 175, -0.025734983384609222
41, 1, 0, 0, 0, 0.0
41, 1, 1, 0, 0, 0.0
41, 1, 2, 0, 0, 0.0
41, 1, 3, 0, 0, 0.0
41, 1, 4, 0, 0, 0.0
41, 1, 5, 0, 0, 0.0
41, 1, 6, 0, 0, 0.0
41, 1, 7, 0, 0, 0.0
41, 1, 8, 0, 0, 0.0
41, 1, 9, 0, 0, 0.0
41, 1, 10, 0, 0, 0.0
41, 1, 11, 0, 0, 0.0
41, 1, 12, 0, 0, 0.0
41, 1, 13, 0, 0, 0.0
41, 1, 14, 0, 0, 0.0
41, 1, 15, 0, 0, 0.0
41, 1, 16, 0, 0, 0.0
41, 1, 17, 0, 0, 0.0
41, 1, 18, 0, 0, 0.0
41, 1, 19, 0, 0, 0.0
41, 1, 20, 0, 0, 0.0
42, 0, 0, 341, 237, 2.2870331406465993e-07
42, 0, 1, 332, 208, -0.02419542334973812
42, 0, 2, 332, 177, -0.03982046991586685
42, 0, 3, 333, 151, -0.0521264411509037
42, 0, 4, 334, 130, -0.06378013640642166
42, 0, 5, 379, 184, -0.03134636953473091
42, 0, 6, 403, 165, -0.0469728484749794
42, 0, 7, 418, 152, -0.05884561687707901
42, 0, 8, 431, 142, -0.0664142370223999
42, 0, 9, 391, 197, -0.02803705632686615
42, 0, 10, 417, 179, -0.03964056447148323
42, 0, 11, 433, 166, -0.046504974365234375
42, 0, 12, 447, 156, -0.05145706608891487
42, 0, 13, 398, 211, -0.02673637866973877
42, 0, 14, 423, 196, -0.03752785176038742
42, 0, 15, 440, 185, -0.0414828322827816
42, 0, 16, 455, 177, -0.04366683587431908
42, 0, 17, 402, 225, -0.027442755177617073
42, 0, 18, 423, 214, -0.036651212722063065
42, 0, 19, 437, 206, -0.037744324654340744
42, 0, 20, 448, 199, -0.03739995136857033
42, 1, 0, 0, 0, 0.0
42, 1, 1, 0, 0, 0.0
42, 1, 2, 0, 0, 0.0
42, 1, 3, 0, 0, 0.0
42, 1, 4, 0, 0, 0.0
42, 1, 5, 0, 0, 0.0
42, 1, 6, 0, 0, 0.0
42, 1, 7, 0, 0, 0.0
42, 1, 8, 0, 0, 0.0
42, 1, 9, 0, 0, 0.0
42, 1, 10, 0, 0, 0.0
42, 1, 11, 0, 0, 0.0
42, 1, 12, 0, 0, 0.0
42, 1, 13, 0, 0, 0.0
42, 1, 14, 0, 0, 0.0
42, 1, 15, 0, 0, 0.0
42, 1, 16, 0, 0, 0.0
42, 1, 17, 0, 0, 0.0
42, 1, 18, 0, 0, 0.0
42, 1, 19, 0, 0, 0.0
42, 1, 20, 0, 0, 0.0
43, 0, 0, 359, 250, 2.2332194760110724e-07
43, 0, 1, 351, 225, -0.017564833164215088
43, 0, 2, 354, 201, -0.03076917678117752
43, 0, 3, 355, 183, -0.04258605092763901
43, 0, 4, 356, 169, -0.05503588542342186
43, 0, 5, 400, 200, -0.022088099271059036
43, 0, 6, 423, 186, -0.03402585908770561
43, 0, 7, 438, 178, -0.044188231229782104
43, 0, 8, 448, 172, -0.051435042172670364
43, 0, 9, 411, 214, -0.02264036051928997
43, 0, 10, 437, 201, -0.030672507360577583
43, 0, 11, 451, 192, -0.03866899386048317
43, 0, 12, 462, 186, -0.04528247192502022
43, 0, 13, 417, 230, -0.024943729862570763
43, 0, 14, 442, 219, -0.03143317997455597
43, 0, 15, 455, 211, -0.036391228437423706
43, 0, 16, 467, 205, -0.040894389152526855
43, 0, 17, 419, 247, -0.02901638112962246
43, 0, 18, 438, 240, -0.03516106680035591
43, 0, 19, 450, 235, -0.036467667669057846
43, 0, 20, 460, 230, -0.037095826119184494
43, 1, 0, 346, 256, 2.207117688612925e-07
43, 1, 1, 341, 227, -0.016627538949251175
43, 1, 2, 344, 196, -0.029331618919968605
43, 1, 3, 346, 172, -0.040988899767398834
43, 1, 4, 344, 155, -0.05267168954014778
43, 1, 5, 390, 203, -0.01921861432492733
43, 1, 6, 416, 189, -0.033499088138341904
43, 1, 7, 433, 180, -0.04603658616542816
43, 1, 8, 448, 174, -0.05474425479769707
43, 1, 9, 400, 217, -0.021324269473552704
43, 1, 10, 428, 203, -0.031155288219451904
43, 1, 11, 446, 194, -0.0389152429997921
43, 1, 12, 462, 187, -0.04503936320543289
43, 1, 13, 406, 233, -0.025455722585320473
43, 1, 14, 433, 221, -0.03419005870819092
43, 1, 15, 450, 213, -0.0375298447906971
43, 1, 16, 465, 207, -0.040003012865781784
43, 1, 17, 408, 250, -0.0314885638654232
43, 1, 18, 430, 242, -0.03789064660668373
43, 1, 19, 444, 237, -0.037106338888406754
43, 1, 20, 455, 232, -0.03613590449094772
44, 0, 0, 349, 276, 2.1335802102839807e-07
44, 0, 1, 346, 245, -0.014304311946034431
44, 0, 2, 354, 213, -0.025298207998275757
44, 0, 3, 360, 189, -0.03570302203297615
44, 0, 4, 357, 170, -0.04604184255003929
44, 0, 5, 401, 220, -0.014108370058238506
44, 0, 6, 427, 208, -0.026257086545228958
44, 0, 7, 445, 201, -0.03781590610742569
44, 0, 8, 460, 197, -0.04646925628185272
44, 0, 9, 409, 235, -0.017166532576084137
44, 0, 10, 435, 223, -0.025663217529654503
44, 0, 11, 453, 216, -0.03335177153348923
44, 0, 12, 469, 210, -0.03971512243151665
44, 0, 13, 412, 253, -0.0221935473382473
44, 0, 14, 438, 242, -0.03016645647585392
44, 0, 15, 455, 234, -0.03386237844824791
44, 0, 16, 469, 229, -0.03689264506101608
44, 0, 17, 412, 272, -0.028968913480639458
44, 0, 18, 434, 265, -0.035658009350299835
44, 0, 19, 447, 260, -0.03600868955254555
44, 0, 20, 459, 254, -0.03595225512981415
44, 1, 0, 0, 0, 0.0
44, 1, 1, 0, 0, 0.0
44, 1, 2, 0, 0, 0.0
44, 1, 3, 0, 0, 0.0
44, 1, 4, 0, 0, 0.0
44, 1, 5, 0, 0, 0.0
44, 1, 6, 0, 0, 0.0
44, 1, 7, 0, 0, 0.0
44, 1, 8, 0, 0, 0.0
44, 1, 9, 0, 0, 0.0
44, 1, 10, 0, 0, 0.0
44, 1, 11, 0, 0, 0.0
44, 1, 12, 0, 0, 0.0
44, 1, 13, 0, 0, 0.0
44, 1, 14, 0, 0, 0.0
44, 1, 15, 0, 0, 0.0
44, 1, 16, 0, 0, 0.0
44, 1, 17, 0, 0, 0.0
44, 1, 18, 0, 0, 0.0
44, 1, 19, 0, 0, 0.0
44, 1, 20, 0, 0, 0.0
45, 0, 0, 357, 288, 2.063286217435234e-07
45, 0, 1, 354, 256, -0.013235397636890411
45, 0, 2, 364, 225, -0.022635582834482193
45, 0, 3, 370, 201, -0.03072374500334263
45, 0, 4, 369, 184, -0.038579341024160385
45, 0, 5, 409, 240, -0.015339113771915436
45, 0, 6, 436, 229, -0.023472659289836884
45, 0, 7, 454, 223, -0.03150991350412369
45, 0, 8, 468, 221, -0.03733653947710991
45, 0, 9, 417, 257, -0.015993846580386162
45, 0, 10, 444, 245, -0.01871553622186184
45, 0, 11, 463, 239, -0.022568151354789734
45, 0, 12, 478, 236, -0.02684219367802143
45, 0, 13, 420, 274, -0.01793254166841507
45, 0, 14, 445, 265, -0.020747900009155273
45, 0, 15, 463, 260, -0.022485099732875824
45, 0, 16, 477, 257, -0.02479841746389866
45, 0, 17, 419, 291, -0.021307140588760376
45, 0, 18, 439, 285, -0.02369599975645542
45, 0, 19, 452, 281, -0.02181701920926571
45, 0, 20, 463, 276, -0.020502988249063492
45, 1, 0, 0, 0, 0.0
45, 1, 1, 0, 0, 0.0
45, 1, 2, 0, 0, 0.0
45, 1, 3, 0, 0, 0.0
45, 1, 4, 0, 0, 0.0
45, 1, 5, 0, 0, 0.0
45, 1, 6, 0, 0, 0.0
45, 1, 7, 0, 0, 0.0
45, 1, 8, 0, 0, 0.0
45, 1, 9, 0, 0, 0.0
45, 1, 10, 0, 0, 0.0
45, 1, 11, 0, 0, 0.0
45, 1, 12, 0, 0, 0.0
45, 1, 13, 0, 0, 0.0
45, 1, 14, 0, 0, 0.0
45, 1, 15, 0, 0, 0.0
45, 1, 16, 0, 0, 0.0
45, 1, 17, 0, 0, 0.0
45, 1, 18, 0, 0, 0.0
45, 1, 19, 0, 0, 0.0
45, 1, 20, 0, 0, 0.0
46, 0, 0, 311, 303, 1.789366024240735e-07
46, 0, 1, 311, 277, -0.013643760234117508
46, 0, 2, 299, 256, -0.019828081130981445
46, 0, 3, 285, 240, -0.024180036038160324
46, 0, 4, 279, 226, -0.028500495478510857
46, 0, 5, 262, 268, -0.01364022959023714
46, 0, 6, 236, 262, -0.020333604887127876
46, 0, 7, 220, 260, -0.026129545643925667
46, 0, 8, 208, 259, -0.03063669428229332
46, 0, 9, 255, 283, -0.011750034987926483
46, 0, 10, 229, 276, -0.016757477074861526
46, 0, 11, 213, 273, -0.021769555285573006
46, 0, 12, 201, 271, -0.02600274793803692
46, 0, 13, 253, 298, -0.010954063385725021
46, 0, 14, 229, 292, -0.016198744997382164
46, 0, 15, 215, 288, -0.02083532139658928
46, 0, 16, 204, 286, -0.024484524503350258
46, 0, 17, 254, 311, -0.01130704302340746
46, 0, 18, 236, 306, -0.016537580639123917
46, 0, 19, 227, 303, -0.018915873020887375
46, 0, 20, 219, 300, -0.020313505083322525
46, 1, 0, 356, 303, 1.6054278262345179e-07
46, 1, 1, 355, 270, -0.011301619000732899
46, 1, 2, 366, 241, -0.020460093393921852
46, 1, 3, 374, 217, -0.028700895607471466
46, 1, 4, 375, 197, -0.03638116642832756
46, 1, 5, 413, 252, -0.009174899198114872
46, 1, 6, 440, 242, -0.014978272840380669
46, 1, 7, 456, 237, -0.02128596417605877
46, 1, 8, 469, 234, -0.026083603501319885
46, 1, 9, 423, 270, -0.01009882427752018
46, 1, 10, 450, 258, -0.011661862954497337
46, 1, 11, 466, 251, -0.014760983176529408
46, 1, 12, 479, 246, -0.018280383199453354
46, 1, 13, 426, 287, -0.012508247047662735
46, 1, 14, 453, 277, -0.01492912508547306
46, 1, 15, 469, 272, -0.017304416745901108
46, 1, 16, 482, 268, -0.019886961206793785
46, 1, 17, 426, 304, -0.016080649569630623
46, 1, 18, 447, 296, -0.018047278746962547
46, 1, 19, 460, 291, -0.01671024225652218
46, 1, 20, 469, 287, -0.01572347618639469
47, 0, 0, 311, 312, 3.2573208841313317e-07
47, 0, 1, 310, 284, -0.01766958460211754
47, 0, 2, 298, 264, -0.026824789121747017
47, 0, 3, 283, 246, -0.032748032361269
47, 0, 4, 274, 230, -0.03799071162939072
47, 0, 5, 259, 278, -0.01839655078947544
47, 0, 6, 232, 271, -0.024205084890127182
47, 0, 7, 216, 269, -0.0284480731934309
47, 0, 8, 203, 268, -0.031740132719278336
47, 0, 9, 252, 295, -0.013782710768282413
47, 0, 10, 225, 286, -0.017455827444791794
47, 0, 11, 210, 281, -0.019990097731351852
47, 0, 12, 199, 279, -0.02223169431090355
47, 0, 13, 251, 310, -0.010419617407023907
47, 0, 14, 226, 303, -0.01440404076129198
47, 0, 15, 212, 298, -0.017613045871257782
47, 0, 16, 202, 295, -0.020438695326447487
47, 0, 17, 254, 322, -0.008428121916949749
47, 0, 18, 236, 316, -0.013306746259331703
47, 0, 19, 226, 312, -0.015264570713043213
47, 0, 20, 219, 308, -0.016172751784324646
47, 1, 0, 358, 309, 2.3550195749066916e-07
47, 1, 1, 356, 276, -0.014762415550649166
47, 1, 2, 365, 249, -0.02577407844364643
47, 1, 3, 374, 225, -0.03460750728845596
47, 1, 4, 377, 206, -0.04296480491757393
47, 1, 5, 414, 260, -0.016778483986854553
47, 1, 6, 443, 250, -0.023255232721567154
47, 1, 7, 460, 245, -0.028897201642394066
47, 1, 8, 472, 243, -0.032702021300792694
47, 1, 9, 423, 279, -0.01499210949987173
47, 1, 10, 453, 266, -0.01630305126309395
47, 1, 11, 470, 259, -0.01824392005801201
47, 1, 12, 483, 255, -0.02076786570250988
47, 1, 13, 426, 296, -0.014505715109407902
47, 1, 14, 454, 285, -0.016479238867759705
47, 1, 15, 471, 280, -0.01890902779996395
47, 1, 16, 484, 277, -0.02161666937172413
47, 1, 17, 424, 311, -0.01523167360574007
47, 1, 18, 445, 304, -0.01765408180654049
47, 1, 19, 458, 300, -0.01716487482190132
47, 1, 20, 467, 295, -0.01663626916706562
48, 0, 0, 313, 312, 3.414104412513552e-07
48, 0, 1, 310, 285, -0.017815001308918
48, 0, 2, 297, 265, -0.02786206640303135
48, 0, 3, 282, 248, -0.03451671078801155
48, 0, 4, 273, 232, -0.040350768715143204
48, 0, 5, 259, 281, -0.0183250792324543
48, 0, 6, 230, 274, -0.023343492299318314
48, 0, 7, 214, 272, -0.0267654862254858
48, 0, 8, 202, 271, -0.029239671304821968
48, 0, 9, 253, 298, -0.012667850591242313
48, 0, 10, 225, 289, -0.015743859112262726
48, 0, 11, 209, 283, -0.01765638403594494
48, 0, 12, 198, 280, -0.019251929596066475
48, 0, 13, 253, 312, -0.008113684132695198
48, 0, 14, 227, 305, -0.010669050738215446
48, 0, 15, 213, 300, -0.013303783722221851
48, 0, 16, 202, 296, -0.01584905944764614
48, 0, 17, 256, 323, -0.0049834465608000755
48, 0, 18, 238, 317, -0.008276454173028469
48, 0, 19, 228, 314, -0.009689582511782646
48, 0, 20, 221, 310, -0.010322188027203083
48, 1, 0, 358, 311, 2.461679855514376e-07
48, 1, 1, 356, 277, -0.015868352726101875
48, 1, 2, 365, 251, -0.027998674660921097
48, 1, 3, 375, 228, -0.03742870315909386
48, 1, 4, 378, 209, -0.0463382788002491
48, 1, 5, 413, 265, -0.021070346236228943
48, 1, 6, 443, 254, -0.027706675231456757
48, 1, 7, 461, 249, -0.03246605396270752
48, 1, 8, 474, 246, -0.03552901744842529
48, 1, 9, 422, 284, -0.018157850950956345
48, 1, 10, 453, 270, -0.02063821628689766
48, 1, 11, 471, 263, -0.02209961786866188
48, 1, 12, 484, 259, -0.024021785706281662
48, 1, 13, 424, 300, -0.01621106080710888
48, 1, 14, 454, 289, -0.018762808293104172
48, 1, 15, 472, 283, -0.020493673160672188
48, 1, 16, 484, 280, -0.02248871512711048
48, 1, 17, 423, 315, -0.015448092482984066
48, 1, 18, 445, 308, -0.01828930526971817
48, 1, 19, 458, 303, -0.017548222094774246
48, 1, 20, 467, 299, -0.016613794490695
49, 0, 0, 313, 313, 3.3554451306372357e-07
49, 0, 1, 309, 285, -0.015033443458378315
49, 0, 2, 297, 265, -0.024973329156637192
49, 0, 3, 282, 248, -0.032213304191827774
49, 0, 4, 274, 232, -0.03887000307440758
49, 0, 5, 260, 281, -0.01880652643740177
49, 0, 6, 231, 274, -0.02502588741481304
49, 0, 7, 215, 271, -0.02905898168683052
49, 0, 8, 203, 269, -0.03190618380904198
49, 0, 9, 254, 297, -0.0152974221855402
49, 0, 10, 225, 288, -0.01902809366583824
49, 0, 11, 209, 282, -0.021150678396224976
49, 0, 12, 198, 278, -0.023105008527636528
49, 0, 13, 254, 311, -0.012585253454744816
49, 0, 14, 227, 304, -0.015207460150122643
49, 0, 15, 212, 299, -0.017696863040328026
49, 0, 16, 202, 294, -0.02042865753173828
49, 0, 17, 256, 323, -0.011109625920653343
49, 0, 18, 237, 318, -0.014231410808861256
49, 0, 19, 227, 314, -0.015326841734349728
49, 0, 20, 220, 310, -0.015928059816360474
49, 1, 0, 357, 312, 2.340602520689572e-07
49, 1, 1, 355, 278, -0.015270743519067764
49, 1, 2, 365, 251, -0.026265425607562065
49, 1, 3, 375, 228, -0.034272097051143646
49, 1, 4, 379, 210, -0.04164350405335426
49, 1, 5, 413, 266, -0.021443737670779228
49, 1, 6, 443, 254, -0.027024388313293457
49, 1, 7, 460, 249, -0.030385492369532585
49, 1, 8, 473, 246, -0.032274261116981506
49, 1, 9, 421, 284, -0.017932496964931488
49, 1, 10, 453, 270, -0.019867701455950737
49, 1, 11, 471, 262, -0.02022501640021801
49, 1, 12, 484, 258, -0.02108829654753208
49, 1, 13, 423, 301, -0.015186991542577744
49, 1, 14, 453, 290, -0.017475374042987823
49, 1, 15, 471, 285, -0.01889810897409916
49, 1, 16, 483, 281, -0.020297659561038017
49, 1, 17, 422, 316, -0.013432243838906288
49, 1, 18, 445, 307, -0.0157803762704134
49, 1, 19, 457, 303, -0.0145625164732337
49, 1, 20, 467, 299, -0.013102075085043907
50, 0, 0, 312, 313, 3.2157657869902323e-07
50, 0, 1, 310, 285, -0.014085127040743828
50, 0, 2, 298, 263, -0.023025698959827423
50, 0, 3, 283, 246, -0.02979109063744545
50, 0, 4, 274, 230, -0.03591682389378548
50, 0, 5, 260, 278, -0.014254404231905937
50, 0, 6, 232, 270, -0.02038533240556717
50, 0, 7, 216, 267, -0.02516409195959568
50, 0, 8, 204, 266, -0.028586866334080696
50, 0, 9, 252, 293, -0.01134465727955103
50, 0, 10, 225, 283, -0.014768051914870739
50, 0, 11, 210, 277, -0.017605965957045555
50, 0, 12, 200, 273, -0.020133934915065765
50, 0, 13, 251, 308, -0.009539151564240456
50, 0, 14, 226, 300, -0.012328214943408966
50, 0, 15, 212, 295, -0.014978282153606415
50, 0, 16, 202, 290, -0.017713624984025955
50, 0, 17, 253, 320, -0.008992211893200874
50, 0, 18, 235, 313, -0.012043118476867676
50, 0, 19, 226, 309, -0.01283276081085205
50, 0, 20, 219, 305, -0.013149465434253216
50, 1, 0, 356, 312, 2.3638452262275678e-07
50, 1, 1, 354, 278, -0.015143030323088169
50, 1, 2, 364, 251, -0.026212958618998528
50, 1, 3, 374, 229, -0.03442879021167755
50, 1, 4, 378, 210, -0.042016323655843735
50, 1, 5, 412, 266, -0.020558197051286697
50, 1, 6, 442, 254, -0.0262755099684
50, 1, 7, 460, 249, -0.029937611892819405
50, 1, 8, 472, 246, -0.03206456080079079
50, 1, 9, 421, 284, -0.01739942654967308
50, 1, 10, 452, 270, -0.019567951560020447
50, 1, 11, 470, 263, -0.020170148462057114
50, 1, 12, 483, 259, -0.021213041618466377
50, 1, 13, 423, 301, -0.015098955482244492
50, 1, 14, 453, 290, -0.017910465598106384
50, 1, 15, 470, 284, -0.019291384145617485
50, 1, 16, 483, 281, -0.020545637235045433
50, 1, 17, 421, 315, -0.013798839412629604
50, 1, 18, 445, 307, -0.016455406323075294
50, 1, 19, 457, 302, -0.015162302181124687
50, 1, 20, 466, 298, -0.013597613200545311
51, 0, 0, 312, 313, 3.081232762269792e-07
51, 0, 1, 311, 284, -0.01258049439638853
51, 0, 2, 299, 261, -0.02027323842048645
51, 0, 3, 285, 242, -0.02610023319721222
51, 0, 4, 278, 226, -0.031317684799432755
51, 0, 5, 261, 274, -0.01120842806994915
51, 0, 6, 233, 266, -0.01596672274172306
51, 0, 7, 217, 263, -0.01969018019735813
51, 0, 8, 205, 262, -0.02233271114528179
51, 0, 9, 253, 290, -0.008550797589123249
51, 0, 10, 226, 279, -0.01062800269573927
51, 0, 11, 210, 274, -0.012482601217925549
51, 0, 12, 199, 269, -0.014153987169265747
51, 0, 13, 251, 305, -0.006936817895621061
51, 0, 14, 226, 296, -0.008619260974228382
51, 0, 15, 212, 290, -0.010658307000994682
51, 0, 16, 202, 286, -0.012879363261163235
51, 0, 17, 253, 317, -0.006534195970743895
51, 0, 18, 235, 309, -0.008477468974888325
51, 0, 19, 226, 305, -0.008657090365886688
51, 0, 20, 219, 300, -0.008509885519742966
51, 1, 0, 356, 312, 2.465653778926935e-07
51, 1, 1, 354, 277, -0.014686387032270432
51, 1, 2, 364, 250, -0.025751836597919464
51, 1, 3, 374, 227, -0.033885423094034195
51, 1, 4, 377, 208, -0.04144228249788284
51, 1, 5, 411, 264, -0.020742183551192284
51, 1, 6, 442, 253, -0.02555067278444767
51, 1, 7, 459, 248, -0.028384979814291
51, 1, 8, 471, 246, -0.029947474598884583
51, 1, 9, 420, 283, -0.01728503406047821
51, 1, 10, 452, 269, -0.01845104806125164
51, 1, 11, 470, 262, -0.01827126555144787
51, 1, 12, 483, 258, -0.018886739388108253
51, 1, 13, 422, 300, -0.014479563571512699
51, 1, 14, 453, 288, -0.01617702841758728
51, 1, 15, 470, 283, -0.016944320872426033
51, 1, 16, 482, 280, -0.018000923097133636
51, 1, 17, 421, 314, -0.012592490762472153
51, 1, 18, 444, 305, -0.014326139353215694
51, 1, 19, 457, 301, -0.012640547938644886
51, 1, 20, 466, 297, -0.010936388745903969
52, 0, 0, 313, 309, 2.8648042871282087e-07
52, 0, 1, 313, 280, -0.013086819089949131
52, 0, 2, 301, 258, -0.020669642835855484
52, 0, 3, 287, 239, -0.026460060849785805
52, 0, 4, 280, 223, -0.03172769397497177
52, 0, 5, 261, 270, -0.01086430624127388
52, 0, 6, 234, 262, -0.016277864575386047
52, 0, 7, 218, 260, -0.020927974954247475
52, 0, 8, 206, 259, -0.024462327361106873
52, 0, 9, 253, 286, -0.00869083870202303
52, 0, 10, 227, 275, -0.011918590404093266
52, 0, 11, 211, 270, -0.014919424429535866
52, 0, 12, 200, 266, -0.017476331442594528
52, 0, 13, 251, 300, -0.007743314374238253
52, 0, 14, 226, 292, -0.011152668856084347
52, 0, 15, 212, 286, -0.014086316339671612
52, 0, 16, 202, 282, -0.016720524057745934
52, 0, 17, 252, 313, -0.008000332862138748
52, 0, 18, 234, 306, -0.011392454616725445
52, 0, 19, 226, 301, -0.012092622928321362
52, 0, 20, 220, 297, -0.012212802655994892
52, 1, 0, 354, 310, 2.4513732910236286e-07
52, 1, 1, 353, 276, -0.015124630182981491
52, 1, 2, 363, 249, -0.02626151777803898
52, 1, 3, 373, 226, -0.0344303660094738
52, 1, 4, 376, 207, -0.04201149195432663
52, 1, 5, 411, 263, -0.020273350179195404
52, 1, 6, 441, 252, -0.02451968938112259
52, 1, 7, 458, 247, -0.026929305866360664
52, 1, 8, 471, 245, -0.028271643444895744
52, 1, 9, 420, 282, -0.016303911805152893
52, 1, 10, 451, 268, -0.01680556870996952
52, 1, 11, 469, 260, -0.016032032668590546
52, 1, 12, 481, 257, -0.016259649768471718
52, 1, 13, 422, 299, -0.013037986122071743
52, 1, 14, 453, 287, -0.014416809193789959
52, 1, 15, 470, 282, -0.014718392863869667
52, 1, 16, 482, 278, -0.01541121769696474
52, 1, 17, 420, 313, -0.010739246383309364
52, 1, 18, 444, 304, -0.01218926627188921
52, 1, 19, 456, 300, -0.01020386815071106
52, 1, 20, 465, 296, -0.00829976424574852
53, 0, 0, 313, 309, 3.035502231796272e-07
53, 0, 1, 313, 279, -0.013924781233072281
53, 0, 2, 302, 255, -0.022167110815644264
53, 0, 3, 289, 237, -0.02821911685168743
53, 0, 4, 281, 220, -0.03366668149828911
53, 0, 5, 262, 267, -0.01226478349417448
53, 0, 6, 234, 259, -0.017151448875665665
53, 0, 7, 218, 256, -0.02104261890053749
53, 0, 8, 207, 255, -0.023794643580913544
53, 0, 9, 254, 283, -0.009175390936434269
53, 0, 10, 227, 273, -0.011305861175060272
53, 0, 11, 211, 267, -0.013425379991531372
53, 0, 12, 201, 263, -0.015339035540819168
53, 0, 13, 252, 299, -0.007269352208822966
53, 0, 14, 227, 289, -0.009605147875845432
53, 0, 15, 213, 284, -0.012228917330503464
53, 0, 16, 203, 280, -0.014766436070203781
53, 0, 17, 254, 311, -0.006573409307748079
53, 0, 18, 236, 303, -0.00938604585826397
53, 0, 19, 226, 299, -0.01008544396609068
53, 0, 20, 220, 294, -0.010196179151535034
53, 1, 0, 354, 309, 2.4746813664933143e-07
53, 1, 1, 352, 275, -0.014509357511997223
53, 1, 2, 362, 248, -0.025781160220503807
53, 1, 3, 372, 225, -0.03424787521362305
53, 1, 4, 375, 207, -0.04215431213378906
53, 1, 5, 410, 261, -0.020633207634091377
53, 1, 6, 440, 251, -0.025208259001374245
53, 1, 7, 457, 246, -0.027490854263305664
53, 1, 8, 470, 243, -0.028624000027775764
53, 1, 9, 419, 280, -0.01707812398672104
53, 1, 10, 451, 266, -0.01774945668876171
53, 1, 11, 468, 259, -0.016795413568615913
53, 1, 12, 481, 256, -0.01679249107837677
53, 1, 13, 421, 297, -0.014137514866888523
53, 1, 14, 452, 286, -0.015197115018963814
53, 1, 15, 469, 280, -0.015176640823483467
53, 1, 16, 481, 277, -0.015734044834971428
53, 1, 17, 419, 312, -0.012171024456620216
53, 1, 18, 442, 304, -0.01327442191541195
53, 1, 19, 454, 299, -0.011104067787528038
53, 1, 20, 464, 295, -0.009075240232050419
54, 0, 0, 314, 308, 3.04242519177933e-07
54, 0, 1, 315, 277, -0.01311322022229433
54, 0, 2, 304, 254, -0.021137729287147522
54, 0, 3, 290, 235, -0.026880839839577675
54, 0, 4, 282, 219, -0.03203143924474716
54, 0, 5, 264, 265, -0.012833722867071629
54, 0, 6, 236, 257, -0.016939813271164894
54, 0, 7, 219, 253, -0.01979224942624569
54, 0, 8, 207, 252, -0.0218284223228693
54, 0, 9, 256, 282, -0.009630837477743626
54, 0, 10, 228, 270, -0.011108285747468472
54, 0, 11, 212, 264, -0.012198932468891144
54, 0, 12, 201, 260, -0.013408324681222439
54, 0, 13, 254, 297, -0.00738930981606245
54, 0, 14, 228, 287, -0.009127604775130749
54, 0, 15, 213, 281, -0.01133695337921381
54, 0, 16, 203, 277, -0.013709954917430878
54, 0, 17, 255, 310, -0.006225204560905695
54, 0, 18, 237, 301, -0.008852807804942131
54, 0, 19, 227, 297, -0.009680766612291336
54, 0, 20, 220, 292, -0.009933325462043285
54, 1, 0, 354, 308, 2.3988746988834464e-07
54, 1, 1, 352, 274, -0.013113193213939667
54, 1, 2, 362, 248, -0.02403445355594158
54, 1, 3, 372, 224, -0.032318972051143646
54, 1, 4, 376, 206, -0.040033236145973206
54, 1, 5, 409, 261, -0.020605897530913353
54, 1, 6, 440, 250, -0.025497397407889366
54, 1, 7, 457, 245, -0.027865180745720863
54, 1, 8, 470, 242, -0.029067236930131912
54, 1, 9, 418, 279, -0.017917664721608162
54, 1, 10, 450, 265, -0.019273454323410988
54, 1, 11, 467, 258, -0.018420906737446785
54, 1, 12, 480, 254, -0.018415695056319237
54, 1, 13, 420, 296, -0.01565442606806755
54, 1, 14, 451, 285, -0.01718095876276493
54, 1, 15, 469, 279, -0.01688765361905098
54, 1, 16, 481, 276, -0.017163308337330818
54, 1, 17, 418, 311, -0.014207620173692703
54, 1, 18, 442, 302, -0.015600485727190971
54, 1, 19, 455, 297, -0.013316147960722446
54, 1, 20, 464, 293, -0.011106430552899837
55, 0, 0, 315, 307, 3.084178104018065e-07
55, 0, 1, 315, 277, -0.01280074194073677
55, 0, 2, 304, 253, -0.021008245646953583
55, 0, 3, 290, 234, -0.027064349502325058
55, 0, 4, 283, 217, -0.032569196075201035
55, 0, 5, 264, 264, -0.012821339070796967
55, 0, 6, 236, 255, -0.017053239047527313
55, 0, 7, 220, 251, -0.019917380064725876
55, 0, 8, 208, 249, -0.02190437540411949
55, 0, 9, 257, 281, -0.009901217184960842
55, 0, 10, 228, 269, -0.011591259390115738
55, 0, 11, 212, 263, -0.012699728831648827
55, 0, 12, 201, 258, -0.013829166069626808
55, 0, 13, 254, 296, -0.007855454459786415
55, 0, 14, 228, 285, -0.009564157575368881
55, 0, 15, 213, 279, -0.011433313600718975
55, 0, 16, 203, 275, -0.013522954657673836
55, 0, 17, 256, 309, -0.006877899635583162
55, 0, 18, 237, 300, -0.00930060539394617
55, 0, 19, 227, 295, -0.009703543037176132
55, 0, 20, 220, 290, -0.00959076639264822
55, 1, 0, 354, 308, 2.3020575667942467e-07
55, 1, 1, 352, 274, -0.012318199500441551
55, 1, 2, 362, 247, -0.022814881056547165
55, 1, 3, 372, 224, -0.0307684987783432
55, 1, 4, 375, 206, -0.03813140466809273
55, 1, 5, 409, 260, -0.02026352286338806
55, 1, 6, 440, 249, -0.024889124557375908
55, 1, 7, 457, 245, -0.02695934846997261
55, 1, 8, 470, 242, -0.027958719059824944
55, 1, 9, 418, 278, -0.017932619899511337
55, 1, 10, 450, 264, -0.01879158429801464
55, 1, 11, 468, 257, -0.01776675321161747
55, 1, 12, 480, 254, -0.01776449754834175
55, 1, 13, 421, 295, -0.015973255038261414
55, 1, 14, 452, 284, -0.01701139099895954
55, 1, 15, 469, 278, -0.016797350719571114
55, 1, 16, 481, 275, -0.01728828251361847
55, 1, 17, 420, 310, -0.014765050262212753
55, 1, 18, 443, 301, -0.015854669734835625
55, 1, 19, 455, 296, -0.013639770448207855
55, 1, 20, 464, 293, -0.011565052904188633
56, 0, 0, 315, 307, 3.054516071188118e-07
56, 0, 1, 315, 276, -0.012325412593781948
56, 0, 2, 304, 252, -0.02043834514915943
56, 0, 3, 290, 233, -0.02631441131234169
56, 0, 4, 283, 215, -0.031630534678697586
56, 0, 5, 265, 263, -0.014084559865295887
56, 0, 6, 236, 254, -0.01841886341571808
56, 0, 7, 220, 250, -0.020975004881620407
56, 0, 8, 208, 247, -0.02271365001797676
56, 0, 9, 257, 280, -0.01120690070092678
56, 0, 10, 228, 268, -0.013140367344021797
56, 0, 11, 212, 262, -0.013852434232831001
56, 0, 12, 202, 257, -0.014627622440457344
56, 0, 13, 254, 295, -0.00901629775762558
56, 0, 14, 227, 284, -0.010769262909889221
56, 0, 15, 213, 278, -0.01228826493024826
56, 0, 16, 203, 274, -0.01411695871502161
56, 0, 17, 255, 308, -0.007806834764778614
56, 0, 18, 237, 299, -0.01017487421631813
56, 0, 19, 227, 294, -0.010398289188742638
56, 0, 20, 220, 289, -0.010129977948963642
56, 1, 0, 354, 307, 2.2329356852424098e-07
56, 1, 1, 352, 274, -0.011718377470970154
56, 1, 2, 362, 247, -0.021958569064736366
56, 1, 3, 372, 224, -0.02987479791045189
56, 1, 4, 375, 205, -0.03725539147853851
56, 1, 5, 410, 259, -0.01906600221991539
56, 1, 6, 440, 249, -0.023710185661911964
56, 1, 7, 457, 244, -0.02617981843650341
56, 1, 8, 470, 241, -0.02761342003941536
56, 1, 9, 419, 278, -0.017386233434081078
56, 1, 10, 451, 264, -0.018200192600488663
56, 1, 11, 468, 257, -0.017586052417755127
56, 1, 12, 481, 253, -0.01804608292877674
56, 1, 13, 422, 295, -0.016120636835694313
56, 1, 14, 452, 283, -0.017246702685952187
56, 1, 15, 469, 278, -0.017313074320554733
56, 1, 16, 481, 275, -0.018150441348552704
56, 1, 17, 420, 310, -0.01559255737811327
56, 1, 18, 443, 300, -0.016874466091394424
56, 1, 19, 456, 296, -0.014841431751847267
56, 1, 20, 464, 292, -0.013004015199840069
57, 0, 0, 315, 307, 3.011745945968869e-07
57, 0, 1, 315, 276, -0.011738511733710766
57, 0, 2, 303, 252, -0.01927025616168976
57, 0, 3, 289, 232, -0.024743806570768356
57, 0, 4, 283, 214, -0.029605671763420105
57, 0, 5, 265, 262, -0.01189363095909357
57, 0, 6, 236, 253, -0.01582527533173561
57, 0, 7, 219, 249, -0.01832212693989277
57, 0, 8, 207, 246, -0.019946344196796417
57, 0, 9, 257, 279, -0.009023945778608322
57, 0, 10, 228, 267, -0.010341543704271317
57, 0, 11, 212, 261, -0.010950211435556412
57, 0, 12, 202, 256, -0.011633707210421562
57, 0, 13, 254, 294, -0.006923432927578688
57, 0, 14, 228, 284, -0.007909425534307957
57, 0, 15, 214, 278, -0.009039011783897877
57, 0, 16, 203, 273, -0.01061477605253458
57, 0, 17, 255, 307, -0.005852947942912579
57, 0, 18, 236, 298, -0.007332038599997759
57, 0, 19, 227, 293, -0.007075208704918623
57, 0, 20, 220, 288, -0.006487932056188583
57, 1, 0, 355, 307, 2.2228077511954325e-07
57, 1, 1, 353, 274, -0.011699523776769638
57, 1, 2, 362, 247, -0.021960599347949028
57, 1, 3, 372, 224, -0.029889920726418495
57, 1, 4, 376, 206, -0.037250205874443054
57, 1, 5, 410, 260, -0.019163040444254875
57, 1, 6, 441, 249, -0.023437656462192535
57, 1, 7, 458, 244, -0.02541733719408512
57, 1, 8, 470, 242, -0.02651621215045452
57, 1, 9, 419, 278, -0.017458636313676834
57, 1, 10, 451, 264, -0.018064426258206367
57, 1, 11, 468, 257, -0.017074069008231163
57, 1, 12, 481, 254, -0.017214998602867126
57, 1, 13, 422, 295, -0.016179215162992477
57, 1, 14, 453, 283, -0.017123481258749962
57, 1, 15, 470, 278, -0.01709616556763649
57, 1, 16, 482, 275, -0.01788695529103279
57, 1, 17, 420, 310, -0.01562732830643654
57, 1, 18, 444, 301, -0.01679559051990509
57, 1, 19, 456, 296, -0.014782577753067017
57, 1, 20, 465, 292, -0.013002734631299973
58, 0, 0, 315, 306, 3.041510865386954e-07
58, 0, 1, 316, 275, -0.011512319557368755
58, 0, 2, 304, 252, -0.018714385107159615
58, 0, 3, 290, 231, -0.023963429033756256
58, 0, 4, 284, 214, -0.02861703746020794
58, 0, 5, 265, 262, -0.010918544605374336
58, 0, 6, 237, 252, -0.01475335843861103
58, 0, 7, 220, 248, -0.01752578839659691
58, 0, 8, 208, 246, -0.019393276423215866
58, 0, 9, 257, 278, -0.008181990124285221
58, 0, 10, 229, 267, -0.009221256710588932
58, 0, 11, 213, 260, -0.00999867357313633
58, 0, 12, 202, 255, -0.01087950635701418
58, 0, 13, 254, 294, -0.006258643697947264
58, 0, 14, 228, 283, -0.006968676578253508
58, 0, 15, 214, 277, -0.008075720630586147
58, 0, 16, 204, 273, -0.009678950533270836
58, 0, 17, 255, 307, -0.005405825562775135
58, 0, 18, 236, 297, -0.006614902056753635
58, 0, 19, 227, 292, -0.006174302194267511
58, 0, 20, 220, 288, -0.005479628220200539
58, 1, 0, 356, 308, 2.1579748477051908e-07
58, 1, 1, 354, 275, -0.011732857674360275
58, 1, 2, 363, 247, -0.02142985537648201
58, 1, 3, 373, 224, -0.028827613219618797
58, 1, 4, 376, 206, -0.035670649260282516
58, 1, 5, 411, 260, -0.01817191205918789
58, 1, 6, 441, 249, -0.022223036736249924
58, 1, 7, 458, 244, -0.024272548034787178
58, 1, 8, 470, 242, -0.02552960254251957
58, 1, 9, 420, 278, -0.016454322263598442
58, 1, 10, 451, 265, -0.016593003645539284
58, 1, 11, 468, 258, -0.015562482178211212
58, 1, 12, 481, 254, -0.01585976406931877
58, 1, 13, 422, 295, -0.01532695721834898
58, 1, 14, 452, 284, -0.015917714685201645
58, 1, 15, 469, 279, -0.01611470989882946
58, 1, 16, 482, 276, -0.01727122999727726
58, 1, 17, 421, 310, -0.01500515267252922
58, 1, 18, 443, 302, -0.016094185411930084
58, 1, 19, 456, 298, -0.014386073686182499
58, 1, 20, 465, 294, -0.01299369428306818
59, 0, 0, 315, 306, 2.98393871389635e-07
59, 0, 1, 315, 275, -0.010559714399278164
59, 0, 2, 303, 251, -0.017348984256386757
59, 0, 3, 290, 231, -0.022221727296710014
59, 0, 4, 284, 214, -0.026525869965553284
59, 0, 5, 265, 261, -0.01079491712152958
59, 0, 6, 237, 252, -0.014350296929478645
59, 0, 7, 220, 248, -0.01690363883972168
59, 0, 8, 208, 245, -0.018592234700918198
59, 0, 9, 257, 278, -0.008297355845570564
59, 0, 10, 229, 266, -0.009211582131683826
59, 0, 11, 213, 260, -0.009819094091653824
59, 0, 12, 202, 255, -0.010564659722149372
59, 0, 13, 254, 293, -0.006425839848816395
59, 0, 14, 228, 283, -0.006804312579333782
59, 0, 15, 214, 277, -0.00767003046348691
59, 0, 16, 204, 272, -0.009095273911952972
59, 0, 17, 255, 306, -0.005523127969354391
59, 0, 18, 236, 297, -0.006071471609175205
59, 0, 19, 227, 292, -0.005145061295479536
59, 0, 20, 220, 288, -0.004144222009927034
59, 1, 0, 356, 309, 2.2622751316703216e-07
59, 1, 1, 354, 276, -0.011565891094505787
59, 1, 2, 363, 248, -0.02119072899222374
59, 1, 3, 373, 225, -0.02857479639351368
59, 1, 4, 376, 207, -0.03546789661049843
59, 1, 5, 411, 261, -0.018355026841163635
59, 1, 6, 442, 250, -0.02296871319413185
59, 1, 7, 458, 246, -0.0255977064371109
59, 1, 8, 471, 243, -0.027250053361058235
59, 1, 9, 419, 279, -0.016949493438005447
59, 1, 10, 451, 266, -0.01759769208729267
59, 1, 11, 469, 259, -0.017097868025302887
59, 1, 12, 481, 255, -0.017759067937731743
59, 1, 13, 421, 296, -0.016124805435538292
59, 1, 14, 452, 286, -0.016977863386273384
59, 1, 15, 469, 280, -0.01766090653836727
59, 1, 16, 482, 277, -0.019196758046746254
59, 1, 17, 420, 312, -0.016101602464914322
59, 1, 18, 443, 304, -0.017439018934965134
59, 1, 19, 455, 300, -0.016147051006555557
59, 1, 20, 466, 296, -0.015093013644218445
60, 0, 0, 316, 307, 2.8412910069164354e-07
60, 0, 1, 315, 275, -0.008980154059827328
60, 0, 2, 304, 251, -0.015254898928105831
60, 0, 3, 290, 231, -0.01974920742213726
60, 0, 4, 284, 214, -0.023744571954011917
60, 0, 5, 267, 262, -0.011399155482649803
60, 0, 6, 237, 252, -0.014923620969057083
60, 0, 7, 220, 247, -0.016665048897266388
60, 0, 8, 208, 245, -0.017663655802607536
60, 0, 9, 258, 278, -0.009486141614615917
60, 0, 10, 229, 266, -0.010510945692658424
60, 0, 11, 213, 259, -0.010485343635082245
60, 0, 12, 202, 255, -0.010645945556461811
60, 0, 13, 255, 293, -0.007924885489046574
60, 0, 14, 228, 283, -0.0083039291203022
60, 0, 15, 214, 277, -0.008838063105940819
60, 0, 16, 204, 272, -0.010008685290813446
60, 0, 17, 255, 306, -0.007095517590641975
60, 0, 18, 236, 297, -0.007694615982472897
60, 0, 19, 227, 292, -0.006765079218894243
60, 0, 20, 220, 288, -0.0057440344244241714
60, 1, 0, 357, 309, 2.3005850380286574e-07
60, 1, 1, 355, 276, -0.013104264624416828
60, 1, 2, 364, 249, -0.023546872660517693
60, 1, 3, 373, 226, -0.031619831919670105
60, 1, 4, 377, 207, -0.039242327213287354
60, 1, 5, 411, 262, -0.019488206133246422
60, 1, 6, 441, 251, -0.02482796087861061
60, 1, 7, 458, 246, -0.028072277083992958
60, 1, 8, 471, 244, -0.030028896406292915
60, 1, 9, 420, 280, -0.01727612130343914
60, 1, 10, 452, 267, -0.01824972592294216
60, 1, 11, 469, 260, -0.0178380087018013
60, 1, 12, 481, 257, -0.01847774162888527
60, 1, 13, 423, 297, -0.015793228521943092
60, 1, 14, 453, 287, -0.01691371388733387
60, 1, 15, 470, 282, -0.017425578087568283
60, 1, 16, 483, 279, -0.01874958910048008
60, 1, 17, 421, 313, -0.015268788672983646
60, 1, 18, 443, 305, -0.016764044761657715
60, 1, 19, 456, 301, -0.015179058536887169
60, 1, 20, 466, 297, -0.01381560880690813
61, 0, 0, 316, 307, 2.7306722927278315e-07
61, 0, 1, 316, 276, -0.008413605391979218
61, 0, 2, 304, 251, -0.014238053932785988
61, 0, 3, 289, 231, -0.01845724694430828
61, 0, 4, 282, 214, -0.022104807198047638
61, 0, 5, 267, 261, -0.008948414586484432
61, 0, 6, 238, 251, -0.012004712596535683
61, 0, 7, 221, 247, -0.013685970567166805
61, 0, 8, 209, 244, -0.014668880961835384
61, 0, 9, 258, 277, -0.0071889618411660194
61, 0, 10, 229, 265, -0.007708156947046518
61, 0, 11, 214, 259, -0.007487678434699774
61, 0, 12, 204, 254, -0.0075156730599701405
61, 0, 13, 255, 293, -0.005922728218138218
61, 0, 14, 228, 282, -0.006000508088618517
61, 0, 15, 214, 276, -0.006077165249735117
61, 0, 16, 205, 272, -0.006935158744454384
61, 0, 17, 255, 306, -0.005397836212068796
61, 0, 18, 236, 297, -0.00565345399081707
61, 0, 19, 227, 292, -0.004372991155833006
61, 0, 20, 220, 288, -0.003093406092375517
61, 1, 0, 357, 310, 2.2728694659690518e-07
61, 1, 1, 354, 277, -0.012941471301019192
61, 1, 2, 364, 250, -0.022967392578721046
61, 1, 3, 374, 227, -0.030579812824726105
61, 1, 4, 378, 209, -0.03772968053817749
61, 1, 5, 411, 262, -0.019215835258364677
61, 1, 6, 442, 251, -0.024591561406850815
61, 1, 7, 458, 247, -0.027930032461881638
61, 1, 8, 470, 244, -0.02990781143307686
61, 1, 9, 420, 281, -0.01721050776541233
61, 1, 10, 452, 268, -0.018463624641299248
61, 1, 11, 469, 261, -0.01837850734591484
61, 1, 12, 481, 258, -0.019097227603197098
61, 1, 13, 422, 298, -0.015956128016114235
61, 1, 14, 453, 288, -0.017605623230338097
61, 1, 15, 470, 283, -0.018662618473172188
61, 1, 16, 483, 279, -0.020216258242726326
61, 1, 17, 421, 314, -0.015582144260406494
61, 1, 18, 443, 306, -0.017699219286441803
61, 1, 19, 456, 302, -0.016599401831626892
61, 1, 20, 466, 298, -0.01546973641961813
62, 0, 0, 316, 308, 2.6594992164064024e-07
62, 0, 1, 315, 276, -0.007453602273017168
62, 0, 2, 304, 252, -0.012982912361621857
62, 0, 3, 288, 233, -0.017297444865107536
62, 0, 4, 280, 216, -0.02111508883535862
62, 0, 5, 267, 261, -0.006593363359570503
62, 0, 6, 239, 251, -0.00920629408210516
62, 0, 7, 223, 246, -0.010924752801656723
62, 0, 8, 212, 244, -0.012101586908102036
62, 0, 9, 258, 278, -0.005599107127636671
62, 0, 10, 231, 265, -0.005553993862122297
62, 0, 11, 217, 258, -0.005538957193493843
62, 0, 12, 207, 253, -0.005928498692810535
62, 0, 13, 255, 293, -0.005131308920681477
62, 0, 14, 229, 282, -0.005147604271769524
62, 0, 15, 216, 275, -0.004714898765087128
62, 0, 16, 208, 271, -0.005399653222411871
62, 0, 17, 254, 306, -0.005356374196708202
62, 0, 18, 235, 297, -0.006071120500564575
62, 0, 19, 227, 291, -0.00434493413195014
62, 0, 20, 222, 286, -0.0027232260908931494
62, 1, 0, 356, 311, 2.3565695528304786e-07
62, 1, 1, 354, 278, -0.013686858117580414
62, 1, 2, 363, 251, -0.02443019486963749
62, 1, 3, 374, 228, -0.03257245942950249
62, 1, 4, 378, 210, -0.04016973823308945
62, 1, 5, 410, 263, -0.021318644285202026
62, 1, 6, 441, 252, -0.02780100144445896
62, 1, 7, 458, 248, -0.03141874819993973
62, 1, 8, 470, 245, -0.033341940492391586
62, 1, 9, 419, 282, -0.01906668208539486
62, 1, 10, 451, 269, -0.02157674916088581
62, 1, 11, 469, 262, -0.021751433610916138
62, 1, 12, 481, 259, -0.02237951010465622
62, 1, 13, 422, 299, -0.017516758292913437
62, 1, 14, 452, 289, -0.02024967595934868
62, 1, 15, 470, 283, -0.021259937435388565
62, 1, 16, 483, 280, -0.022440776228904724
62, 1, 17, 420, 315, -0.016833405941724777
62, 1, 18, 443, 307, -0.019514383748173714
62, 1, 19, 456, 302, -0.018310245126485825
62, 1, 20, 466, 299, -0.01685849018394947
63, 0, 0, 314, 310, 2.4565602529946773e-07
63, 0, 1, 316, 279, -0.0065343850292265415
63, 0, 2, 303, 255, -0.010923117399215698
63, 0, 3, 287, 236, -0.013890042901039124
63, 0, 4, 279, 220, -0.015967993065714836
63, 0, 5, 267, 263, -0.005332995671778917
63, 0, 6, 239, 251, -0.007090833503752947
63, 0, 7, 227, 247, -0.007359426934272051
63, 0, 8, 222, 244, -0.006791785825043917
63, 0, 9, 257, 278, -0.0034203543327748775
63, 0, 10, 231, 265, -0.00236492813564837
63, 0, 11, 220, 259, -0.0009332816116511822
63, 0, 12, 213, 255, 0.0003782572166528553
63, 0, 13, 253, 294, -0.0019195480272173882
63, 0, 14, 231, 283, 0.00010563733667368069
63, 0, 15, 221, 276, 0.002389658475294709
63, 0, 16, 215, 270, 0.003106609685346484
63, 0, 17, 252, 307, -0.0011368363630026579
63, 0, 18, 238, 298, 0.0013507758267223835
63, 0, 19, 234, 292, 0.005161146633327007
63, 0, 20, 231, 286, 0.008325970731675625
63, 1, 0, 355, 313, 2.3082655786765827e-07
63, 1, 1, 353, 279, -0.01385683473199606
63, 1, 2, 362, 252, -0.02507995255291462
63, 1, 3, 373, 230, -0.03376837819814682
63, 1, 4, 377, 211, -0.041906457394361496
63, 1, 5, 409, 265, -0.021548841148614883
63, 1, 6, 440, 253, -0.028601033613085747
63, 1, 7, 457, 248, -0.032630741596221924
63, 1, 8, 469, 246, -0.03486494719982147
63, 1, 9, 418, 284, -0.01960572600364685
63, 1, 10, 451, 270, -0.022743314504623413
63, 1, 11, 468, 263, -0.023269876837730408
63, 1, 12, 481, 259, -0.024146780371665955
63, 1, 13, 421, 301, -0.01842544414103031
63, 1, 14, 452, 290, -0.021958719938993454
63, 1, 15, 470, 284, -0.023089347407221794
63, 1, 16, 483, 281, -0.02425999939441681
63, 1, 17, 419, 317, -0.018108205869793892
63, 1, 18, 443, 308, -0.02166863903403282
63, 1, 19, 456, 304, -0.020713791251182556
63, 1, 20, 466, 300, -0.01931956224143505
64, 0, 0, 315, 312, 1.8024245207470813e-07
64, 0, 1, 316, 282, -0.004464129917323589
64, 0, 2, 303, 258, -0.007580900099128485
64, 0, 3, 286, 240, -0.00985355768352747
64, 0, 4, 277, 224, -0.010838919319212437
64, 0, 5, 269, 264, -0.0003017125418409705
64, 0, 6, 245, 255, 0.00020420238433871418
64, 0, 7, 241, 251, 0.0011632845271378756
64, 0, 8, 241, 249, 0.002477172762155533
64, 0, 9, 259, 280, 0.001096793683245778
64, 0, 10, 235, 268, 0.005172655452042818
64, 0, 11, 228, 262, 0.007885289378464222
64, 0, 12, 225, 257, 0.009432102553546429
64, 0, 13, 255, 296, 0.0020838803611695766
64, 0, 14, 234, 286, 0.006054655648767948
64, 0, 15, 229, 280, 0.009476355277001858
64, 0, 16, 228, 275, 0.010637739673256874
64, 0, 17, 254, 310, 0.002506138291209936
64, 0, 18, 240, 301, 0.006536911241710186
64, 0, 19, 238, 295, 0.011841553263366222
64, 0, 20, 239, 291, 0.015932997688651085
64, 1, 0, 353, 315, 2.2337451355269877e-07
64, 1, 1, 351, 281, -0.013376983813941479
64, 1, 2, 361, 255, -0.024392597377300262
64, 1, 3, 372, 232, -0.03309132903814316
64, 1, 4, 377, 213, -0.04133804515004158
64, 1, 5, 407, 267, -0.020786624401807785
64, 1, 6, 438, 255, -0.02817622572183609
64, 1, 7, 455, 250, -0.03263336420059204
64, 1, 8, 468, 247, -0.035313285887241364
64, 1, 9, 417, 286, -0.019483745098114014
64, 1, 10, 449, 272, -0.02296372875571251
64, 1, 11, 467, 265, -0.023859737440943718
64, 1, 12, 480, 261, -0.025093063712120056
64, 1, 13, 420, 303, -0.0189963486045599
64, 1, 14, 451, 292, -0.02292795106768608
64, 1, 15, 469, 287, -0.024177085608243942
64, 1, 16, 482, 283, -0.025478389114141464
64, 1, 17, 418, 319, -0.01938229240477085
64, 1, 18, 442, 311, -0.023133208975195885
64, 1, 19, 455, 307, -0.022304143756628036
64, 1, 20, 465, 303, -0.021108295768499374
65, 0, 0, 316, 318, -6.080298931010475e-08
65, 0, 1, 317, 288, -0.0020141727291047573
65, 0, 2, 302, 263, -0.003119146218523383
65, 0, 3, 283, 246, -0.003921742085367441
65, 0, 4, 274, 231, -0.0035406395327299833
65, 0, 5, 268, 266, 6.531940016429871e-05
65, 0, 6, 250, 260, -0.0010803280165418983
65, 0, 7, 258, 264, -0.0024299274664372206
65, 0, 8, 267, 267, -0.003145519644021988
65, 0, 9, 258, 283, -9.137253800872713e-05
65, 0, 10, 239, 274, 0.0008438227814622223
65, 0, 11, 246, 275, 0.0014875143533572555
65, 0, 12, 255, 278, 0.001720825326628983
65, 0, 13, 253, 300, -0.00015156029257923365
65, 0, 14, 235, 292, 0.0011368117993697524
65, 0, 15, 242, 291, 0.004815538879483938
65, 0, 16, 251, 292, 0.006472351960837841
65, 0, 17, 252, 315, -0.0003042468160856515
65, 0, 18, 241, 309, 0.0014065331779420376
65, 0, 19, 247, 306, 0.006695515010505915
65, 0, 20, 254, 306, 0.011038647033274174
65, 1, 0, 351, 318, 2.086439394588524e-07
65, 1, 1, 348, 284, -0.01364943478256464
65, 1, 2, 359, 258, -0.024443428963422775
65, 1, 3, 371, 236, -0.03285514935851097
65, 1, 4, 377, 217, -0.04078374058008194
65, 1, 5, 406, 270, -0.020898493006825447
65, 1, 6, 436, 257, -0.02919023483991623
65, 1, 7, 454, 252, -0.03480635955929756
65, 1, 8, 467, 249, -0.038473233580589294
65, 1, 9, 416, 289, -0.020291561260819435
65, 1, 10, 447, 275, -0.025038989260792732
65, 1, 11, 465, 268, -0.027607105672359467
65, 1, 12, 478, 264, -0.030014581978321075
65, 1, 13, 419, 307, -0.02057504467666149
65, 1, 14, 450, 297, -0.026308543980121613
65, 1, 15, 468, 291, -0.02889356203377247
65, 1, 16, 481, 287, -0.030933672562241554
65, 1, 17, 417, 324, -0.021663300693035126
65, 1, 18, 440, 317, -0.0272697601467371
65, 1, 19, 453, 312, -0.02747020311653614
65, 1, 20, 464, 307, -0.02679378353059292
66, 0, 0, 315, 321, -8.635436188342283e-08
66, 0, 1, 316, 291, -0.0011350143468007445
66, 0, 2, 299, 267, -0.00035794387804344296
66, 0, 3, 280, 252, 1.4584121345251333e-05
66, 0, 4, 274, 237, 0.0009164037182927132
66, 0, 5, 267, 271, 0.0045808362774550915
66, 0, 6, 253, 267, 0.0034388508647680283
66, 0, 7, 259, 272, 0.0006465507321991026
66, 0, 8, 267, 275, -0.0014616326661780477
66, 0, 9, 257, 288, 0.003812948474660516
66, 0, 10, 242, 281, 0.004879878833889961
66, 0, 11, 249, 284, 0.004699904937297106
66, 0, 12, 259, 287, 0.004331481177359819
66, 0, 13, 253, 304, 0.0027990841772407293
66, 0, 14, 238, 298, 0.0031387414783239365
66, 0, 15, 246, 299, 0.005637269467115402
66, 0, 16, 255, 301, 0.006758973468095064
66, 0, 17, 253, 320, 0.0016900900518521667
66, 0, 18, 245, 316, 0.0023654308170080185
66, 0, 19, 252, 315, 0.006460358388721943
66, 0, 20, 259, 315, 0.009993092156946659
66, 1, 0, 347, 323, 1.922030321566126e-07
66, 1, 1, 346, 290, -0.012648804113268852
66, 1, 2, 357, 263, -0.02324632555246353
66, 1, 3, 370, 241, -0.03138379007577896
66, 1, 4, 376, 223, -0.039131928235292435
66, 1, 5, 402, 275, -0.02298818901181221
66, 1, 6, 434, 262, -0.03157413750886917
66, 1, 7, 452, 256, -0.03672768175601959
66, 1, 8, 465, 253, -0.03994618356227875
66, 1, 9, 412, 294, -0.022673211991786957
66, 1, 10, 445, 281, -0.028006577864289284
66, 1, 11, 463, 274, -0.03052792139351368
66, 1, 12, 476, 270, -0.03283015638589859
66, 1, 13, 415, 313, -0.022891081869602203
66, 1, 14, 446, 304, -0.02890677936375141
66, 1, 15, 465, 298, -0.0315730981528759
66, 1, 16, 478, 294, -0.033661309629678726
66, 1, 17, 413, 330, -0.023667169734835625
66, 1, 18, 437, 324, -0.02927834913134575
66, 1, 19, 451, 318, -0.029393117874860764
66, 1, 20, 461, 313, -0.02869577705860138
67, 0, 0, 314, 329, -1.1161125001990513e-07
67, 0, 1, 317, 298, -0.0012218308402225375
67, 0, 2, 299, 274, 0.0005332510336302221
67, 0, 3, 281, 261, 0.001752485055476427
67, 0, 4, 273, 247, 0.003460170468315482
67, 0, 5, 267, 280, 0.006279480177909136
67, 0, 6, 257, 276, 0.004664051812142134
67, 0, 7, 265, 280, 0.0012268280843272805
67, 0, 8, 273, 283, -0.0013295947574079037
67, 0, 9, 258, 297, 0.00531046325340867
67, 0, 10, 247, 291, 0.005933657754212618
67, 0, 11, 255, 294, 0.004843952599912882
67, 0, 12, 265, 297, 0.003698105225339532
67, 0, 13, 254, 313, 0.0038080308586359024
67, 0, 14, 242, 308, 0.0030501813162118196
67, 0, 15, 251, 309, 0.004530362784862518
67, 0, 16, 260, 311, 0.005121275782585144
67, 0, 17, 255, 329, 0.002239099470898509
67, 0, 18, 249, 326, 0.0017287482041865587
67, 0, 19, 255, 325, 0.004924317356199026
67, 0, 20, 262, 325, 0.007907005958259106
67, 1, 0, 343, 329, 1.9398015638216748e-07
67, 1, 1, 344, 296, -0.011783103458583355
67, 1, 2, 356, 269, -0.022684819996356964
67, 1, 3, 371, 247, -0.03143426775932312
67, 1, 4, 379, 227, -0.039555955678224564
67, 1, 5, 398, 281, -0.023215239867568016
67, 1, 6, 432, 269, -0.03286213055253029
67, 1, 7, 450, 264, -0.03825777396559715
67, 1, 8, 463, 261, -0.04111867398023605
67, 1, 9, 408, 301, -0.023848962038755417
67, 1, 10, 443, 288, -0.03041703626513481
67, 1, 11, 461, 281, -0.032530032098293304
67, 1, 12, 473, 278, -0.03394245728850365
67, 1, 13, 411, 319, -0.024972738698124886
67, 1, 14, 445, 311, -0.031121890991926193
67, 1, 15, 463, 306, -0.03213206306099892
67, 1, 16, 475, 302, -0.03266414254903793
67, 1, 17, 410, 337, -0.026667937636375427
67, 1, 18, 436, 331, -0.03154599666595459
67, 1, 19, 450, 325, -0.03020342066884041
67, 1, 20, 459, 319, -0.02819731831550598
68, 0, 0, 314, 339, -9.424153546433445e-08
68, 0, 1, 317, 308, 0.004785495810210705
68, 0, 2, 299, 286, 0.01304691657423973
68, 0, 3, 281, 273, 0.01977655105292797
68, 0, 4, 273, 260, 0.026816774159669876
68, 0, 5, 270, 291, 0.02497960813343525
68, 0, 6, 262, 286, 0.03211822733283043
68, 0, 7, 269, 290, 0.03237801045179367
68, 0, 8, 275, 294, 0.03183112293481827
68, 0, 9, 260, 305, 0.02431587129831314
68, 0, 10, 252, 302, 0.03348074480891228
68, 0, 11, 259, 306, 0.03132481873035431
68, 0, 12, 266, 309, 0.028962131589651108
68, 0, 13, 255, 321, 0.023279963061213493
68, 0, 14, 245, 317, 0.030349930748343468
68, 0, 15, 252, 320, 0.029343347996473312
68, 0, 16, 260, 323, 0.027245432138442993
68, 0, 17, 254, 335, 0.02261526510119438
68, 0, 18, 247, 334, 0.028545359149575233
68, 0, 19, 252, 337, 0.03193033114075661
68, 0, 20, 259, 338, 0.03446771204471588
68, 1, 0, 336, 339, 1.668036304636189e-07
68, 1, 1, 339, 306, -0.008715583942830563
68, 1, 2, 355, 278, -0.018176376819610596
68, 1, 3, 371, 256, -0.026175687089562416
68, 1, 4, 379, 237, -0.03356294333934784
68, 1, 5, 391, 290, -0.021414970979094505
68, 1, 6, 426, 278, -0.030898213386535645
68, 1, 7, 445, 273, -0.03576656058430672
68, 1, 8, 458, 272, -0.03819868341088295
68, 1, 9, 399, 309, -0.02345144934952259
68, 1, 10, 436, 298, -0.029112527146935463
68, 1, 11, 455, 293, -0.03048980049788952
68, 1, 12, 467, 290, -0.0315193235874176
68, 1, 13, 403, 329, -0.02569378912448883
68, 1, 14, 438, 322, -0.030573269352316856
68, 1, 15, 457, 316, -0.030986608937382698
68, 1, 16, 468, 313, -0.03158974647521973
68, 1, 17, 403, 348, -0.02836124412715435
68, 1, 18, 429, 343, -0.032439347356557846
68, 1, 19, 442, 338, -0.030579734593629837
68, 1, 20, 450, 332, -0.028422385454177856
69, 0, 0, 331, 351, 1.78363848135632e-07
69, 0, 1, 336, 318, -0.005830156616866589
69, 0, 2, 353, 291, -0.01398357842117548
69, 0, 3, 371, 271, -0.021102439612150192
69, 0, 4, 379, 252, -0.027959639206528664
69, 0, 5, 385, 300, -0.02105892077088356
69, 0, 6, 422, 288, -0.030373865738511086
69, 0, 7, 441, 285, -0.03509777411818504
69, 0, 8, 455, 285, -0.037361737340688705
69, 0, 9, 393, 320, -0.024495471268892288
69, 0, 10, 431, 310, -0.029144451022148132
69, 0, 11, 450, 306, -0.029584204778075218
69, 0, 12, 460, 304, -0.03007650189101696
69, 0, 13, 396, 341, -0.027628088369965553
69, 0, 14, 433, 333, -0.031086282804608345
69, 0, 15, 451, 329, -0.029890894889831543
69, 0, 16, 460, 326, -0.029687941074371338
69, 0, 17, 397, 361, -0.03104337491095066
69, 0, 18, 423, 355, -0.03390643373131752
69, 0, 19, 432, 351, -0.030187467113137245
69, 0, 20, 436, 347, -0.0267637949436903
69, 1, 0, 0, 0, 0.0
69, 1, 1, 0, 0, 0.0
69, 1, 2, 0, 0, 0.0
69, 1, 3, 0, 0, 0.0
69, 1, 4, 0, 0, 0.0
69, 1, 5, 0, 0, 0.0
69, 1, 6, 0, 0, 0.0
69, 1, 7, 0, 0, 0.0
69, 1, 8, 0, 0, 0.0
69, 1, 9, 0, 0, 0.0
69, 1, 10, 0, 0, 0.0
69, 1, 11, 0, 0, 0.0
69, 1, 12, 0, 0, 0.0
69, 1, 13, 0, 0, 0.0
69, 1, 14, 0, 0, 0.0
69, 1, 15, 0, 0, 0.0
69, 1, 16, 0, 0, 0.0
69, 1, 17, 0, 0, 0.0
69, 1, 18, 0, 0, 0.0
69, 1, 19, 0, 0, 0.0
69, 1, 20, 0, 0, 0.0
70, 0, 0, 324, 362, 2.101428009382289e-07
70, 0, 1, 334, 331, -0.004530553240329027
70, 0, 2, 355, 304, -0.01324370875954628
70, 0, 3, 374, 284, -0.02118845283985138
70, 0, 4, 382, 266, -0.028862133622169495
70, 0, 5, 377, 313, -0.024350838735699654
70, 0, 6, 415, 304, -0.036211077123880386
70, 0, 7, 437, 301, -0.04186956584453583
70, 0, 8, 451, 301, -0.044388242065906525
70, 0, 9, 383, 332, -0.029074745252728462
70, 0, 10, 424, 324, -0.03641156107187271
70, 0, 11, 445, 321, -0.03736375644803047
70, 0, 12, 457, 320, -0.03787270560860634
70, 0, 13, 386, 354, -0.03308207914233208
70, 0, 14, 426, 348, -0.038455843925476074
70, 0, 15, 445, 345, -0.036612384021282196
70, 0, 16, 454, 343, -0.035518579185009
70, 0, 17, 386, 375, -0.037158504128456116
70, 0, 18, 415, 372, -0.04122527688741684
70, 0, 19, 428, 368, -0.03782769292593002
70, 0, 20, 434, 364, -0.0344497449696064
70, 1, 0, 0, 0, 0.0
70, 1, 1, 0, 0, 0.0
70, 1, 2, 0, 0, 0.0
70, 1, 3, 0, 0, 0.0
70, 1, 4, 0, 0, 0.0
70, 1, 5, 0, 0, 0.0
70, 1, 6, 0, 0, 0.0
70, 1, 7, 0, 0, 0.0
70, 1, 8, 0, 0, 0.0
70, 1, 9, 0, 0, 0.0
70, 1, 10, 0, 0, 0.0
70, 1, 11, 0, 0, 0.0
70, 1, 12, 0, 0, 0.0
70, 1, 13, 0, 0, 0.0
70, 1, 14, 0, 0, 0.0
70, 1, 15, 0, 0, 0.0
70, 1, 16, 0, 0, 0.0
70, 1, 17, 0, 0, 0.0
70, 1, 18, 0, 0, 0.0
70, 1, 19, 0, 0, 0.0
70, 1, 20, 0, 0, 0.0
71, 0, 0, 317, 376, 1.4672205850274622e-07
71, 0, 1, 331, 348, -0.002044529188424349
71, 0, 2, 356, 322, -0.007661223411560059
71, 0, 3, 377, 305, -0.013082124292850494
71, 0, 4, 388, 289, -0.0181166660040617
71, 0, 5, 371, 329, -0.02172703854739666
71, 0, 6, 407, 322, -0.03404104709625244
71, 0, 7, 429, 320, -0.039581652730703354
71, 0, 8, 444, 319, -0.041920632123947144
71, 0, 9, 373, 349, -0.027778510004281998
71, 0, 10, 413, 343, -0.03516000509262085
71, 0, 11, 431, 341, -0.03462068364024162
71, 0, 12, 443, 339, -0.03426000475883484
71, 0, 13, 373, 372, -0.032934825867414474
71, 0, 14, 411, 368, -0.04086615890264511
71, 0, 15, 419, 369, -0.033997658640146255
71, 0, 16, 421, 369, -0.02813297137618065
71, 0, 17, 372, 395, -0.03800710290670395
71, 0, 18, 403, 391, -0.04471344128251076
71, 0, 19, 407, 391, -0.0377366878092289
71, 0, 20, 407, 391, -0.03074599616229534
71, 1, 0, 0, 0, 0.0
71, 1, 1, 0, 0, 0.0
71, 1, 2, 0, 0, 0.0
71, 1, 3, 0, 0, 0.0
71, 1, 4, 0, 0, 0.0
71, 1, 5, 0, 0, 0.0
71, 1, 6, 0, 0, 0.0
71, 1, 7, 0, 0, 0.0
71, 1, 8, 0, 0, 0.0
71, 1, 9, 0, 0, 0.0
71, 1, 10, 0, 0, 0.0
71, 1, 11, 0, 0, 0.0
71, 1, 12, 0, 0, 0.0
71, 1, 13, 0, 0, 0.0
71, 1, 14, 0, 0, 0.0
71, 1, 15, 0, 0, 0.0
71, 1, 16, 0, 0, 0.0
71, 1, 17, 0, 0, 0.0
71, 1, 18, 0, 0, 0.0
71, 1, 19, 0, 0, 0.0
71, 1, 20, 0, 0, 0.0
72, 0, 0, 319, 392, -2.2731393301000935e-07
72, 0, 1, 332, 363, -0.0008357618353329599
72, 0, 2, 359, 340, -0.005366907455027103
72, 0, 3, 381, 327, -0.010467730462551117
72, 0, 4, 393, 313, -0.014320884831249714
72, 0, 5, 392, 341, -0.015268201939761639
72, 0, 6, 427, 350, -0.02966059185564518
72, 0, 7, 424, 358, -0.038282912224531174
72, 0, 8, 414, 358, -0.04179992154240608
72, 0, 9, 392, 365, -0.022708715870976448
72, 0, 10, 426, 373, -0.030126197263598442
72, 0, 11, 419, 379, -0.030982980504631996
72, 0, 12, 405, 377, -0.03136664256453514
72, 0, 13, 389, 390, -0.029912041500210762
72, 0, 14, 419, 398, -0.035366084426641464
72, 0, 15, 409, 402, -0.02762519009411335
72, 0, 16, 395, 400, -0.022565120831131935
72, 0, 17, 382, 413, -0.0372043140232563
72, 0, 18, 407, 418, -0.04106657952070236
72, 0, 19, 398, 421, -0.03244699165225029
72, 0, 20, 385, 419, -0.0249906275421381
72, 1, 0, 0, 0, 0.0
72, 1, 1, 0, 0, 0.0
72, 1, 2, 0, 0, 0.0
72, 1, 3, 0, 0, 0.0
72, 1, 4, 0, 0, 0.0
72, 1, 5, 0, 0, 0.0
72, 1, 6, 0, 0, 0.0
72, 1, 7, 0, 0, 0.0
72, 1, 8, 0, 0, 0.0
72, 1, 9, 0, 0, 0.0
72, 1, 10, 0, 0, 0.0
72, 1, 11, 0, 0, 0.0
72, 1, 12, 0, 0, 0.0
72, 1, 13, 0, 0, 0.0
72, 1, 14, 0, 0, 0.0
72, 1, 15, 0, 0, 0.0
72, 1, 16, 0, 0, 0.0
72, 1, 17, 0, 0, 0.0
72, 1, 18, 0, 0, 0.0
72, 1, 19, 0, 0, 0.0
72, 1, 20, 0, 0, 0.0
73, 0, 0, 302, 414, -1.8784213295930385e-07
73, 0, 1, 322, 386, -0.00481822993606329
73, 0, 2, 356, 368, -0.015398175455629826
73, 0, 3, 383, 359, -0.026594579219818115
73, 0, 4, 400, 348, -0.03658655658364296
73, 0, 5, 377, 375, -0.029892612248659134
73, 0, 6, 423, 387, -0.05374569445848465
73, 0, 7, 421, 400, -0.06762437522411346
73, 0, 8, 408, 405, -0.07274813950061798
73, 0, 9, 374, 398, -0.037255726754665375
73, 0, 10, 418, 412, -0.0513434037566185
73, 0, 11, 415, 422, -0.0547608844935894
73, 0, 12, 403, 423, -0.056770261377096176
73, 0, 13, 368, 422, -0.04446674883365631
73, 0, 14, 409, 436, -0.054016850888729095
73, 0, 15, 405, 442, -0.046148814260959625
73, 0, 16, 391, 441, -0.04043033346533775
73, 0, 17, 359, 444, -0.05206035450100899
73, 0, 18, 392, 453, -0.057304851710796356
73, 0, 19, 388, 459, -0.04781065881252289
73, 0, 20, 376, 458, -0.0394921638071537
73, 1, 0, 0, 0, 0.0
73, 1, 1, 0, 0, 0.0
73, 1, 2, 0, 0, 0.0
73, 1, 3, 0, 0, 0.0
73, 1, 4, 0, 0, 0.0
73, 1, 5, 0, 0, 0.0
73, 1, 6, 0, 0, 0.0
73, 1, 7, 0, 0, 0.0
73, 1, 8, 0, 0, 0.0
73, 1, 9, 0, 0, 0.0
73, 1, 10, 0, 0, 0.0
73, 1, 11, 0, 0, 0.0
73, 1, 12, 0, 0, 0.0
73, 1, 13, 0, 0, 0.0
73, 1, 14, 0, 0, 0.0
73, 1, 15, 0, 0, 0.0
73, 1, 16, 0, 0, 0.0
73, 1, 17, 0, 0, 0.0
73, 1, 18, 0, 0, 0.0
73, 1, 19, 0, 0, 0.0
73, 1, 20, 0, 0, 0.0
74, 0, 0, 281, 434, 1.6640585442928568e-07
74, 0, 1, 306, 404, 0.00022647871810477227
74, 0, 2, 345, 393, -0.008640998043119907
74, 0, 3, 379, 397, -0.017650296911597252
74, 0, 4, 403, 406, -0.0266762375831604
74, 0, 5, 357, 397, -0.03044969215989113
74, 0, 6, 399, 403, -0.04979563131928444
74, 0, 7, 422, 413, -0.05990339815616608
74, 0, 8, 436, 420, -0.0649762973189354
74, 0, 9, 355, 418, -0.0390106625854969
74, 0, 10, 398, 425, -0.05243571847677231
74, 0, 11, 419, 435, -0.055951014161109924
74, 0, 12, 431, 442, -0.058518730103969574
74, 0, 13, 350, 442, -0.046229880303144455
74, 0, 14, 391, 448, -0.055710967630147934
74, 0, 15, 409, 455, -0.05108626186847687
74, 0, 16, 419, 462, -0.04775737598538399
74, 0, 17, 342, 465, -0.053119320422410965
74, 0, 18, 374, 468, -0.0578068383038044
74, 0, 19, 392, 472, -0.05217665433883667
74, 0, 20, 404, 475, -0.04721542075276375
74, 1, 0, 0, 0, 0.0
74, 1, 1, 0, 0, 0.0
74, 1, 2, 0, 0, 0.0
74, 1, 3, 0, 0, 0.0
74, 1, 4, 0, 0, 0.0
74, 1, 5, 0, 0, 0.0
74, 1, 6, 0, 0, 0.0
74, 1, 7, 0, 0, 0.0
74, 1, 8, 0, 0, 0.0
74, 1, 9, 0, 0, 0.0
74, 1, 10, 0, 0, 0.0
74, 1, 11, 0, 0, 0.0
74, 1, 12, 0, 0, 0.0
74, 1, 13, 0, 0, 0.0
74, 1, 14, 0, 0, 0.0
74, 1, 15, 0, 0, 0.0
74, 1, 16, 0, 0, 0.0
74, 1, 17, 0, 0, 0.0
74, 1, 18, 0, 0, 0.0
74, 1, 19, 0, 0, 0.0
74, 1, 20, 0, 0, 0.0
75, 0, 0, 270, 450, 2.643712946337473e-07
75, 0, 1, 294, 425, -0.0011196602135896683
75, 0, 2, 330, 415, -0.011973398737609386
75, 0, 3, 360, 420, -0.02352778986096382
75, 0, 4, 382, 430, -0.03541835397481918
75, 0, 5, 340, 412, -0.03034481406211853
75, 0, 6, 381, 416, -0.05134231597185135
75, 0, 7, 406, 422, -0.06287442892789841
75, 0, 8, 422, 428, -0.06907732784748077
75, 0, 9, 335, 427, -0.03976410999894142
75, 0, 10, 379, 433, -0.05531097948551178
75, 0, 11, 402, 439, -0.06012031063437462
75, 0, 12, 420, 446, -0.06365374475717545
75, 0, 13, 329, 446, -0.04839424788951874
75, 0, 14, 370, 452, -0.060028526932001114
75, 0, 15, 390, 458, -0.05715344846248627
75, 0, 16, 404, 463, -0.055084358900785446
75, 0, 17, 321, 467, -0.05692167580127716
75, 0, 18, 352, 470, -0.06355392932891846
75, 0, 19, 368, 473, -0.059264782816171646
75, 0, 20, 379, 475, -0.05553198605775833
75, 1, 0, 0, 0, 0.0
75, 1, 1, 0, 0, 0.0
75, 1, 2, 0, 0, 0.0
75, 1, 3, 0, 0, 0.0
75, 1, 4, 0, 0, 0.0
75, 1, 5, 0, 0, 0.0
75, 1, 6, 0, 0, 0.0
75, 1, 7, 0, 0, 0.0
75, 1, 8, 0, 0, 0.0
75, 1, 9, 0, 0, 0.0
75, 1, 10, 0, 0, 0.0
75, 1, 11, 0, 0, 0.0
75, 1, 12, 0, 0, 0.0
75, 1, 13, 0, 0, 0.0
75, 1, 14, 0, 0, 0.0
75, 1, 15, 0, 0, 0.0
75, 1, 16, 0, 0, 0.0
75, 1, 17, 0, 0, 0.0
75, 1, 18, 0, 0, 0.0
75, 1, 19, 0, 0, 0.0
75, 1, 20, 0, 0, 0.0
76, 0, 0, 0, 0, 0.0
76, 0, 1, 0, 0, 0.0
76, 0, 2, 0, 0, 0.0
76, 0, 3, 0, 0, 0.0
76, 0, 4, 0, 0, 0.0
76, 0, 5, 0, 0, 0.0
76, 0, 6, 0, 0, 0.0
76, 0, 7, 0, 0, 0.0
76, 0, 8, 0, 0, 0.0
76, 0, 9, 0, 0, 0.0
76, 0, 10, 0, 0, 0.0
76, 0, 11, 0, 0, 0.0
76, 0, 12, 0, 0, 0.0
76, 0, 13, 0, 0, 0.0
76, 0, 14, 0, 0, 0.0
76, 0, 15, 0, 0, 0.0
76, 0, 16, 0, 0, 0.0
76, 0, 17, 0, 0, 0.0
76, 0, 18, 0, 0, 0.0
76, 0, 19, 0, 0, 0.0
76, 0, 20, 0, 0, 0.0
76, 1, 0, 0, 0, 0.0
76, 1, 1, 0, 0, 0.0
76, 1, 2, 0, 0, 0.0
76, 1, 3, 0, 0, 0.0
76, 1, 4, 0, 0, 0.0
76, 1, 5, 0, 0, 0.0
76, 1, 6, 0, 0, 0.0
76, 1, 7, 0, 0, 0.0
76, 1, 8, 0, 0, 0.0
76, 1, 9, 0, 0, 0.0
76, 1, 10, 0, 0, 0.0
76, 1, 11, 0, 0, 0.0
76, 1, 12, 0, 0, 0.0
76, 1, 13, 0, 0, 0.0
76, 1, 14, 0, 0, 0.0
76, 1, 15, 0, 0, 0.0
76, 1, 16, 0, 0, 0.0
76, 1, 17, 0, 0, 0.0
76, 1, 18, 0, 0, 0.0
76, 1, 19, 0, 0, 0.0
76, 1, 20, 0, 0, 0.0
77, 0, 0, 0, 0, 0.0
77, 0, 1, 0, 0, 0.0
77, 0, 2, 0, 0, 0.0
77, 0, 3, 0, 0, 0.0
77, 0, 4, 0, 0, 0.0
77, 0, 5, 0, 0, 0.0
77, 0, 6, 0, 0, 0.0
77, 0, 7, 0, 0, 0.0
77, 0, 8, 0, 0, 0.0
77, 0, 9, 0, 0, 0.0
77, 0, 10, 0, 0, 0.0
77, 0, 11, 0, 0, 0.0
77, 0, 12, 0, 0, 0.0
77, 0, 13, 0, 0, 0.0
77, 0, 14, 0, 0, 0.0
77, 0, 15, 0, 0, 0.0
77, 0, 16, 0, 0, 0.0
77, 0, 17, 0, 0, 0.0
77, 0, 18, 0, 0, 0.0
77, 0, 19, 0, 0, 0.0
77, 0, 20, 0, 0, 0.0
77, 1, 0, 0, 0, 0.0
77, 1, 1, 0, 0, 0.0
77, 1, 2, 0, 0, 0.0
77, 1, 3, 0, 0, 0.0
77, 1, 4, 0, 0, 0.0
77, 1, 5, 0, 0, 0.0
77, 1, 6, 0, 0, 0.0
77, 1, 7, 0, 0, 0.0
77, 1, 8, 0, 0, 0.0
77, 1, 9, 0, 0, 0.0
77, 1, 10, 0, 0, 0.0
77, 1, 11, 0, 0, 0.0
77, 1, 12, 0, 0, 0.0
77, 1, 13, 0, 0, 0.0
77, 1, 14, 0, 0, 0.0
77, 1, 15, 0, 0, 0.0
77, 1, 16, 0, 0, 0.0
77, 1, 17, 0, 0, 0.0
77, 1, 18, 0, 0, 0.0
77, 1, 19, 0, 0, 0.0
77, 1, 20, 0, 0, 0.0
78, 0, 0, 0, 0, 0.0
78, 0, 1, 0, 0, 0.0
78, 0, 2, 0, 0, 0.0
78, 0, 3, 0, 0, 0.0
78, 0, 4, 0, 0, 0.0
78, 0, 5, 0, 0, 0.0
78, 0, 6, 0, 0, 0.0
78, 0, 7, 0, 0, 0.0
78, 0, 8, 0, 0, 0.0
78, 0, 9, 0, 0, 0.0
78, 0, 10, 0, 0, 0.0
78, 0, 11, 0, 0, 0.0
78, 0, 12, 0, 0, 0.0
78, 0, 13, 0, 0, 0.0
78, 0, 14, 0, 0, 0.0
78, 0, 15, 0, 0, 0.0
78, 0, 16, 0, 0, 0.0
78, 0, 17, 0, 0, 0.0
78, 0, 18, 0, 0, 0.0
78, 0, 19, 0, 0, 0.0
78, 0, 20, 0, 0, 0.0
78, 1, 0, 0, 0, 0.0
78, 1, 1, 0, 0, 0.0
78, 1, 2, 0, 0, 0.0
78, 1, 3, 0, 0, 0.0
78, 1, 4, 0, 0, 0.0
78, 1, 5, 0, 0, 0.0
78, 1, 6, 0, 0, 0.0
78, 1, 7, 0, 0, 0.0
78, 1, 8, 0, 0, 0.0
78, 1, 9, 0, 0, 0.0
78, 1, 10, 0, 0, 0.0
78, 1, 11, 0, 0, 0.0
78, 1, 12, 0, 0, 0.0
78, 1, 13, 0, 0, 0.0
78, 1, 14, 0, 0, 0.0
78, 1, 15, 0, 0, 0.0
78, 1, 16, 0, 0, 0.0
78, 1, 17, 0, 0, 0.0
78, 1, 18, 0, 0, 0.0
78, 1, 19, 0, 0, 0.0
78, 1, 20, 0, 0, 0.0
79, 0, 0, 0, 0, 0.0
79, 0, 1, 0, 0, 0.0
79, 0, 2, 0, 0, 0.0
79, 0, 3, 0, 0, 0.0
79, 0, 4, 0, 0, 0.0
79, 0, 5, 0, 0, 0.0
79, 0, 6, 0, 0, 0.0
79, 0, 7, 0, 0, 0.0
79, 0, 8, 0, 0, 0.0
79, 0, 9, 0, 0, 0.0
79, 0, 10, 0, 0, 0.0
79, 0, 11, 0, 0, 0.0
79, 0, 12, 0, 0, 0.0
79, 0, 13, 0, 0, 0.0
79, 0, 14, 0, 0, 0.0
79, 0, 15, 0, 0, 0.0
79, 0, 16, 0, 0, 0.0
79, 0, 17, 0, 0, 0.0
79, 0, 18, 0, 0, 0.0
79, 0, 19, 0, 0, 0.0
79, 0, 20, 0, 0, 0.0
79, 1, 0, 0, 0, 0.0
79, 1, 1, 0, 0, 0.0
79, 1, 2, 0, 0, 0.0
79, 1, 3, 0, 0, 0.0
79, 1, 4, 0, 0, 0.0
79, 1, 5, 0, 0, 0.0
79, 1, 6, 0, 0, 0.0
79, 1, 7, 0, 0, 0.0
79, 1, 8, 0, 0, 0.0
79, 1, 9, 0, 0, 0.0
79, 1, 10, 0, 0, 0.0
79, 1, 11, 0, 0, 0.0
79, 1, 12, 0, 0, 0.0
79, 1, 13, 0, 0, 0.0
79, 1, 14, 0, 0, 0.0
79, 1, 15, 0, 0, 0.0
79, 1, 16, 0, 0, 0.0
79, 1, 17, 0, 0, 0.0
79, 1, 18, 0, 0, 0.0
79, 1, 19, 0, 0, 0.0
79, 1, 20, 0, 0, 0.0
80, 0, 0, 0, 0, 0.0
80, 0, 1, 0, 0, 0.0
80, 0, 2, 0, 0, 0.0
80, 0, 3, 0, 0, 0.0
80, 0, 4, 0, 0, 0.0
80, 0, 5, 0, 0, 0.0
80, 0, 6, 0, 0, 0.0
80, 0, 7, 0, 0, 0.0
80, 0, 8, 0, 0, 0.0
80, 0, 9, 0, 0, 0.0
80, 0, 10, 0, 0, 0.0
80, 0, 11, 0, 0, 0.0
80, 0, 12, 0, 0, 0.0
80, 0, 13, 0, 0, 0.0
80, 0, 14, 0, 0, 0.0
80, 0, 15, 0, 0, 0.0
80, 0, 16, 0, 0, 0.0
80, 0, 17, 0, 0, 0.0
80, 0, 18, 0, 0, 0.0
80, 0, 19, 0, 0, 0.0
80, 0, 20, 0, 0, 0.0
80, 1, 0, 0, 0, 0.0
80, 1, 1, 0, 0, 0.0
80, 1, 2, 0, 0, 0.0
80, 1, 3, 0, 0, 0.0
80, 1, 4, 0, 0, 0.0
80, 1, 5, 0, 0, 0.0
80, 1, 6, 0, 0, 0.0
80, 1, 7, 0, 0, 0.0
80, 1, 8, 0, 0, 0.0
80, 1, 9, 0, 0, 0.0
80, 1, 10, 0, 0, 0.0
80, 1, 11, 0, 0, 0.0
80, 1, 12, 0, 0, 0.0
80, 1, 13, 0, 0, 0.0
80, 1, 14, 0, 0, 0.0
80, 1, 15, 0, 0, 0.0
80, 1, 16, 0, 0, 0.0
80, 1, 17, 0, 0, 0.0
80, 1, 18, 0, 0, 0.0
80, 1, 19, 0, 0, 0.0
80, 1, 20, 0, 0, 0.0
81, 0, 0, 0, 0, 0.0
81, 0, 1, 0, 0, 0.0
81, 0, 2, 0, 0, 0.0
81, 0, 3, 0, 0, 0.0
81, 0, 4, 0, 0, 0.0
81, 0, 5, 0, 0, 0.0
81, 0, 6, 0, 0, 0.0
81, 0, 7, 0, 0, 0.0
81, 0, 8, 0, 0, 0.0
81, 0, 9, 0, 0, 0.0
81, 0, 10, 0, 0, 0.0
81, 0, 11, 0, 0, 0.0
81, 0, 12, 0, 0, 0.0
81, 0, 13, 0, 0, 0.0
81, 0, 14, 0, 0, 0.0
81, 0, 15, 0, 0, 0.0
81, 0, 16, 0, 0, 0.0
81, 0, 17, 0, 0, 0.0
81, 0, 18, 0, 0, 0.0
81, 0, 19, 0, 0, 0.0
81, 0, 20, 0, 0, 0.0
81, 1, 0, 0, 0, 0.0
81, 1, 1, 0, 0, 0.0
81, 1, 2, 0, 0, 0.0
81, 1, 3, 0, 0, 0.0
81, 1, 4, 0, 0, 0.0
81, 1, 5, 0, 0, 0.0
81, 1, 6, 0, 0, 0.0
81, 1, 7, 0, 0, 0.0
81, 1, 8, 0, 0, 0.0
81, 1, 9, 0, 0, 0.0
81, 1, 10, 0, 0, 0.0
81, 1, 11, 0, 0, 0.0
81, 1, 12, 0, 0, 0.0
81, 1, 13, 0, 0, 0.0
81, 1, 14, 0, 0, 0.0
81, 1, 15, 0, 0, 0.0
81, 1, 16, 0, 0, 0.0
81, 1, 17, 0, 0, 0.0
81, 1, 18, 0, 0, 0.0
81, 1, 19, 0, 0, 0.0
81, 1, 20, 0, 0, 0.0
82, 0, 0, 0, 0, 0.0
82, 0, 1, 0, 0, 0.0
82, 0, 2, 0, 0, 0.0
82, 0, 3, 0, 0, 0.0
82, 0, 4, 0, 0, 0.0
82, 0, 5, 0, 0, 0.0
82, 0, 6, 0, 0, 0.0
82, 0, 7, 0, 0, 0.0
82, 0, 8, 0, 0, 0.0
82, 0, 9, 0, 0, 0.0
82, 0, 10, 0, 0, 0.0
82, 0, 11, 0, 0, 0.0
82, 0, 12, 0, 0, 0.0
82, 0, 13, 0, 0, 0.0
82, 0, 14, 0, 0, 0.0
82, 0, 15, 0, 0, 0.0
82, 0, 16, 0, 0, 0.0
82, 0, 17, 0, 0, 0.0
82, 0, 18, 0, 0, 0.0
82, 0, 19, 0, 0, 0.0
82, 0, 20, 0, 0, 0.0
82, 1, 0, 0, 0, 0.0
82, 1, 1, 0, 0, 0.0
82, 1, 2, 0, 0, 0.0
82, 1, 3, 0, 0, 0.0
82, 1, 4, 0, 0, 0.0
82, 1, 5, 0, 0, 0.0
82, 1, 6, 0, 0, 0.0
82, 1, 7, 0, 0, 0.0
82, 1, 8, 0, 0, 0.0
82, 1, 9, 0, 0, 0.0
82, 1, 10, 0, 0, 0.0
82, 1, 11, 0, 0, 0.0
82, 1, 12, 0, 0, 0.0
82, 1, 13, 0, 0, 0.0
82, 1, 14, 0, 0, 0.0
82, 1, 15, 0, 0, 0.0
82, 1, 16, 0, 0, 0.0
82, 1, 17, 0, 0, 0.0
82, 1, 18, 0, 0, 0.0
82, 1, 19, 0, 0, 0.0
82, 1, 20, 0, 0, 0.0
83, 0, 0, 0, 0, 0.0
83, 0, 1, 0, 0, 0.0
83, 0, 2, 0, 0, 0.0
83, 0, 3, 0, 0, 0.0
83, 0, 4, 0, 0, 0.0
83, 0, 5, 0, 0, 0.0
83, 0, 6, 0, 0, 0.0
83, 0, 7, 0, 0, 0.0
83, 0, 8, 0, 0, 0.0
83, 0, 9, 0, 0, 0.0
83, 0, 10, 0, 0, 0.0
83, 0, 11, 0, 0, 0.0
83, 0, 12, 0, 0, 0.0
83, 0, 13, 0, 0, 0.0
83, 0, 14, 0, 0, 0.0
83, 0, 15, 0, 0, 0.0
83, 0, 16, 0, 0, 0.0
83, 0, 17, 0, 0, 0.0
83, 0, 18, 0, 0, 0.0
83, 0, 19, 0, 0, 0.0
83, 0, 20, 0, 0, 0.0
83, 1, 0, 0, 0, 0.0
83, 1, 1, 0, 0, 0.0
83, 1, 2, 0, 0, 0.0
83, 1, 3, 0, 0, 0.0
83, 1, 4, 0, 0, 0.0
83, 1, 5, 0, 0, 0.0
83, 1, 6, 0, 0, 0.0
83, 1, 7, 0, 0, 0.0
83, 1, 8, 0, 0, 0.0
83, 1, 9, 0, 0, 0.0
83, 1, 10, 0, 0, 0.0
83, 1, 11, 0, 0, 0.0
83, 1, 12, 0, 0, 0.0
83, 1, 13, 0, 0, 0.0
83, 1, 14, 0, 0, 0.0
83, 1, 15, 0, 0, 0.0
83, 1, 16, 0, 0, 0.0
83, 1, 17, 0, 0, 0.0
83, 1, 18, 0, 0, 0.0
83, 1, 19, 0, 0, 0.0
83, 1, 20, 0, 0, 0.0
84, 0, 0, 0, 0, 0.0
84, 0, 1, 0, 0, 0.0
84, 0, 2, 0, 0, 0.0
84, 0, 3, 0, 0, 0.0
84, 0, 4, 0, 0, 0.0
84, 0, 5, 0, 0, 0.0
84, 0, 6, 0, 0, 0.0
84, 0, 7, 0, 0, 0.0
84, 0, 8, 0, 0, 0.0
84, 0, 9, 0, 0, 0.0
84, 0, 10, 0, 0, 0.0
84, 0, 11, 0, 0, 0.0
84, 0, 12, 0, 0, 0.0
84, 0, 13, 0, 0, 0.0
84, 0, 14, 0, 0, 0.0
84, 0, 15, 0, 0, 0.0
84, 0, 16, 0, 0, 0.0
84, 0, 17, 0, 0, 0.0
84, 0, 18, 0, 0, 0.0
84, 0, 19, 0, 0, 0.0
84, 0, 20, 0, 0, 0.0
84, 1, 0, 0, 0, 0.0
84, 1, 1, 0, 0, 0.0
84, 1, 2, 0, 0, 0.0
84, 1, 3, 0, 0, 0.0
84, 1, 4, 0, 0, 0.0
84, 1, 5, 0, 0, 0.0
84, 1, 6, 0, 0, 0.0
84, 1, 7, 0, 0, 0.0
84, 1, 8, 0, 0, 0.0
84, 1, 9, 0, 0, 0.0
84, 1, 10, 0, 0, 0.0
84, 1, 11, 0, 0, 0.0
84, 1, 12, 0, 0, 0.0
84, 1, 13, 0, 0, 0.0
84, 1, 14, 0, 0, 0.0
84, 1, 15, 0, 0, 0.0
84, 1, 16, 0, 0, 0.0
84, 1, 17, 0, 0, 0.0
84, 1, 18, 0, 0, 0.0
84, 1, 19, 0, 0, 0.0
84, 1, 20, 0, 0, 0.0
85, 0, 0, 0, 0, 0.0
85, 0, 1, 0, 0, 0.0
85, 0, 2, 0, 0, 0.0
85, 0, 3, 0, 0, 0.0
85, 0, 4, 0, 0, 0.0
85, 0, 5, 0, 0, 0.0
85, 0, 6, 0, 0, 0.0
85, 0, 7, 0, 0, 0.0
85, 0, 8, 0, 0, 0.0
85, 0, 9, 0, 0, 0.0
85, 0, 10, 0, 0, 0.0
85, 0, 11, 0, 0, 0.0
85, 0, 12, 0, 0, 0.0
85, 0, 13, 0, 0, 0.0
85, 0, 14, 0, 0, 0.0
85, 0, 15, 0, 0, 0.0
85, 0, 16, 0, 0, 0.0
85, 0, 17, 0, 0, 0.0
85, 0, 18, 0, 0, 0.0
85, 0, 19, 0, 0, 0.0
85, 0, 20, 0, 0, 0.0
85, 1, 0, 0, 0, 0.0
85, 1, 1, 0, 0, 0.0
85, 1, 2, 0, 0, 0.0
85, 1, 3, 0, 0, 0.0
85, 1, 4, 0, 0, 0.0
85, 1, 5, 0, 0, 0.0
85, 1, 6, 0, 0, 0.0
85, 1, 7, 0, 0, 0.0
85, 1, 8, 0, 0, 0.0
85, 1, 9, 0, 0, 0.0
85, 1, 10, 0, 0, 0.0
85, 1, 11, 0, 0, 0.0
85, 1, 12, 0, 0, 0.0
85, 1, 13, 0, 0, 0.0
85, 1, 14, 0, 0, 0.0
85, 1, 15, 0, 0, 0.0
85, 1, 16, 0, 0, 0.0
85, 1, 17, 0, 0, 0.0
85, 1, 18, 0, 0, 0.0
85, 1, 19, 0, 0, 0.0
85, 1, 20, 0, 0, 0.0
86, 0, 0, 0, 0, 0.0
86, 0, 1, 0, 0, 0.0
86, 0, 2, 0, 0, 0.0
86, 0, 3, 0, 0, 0.0
86, 0, 4, 0, 0, 0.0
86, 0, 5, 0, 0, 0.0
86, 0, 6, 0, 0, 0.0
86, 0, 7, 0, 0, 0.0
86, 0, 8, 0, 0, 0.0
86, 0, 9, 0, 0, 0.0
86, 0, 10, 0, 0, 0.0
86, 0, 11, 0, 0, 0.0
86, 0, 12, 0, 0, 0.0
86, 0, 13, 0, 0, 0.0
86, 0, 14, 0, 0, 0.0
86, 0, 15, 0, 0, 0.0
86, 0, 16, 0, 0, 0.0
86, 0, 17, 0, 0, 0.0
86, 0, 18, 0, 0, 0.0
86, 0, 19, 0, 0, 0.0
86, 0, 20, 0, 0, 0.0
86, 1, 0, 0, 0, 0.0
86, 1, 1, 0, 0, 0.0
86, 1, 2, 0, 0, 0.0
86, 1, 3, 0, 0, 0.0
86, 1, 4, 0, 0, 0.0
86, 1, 5, 0, 0, 0.0
86, 1, 6, 0, 0, 0.0
86, 1, 7, 0, 0, 0.0
86, 1, 8, 0, 0, 0.0
86, 1, 9, 0, 0, 0.0
86, 1, 10, 0, 0, 0.0
86, 1, 11, 0, 0, 0.0
86, 1, 12, 0, 0, 0.0
86, 1, 13, 0, 0, 0.0
86, 1, 14, 0, 0, 0.0
86, 1, 15, 0, 0, 0.0
86, 1, 16, 0, 0, 0.0
86, 1, 17, 0, 0, 0.0
86, 1, 18, 0, 0, 0.0
86, 1, 19, 0, 0, 0.0
86, 1, 20, 0, 0, 0.0
87, 0, 0, 0, 0, 0.0
87, 0, 1, 0, 0, 0.0
87, 0, 2, 0, 0, 0.0
87, 0, 3, 0, 0, 0.0
87, 0, 4, 0, 0, 0.0
87, 0, 5, 0, 0, 0.0
87, 0, 6, 0, 0, 0.0
87, 0, 7, 0, 0, 0.0
87, 0, 8, 0, 0, 0.0
87, 0, 9, 0, 0, 0.0
87, 0, 10, 0, 0, 0.0
87, 0, 11, 0, 0, 0.0
87, 0, 12, 0, 0, 0.0
87, 0, 13, 0, 0, 0.0
87, 0, 14, 0, 0, 0.0
87, 0, 15, 0, 0, 0.0
87, 0, 16, 0, 0, 0.0
87, 0, 17, 0, 0, 0.0
87, 0, 18, 0, 0, 0.0
87, 0, 19, 0, 0, 0.0
87, 0, 20, 0, 0, 0.0
87, 1, 0, 0, 0, 0.0
87, 1, 1, 0, 0, 0.0
87, 1, 2, 0, 0, 0.0
87, 1, 3, 0, 0, 0.0
87, 1, 4, 0, 0, 0.0
87, 1, 5, 0, 0, 0.0
87, 1, 6, 0, 0, 0.0
87, 1, 7, 0, 0, 0.0
87, 1, 8, 0, 0, 0.0
87, 1, 9, 0, 0, 0.0
87, 1, 10, 0, 0, 0.0
87, 1, 11, 0, 0, 0.0
87, 1, 12, 0, 0, 0.0
87, 1, 13, 0, 0, 0.0
87, 1, 14, 0, 0, 0.0
87, 1, 15, 0, 0, 0.0
87, 1, 16, 0, 0, 0.0
87, 1, 17, 0, 0, 0.0
87, 1, 18, 0, 0, 0.0
87, 1, 19, 0, 0, 0.0
87, 1, 20, 0, 0, 0.0
88, 0, 0, 0, 0, 0.0
88, 0, 1, 0, 0, 0.0
88, 0, 2, 0, 0, 0.0
88, 0, 3, 0, 0, 0.0
88, 0, 4, 0, 0, 0.0
88, 0, 5, 0, 0, 0.0
88, 0, 6, 0, 0, 0.0
88, 0, 7, 0, 0, 0.0
88, 0, 8, 0, 0, 0.0
88, 0, 9, 0, 0, 0.0
88, 0, 10, 0, 0, 0.0
88, 0, 11, 0, 0, 0.0
88, 0, 12, 0, 0, 0.0
88, 0, 13, 0, 0, 0.0
88, 0, 14, 0, 0, 0.0
88, 0, 15, 0, 0, 0.0
88, 0, 16, 0, 0, 0.0
88, 0, 17, 0, 0, 0.0
88, 0, 18, 0, 0, 0.0
88, 0, 19, 0, 0, 0.0
88, 0, 20, 0, 0, 0.0
88, 1, 0, 0, 0, 0.0
88, 1, 1, 0, 0, 0.0
88, 1, 2, 0, 0, 0.0
88, 1, 3, 0, 0, 0.0
88, 1, 4, 0, 0, 0.0
88, 1, 5, 0, 0, 0.0
88, 1, 6, 0, 0, 0.0
88, 1, 7, 0, 0, 0.0
88, 1, 8, 0, 0, 0.0
88, 1, 9, 0, 0, 0.0
88, 1, 10, 0, 0, 0.0
88, 1, 11, 0, 0, 0.0
88, 1, 12, 0, 0, 0.0
88, 1, 13, 0, 0, 0.0
88, 1, 14, 0, 0, 0.0
88, 1, 15, 0, 0, 0.0
88, 1, 16, 0, 0, 0.0
88, 1, 17, 0, 0, 0.0
88, 1, 18, 0, 0, 0.0
88, 1, 19, 0, 0, 0.0
88, 1, 20, 0, 0, 0.0
89, 0, 0, 0, 0, 0.0
89, 0, 1, 0, 0, 0.0
89, 0, 2, 0, 0, 0.0
89, 0, 3, 0, 0, 0.0
89, 0, 4, 0, 0, 0.0
89, 0, 5, 0, 0, 0.0
89, 0, 6, 0, 0, 0.0
89, 0, 7, 0, 0, 0.0
89, 0, 8, 0, 0, 0.0
89, 0, 9, 0, 0, 0.0
89, 0, 10, 0, 0, 0.0
89, 0, 11, 0, 0, 0.0
89, 0, 12, 0, 0, 0.0
89, 0, 13, 0, 0, 0.0
89, 0, 14, 0, 0, 0.0
89, 0, 15, 0, 0, 0.0
89, 0, 16, 0, 0, 0.0
89, 0, 17, 0, 0, 0.0
89, 0, 18, 0, 0, 0.0
89, 0, 19, 0, 0, 0.0
89, 0, 20, 0, 0, 0.0
89, 1, 0, 0, 0, 0.0
89, 1, 1, 0, 0, 0.0
89, 1, 2, 0, 0, 0.0
89, 1, 3, 0, 0, 0.0
89, 1, 4, 0, 0, 0.0
89, 1, 5, 0, 0, 0.0
89, 1, 6, 0, 0, 0.0
89, 1, 7, 0, 0, 0.0
89, 1, 8, 0, 0, 0.0
89, 1, 9, 0, 0, 0.0
89, 1, 10, 0, 0, 0.0
89, 1, 11, 0, 0, 0.0
89, 1, 12, 0, 0, 0.0
89, 1, 13, 0, 0, 0.0
89, 1, 14, 0, 0, 0.0
89, 1, 15, 0, 0, 0.0
89, 1, 16, 0, 0, 0.0
89, 1, 17, 0, 0, 0.0
89, 1, 18, 0, 0, 0.0
89, 1, 19, 0, 0, 0.0
89, 1, 20, 0, 0, 0.0
90, 0, 0, 0, 0, 0.0
90, 0, 1, 0, 0, 0.0
90, 0, 2, 0, 0, 0.0
90, 0, 3, 0, 0, 0.0
90, 0, 4, 0, 0, 0.0
90, 0, 5, 0, 0, 0.0
90, 0, 6, 0, 0, 0.0
90, 0, 7, 0, 0, 0.0
90, 0, 8, 0, 0, 0.0
90, 0, 9, 0, 0, 0.0
90, 0, 10, 0, 0, 0.0
90, 0, 11, 0, 0, 0.0
90, 0, 12, 0, 0, 0.0
90, 0, 13, 0, 0, 0.0
90, 0, 14, 0, 0, 0.0
90, 0, 15, 0, 0, 0.0
90, 0, 16, 0, 0, 0.0
90, 0, 17, 0, 0, 0.0
90, 0, 18, 0, 0, 0.0
90, 0, 19, 0, 0, 0.0
90, 0, 20, 0, 0, 0.0
90, 1, 0, 0, 0, 0.0
90, 1, 1, 0, 0, 0.0
90, 1, 2, 0, 0, 0.0
90, 1, 3, 0, 0, 0.0
90, 1, 4, 0, 0, 0.0
90, 1, 5, 0, 0, 0.0
90, 1, 6, 0, 0, 0.0
90, 1, 7, 0, 0, 0.0
90, 1, 8, 0, 0, 0.0
90, 1, 9, 0, 0, 0.0
90, 1, 10, 0, 0, 0.0
90, 1, 11, 0, 0, 0.0
90, 1, 12, 0, 0, 0.0
90, 1, 13, 0, 0, 0.0
90, 1, 14, 0, 0, 0.0
90, 1, 15, 0, 0, 0.0
90, 1, 16, 0, 0, 0.0
90, 1, 17, 0, 0, 0.0
90, 1, 18, 0, 0, 0.0
90, 1, 19, 0, 0, 0.0
90, 1, 20, 0, 0, 0.0
91, 0, 0, 0, 0, 0.0
91, 0, 1, 0, 0, 0.0
91, 0, 2, 0, 0, 0.0
91, 0, 3, 0, 0, 0.0
91, 0, 4, 0, 0, 0.0
91, 0, 5, 0, 0, 0.0
91, 0, 6, 0, 0, 0.0
91, 0, 7, 0, 0, 0.0
91, 0, 8, 0, 0, 0.0
91, 0, 9, 0, 0, 0.0
91, 0, 10, 0, 0, 0.0
91, 0, 11, 0, 0, 0.0
91, 0, 12, 0, 0, 0.0
91, 0, 13, 0, 0, 0.0
91, 0, 14, 0, 0, 0.0
91, 0, 15, 0, 0, 0.0
91, 0, 16, 0, 0, 0.0
91, 0, 17, 0, 0, 0.0
91, 0, 18, 0, 0, 0.0
91, 0, 19, 0, 0, 0.0
91, 0, 20, 0, 0, 0.0
91, 1, 0, 0, 0, 0.0
91, 1, 1, 0, 0, 0.0
91, 1, 2, 0, 0, 0.0
91, 1, 3, 0, 0, 0.0
91, 1, 4, 0, 0, 0.0
91, 1, 5, 0, 0, 0.0
91, 1, 6, 0, 0, 0.0
91, 1, 7, 0, 0, 0.0
91, 1, 8, 0, 0, 0.0
91, 1, 9, 0, 0, 0.0
91, 1, 10, 0, 0, 0.0
91, 1, 11, 0, 0, 0.0
91, 1, 12, 0, 0, 0.0
91, 1, 13, 0, 0, 0.0
91, 1, 14, 0, 0, 0.0
91, 1, 15, 0, 0, 0.0
91, 1, 16, 0, 0, 0.0
91, 1, 17, 0, 0, 0.0
91, 1, 18, 0, 0, 0.0
91, 1, 19, 0, 0, 0.0
91, 1, 20, 0, 0, 0.0
92, 0, 0, 0, 0, 0.0
92, 0, 1, 0, 0, 0.0
92, 0, 2, 0, 0, 0.0
92, 0, 3, 0, 0, 0.0
92, 0, 4, 0, 0, 0.0
92, 0, 5, 0, 0, 0.0
92, 0, 6, 0, 0, 0.0
92, 0, 7, 0, 0, 0.0
92, 0, 8, 0, 0, 0.0
92, 0, 9, 0, 0, 0.0
92, 0, 10, 0, 0, 0.0
92, 0, 11, 0, 0, 0.0
92, 0, 12, 0, 0, 0.0
92, 0, 13, 0, 0, 0.0
92, 0, 14, 0, 0, 0.0
92, 0, 15, 0, 0, 0.0
92, 0, 16, 0, 0, 0.0
92, 0, 17, 0, 0, 0.0
92, 0, 18, 0, 0, 0.0
92, 0, 19, 0, 0, 0.0
92, 0, 20, 0, 0, 0.0
92, 1, 0, 0, 0, 0.0
92, 1, 1, 0, 0, 0.0
92, 1, 2, 0, 0, 0.0
92, 1, 3, 0, 0, 0.0
92, 1, 4, 0, 0, 0.0
92, 1, 5, 0, 0, 0.0
92, 1, 6, 0, 0, 0.0
92, 1, 7, 0, 0, 0.0
92, 1, 8, 0, 0, 0.0
92, 1, 9, 0, 0, 0.0
92, 1, 10, 0, 0, 0.0
92, 1, 11, 0, 0, 0.0
92, 1, 12, 0, 0, 0.0
92, 1, 13, 0, 0, 0.0
92, 1, 14, 0, 0, 0.0
92, 1, 15, 0, 0, 0.0
92, 1, 16, 0, 0, 0.0
92, 1, 17, 0, 0, 0.0
92, 1, 18, 0, 0, 0.0
92, 1, 19, 0, 0, 0.0
92, 1, 20, 0, 0, 0.0
93, 0, 0, 0, 0, 0.0
93, 0, 1, 0, 0, 0.0
93, 0, 2, 0, 0, 0.0
93, 0, 3, 0, 0, 0.0
93, 0, 4, 0, 0, 0.0
93, 0, 5, 0, 0, 0.0
93, 0, 6, 0, 0, 0.0
93, 0, 7, 0, 0, 0.0
93, 0, 8, 0, 0, 0.0
93, 0, 9, 0, 0, 0.0
93, 0, 10, 0, 0, 0.0
93, 0, 11, 0, 0, 0.0
93, 0, 12, 0, 0, 0.0
93, 0, 13, 0, 0, 0.0
93, 0, 14, 0, 0, 0.0
93, 0, 15, 0, 0, 0.0
93, 0, 16, 0, 0, 0.0
93, 0, 17, 0, 0, 0.0
93, 0, 18, 0, 0, 0.0
93, 0, 19, 0, 0, 0.0
93, 0, 20, 0, 0, 0.0
93, 1, 0, 0, 0, 0.0
93, 1, 1, 0, 0, 0.0
93, 1, 2, 0, 0, 0.0
93, 1, 3, 0, 0, 0.0
93, 1, 4, 0, 0, 0.0
93, 1, 5, 0, 0, 0.0
93, 1, 6, 0, 0, 0.0
93, 1, 7, 0, 0, 0.0
93, 1, 8, 0, 0, 0.0
93, 1, 9, 0, 0, 0.0
93, 1, 10, 0, 0, 0.0
93, 1, 11, 0, 0, 0.0
93, 1, 12, 0, 0, 0.0
93, 1, 13, 0, 0, 0.0
93, 1, 14, 0, 0, 0.0
93, 1, 15, 0, 0, 0.0
93, 1, 16, 0, 0, 0.0
93, 1, 17, 0, 0, 0.0
93, 1, 18, 0, 0, 0.0
93, 1, 19, 0, 0, 0.0
93, 1, 20, 0, 0, 0.0
94, 0, 0, 0, 0, 0.0
94, 0, 1, 0, 0, 0.0
94, 0, 2, 0, 0, 0.0
94, 0, 3, 0, 0, 0.0
94, 0, 4, 0, 0, 0.0
94, 0, 5, 0, 0, 0.0
94, 0, 6, 0, 0, 0.0
94, 0, 7, 0, 0, 0.0
94, 0, 8, 0, 0, 0.0
94, 0, 9, 0, 0, 0.0
94, 0, 10, 0, 0, 0.0
94, 0, 11, 0, 0, 0.0
94, 0, 12, 0, 0, 0.0
94, 0, 13, 0, 0, 0.0
94, 0, 14, 0, 0, 0.0
94, 0, 15, 0, 0, 0.0
94, 0, 16, 0, 0, 0.0
94, 0, 17, 0, 0, 0.0
94, 0, 18, 0, 0, 0.0
94, 0, 19, 0, 0, 0.0
94, 0, 20, 0, 0, 0.0
94, 1, 0, 0, 0, 0.0
94, 1, 1, 0, 0, 0.0
94, 1, 2, 0, 0, 0.0
94, 1, 3, 0, 0, 0.0
94, 1, 4, 0, 0, 0.0
94, 1, 5, 0, 0, 0.0
94, 1, 6, 0, 0, 0.0
94, 1, 7, 0, 0, 0.0
94, 1, 8, 0, 0, 0.0
94, 1, 9, 0, 0, 0.0
94, 1, 10, 0, 0, 0.0
94, 1, 11, 0, 0, 0.0
94, 1, 12, 0, 0, 0.0
94, 1, 13, 0, 0, 0.0
94, 1, 14, 0, 0, 0.0
94, 1, 15, 0, 0, 0.0
94, 1, 16, 0, 0, 0.0
94, 1, 17, 0, 0, 0.0
94, 1, 18, 0, 0, 0.0
94, 1, 19, 0, 0, 0.0
94, 1, 20, 0, 0, 0.0
95, 0, 0, 0, 0, 0.0
95, 0, 1, 0, 0, 0.0
95, 0, 2, 0, 0, 0.0
95, 0, 3, 0, 0, 0.0
95, 0, 4, 0, 0, 0.0
95, 0, 5, 0, 0, 0.0
95, 0, 6, 0, 0, 0.0
95, 0, 7, 0, 0, 0.0
95, 0, 8, 0, 0, 0.0
95, 0, 9, 0, 0, 0.0
95, 0, 10, 0, 0, 0.0
95, 0, 11, 0, 0, 0.0
95, 0, 12, 0, 0, 0.0
95, 0, 13, 0, 0, 0.0
95, 0, 14, 0, 0, 0.0
95, 0, 15, 0, 0, 0.0
95, 0, 16, 0, 0, 0.0
95, 0, 17, 0, 0, 0.0
95, 0, 18, 0, 0, 0.0
95, 0, 19, 0, 0, 0.0
95, 0, 20, 0, 0, 0.0
95, 1, 0, 0, 0, 0.0
95, 1, 1, 0, 0, 0.0
95, 1, 2, 0, 0, 0.0
95, 1, 3, 0, 0, 0.0
95, 1, 4, 0, 0, 0.0
95, 1, 5, 0, 0, 0.0
95, 1, 6, 0, 0, 0.0
95, 1, 7, 0, 0, 0.0
95, 1, 8, 0, 0, 0.0
95, 1, 9, 0, 0, 0.0
95, 1, 10, 0, 0, 0.0
95, 1, 11, 0, 0, 0.0
95, 1, 12, 0, 0, 0.0
95, 1, 13, 0, 0, 0.0
95, 1, 14, 0, 0, 0.0
95, 1, 15, 0, 0, 0.0
95, 1, 16, 0, 0, 0.0
95, 1, 17, 0, 0, 0.0
95, 1, 18, 0, 0, 0.0
95, 1, 19, 0, 0, 0.0
95, 1, 20, 0, 0, 0.0
96, 0, 0, 0, 0, 0.0
96, 0, 1, 0, 0, 0.0
96, 0, 2, 0, 0, 0.0
96, 0, 3, 0, 0, 0.0
96, 0, 4, 0, 0, 0.0
96, 0, 5, 0, 0, 0.0
96, 0, 6, 0, 0, 0.0
96, 0, 7, 0, 0, 0.0
96, 0, 8, 0, 0, 0.0
96, 0, 9, 0, 0, 0.0
96, 0, 10, 0, 0, 0.0
96, 0, 11, 0, 0, 0.0
96, 0, 12, 0, 0, 0.0
96, 0, 13, 0, 0, 0.0
96, 0, 14, 0, 0, 0.0
96, 0, 15, 0, 0, 0.0
96, 0, 16, 0, 0, 0.0
96, 0, 17, 0, 0, 0.0
96, 0, 18, 0, 0, 0.0
96, 0, 19, 0, 0, 0.0
96, 0, 20, 0, 0, 0.0
96, 1, 0, 0, 0, 0.0
96, 1, 1, 0, 0, 0.0
96, 1, 2, 0, 0, 0.0
96, 1, 3, 0, 0, 0.0
96, 1, 4, 0, 0, 0.0
96, 1, 5, 0, 0, 0.0
96, 1, 6, 0, 0, 0.0
96, 1, 7, 0, 0, 0.0
96, 1, 8, 0, 0, 0.0
96, 1, 9, 0, 0, 0.0
96, 1, 10, 0, 0, 0.0
96, 1, 11, 0, 0, 0.0
96, 1, 12, 0, 0, 0.0
96, 1, 13, 0, 0, 0.0
96, 1, 14, 0, 0, 0.0
96, 1, 15, 0, 0, 0.0
96, 1, 16, 0, 0, 0.0
96, 1, 17, 0, 0, 0.0
96, 1, 18, 0, 0, 0.0
96, 1, 19, 0, 0, 0.0
96, 1, 20, 0, 0, 0.0
97, 0, 0, 0, 0, 0.0
97, 0, 1, 0, 0, 0.0
97, 0, 2, 0, 0, 0.0
97, 0, 3, 0, 0, 0.0
97, 0, 4, 0, 0, 0.0
97, 0, 5, 0, 0, 0.0
97, 0, 6, 0, 0, 0.0
97, 0, 7, 0, 0, 0.0
97, 0, 8, 0, 0, 0.0
97, 0, 9, 0, 0, 0.0
97, 0, 10, 0, 0, 0.0
97, 0, 11, 0, 0, 0.0
97, 0, 12, 0, 0, 0.0
97, 0, 13, 0, 0, 0.0
97, 0, 14, 0, 0, 0.0
97, 0, 15, 0, 0, 0.0
97, 0, 16, 0, 0, 0.0
97, 0, 17, 0, 0, 0.0
97, 0, 18, 0, 0, 0.0
97, 0, 19, 0, 0, 0.0
97, 0, 20, 0, 0, 0.0
97, 1, 0, 0, 0, 0.0
97, 1, 1, 0, 0, 0.0
97, 1, 2, 0, 0, 0.0
97, 1, 3, 0, 0, 0.0
97, 1, 4, 0, 0, 0.0
97, 1, 5, 0, 0, 0.0
97, 1, 6, 0, 0, 0.0
97, 1, 7, 0, 0, 0.0
97, 1, 8, 0, 0, 0.0
97, 1, 9, 0, 0, 0.0
97, 1, 10, 0, 0, 0.0
97, 1, 11, 0, 0, 0.0
97, 1, 12, 0, 0, 0.0
97, 1, 13, 0, 0, 0.0
97, 1, 14, 0, 0, 0.0
97, 1, 15, 0, 0, 0.0
97, 1, 16, 0, 0, 0.0
97, 1, 17, 0, 0, 0.0
97, 1, 18, 0, 0, 0.0
97, 1, 19, 0, 0, 0.0
97, 1, 20, 0, 0, 0.0
98, 0, 0, 0, 0, 0.0
98, 0, 1, 0, 0, 0.0
98, 0, 2, 0, 0, 0.0
98, 0, 3, 0, 0, 0.0
98, 0, 4, 0, 0, 0.0
98, 0, 5, 0, 0, 0.0
98, 0, 6, 0, 0, 0.0
98, 0, 7, 0, 0, 0.0
98, 0, 8, 0, 0, 0.0
98, 0, 9, 0, 0, 0.0
98, 0, 10, 0, 0, 0.0
98, 0, 11, 0, 0, 0.0
98, 0, 12, 0, 0, 0.0
98, 0, 13, 0, 0, 0.0
98, 0, 14, 0, 0, 0.0
98, 0, 15, 0, 0, 0.0
98, 0, 16, 0, 0, 0.0
98, 0, 17, 0, 0, 0.0
98, 0, 18, 0, 0, 0.0
98, 0, 19, 0, 0, 0.0
98, 0, 20, 0, 0, 0.0
98, 1, 0, 0, 0, 0.0
98, 1, 1, 0, 0, 0.0
98, 1, 2, 0, 0, 0.0
98, 1, 3, 0, 0, 0.0
98, 1, 4, 0, 0, 0.0
98, 1, 5, 0, 0, 0.0
98, 1, 6, 0, 0, 0.0
98, 1, 7, 0, 0, 0.0
98, 1, 8, 0, 0, 0.0
98, 1, 9, 0, 0, 0.0
98, 1, 10, 0, 0, 0.0
98, 1, 11, 0, 0, 0.0
98, 1, 12, 0, 0, 0.0
98, 1, 13, 0, 0, 0.0
98, 1, 14, 0, 0, 0.0
98, 1, 15, 0, 0, 0.0
98, 1, 16, 0, 0, 0.0
98, 1, 17, 0, 0, 0.0
98, 1, 18, 0, 0, 0.0
98, 1, 19, 0, 0, 0.0
98, 1, 20, 0, 0, 0.0
99, 0, 0, 0, 0, 0.0
99, 0, 1, 0, 0, 0.0
99, 0, 2, 0, 0, 0.0
99, 0, 3, 0, 0, 0.0
99, 0, 4, 0, 0, 0.0
99, 0, 5, 0, 0, 0.0
99, 0, 6, 0, 0, 0.0
99, 0, 7, 0, 0, 0.0
99, 0, 8, 0, 0, 0.0
99, 0, 9, 0, 0, 0.0
99, 0, 10, 0, 0, 0.0
99, 0, 11, 0, 0, 0.0
99, 0, 12, 0, 0, 0.0
99, 0, 13, 0, 0, 0.0
99, 0, 14, 0, 0, 0.0
99, 0, 15, 0, 0, 0.0
99, 0, 16, 0, 0, 0.0
99, 0, 17, 0, 0, 0.0
99, 0, 18, 0, 0, 0.0
99, 0, 19, 0, 0, 0.0
99, 0, 20, 0, 0, 0.0
99, 1, 0, 0, 0, 0.0
99, 1, 1, 0, 0, 0.0
99, 1, 2, 0, 0, 0.0
99, 1, 3, 0, 0, 0.0
99, 1, 4, 0, 0, 0.0
99, 1, 5, 0, 0, 0.0
99, 1, 6, 0, 0, 0.0
99, 1, 7, 0, 0, 0.0
99, 1, 8, 0, 0, 0.0
99, 1, 9, 0, 0, 0.0
99, 1, 10, 0, 0, 0.0
99, 1, 11, 0, 0, 0.0
99, 1, 12, 0, 0, 0.0
99, 1, 13, 0, 0, 0.0
99, 1, 14, 0, 0, 0.0
99, 1, 15, 0, 0, 0.0
99, 1, 16, 0, 0, 0.0
99, 1, 17, 0, 0, 0.0
99, 1, 18, 0, 0, 0.0
99, 1, 19, 0, 0, 0.0
99, 1, 20, 0, 0, 0.0
100, 0, 0, 0, 0, 0.0
100, 0, 1, 0, 0, 0.0
100, 0, 2, 0, 0, 0.0
100, 0, 3, 0, 0, 0.0
100, 0, 4, 0, 0, 0.0
100, 0, 5, 0, 0, 0.0
100, 0, 6, 0, 0, 0.0
100, 0, 7, 0, 0, 0.0
100, 0, 8, 0, 0, 0.0
100, 0, 9, 0, 0, 0.0
100, 0, 10, 0, 0, 0.0
100, 0, 11, 0, 0, 0.0
100, 0, 12, 0, 0, 0.0
100, 0, 13, 0, 0, 0.0
100, 0, 14, 0, 0, 0.0
100, 0, 15, 0, 0, 0.0
100, 0, 16, 0, 0, 0.0
100, 0, 17, 0, 0, 0.0
100, 0, 18, 0, 0, 0.0
100, 0, 19, 0, 0, 0.0
100, 0, 20, 0, 0, 0.0
100, 1, 0, 0, 0, 0.0
100, 1, 1, 0, 0, 0.0
100, 1, 2, 0, 0, 0.0
100, 1, 3, 0, 0, 0.0
100, 1, 4, 0, 0, 0.0
100, 1, 5, 0, 0, 0.0
100, 1, 6, 0, 0, 0.0
100, 1, 7, 0, 0, 0.0
100, 1, 8, 0, 0, 0.0
100, 1, 9, 0, 0, 0.0
100, 1, 10, 0, 0, 0.0
100, 1, 11, 0, 0, 0.0
100, 1, 12, 0, 0, 0.0
100, 1, 13, 0, 0, 0.0
100, 1, 14, 0, 0, 0.0
100, 1, 15, 0, 0, 0.0
100, 1, 16, 0, 0, 0.0
100, 1, 17, 0, 0, 0.0
100, 1, 18, 0, 0, 0.0
100, 1, 19, 0, 0, 0.0
100, 1, 20, 0, 0, 0.0
101, 0, 0, 0, 0, 0.0
101, 0, 1, 0, 0, 0.0
101, 0, 2, 0, 0, 0.0
101, 0, 3, 0, 0, 0.0
101, 0, 4, 0, 0, 0.0
101, 0, 5, 0, 0, 0.0
101, 0, 6, 0, 0, 0.0
101, 0, 7, 0, 0, 0.0
101, 0, 8, 0, 0, 0.0
101, 0, 9, 0, 0, 0.0
101, 0, 10, 0, 0, 0.0
101, 0, 11, 0, 0, 0.0
101, 0, 12, 0, 0, 0.0
101, 0, 13, 0, 0, 0.0
101, 0, 14, 0, 0, 0.0
101, 0, 15, 0, 0, 0.0
101, 0, 16, 0, 0, 0.0
101, 0, 17, 0, 0, 0.0
101, 0, 18, 0, 0, 0.0
101, 0, 19, 0, 0, 0.0
101, 0, 20, 0, 0, 0.0
101, 1, 0, 0, 0, 0.0
101, 1, 1, 0, 0, 0.0
101, 1, 2, 0, 0, 0.0
101, 1, 3, 0, 0, 0.0
101, 1, 4, 0, 0, 0.0
101, 1, 5, 0, 0, 0.0
101, 1, 6, 0, 0, 0.0
101, 1, 7, 0, 0, 0.0
101, 1, 8, 0, 0, 0.0
101, 1, 9, 0, 0, 0.0
101, 1, 10, 0, 0, 0.0
101, 1, 11, 0, 0, 0.0
101, 1, 12, 0, 0, 0.0
101, 1, 13, 0, 0, 0.0
101, 1, 14, 0, 0, 0.0
101, 1, 15, 0, 0, 0.0
101, 1, 16, 0, 0, 0.0
101, 1, 17, 0, 0, 0.0
101, 1, 18, 0, 0, 0.0
101, 1, 19, 0, 0, 0.0
101, 1, 20, 0, 0, 0.0
102, 0, 0, 0, 0, 0.0
102, 0, 1, 0, 0, 0.0
102, 0, 2, 0, 0, 0.0
102, 0, 3, 0, 0, 0.0
102, 0, 4, 0, 0, 0.0
102, 0, 5, 0, 0, 0.0
102, 0, 6, 0, 0, 0.0
102, 0, 7, 0, 0, 0.0
102, 0, 8, 0, 0, 0.0
102, 0, 9, 0, 0, 0.0
102, 0, 10, 0, 0, 0.0
102, 0, 11, 0, 0, 0.0
102, 0, 12, 0, 0, 0.0
102, 0, 13, 0, 0, 0.0
102, 0, 14, 0, 0, 0.0
102, 0, 15, 0, 0, 0.0
102, 0, 16, 0, 0, 0.0
102, 0, 17, 0, 0, 0.0
102, 0, 18, 0, 0, 0.0
102, 0, 19, 0, 0, 0.0
102, 0, 20, 0, 0, 0.0
102, 1, 0, 0, 0, 0.0
102, 1, 1, 0, 0, 0.0
102, 1, 2, 0, 0, 0.0
102, 1, 3, 0, 0, 0.0
102, 1, 4, 0, 0, 0.0
102, 1, 5, 0, 0, 0.0
102, 1, 6, 0, 0, 0.0
102, 1, 7, 0, 0, 0.0
102, 1, 8, 0, 0, 0.0
102, 1, 9, 0, 0, 0.0
102, 1, 10, 0, 0, 0.0
102, 1, 11, 0, 0, 0.0
102, 1, 12, 0, 0, 0.0
102, 1, 13, 0, 0, 0.0
102, 1, 14, 0, 0, 0.0
102, 1, 15, 0, 0, 0.0
102, 1, 16, 0, 0, 0.0
102, 1, 17, 0, 0, 0.0
102, 1, 18, 0, 0, 0.0
102, 1, 19, 0, 0, 0.0
102, 1, 20, 0, 0, 0.0
103, 0, 0, 0, 0, 0.0
103, 0, 1, 0, 0, 0.0
103, 0, 2, 0, 0, 0.0
103, 0, 3, 0, 0, 0.0
103, 0, 4, 0, 0, 0.0
103, 0, 5, 0, 0, 0.0
103, 0, 6, 0, 0, 0.0
103, 0, 7, 0, 0, 0.0
103, 0, 8, 0, 0, 0.0
103, 0, 9, 0, 0, 0.0
103, 0, 10, 0, 0, 0.0
103, 0, 11, 0, 0, 0.0
103, 0, 12, 0, 0, 0.0
103, 0, 13, 0, 0, 0.0
103, 0, 14, 0, 0, 0.0
103, 0, 15, 0, 0, 0.0
103, 0, 16, 0, 0, 0.0
103, 0, 17, 0, 0, 0.0
103, 0, 18, 0, 0, 0.0
103, 0, 19, 0, 0, 0.0
103, 0, 20, 0, 0, 0.0
103, 1, 0, 0, 0, 0.0
103, 1, 1, 0, 0, 0.0
103, 1, 2, 0, 0, 0.0
103, 1, 3, 0, 0, 0.0
103, 1, 4, 0, 0, 0.0
103, 1, 5, 0, 0, 0.0
103, 1, 6, 0, 0, 0.0
103, 1, 7, 0, 0, 0.0
103, 1, 8, 0, 0, 0.0
103, 1, 9, 0, 0, 0.0
103, 1, 10, 0, 0, 0.0
103, 1, 11, 0, 0, 0.0
103, 1, 12, 0, 0, 0.0
103, 1, 13, 0, 0, 0.0
103, 1, 14, 0, 0, 0.0
103, 1, 15, 0, 0, 0.0
103, 1, 16, 0, 0, 0.0
103, 1, 17, 0, 0, 0.0
103, 1, 18, 0, 0, 0.0
103, 1, 19, 0, 0, 0.0
103, 1, 20, 0, 0, 0.0
